parcela,periodo,pixels_validos,pixels_total,ndvi_mean,ndvi_std,evi_mean,evi_std,ndmi_mean,ndmi_std,cobertura_valida_pct
H1,2023-01-01/2023-01-31,380,380,0.3577439486980438,0.1611397862434387,0.1995375156402588,0.086246483027935,-0.0427268892526626,0.0916990935802459,100.0
H1,2023-02-01/2023-02-28,380,380,0.2672089338302612,0.1096660196781158,0.1507848650217056,0.0590530559420585,-0.114700049161911,0.0924794673919677,100.0
H1,2023-03-01/2023-03-31,380,380,0.2111223340034485,0.0766966789960861,0.1308975219726562,0.0441610179841518,-0.1454873532056808,0.0941675752401351,100.0
H1,2023-04-01/2023-04-30,380,380,0.2130400389432907,0.0784464254975318,0.1331669092178344,0.0462569296360015,-0.1338275074958801,0.1001719906926155,100.0
H1,2023-05-01/2023-05-31,380,380,0.2215615957975387,0.0962365418672561,0.1378947645425796,0.0644622519612312,-0.157839298248291,0.0967627540230751,100.0
H1,2023-06-01/2023-06-30,380,380,0.2146078199148178,0.0985580682754516,0.1301518827676773,0.0614464879035949,-0.1555598974227905,0.0897998362779617,100.0
H1,2023-07-01/2023-07-31,340,380,0.4850862026214599,0.2341847568750381,0.3228302597999573,0.1749737709760666,0.0272427257150411,0.1195501685142517,89.5
H1,2023-08-01/2023-08-31,0,380,,,,,,,0.0
H1,2023-09-01/2023-09-30,380,380,0.3790609240531921,0.2325903475284576,0.2592872679233551,0.1523761004209518,0.0143075250089168,0.0938274562358856,100.0
H1,2023-10-01/2023-10-31,322,380,0.3852779269218445,0.1897590905427932,0.1381726264953613,0.06747367978096,-0.0536846369504928,0.0919495895504951,84.7
H1,2023-11-01/2023-11-30,380,380,0.3557088673114776,0.2268618494272232,0.2195002883672714,0.1370348036289215,-0.0122507605701684,0.0881100744009018,100.0
H1,2023-12-01/2023-12-31,380,380,0.372213751077652,0.2058994174003601,0.2165199220180511,0.1153883412480354,0.0047091008163988,0.0816804394125938,100.0
H1,2024-01-01/2024-01-31,380,380,0.2884973883628845,0.1612076759338379,0.1661705523729324,0.0877351090312004,-0.0512874796986579,0.073906697332859,100.0
H1,2024-02-01/2024-02-29,380,380,0.2472749054431915,0.1143920868635177,0.144865021109581,0.0598481521010398,-0.0891906023025512,0.0884163230657577,100.0
H1,2024-03-01/2024-03-31,380,380,0.2024598717689514,0.074681781232357,0.1320933252573013,0.0491732507944107,-0.0963126942515373,0.0918433368206024,100.0
H1,2024-04-01/2024-04-30,380,380,0.1781118661165237,0.0671521201729774,0.1199784502387046,0.04916737601161,-0.123564027249813,0.089785486459732,100.0
H1,2024-05-01/2024-05-31,380,380,0.1698783934116363,0.0950994715094566,0.1117315590381622,0.0743596404790878,-0.1194853708148002,0.1102601885795593,100.0
H1,2024-06-01/2024-06-30,380,380,0.1929275840520858,0.1291008293628692,0.1288171857595443,0.1003605797886848,-0.106758140027523,0.1192590743303299,100.0
H1,2024-07-01/2024-07-31,380,380,0.4436318576335907,0.2120598554611206,0.3159746527671814,0.1620797365903854,0.0389286987483501,0.0905819907784462,100.0
H1,2024-08-01/2024-08-31,0,380,,,,,,,0.0
H1,2024-09-01/2024-09-30,380,380,0.58345627784729,0.2409718483686447,0.423297107219696,0.2188515365123748,0.1707002967596054,0.1375885754823684,100.0
H1,2024-10-01/2024-10-31,380,380,0.543378472328186,0.243850901722908,0.3889860510826111,0.1987761408090591,0.1584376692771911,0.12996706366539,100.0
H1,2024-11-01/2024-11-30,380,380,0.4391953647136688,0.1963573992252349,0.272575706243515,0.1093471646308898,0.0529042333364486,0.1026943698525428,100.0
H1,2024-12-01/2024-12-31,380,380,0.3817355632781982,0.1540970355272293,0.2235041558742523,0.0766239315271377,-0.0018761152168735,0.1117963269352912,100.0
H2,2023-01-01/2023-01-31,380,380,0.3273327350616455,0.1011397764086723,0.2050432711839676,0.043270044028759,-0.0517302677035331,0.0786400064826011,100.0
H2,2023-02-01/2023-02-28,376,380,0.2850777506828308,0.0887636989355087,0.172104611992836,0.0357141830027103,-0.1107056811451911,0.0862083211541175,98.9
H2,2023-03-01/2023-03-31,380,380,0.2652077376842499,0.0755193084478378,0.1663780808448791,0.0341031216084957,-0.1334464401006698,0.0749371722340583,100.0
H2,2023-04-01/2023-04-30,380,380,0.2685745060443878,0.0800575986504554,0.1681348234415054,0.0362119115889072,-0.126751035451889,0.0728475227952003,100.0
H2,2023-05-01/2023-05-31,380,380,0.2656160891056061,0.1105040460824966,0.1758859306573867,0.0727292448282241,-0.140346422791481,0.1001451164484024,100.0
H2,2023-06-01/2023-06-30,380,380,0.2738438546657562,0.1094073504209518,0.175984114408493,0.0687518790364265,-0.1356074959039688,0.1001622676849365,100.0
H2,2023-07-01/2023-07-31,380,380,0.5161806344985962,0.1492662131786346,0.3684197664260864,0.113158643245697,0.0301916152238845,0.0692727863788604,100.0
H2,2023-08-01/2023-08-31,0,380,,,,,,,0.0
H2,2023-09-01/2023-09-30,380,380,0.5658391118049622,0.1702460050582885,0.4344106614589691,0.1196722686290741,0.1076036319136619,0.0692219510674476,100.0
H2,2023-10-01/2023-10-31,359,380,0.5030062198638916,0.1153537482023239,0.2042946070432663,0.0352403484284877,-0.0250905733555555,0.071085512638092,94.5
H2,2023-11-01/2023-11-30,380,380,0.5836503505706787,0.1654512733221054,0.39300736784935,0.1042108088731765,0.0955393314361572,0.0725646689534187,100.0
H2,2023-12-01/2023-12-31,380,380,0.442230224609375,0.1256992220878601,0.2776392102241516,0.0604825764894485,-0.014516812749207,0.0842897966504097,100.0
H2,2024-01-01/2024-01-31,380,380,0.409547209739685,0.1099462285637855,0.2572387158870697,0.0488380901515483,-0.0316381379961967,0.0765724778175354,100.0
H2,2024-02-01/2024-02-29,380,380,0.3548227548599243,0.1127757802605629,0.2216884344816208,0.0513338893651962,-0.0731328427791595,0.066350020468235,100.0
H2,2024-03-01/2024-03-31,380,380,0.270933598279953,0.07764483243227,0.1790966987609863,0.0338896699249744,-0.101847194135189,0.0750879123806953,100.0
H2,2024-04-01/2024-04-30,380,380,0.2444404363632202,0.0748854354023933,0.168001189827919,0.0355452224612236,-0.126302883028984,0.0737897455692291,100.0
H2,2024-05-01/2024-05-31,380,380,0.2268305122852325,0.1007474809885025,0.1519463658332824,0.056518830358982,-0.1197538450360298,0.0760555043816566,100.0
H2,2024-06-01/2024-06-30,380,380,0.2556450963020324,0.1089006066322326,0.1758299022912979,0.0659288242459297,-0.0945921018719673,0.0762570798397064,100.0
H2,2024-07-01/2024-07-31,380,380,0.6125003099441528,0.1651487499475479,0.4848162531852722,0.1362682580947876,0.1509238630533218,0.0762482360005378,100.0
H2,2024-08-01/2024-08-31,0,380,,,,,,,0.0
H2,2024-09-01/2024-09-30,380,380,0.5100196599960327,0.1529141217470169,0.3717766106128692,0.1434205025434494,0.0516566038131713,0.1096764206886291,100.0
H2,2024-10-01/2024-10-31,380,380,0.5721731781959534,0.1650725454092025,0.4139436483383178,0.1282803565263748,0.1231765747070312,0.0792540237307548,100.0
H2,2024-11-01/2024-11-30,376,380,0.4220581948757171,0.1289767622947693,0.2526040971279144,0.0841066911816597,-0.0540439002215862,0.1089958250522613,98.9
H2,2024-12-01/2024-12-31,380,380,0.4339270293712616,0.1302170157432556,0.2531519830226898,0.076489433646202,-0.0482135266065597,0.117017388343811,100.0
H3,2023-01-01/2023-01-31,380,380,0.5712469220161438,0.0818191841244697,0.3053791522979736,0.0628691390156745,0.0323793068528175,0.081673577427864,100.0
H3,2023-02-01/2023-02-28,380,380,0.4487517476081848,0.0934520065784454,0.2352500557899475,0.0652161091566085,-0.0737736672163009,0.0841258987784385,100.0
H3,2023-03-01/2023-03-31,380,380,0.3406029939651489,0.0934045985341072,0.1905238926410675,0.0659206509590148,-0.1488577425479889,0.0819785520434379,100.0
H3,2023-04-01/2023-04-30,380,380,0.3397980630397796,0.0928044617176055,0.1898194551467895,0.0675022602081298,-0.1478552818298339,0.0801971480250358,100.0
H3,2023-05-01/2023-05-31,380,380,0.3189882636070251,0.1105207875370979,0.1825679987668991,0.0795972645282745,-0.1810948997735977,0.0954619348049163,100.0
H3,2023-06-01/2023-06-30,380,380,0.3194623589515686,0.1053686216473579,0.1786365956068039,0.0743542835116386,-0.1832465082406997,0.0910191684961319,100.0
H3,2023-07-01/2023-07-31,380,380,0.691454291343689,0.0925701409578323,0.4751451313495636,0.113108679652214,0.1205964237451553,0.1015357002615928,100.0
H3,2023-08-01/2023-08-31,0,380,,,,,,,0.0
H3,2023-09-01/2023-09-30,380,380,0.696866512298584,0.0981999263167381,0.4579840302467346,0.1049638539552688,0.1506392359733581,0.0993121266365051,100.0
H3,2023-10-01/2023-10-31,380,380,0.665534257888794,0.0772931054234504,0.2265236973762512,0.0452802143990993,0.0531054995954036,0.0787921547889709,100.0
H3,2023-11-01/2023-11-30,380,380,0.7011122107505798,0.0791995152831077,0.4236637055873871,0.0954273268580436,0.1403645724058151,0.0886498540639877,100.0
H3,2023-12-01/2023-12-31,380,380,0.6764316558837891,0.0824441537261009,0.3676877915859222,0.076311208307743,0.1044236049056053,0.0891433134675026,100.0
H3,2024-01-01/2024-01-31,380,380,0.5498426556587219,0.0939784944057464,0.2924708127975464,0.0694454833865165,0.0064024096354842,0.0869417116045951,100.0
H3,2024-02-01/2024-02-29,380,380,0.4603960216045379,0.1077395752072334,0.243416279554367,0.0768841430544853,-0.0749541223049163,0.0977078974246978,100.0
H3,2024-03-01/2024-03-31,380,380,0.3671008348464966,0.1164385303854942,0.2099174559116363,0.0844469517469406,-0.1162685602903366,0.0962312594056129,100.0
H3,2024-04-01/2024-04-30,380,380,0.3356449604034424,0.1156619265675544,0.1988813728094101,0.0841289684176445,-0.1419473737478256,0.0958280563354492,100.0
H3,2024-05-01/2024-05-31,380,380,0.2883263528347015,0.1210212334990501,0.1753644049167633,0.0847784727811813,-0.1509725600481033,0.091957576572895,100.0
H3,2024-06-01/2024-06-30,380,380,0.2913430333137512,0.1236088275909423,0.1808046102523803,0.0877867862582206,-0.141513705253601,0.0934009179472923,100.0
H3,2024-07-01/2024-07-31,380,380,0.6263226866722107,0.0894922688603401,0.4368254542350769,0.1056659147143364,0.073219247162342,0.1018368378281593,100.0
H3,2024-08-01/2024-08-31,0,380,,,,,,,0.0
H3,2024-09-01/2024-09-30,380,380,0.7902731895446777,0.0762038007378578,0.547660768032074,0.0959078893065452,0.2595080733299255,0.0810835361480712,100.0
H3,2024-10-01/2024-10-31,380,380,0.7376128435134888,0.0955547839403152,0.4916179478168487,0.1064014211297035,0.2235731780529022,0.0972403660416603,100.0
H3,2024-11-01/2024-11-30,380,380,0.704863965511322,0.0811507403850555,0.419389009475708,0.0943426266312599,0.1594866961240768,0.0895500928163528,100.0
H3,2024-12-01/2024-12-31,380,380,0.6252397894859314,0.1012155041098594,0.3476930260658264,0.0882611870765686,0.0806219205260276,0.1032628715038299,100.0
H4,2023-01-01/2023-01-31,380,380,0.4587094783782959,0.0685572177171707,0.2427320033311844,0.0357585027813911,-0.0809732005000114,0.0413944944739341,100.0
H4,2023-02-01/2023-02-28,380,380,0.409981906414032,0.06373231112957,0.2128845602273941,0.0356353223323822,-0.1425123363733291,0.037049576640129,100.0
H4,2023-03-01/2023-03-31,380,380,0.4033072292804718,0.0776796638965606,0.2359403669834137,0.0550728775560855,-0.1328178793191909,0.0546756349503994,100.0
H4,2023-04-01/2023-04-30,380,380,0.4144238829612732,0.0776783153414726,0.2455530613660812,0.0551579669117927,-0.1234706565737724,0.0541685335338115,100.0
H4,2023-05-01/2023-05-31,380,380,0.3994065821170807,0.0767179504036903,0.2444819957017898,0.058570273220539,-0.1364116966724395,0.0576451122760772,100.0
H4,2023-06-01/2023-06-30,380,380,0.3888444602489471,0.0685027763247489,0.2348517924547195,0.0498276576399803,-0.1413471698760986,0.0475256107747554,100.0
H4,2023-07-01/2023-07-31,380,380,0.721923291683197,0.0507797114551067,0.5132913589477539,0.0572770498692989,0.1522886902093887,0.0492923445999622,100.0
H4,2023-08-01/2023-08-31,0,380,,,,,,,0.0
H4,2023-09-01/2023-09-30,380,380,0.5461976528167725,0.0936358943581581,0.3304345905780792,0.0761449933052063,-0.0238677933812141,0.0916033089160919,100.0
H4,2023-10-01/2023-10-31,380,380,0.6156263947486877,0.0892515480518341,0.2146757245063781,0.0370741672813892,0.0006507914513349,0.0740910992026329,100.0
H4,2023-11-01/2023-11-30,380,380,0.5957509279251099,0.0899508818984031,0.3504188060760498,0.0695710554718971,0.0302173718810081,0.0901543200016021,100.0
H4,2023-12-01/2023-12-31,380,380,0.5974332094192505,0.0842861607670784,0.3204124867916107,0.0561831071972847,0.0181718617677688,0.0629305243492126,100.0
H4,2024-01-01/2024-01-31,380,380,0.5677332878112793,0.0842741057276725,0.3114146292209625,0.0634012594819068,-0.0078003895469009,0.0708238184452056,100.0
H4,2024-02-01/2024-02-29,380,380,0.5543193817138672,0.091218426823616,0.3249521851539612,0.0754700899124145,-0.0042613549157977,0.0828441008925437,100.0
H4,2024-03-01/2024-03-31,380,380,0.5636303424835205,0.1098292246460914,0.3596639931201935,0.0937301218509674,0.0424525402486324,0.1031679660081863,100.0
H4,2024-04-01/2024-04-30,380,380,0.521192193031311,0.1055769845843315,0.3418785035610199,0.0903750658035278,-0.0007196338265202,0.097751073539257,100.0
H4,2024-05-01/2024-05-31,380,380,0.4402680099010467,0.0961550027132034,0.286471962928772,0.0769381746649742,-0.0457644648849964,0.0804068520665168,100.0
H4,2024-06-01/2024-06-30,380,380,0.4474331140518188,0.0958799943327903,0.2947381734848022,0.0775483921170234,-0.036754835397005,0.0777133852243423,100.0
H4,2024-07-01/2024-07-31,380,380,0.5340906977653503,0.0835625454783439,0.3515316545963287,0.0671159774065017,-0.0074155046604573,0.0631075054407119,100.0
H4,2024-08-01/2024-08-31,0,380,,,,,,,0.0
H4,2024-09-01/2024-09-30,380,380,0.6448228359222412,0.096226654946804,0.3562797904014587,0.088725209236145,0.0543710216879844,0.0990134552121162,100.0
H4,2024-10-01/2024-10-31,380,380,0.6136231422424316,0.090959645807743,0.3461805582046509,0.073748841881752,0.0677637308835983,0.0826086476445198,100.0
H4,2024-11-01/2024-11-30,380,380,0.6581923365592957,0.0815282091498375,0.3623285293579101,0.0558308809995651,0.1143847927451133,0.0597816184163093,100.0
H4,2024-12-01/2024-12-31,380,380,0.647126317024231,0.0861618667840957,0.3581458628177643,0.0640960559248924,0.1164851412177085,0.0721194893121719,100.0
H5,2023-01-01/2023-01-31,380,380,0.4169456362724304,0.072133757174015,0.2293491512537002,0.0422499068081378,-0.1030917540192604,0.0537645891308784,100.0
H5,2023-02-01/2023-02-28,380,380,0.3986003398895263,0.0655219554901123,0.2239280343055725,0.0389752425253391,-0.1259709000587463,0.0490224286913871,100.0
H5,2023-03-01/2023-03-31,380,380,0.3869620859622955,0.0655306056141853,0.238536849617958,0.0450141169130802,-0.1242608502507209,0.0520734451711177,100.0
H5,2023-04-01/2023-04-30,380,380,0.3913250565528869,0.0642477571964263,0.2432355731725692,0.0440600551664829,-0.1183976605534553,0.0497459545731544,100.0
H5,2023-05-01/2023-05-31,380,380,0.3710047602653503,0.0609031878411769,0.237974002957344,0.0427411496639251,-0.130851000547409,0.0441774688661098,100.0
H5,2023-06-01/2023-06-30,380,380,0.3748826384544372,0.0585818327963352,0.2355323582887649,0.0414075478911399,-0.1251633167266845,0.0425706356763839,100.0
H5,2023-07-01/2023-07-31,380,380,0.6587386131286621,0.0465638972818851,0.4544577896595001,0.045815460383892,0.0918819233775138,0.0441662147641181,100.0
H5,2023-08-01/2023-08-31,0,380,,,,,,,0.0
H5,2023-09-01/2023-09-30,380,380,0.5974037051200867,0.0901636481285095,0.3934295773506164,0.0861010700464248,0.064315028488636,0.0805325135588646,100.0
H5,2023-10-01/2023-10-31,380,380,0.6295852065086365,0.0963873714208602,0.2330842614173889,0.0465733557939529,0.0460816696286201,0.0820583179593086,100.0
H5,2023-11-01/2023-11-30,380,380,0.6065978407859802,0.0747379511594772,0.3754288554191589,0.0665305703878402,0.0476229600608348,0.0780202001333236,100.0
H5,2023-12-01/2023-12-31,380,380,0.5651361346244812,0.089128777384758,0.3187950253486633,0.0606815628707408,0.0180885624140501,0.0752144232392311,100.0
H5,2024-01-01/2024-01-31,380,380,0.4858324825763702,0.0965514183044433,0.2844243049621582,0.0643515363335609,-0.0291947107762098,0.0770790353417396,100.0
H5,2024-02-01/2024-02-29,380,380,0.4103869795799255,0.0871237441897392,0.2470495104789734,0.0566236898303031,-0.0848657339811325,0.0669198557734489,100.0
H5,2024-03-01/2024-03-31,380,380,0.4448116421699524,0.0800954475998878,0.2889921963214874,0.0565403215587139,-0.0471447855234146,0.0610347874462604,100.0
H5,2024-04-01/2024-04-30,380,380,0.435699462890625,0.0804872214794159,0.2926495969295501,0.0594391673803329,-0.0590198561549186,0.0632629096508026,100.0
H5,2024-05-01/2024-05-31,380,380,0.4349909722805023,0.0819883123040199,0.3000541031360626,0.0600210316479206,-0.0391723923385143,0.0554848946630954,100.0
H5,2024-06-01/2024-06-30,380,380,0.4428205788135528,0.073822908103466,0.3146790266036987,0.0565881915390491,-0.0174595061689615,0.0527900084853172,100.0
H5,2024-07-01/2024-07-31,380,380,0.5565038323402405,0.0573709160089492,0.3992359042167663,0.0527247078716754,0.0351038016378879,0.0465871170163154,100.0
H5,2024-08-01/2024-08-31,0,380,,,,,,,0.0
H5,2024-09-01/2024-09-30,380,380,0.612413763999939,0.071676917374134,0.3564514219760895,0.0566069334745407,0.0239265952259302,0.0671037882566452,100.0
H5,2024-10-01/2024-10-31,380,380,0.6222028136253357,0.0659966692328453,0.3721784949302673,0.0528343357145786,0.0781880244612693,0.0602643005549907,100.0
H5,2024-11-01/2024-11-30,380,380,0.620882511138916,0.0711605027318,0.3498246371746063,0.0499870330095291,0.0689496770501136,0.0542105846107006,100.0
H5,2024-12-01/2024-12-31,380,380,0.6073712110519409,0.0742923766374588,0.3460411727428436,0.048994280397892,0.0680213049054145,0.0560185983777046,100.0
H6,2023-01-01/2023-01-31,380,380,0.3539847135543823,0.0680654123425483,0.1876183301210403,0.0411779507994651,-0.1336509138345718,0.050733096897602,100.0
H6,2023-02-01/2023-02-28,380,380,0.3234650492668152,0.0650043040513992,0.1782109141349792,0.0396133475005626,-0.1535502076148986,0.0445953644812107,100.0
H6,2023-03-01/2023-03-31,380,380,0.2636080682277679,0.0642581656575203,0.1583198010921478,0.0433336719870567,-0.1818954050540924,0.0450835488736629,100.0
H6,2023-04-01/2023-04-30,380,380,0.2598575055599212,0.063563585281372,0.1583038419485092,0.0419787280261516,-0.1727022677659988,0.04582304880023,100.0
H6,2023-05-01/2023-05-31,380,380,0.2680735886096954,0.0558159165084362,0.1618515253067016,0.038702305406332,-0.1868853121995926,0.0381787344813346,100.0
H6,2023-06-01/2023-06-30,380,380,0.2715415954589844,0.0544574931263923,0.1616774201393127,0.0369349122047424,-0.1815825551748275,0.0366697385907173,100.0
H6,2023-07-01/2023-07-31,380,380,0.5556290745735168,0.0831791087985038,0.3560522794723511,0.0805102810263633,0.0363962389528751,0.0691420063376426,100.0
H6,2023-08-01/2023-08-31,0,380,,,,,,,0.0
H6,2023-09-01/2023-09-30,380,380,0.5238159894943237,0.0910441726446151,0.3267435133457184,0.0727233812212944,0.0018045167671516,0.0683426260948181,100.0
H6,2023-10-01/2023-10-31,380,380,0.6295053362846375,0.0715746358036995,0.2272972166538238,0.0386991426348686,0.0393727794289588,0.0589286424219608,100.0
H6,2023-11-01/2023-11-30,380,380,0.4180069267749786,0.0868892669677734,0.2335670888423919,0.054693054407835,-0.1010632365942001,0.0598151534795761,100.0
H6,2023-12-01/2023-12-31,380,380,0.4281805455684662,0.0871166214346885,0.2202144265174865,0.0530751124024391,-0.1159319654107093,0.0623948760330677,100.0
H6,2024-01-01/2024-01-31,380,380,0.4126069843769073,0.0881812945008277,0.2258088290691375,0.0585763901472091,-0.113597959280014,0.0648722201585769,100.0
H6,2024-02-01/2024-02-29,380,380,0.3934435248374939,0.0772872343659401,0.2307762205600738,0.0561023540794849,-0.1008127704262733,0.0648139864206314,100.0
H6,2024-03-01/2024-03-31,380,380,0.3037551045417785,0.0805365890264511,0.1844242513179779,0.0543262809514999,-0.1474934369325637,0.0581204667687416,100.0
H6,2024-04-01/2024-04-30,380,380,0.2850866913795471,0.0813643932342529,0.1776956915855407,0.0561657287180423,-0.1688148826360702,0.059501476585865,100.0
H6,2024-05-01/2024-05-31,380,380,0.2907307744026184,0.0792420729994773,0.1852770745754242,0.0538526251912117,-0.1449912786483764,0.0546228103339672,100.0
H6,2024-06-01/2024-06-30,380,380,0.2954963743686676,0.0765202790498733,0.1931605637073516,0.0537717528641223,-0.1265765130519867,0.056033831089735,100.0
H6,2024-07-01/2024-07-31,380,380,0.4086796045303345,0.0677087679505348,0.2866565883159637,0.0540814958512783,-0.0638398975133895,0.0509805083274841,100.0
H6,2024-08-01/2024-08-31,0,380,,,,,,,0.0
H6,2024-09-01/2024-09-30,380,380,0.5249818563461304,0.1053812876343727,0.2978377938270569,0.087611123919487,0.0112268198281526,0.0909384936094284,100.0
H6,2024-10-01/2024-10-31,380,380,0.4678762257099151,0.107202798128128,0.2729343473911285,0.0784893780946731,-0.0130393430590629,0.0907311737537384,100.0
H6,2024-11-01/2024-11-30,380,380,0.4528429806232452,0.0943952351808548,0.2441756576299667,0.0564906261861324,-0.049972977489233,0.0623547360301017,100.0
H6,2024-12-01/2024-12-31,380,380,0.4749841094017029,0.0916674509644508,0.2541369199752807,0.0569194853305816,-0.0252947211265563,0.0635334476828575,100.0
H7,2023-01-01/2023-01-31,380,380,0.4996462762355804,0.0709430798888206,0.2746295630931854,0.0440958142280578,-0.034486498683691,0.0452863723039627,100.0
H7,2023-02-01/2023-02-28,380,380,0.4693965017795563,0.0678388625383377,0.2615505754947662,0.0409249849617481,-0.0633540004491806,0.0407528467476367,100.0
H7,2023-03-01/2023-03-31,380,380,0.4523775577545166,0.0660196766257286,0.2846585810184479,0.0469051785767078,-0.0590060576796531,0.0418050475418567,100.0
H7,2023-04-01/2023-04-30,380,380,0.4531217813491821,0.0657399222254753,0.2868139445781708,0.0482593663036823,-0.058653600513935,0.0424400568008422,100.0
H7,2023-05-01/2023-05-31,380,380,0.4386518001556396,0.06621103733778,0.2849567234516144,0.0476847328245639,-0.0746480226516723,0.0382487922906875,100.0
H7,2023-06-01/2023-06-30,380,380,0.4357792139053345,0.0623796135187149,0.2782252728939056,0.0442914515733718,-0.0762163996696472,0.0369544476270675,100.0
H7,2023-07-01/2023-07-31,380,380,0.6915333867073059,0.0507296882569789,0.4800565242767334,0.0544137172400951,0.1292222291231155,0.043370597064495,100.0
H7,2023-08-01/2023-08-31,0,380,,,,,,,0.0
H7,2023-09-01/2023-09-30,380,380,0.5632404685020447,0.0693665221333503,0.3414666056632995,0.0531891323626041,0.0007608553278259,0.0483779348433017,100.0
H7,2023-10-01/2023-10-31,380,380,0.6970194578170776,0.0665088891983032,0.2569319009780884,0.0336768515408039,0.095763474702835,0.0517926476895809,100.0
H7,2023-11-01/2023-11-30,380,380,0.6373533606529236,0.0614598132669925,0.4015160799026489,0.0532122962176799,0.1031892150640487,0.0494506284594535,100.0
H7,2023-12-01/2023-12-31,380,380,0.6770160794258118,0.0760379582643508,0.3799793422222137,0.0563324429094791,0.1169478446245193,0.0561025515198707,100.0
H7,2024-01-01/2024-01-31,380,380,0.6422813534736633,0.077042743563652,0.3742213547229767,0.0570870116353035,0.0941511988639831,0.054321426898241,100.0
H7,2024-02-01/2024-02-29,380,380,0.5202540755271912,0.081396497786045,0.306963562965393,0.0534086599946022,0.0022623934783041,0.0496586412191391,100.0
H7,2024-03-01/2024-03-31,380,380,0.5355256795883179,0.08189307898283,0.3400647640228271,0.0583608224987983,0.0313018895685672,0.052299253642559,100.0
H7,2024-04-01/2024-04-30,380,380,0.5266441106796265,0.0810628533363342,0.3472545444965362,0.060573261231184,0.0202328786253929,0.0535524934530258,100.0
H7,2024-05-01/2024-05-31,380,380,0.5392402410507202,0.0777941346168518,0.3690998554229736,0.0600132793188095,0.0411315932869911,0.0498287454247474,100.0
H7,2024-06-01/2024-06-30,380,380,0.5278081893920898,0.0735489130020141,0.3690998256206512,0.0575379133224487,0.0464297458529472,0.0455357655882835,100.0
H7,2024-07-01/2024-07-31,380,380,0.6000942587852478,0.0548258870840072,0.4430448114871979,0.0521325580775737,0.0961995497345924,0.0391898676753044,100.0
H7,2024-08-01/2024-08-31,0,380,,,,,,,0.0
H7,2024-09-01/2024-09-30,380,380,0.667686939239502,0.074847787618637,0.379328042268753,0.0609013214707374,0.0859275609254837,0.062371302396059,100.0
H7,2024-10-01/2024-10-31,380,380,0.6632131934165955,0.0725243315100669,0.3835585713386535,0.0575411096215248,0.1269782781600952,0.0575617663562297,100.0
H7,2024-11-01/2024-11-30,380,380,0.6819102764129639,0.0788654834032058,0.3748677372932434,0.0551395453512668,0.1242245137691497,0.0569060742855072,100.0
H7,2024-12-01/2024-12-31,380,380,0.6767092347145081,0.0806804224848747,0.3779352605342865,0.0539692789316177,0.1379185765981674,0.0580270700156688,100.0
H8,2023-01-01/2023-01-31,380,380,0.463954895734787,0.0904261395335197,0.2453296482563018,0.0530973337590694,-0.0759948715567588,0.0553249903023242,100.0
H8,2023-02-01/2023-02-28,380,380,0.445727527141571,0.0933790504932403,0.2405273020267486,0.0593995451927185,-0.0904239490628242,0.0618568658828735,100.0
H8,2023-03-01/2023-03-31,380,380,0.4237794578075409,0.1032733395695686,0.2572796642780304,0.0766561925411224,-0.0920555740594863,0.0755045115947723,100.0
H8,2023-04-01/2023-04-30,380,380,0.4237711131572723,0.1030039116740226,0.2566524744033813,0.0759977921843528,-0.089804783463478,0.0746908187866211,100.0
H8,2023-05-01/2023-05-31,380,380,0.414032906293869,0.0943885669112205,0.2593090236186981,0.0700445026159286,-0.1041273921728134,0.0648368224501609,100.0
H8,2023-06-01/2023-06-30,380,380,0.4140746295452118,0.0907116830348968,0.2532799541950226,0.0650717988610267,-0.1044302657246589,0.0612642616033554,100.0
H8,2023-07-01/2023-07-31,380,380,0.6666808128356934,0.090497151017189,0.4558272659778595,0.0875282287597656,0.1107143014669418,0.0683914422988891,100.0
H8,2023-08-01/2023-08-31,0,380,,,,,,,0.0
H8,2023-09-01/2023-09-30,380,380,0.6393737196922302,0.1159554198384285,0.4072873294353485,0.093237467110157,0.0835291743278503,0.0854020416736602,100.0
H8,2023-10-01/2023-10-31,380,380,0.7410054802894592,0.0999739319086074,0.2758391201496124,0.0537589862942695,0.1623812168836593,0.0898486822843551,100.0
H8,2023-11-01/2023-11-30,380,380,0.5431399941444397,0.1045998632907867,0.3074478805065155,0.0718832686543464,0.0003667975834105,0.0826338455080986,100.0
H8,2023-12-01/2023-12-31,380,380,0.6190218329429626,0.1207514405250549,0.3265747725963592,0.0778427720069885,0.049060471355915,0.0960282012820243,100.0
H8,2024-01-01/2024-01-31,380,380,0.5916730165481567,0.1172528490424156,0.3246257603168487,0.0831365510821342,0.0355524905025959,0.0951128602027893,100.0
H8,2024-02-01/2024-02-29,380,380,0.5618812441825867,0.1105779260396957,0.3235415518283844,0.085150271654129,0.0181057900190353,0.0947515219449997,100.0
H8,2024-03-01/2024-03-31,380,380,0.5049269795417786,0.1175433844327926,0.3038969337940216,0.0899561867117881,-0.0091372476890683,0.0993077680468559,100.0
H8,2024-04-01/2024-04-30,380,380,0.4893346428871155,0.1199079826474189,0.30551278591156,0.0947726592421531,-0.024490226060152,0.1017997786402702,100.0
H8,2024-05-01/2024-05-31,380,380,0.4935736358165741,0.1193040162324905,0.3168530166149139,0.0937285497784614,-0.0105505194514989,0.097218669950962,100.0
H8,2024-06-01/2024-06-30,380,380,0.4909721314907074,0.1191972941160202,0.3187733590602875,0.0932776555418968,-0.004173909779638,0.0917561948299408,100.0
H8,2024-07-01/2024-07-31,380,380,0.560727596282959,0.0922821164131164,0.4036037921905517,0.0807895585894584,0.0684505850076675,0.0748797208070755,100.0
H8,2024-08-01/2024-08-31,0,380,,,,,,,0.0
H8,2024-09-01/2024-09-30,380,380,0.64292973279953,0.1135585233569145,0.3594295382499695,0.0959226265549659,0.0897005349397659,0.0921352505683898,100.0
H8,2024-10-01/2024-10-31,380,380,0.6073654890060425,0.1209276691079139,0.3479097485542297,0.0920121148228645,0.0864612981677055,0.0917898714542388,100.0
H8,2024-11-01/2024-11-30,380,380,0.6262580156326294,0.1101744249463081,0.328287661075592,0.0669228136539459,0.078203298151493,0.0732529237866401,100.0
H8,2024-12-01/2024-12-31,380,380,0.6237133741378784,0.1142650172114372,0.331728994846344,0.0755216553807258,0.0971410274505615,0.0880946442484855,100.0
H9,2023-01-01/2023-01-31,380,380,0.4456576704978943,0.1270754486322403,0.2406326532363891,0.0742822661995887,-0.080021895468235,0.0780526548624038,100.0
H9,2023-02-01/2023-02-28,380,380,0.4278770983219147,0.1309891194105148,0.2354082763195037,0.0767524763941764,-0.0940340757369995,0.0756255015730857,100.0
H9,2023-03-01/2023-03-31,380,380,0.4266473054885864,0.1374528706073761,0.2659737765789032,0.0930659770965576,-0.0760959908366203,0.0821556746959686,100.0
H9,2023-04-01/2023-04-30,380,380,0.4289391338825226,0.1366250663995742,0.2672705054283142,0.0922902002930641,-0.0715604275465011,0.0818372592329979,100.0
H9,2023-05-01/2023-05-31,380,380,0.4092894196510315,0.1276715993881225,0.2637555599212646,0.0901861116290092,-0.0960715115070343,0.0736951604485511,100.0
H9,2023-06-01/2023-06-30,380,380,0.4067884087562561,0.1213886812329292,0.2554232776165008,0.082414798438549,-0.0978340730071067,0.0690130144357681,100.0
H9,2023-07-01/2023-07-31,380,380,0.6134970188140869,0.1348778754472732,0.4109941124916076,0.1200117915868759,0.0743818655610084,0.0943767502903938,100.0
H9,2023-08-01/2023-08-31,0,380,,,,,,,0.0
H9,2023-09-01/2023-09-30,380,380,0.6028534173965454,0.1751893162727356,0.3924999535083771,0.1308871358633041,0.0724323764443397,0.1235257387161254,100.0
H9,2023-10-01/2023-10-31,380,380,0.6912956833839417,0.1485423594713211,0.2549789547920227,0.073584072291851,0.1364904940128326,0.1274174451828003,100.0
H9,2023-11-01/2023-11-30,380,380,0.51820969581604,0.1233267188072204,0.2893176972866058,0.0785163566470146,-0.0107152387499809,0.0795730128884315,100.0
H9,2023-12-01/2023-12-31,380,380,0.5960907340049744,0.1537593454122543,0.3181264698505401,0.0990722030401229,0.0524937584996223,0.1150206625461578,100.0
H9,2024-01-01/2024-01-31,380,380,0.5720436573028564,0.1665886342525482,0.3208630681037903,0.1074365377426147,0.0416729673743248,0.1204166561365127,100.0
H9,2024-02-01/2024-02-29,380,380,0.5519253015518188,0.154726505279541,0.3262176513671875,0.1066420823335647,0.031937513500452,0.1110614910721778,100.0
H9,2024-03-01/2024-03-31,380,380,0.5151880979537964,0.1406355649232864,0.314741849899292,0.1014705747365951,0.0146393198519945,0.1032715141773223,100.0
H9,2024-04-01/2024-04-30,380,380,0.5016797184944153,0.1432752311229705,0.3184436857700348,0.1071197316050529,0.0020655572880059,0.1053861379623413,100.0
H9,2024-05-01/2024-05-31,380,380,0.4926503896713257,0.1603833884000778,0.3234206736087799,0.1188174560666084,0.0093339849263429,0.1104614362120628,100.0
H9,2024-06-01/2024-06-30,380,380,0.494928628206253,0.1610516160726547,0.3256922960281372,0.1194900497794151,0.0126394862309098,0.1103076264262199,100.0
H9,2024-07-01/2024-07-31,380,380,0.5433441400527954,0.1127856820821762,0.3889668583869934,0.0979800894856453,0.0727492719888687,0.0781180411577224,100.0
H9,2024-08-01/2024-08-31,0,380,,,,,,,0.0
H9,2024-09-01/2024-09-30,380,380,0.6363421678543091,0.1156493052840232,0.3556182980537414,0.0907523483037948,0.0966921970248222,0.091842420399189,100.0
H9,2024-10-01/2024-10-31,380,380,0.5842105150222778,0.1077041774988174,0.328694224357605,0.070073515176773,0.0778491795063018,0.0647804960608482,100.0
H9,2024-11-01/2024-11-30,380,380,0.590755820274353,0.1565875113010406,0.3109844326972961,0.092996172606945,0.0665578320622444,0.1135798469185829,100.0
H9,2024-12-01/2024-12-31,380,380,0.604479193687439,0.1620392203330993,0.3294304013252258,0.1041562184691429,0.1045757159590721,0.1319059282541275,100.0
H10,2023-01-01/2023-01-31,380,380,0.2710184156894684,0.0849624276161193,0.1338566243648529,0.0514050982892513,-0.2081371843814849,0.074206918478012,100.0
H10,2023-02-01/2023-02-28,380,380,0.2312738448381424,0.0886336266994476,0.1187553778290748,0.0501023195683956,-0.2287106364965438,0.0643608346581459,100.0
H10,2023-03-01/2023-03-31,380,380,0.2216539531946182,0.0937031209468841,0.1290654689073562,0.0612413249909877,-0.2146238982677459,0.069396935403347,100.0
H10,2023-04-01/2023-04-30,380,380,0.2315931469202041,0.0929816737771034,0.1349847018718719,0.0599870756268501,-0.2029361873865127,0.0678890123963356,100.0
H10,2023-05-01/2023-05-31,380,380,0.2285863608121872,0.0816776603460311,0.1363559365272522,0.0567770265042781,-0.2079235613346099,0.0590059012174606,100.0
H10,2023-06-01/2023-06-30,380,380,0.242388516664505,0.0779740735888481,0.1426867991685867,0.0520760230720043,-0.1961830556392669,0.0543552003800869,100.0
H10,2023-07-01/2023-07-31,380,380,0.4570019841194153,0.1243421211838722,0.2629049122333526,0.1122943982481956,-0.0442003309726715,0.1044662445783615,100.0
H10,2023-08-01/2023-08-31,0,380,,,,,,,0.0
H10,2023-09-01/2023-09-30,380,380,0.4107738435268402,0.1322616785764694,0.2505655884742737,0.0960836336016655,-0.0744355469942092,0.0955134853720665,100.0
H10,2023-10-01/2023-10-31,380,380,0.6189008951187134,0.1367769688367843,0.2287913262844085,0.0821129903197288,0.0668046027421951,0.1168873831629753,100.0
H10,2023-11-01/2023-11-30,380,380,0.4458363652229309,0.1287686377763748,0.2497593760490417,0.0916084796190261,-0.0644915625452995,0.0963471531867981,100.0
H10,2023-12-01/2023-12-31,380,380,0.3398029506206512,0.1078320890665054,0.1614633798599243,0.0662579238414764,-0.1765939146280288,0.1085889860987663,100.0
H10,2024-01-01/2024-01-31,380,380,0.3139478862285614,0.1211206391453743,0.1589148938655853,0.0756980404257774,-0.1849528402090072,0.1118156984448432,100.0
H10,2024-02-01/2024-02-29,380,380,0.3296197056770324,0.123692400753498,0.1777076721191406,0.0826036483049392,-0.1601009517908096,0.1101749464869499,100.0
H10,2024-03-01/2024-03-31,380,380,0.3193137645721435,0.0993224754929542,0.1825086921453476,0.0669644474983215,-0.1397896856069564,0.0893513485789299,100.0
H10,2024-04-01/2024-04-30,380,380,0.296866238117218,0.0983879044651985,0.1753204762935638,0.0687455907464027,-0.1603699475526809,0.0904727205634117,100.0
H10,2024-05-01/2024-05-31,380,380,0.2717202305793762,0.0998046994209289,0.1673969626426696,0.0684286877512931,-0.1546154022216797,0.0798235908150672,100.0
H10,2024-06-01/2024-06-30,380,380,0.2855434715747833,0.1031081452965736,0.178182303905487,0.0713903903961181,-0.137452632188797,0.0802221000194549,100.0
H10,2024-07-01/2024-07-31,368,380,0.4560818076133728,0.1218878999352455,0.3514945805072784,0.1248836517333984,0.0316863656044006,0.0972479507327079,96.8
H10,2024-08-01/2024-08-31,0,380,,,,,,,0.0
H10,2024-09-01/2024-09-30,380,380,0.7375913858413696,0.1440405845642089,0.5267130732536316,0.1774022877216339,0.2409166842699051,0.1371625512838363,100.0
H10,2024-10-01/2024-10-31,380,380,0.4027510285377502,0.1249948218464851,0.2342007756233215,0.0868681296706199,-0.0569527894258499,0.1212836578488349,100.0
H10,2024-11-01/2024-11-30,380,380,0.3800366818904876,0.1184398457407951,0.197337195277214,0.0774373561143875,-0.1234703436493873,0.1125558167695999,100.0
H10,2024-12-01/2024-12-31,380,380,0.4276291728019714,0.1273921579122543,0.2272949069738388,0.0880262479186058,-0.075850136578083,0.1184172257781028,100.0
H11,2023-01-01/2023-01-31,380,380,0.5576040744781494,0.1036979109048843,0.3148161768913269,0.0654203742742538,0.0132670411840081,0.0701257437467575,100.0
H11,2023-02-01/2023-02-28,380,380,0.5462847948074341,0.1083067879080772,0.3144128322601318,0.0674419924616813,-0.0004465347738005,0.0723186060786247,100.0
H11,2023-03-01/2023-03-31,380,380,0.5408928990364075,0.1059270724654197,0.3500624001026153,0.0759780555963516,0.0183300040662288,0.0673273727297782,100.0
H11,2023-04-01/2023-04-30,378,380,0.5178155899047852,0.1033845916390419,0.3382784426212311,0.0743890255689621,-0.00108125701081,0.0605572126805782,99.5
H11,2023-05-01/2023-05-31,380,380,0.4768556654453277,0.0967634245753288,0.3096200227737427,0.0689364001154899,-0.0522509105503559,0.0542745888233184,100.0
H11,2023-06-01/2023-06-30,380,380,0.4766983389854431,0.1012683138251304,0.3033588230609894,0.0704830288887023,-0.0515067242085933,0.054602462798357,100.0
H11,2023-07-01/2023-07-31,378,380,0.6808421611785889,0.0781295597553253,0.4682977199554443,0.0688404664397239,0.101123496890068,0.0428775139153003,99.5
H11,2023-08-01/2023-08-31,0,380,,,,,,,0.0
H11,2023-09-01/2023-09-30,380,380,0.5760035514831543,0.0717165097594261,0.359649658203125,0.0518862456083297,0.0200237929821014,0.0487374998629093,100.0
H11,2023-10-01/2023-10-31,378,380,0.7015628814697266,0.0887871757149696,0.2663817107677459,0.0441442541778087,0.0834880843758583,0.060863621532917,99.5
H11,2023-11-01/2023-11-30,378,380,0.663086473941803,0.0937804952263832,0.4117035269737243,0.0708111301064491,0.1021891608834266,0.0691349357366561,99.5
H11,2023-12-01/2023-12-31,380,380,0.6767304539680481,0.1049700155854225,0.3710489273071289,0.0675406903028488,0.1153756156563758,0.0756130516529083,100.0
H11,2024-01-01/2024-01-31,378,380,0.6470739245414734,0.1124836802482605,0.3666119575500488,0.0699110850691795,0.0918956324458122,0.0793869569897651,99.5
H11,2024-02-01/2024-02-29,378,380,0.5562421083450317,0.1123803555965423,0.3269358575344085,0.0690526664257049,0.0382024012506008,0.0755101591348648,99.5
H11,2024-03-01/2024-03-31,380,380,0.5931000709533691,0.1290080100297927,0.3885663449764251,0.0928476601839065,0.0823196917772293,0.0869819968938827,100.0
H11,2024-04-01/2024-04-30,380,380,0.5742737054824829,0.1265750229358673,0.388635903596878,0.0943343862891197,0.0614779815077781,0.0859497264027595,100.0
H11,2024-05-01/2024-05-31,380,380,0.5382581353187561,0.1255885064601898,0.3591172397136688,0.0860441476106643,0.0342463962733745,0.0696383416652679,100.0
H11,2024-06-01/2024-06-30,380,380,0.5261653661727905,0.1225771903991699,0.3547103106975555,0.0833894312381744,0.0364270135760307,0.0648958683013916,100.0
H11,2024-07-01/2024-07-31,378,380,0.6105437874794006,0.1142051219940185,0.4064438045024872,0.0835851207375526,0.0954934060573577,0.0738554149866104,99.5
H11,2024-08-01/2024-08-31,0,380,,,,,,,0.0
H11,2024-09-01/2024-09-30,378,380,0.7520478963851929,0.1009019389748573,0.475411057472229,0.0754705816507339,0.2186725288629531,0.0682254508137703,99.5
H11,2024-10-01/2024-10-31,378,380,0.7340473532676697,0.101062960922718,0.4768655896186828,0.0770298168063163,0.2369726300239563,0.0702345743775367,99.5
H11,2024-11-01/2024-11-30,378,380,0.7146558165550232,0.1357365399599075,0.4287943840026855,0.0972726121544838,0.1957447081804275,0.1107375621795654,99.5
H11,2024-12-01/2024-12-31,380,380,0.7159386873245239,0.1410791575908661,0.4346619844436645,0.1000971794128418,0.2218090593814849,0.1155618354678154,100.0
H12,2023-01-01/2023-01-31,380,380,0.5998216271400452,0.0735197141766548,0.3277498781681061,0.0471304580569267,0.0350767597556114,0.0480097196996212,100.0
H12,2023-02-01/2023-02-28,380,380,0.5903158187866211,0.0806012451648712,0.3339651226997375,0.0501160249114036,0.0298732966184616,0.0529424250125885,100.0
H12,2023-03-01/2023-03-31,380,380,0.5479609966278076,0.0772329717874527,0.3451933264732361,0.0547407977283,0.0015745633281767,0.0525872260332107,100.0
H12,2023-04-01/2023-04-30,380,380,0.5419052839279175,0.078022189438343,0.3370873034000397,0.0539746917784214,-0.0065395296551287,0.0526498705148696,100.0
H12,2023-05-01/2023-05-31,380,380,0.517472505569458,0.0738612115383148,0.3382934033870697,0.0522227957844734,-0.0307779256254434,0.0443623848259449,100.0
H12,2023-06-01/2023-06-30,380,380,0.517951250076294,0.0748900026082992,0.3297616243362427,0.0515908561646938,-0.0286749992519617,0.0444335527718067,100.0
H12,2023-07-01/2023-07-31,380,380,0.6794694662094116,0.0551973357796669,0.4531913101673126,0.0542783327400684,0.1045923456549644,0.0527308210730552,100.0
H12,2023-08-01/2023-08-31,0,380,,,,,,,0.0
H12,2023-09-01/2023-09-30,380,380,0.634689211845398,0.0607565566897392,0.3922876417636871,0.0446652919054031,0.0609096586704254,0.0458581522107124,100.0
H12,2023-10-01/2023-10-31,380,380,0.6780871152877808,0.0740863755345344,0.2319374829530716,0.0369729585945606,0.0850490182638168,0.0706096291542053,100.0
H12,2023-11-01/2023-11-30,380,380,0.6502057313919067,0.0633807331323623,0.3742246031761169,0.0442856922745704,0.0851334556937217,0.0479126162827014,100.0
H12,2023-12-01/2023-12-31,380,380,0.756742000579834,0.0755359008908271,0.4238935112953186,0.0654467716813087,0.2019415944814682,0.0743306875228881,100.0
H12,2024-01-01/2024-01-31,380,380,0.6704496145248413,0.0828335806727409,0.3780663609504699,0.0557388886809349,0.1219416186213493,0.0606716498732566,100.0
H12,2024-02-01/2024-02-29,380,380,0.6460011005401611,0.0848237201571464,0.3721256852149963,0.0563993901014328,0.0956031382083892,0.0632892921566963,100.0
H12,2024-03-01/2024-03-31,380,380,0.6755347847938538,0.0860241279006004,0.4421522915363312,0.0694640651345253,0.1546266078948974,0.0626570507884025,100.0
H12,2024-04-01/2024-04-30,380,380,0.6558385491371155,0.0825576409697532,0.4406782388687134,0.0671830847859382,0.1307772099971771,0.0608174726366996,100.0
H12,2024-05-01/2024-05-31,380,380,0.6253255009651184,0.0839343965053558,0.423030823469162,0.0640563815832138,0.1015411093831062,0.0497774519026279,100.0
H12,2024-06-01/2024-06-30,380,380,0.6022676825523376,0.0871379822492599,0.4161983728408813,0.0658397153019905,0.0960330367088317,0.0481434389948844,100.0
H12,2024-07-01/2024-07-31,70,380,0.6655453443527222,0.060788981616497,0.4583240449428558,0.0634327977895736,0.1574194580316543,0.037518922239542,18.4
H12,2024-08-01/2024-08-31,0,380,,,,,,,0.0
H12,2024-09-01/2024-09-30,380,380,0.7669398188591003,0.0663977861404419,0.4589880704879761,0.0559713840484619,0.2071482241153717,0.0488310046494007,100.0
H12,2024-10-01/2024-10-31,380,380,0.7345287203788757,0.0716583579778671,0.4395506978034973,0.0582200959324836,0.212233617901802,0.0555190816521644,100.0
H12,2024-11-01/2024-11-30,380,380,0.7338390946388245,0.0793210789561271,0.4071548581123352,0.0587325878441333,0.1965632438659668,0.0725104212760925,100.0
H12,2024-12-01/2024-12-31,380,380,0.7446693778038025,0.0824499875307083,0.4162342250347137,0.0571042113006114,0.2288715988397598,0.0727528929710388,100.0
H13,2023-01-01/2023-01-31,380,380,0.6603570580482483,0.0559572614729404,0.3643215000629425,0.0359777137637138,0.0771243944764137,0.0462587401270866,100.0
H13,2023-02-01/2023-02-28,380,380,0.6156250834465027,0.0674292668700218,0.3525737226009369,0.0438118055462837,0.0420363172888755,0.0530446246266365,100.0
H13,2023-03-01/2023-03-31,380,380,0.5954706072807312,0.0577288307249546,0.3872596621513366,0.0440478958189487,0.0523980222642421,0.0427083112299442,100.0
H13,2023-04-01/2023-04-30,380,380,0.6007094383239746,0.0569261871278286,0.3875046074390411,0.041708581149578,0.0530334673821926,0.0420823916792869,100.0
H13,2023-05-01/2023-05-31,380,380,0.5732204914093018,0.0516652874648571,0.3794333338737488,0.0400144830346107,0.0138088827952742,0.0346533693373203,100.0
H13,2023-06-01/2023-06-30,380,380,0.5655050873756409,0.0509162731468677,0.3648528754711151,0.0380140952765941,0.0084651801735162,0.033840112388134,100.0
H13,2023-07-01/2023-07-31,380,380,0.8098554015159607,0.0295955445617437,0.6037371754646301,0.0433663763105869,0.2505809962749481,0.0409800298511981,100.0
H13,2023-08-01/2023-08-31,0,380,,,,,,,0.0
H13,2023-09-01/2023-09-30,380,380,0.7503252625465393,0.0412903539836406,0.4846683740615845,0.0391571782529354,0.1569108217954635,0.0502223074436187,100.0
H13,2023-10-01/2023-10-31,380,380,0.8465772867202759,0.0263751074671745,0.3263095021247864,0.0239502619951963,0.2590335607528686,0.0327137522399425,100.0
H13,2023-11-01/2023-11-30,380,380,0.7407592535018921,0.0394961312413215,0.4504834711551666,0.0359063185751438,0.1779555231332779,0.0368199348449707,100.0
H13,2023-12-01/2023-12-31,380,380,0.7705368995666504,0.0498156584799289,0.4211404621601105,0.0329652987420558,0.1949433237314224,0.0400799848139286,100.0
H13,2024-01-01/2024-01-31,380,380,0.7424975037574768,0.0522638596594333,0.4166287183761596,0.0335753560066223,0.1654767543077469,0.0382938645780086,100.0
H13,2024-02-01/2024-02-29,380,380,0.7088912129402161,0.0514373406767845,0.4132378697395324,0.0334154516458511,0.1390064656734466,0.0362893752753734,100.0
H13,2024-03-01/2024-03-31,380,380,0.711188554763794,0.0647994130849838,0.4718908965587616,0.0479039959609508,0.1874948143959045,0.0452906638383865,100.0
H13,2024-04-01/2024-04-30,380,380,0.7058279514312744,0.0633169636130333,0.490252286195755,0.0496762357652187,0.1819927990436554,0.0469101555645465,100.0
H13,2024-05-01/2024-05-31,380,380,0.6820976138114929,0.0674752816557884,0.477154940366745,0.0472622700035572,0.1563998162746429,0.0395339019596576,100.0
H13,2024-06-01/2024-06-30,380,380,0.6773725748062134,0.064784325659275,0.4800565242767334,0.0462222769856452,0.1524332016706466,0.0369373932480812,100.0
H13,2024-07-01/2024-07-31,380,380,0.7297316193580627,0.0368440747261047,0.5181275010108948,0.0324329026043415,0.1942406892776489,0.0340343564748764,100.0
H13,2024-08-01/2024-08-31,0,380,,,,,,,0.0
H13,2024-09-01/2024-09-30,380,380,0.784594714641571,0.0418091751635074,0.4735012948513031,0.0352697260677814,0.202964499592781,0.0341473817825317,100.0
H13,2024-10-01/2024-10-31,380,380,0.755670428276062,0.0362696759402751,0.4534297287464142,0.0350576713681221,0.198083609342575,0.0330037288367748,100.0
H13,2024-11-01/2024-11-30,380,380,0.8028793931007385,0.0441148392856121,0.4575188755989074,0.0339089855551719,0.2626723945140838,0.0400879867374897,100.0
H13,2024-12-01/2024-12-31,380,380,0.8121524453163147,0.0532942898571491,0.4713987708091736,0.0396722666919231,0.2936750054359436,0.0518608577549457,100.0
H14,2023-01-01/2023-01-31,380,380,0.4630732536315918,0.0530372969806194,0.2467655539512634,0.0294471308588981,-0.1078448817133903,0.0354573056101799,100.0
H14,2023-02-01/2023-02-28,380,380,0.4178893268108368,0.056503027677536,0.2308610677719116,0.0311572961509227,-0.1391100287437439,0.0379813574254512,100.0
H14,2023-03-01/2023-03-31,380,380,0.4290342330932617,0.0491603948175907,0.270022451877594,0.0326638109982013,-0.1043737530708313,0.0318087935447692,100.0
H14,2023-04-01/2023-04-30,380,380,0.4401429295539856,0.049822349101305,0.2779215574264526,0.0329635068774223,-0.0921697616577148,0.0305641833692789,100.0
H14,2023-05-01/2023-05-31,380,380,0.4120067358016968,0.0464138388633728,0.2705858647823334,0.0324344933032989,-0.1096076369285583,0.0298734046518802,100.0
H14,2023-06-01/2023-06-30,380,380,0.4033349752426147,0.044370662420988,0.2631049752235412,0.0300129614770412,-0.1133036091923713,0.0274682156741619,100.0
H14,2023-07-01/2023-07-31,380,380,0.645289957523346,0.0377606712281703,0.4481435716152191,0.039577379822731,0.0674910172820091,0.035869937390089,100.0
H14,2023-08-01/2023-08-31,0,380,,,,,,,0.0
H14,2023-09-01/2023-09-30,380,380,0.8354367017745972,0.0261945035308599,0.6809777617454529,0.0484546981751918,0.3445073068141937,0.0384041182696819,100.0
H14,2023-10-01/2023-10-31,380,380,0.4867233335971832,0.0603002570569515,0.1710184216499328,0.0280492193996906,-0.0794045329093933,0.0526773929595947,100.0
H14,2023-11-01/2023-11-30,380,380,0.5210887789726257,0.0660247802734375,0.2991506457328796,0.0468124262988567,-0.0623636245727539,0.0587558858096599,100.0
H14,2023-12-01/2023-12-31,380,380,0.5621617436408997,0.0723415911197662,0.3019481897354126,0.0438465476036071,-0.0417689234018325,0.0577315390110015,100.0
H14,2024-01-01/2024-01-31,380,380,0.5560462474822998,0.0630452260375022,0.3094087839126587,0.0395346358418464,-0.0428027994930744,0.0489522702991962,100.0
H14,2024-02-01/2024-02-29,380,380,0.5892235040664673,0.0469241514801979,0.361844927072525,0.0311564281582832,0.0171737670898437,0.0342472083866596,100.0
H14,2024-03-01/2024-03-31,380,380,0.5279572606086731,0.0723159909248352,0.3508142232894897,0.0515667423605918,0.004054179880768,0.0512655228376388,100.0
H14,2024-04-01/2024-04-30,380,380,0.5131931304931641,0.0704100281000137,0.3499365448951721,0.0528607293963432,-0.0143804801627993,0.0508384630084037,100.0
H14,2024-05-01/2024-05-31,380,380,0.5046591758728027,0.0697733238339424,0.3398690521717071,0.0475418828427791,-0.0136098368093371,0.0404383055865764,100.0
H14,2024-06-01/2024-06-30,380,380,0.5048463344573975,0.0638425946235656,0.3465858995914459,0.0428996384143829,-0.00028560787905,0.0353501886129379,100.0
H14,2024-07-01/2024-07-31,380,380,0.6387819051742554,0.0450207293033599,0.4351843595504761,0.0385153293609619,0.0783589035272598,0.0346757993102073,100.0
H14,2024-08-01/2024-08-31,0,380,,,,,,,0.0
H14,2024-09-01/2024-09-30,380,380,0.77208411693573,0.0725660845637321,0.5488370656967163,0.0774520486593246,0.2672698199748993,0.0732335895299911,100.0
H14,2024-10-01/2024-10-31,380,380,0.7325294613838196,0.050151739269495,0.4970502257347107,0.0511493235826492,0.2325358390808105,0.0484643392264843,100.0
H14,2024-11-01/2024-11-30,380,380,0.6342118978500366,0.0797368437051773,0.3575106561183929,0.0585513785481452,0.0711972117424011,0.074586421251297,100.0
H14,2024-12-01/2024-12-31,380,380,0.6432626843452454,0.0725383907556533,0.3702624142169952,0.0497535467147827,0.0890349671244621,0.066274270415306,100.0
H15,2023-01-01/2023-01-31,380,380,0.3983741700649261,0.0556078404188156,0.205877810716629,0.0346137061715126,-0.1377450674772262,0.0495662726461887,100.0
H15,2023-02-01/2023-02-28,380,380,0.3768412470817566,0.0536612123250961,0.2022011429071426,0.0334482826292514,-0.1470698565244674,0.0461132526397705,100.0
H15,2023-03-01/2023-03-31,380,380,0.3382430374622345,0.0444198511540889,0.2037317007780075,0.0312194675207138,-0.1523684412240982,0.0430923402309417,100.0
H15,2023-04-01/2023-04-30,380,380,0.3352517783641815,0.0439535118639469,0.2012096941471099,0.0311553254723548,-0.1528517454862594,0.0427577346563339,100.0
H15,2023-05-01/2023-05-31,380,380,0.339953064918518,0.0467306077480316,0.2040271311998367,0.0297109447419643,-0.1663206964731216,0.035552367568016,100.0
H15,2023-06-01/2023-06-30,380,380,0.3470224738121032,0.0472669787704944,0.205704391002655,0.0306422188878059,-0.1596173495054245,0.0372910387814044,100.0
H15,2023-07-01/2023-07-31,380,380,0.6850340366363525,0.0732825025916099,0.481863409280777,0.0958530828356742,0.1366257071495056,0.0675430744886398,100.0
H15,2023-08-01/2023-08-31,0,380,,,,,,,0.0
H15,2023-09-01/2023-09-30,380,380,0.6084633469581604,0.0505707189440727,0.3882794082164764,0.0493708290159702,0.040744200348854,0.0567884594202041,100.0
H15,2023-10-01/2023-10-31,380,380,0.5291558504104614,0.065235786139965,0.1800622195005417,0.0316300578415393,-0.09488195925951,0.0660900622606277,100.0
H15,2023-11-01/2023-11-30,380,380,0.455252081155777,0.0632858723402023,0.2460737079381942,0.043875902891159,-0.1148831844329834,0.0610500089824199,100.0
H15,2023-12-01/2023-12-31,380,380,0.5107214450836182,0.0617266520857811,0.2654562592506408,0.0493764691054821,-0.064626432955265,0.0564488433301448,100.0
H15,2024-01-01/2024-01-31,380,380,0.4303147196769714,0.0651525482535362,0.224740982055664,0.0394466631114482,-0.1141891852021217,0.0552179999649524,100.0
H15,2024-02-01/2024-02-29,380,380,0.3952500224113464,0.0560292191803455,0.2195498347282409,0.0368276238441467,-0.1209898963570594,0.0484903268516063,100.0
H15,2024-03-01/2024-03-31,380,380,0.4070830047130584,0.0696567967534065,0.2482458800077438,0.0472155176103115,-0.0884124860167503,0.0564839281141757,100.0
H15,2024-04-01/2024-04-30,380,380,0.3895274102687835,0.0686923190951347,0.2419856488704681,0.0471136383712291,-0.1108373776078224,0.0561459027230739,100.0
H15,2024-05-01/2024-05-31,380,380,0.4039852023124695,0.0684912130236625,0.2604468762874603,0.0473309569060802,-0.0720121264457702,0.0516071319580078,100.0
H15,2024-06-01/2024-06-30,380,380,0.4235624969005584,0.064717449247837,0.2793580293655395,0.0470849424600601,-0.0459485724568367,0.0513632334768772,100.0
H15,2024-07-01/2024-07-31,380,380,0.5825405716896057,0.0582267194986343,0.3650031983852386,0.057246908545494,0.0571017451584339,0.0468102134764194,100.0
H15,2024-08-01/2024-08-31,0,380,,,,,,,0.0
H15,2024-09-01/2024-09-30,380,380,0.6353729367256165,0.0663363113999366,0.3897970616817474,0.0635022819042205,0.1002155914902687,0.0675582662224769,100.0
H15,2024-10-01/2024-10-31,380,380,0.6402423977851868,0.0601207390427589,0.3942633867263794,0.0564762316644191,0.1348860114812851,0.0606032013893127,100.0
H15,2024-11-01/2024-11-30,380,380,0.5178983211517334,0.0764117613434791,0.2737407386302948,0.0504111312329769,-0.0212729703634977,0.0567568317055702,100.0
H15,2024-12-01/2024-12-31,380,380,0.4959331452846527,0.0812265798449516,0.2624872028827667,0.0521388426423072,-0.0393229499459266,0.061463039368391,100.0
H16,2023-01-01/2023-01-31,380,380,0.4599246680736542,0.0768514946103096,0.2445433586835861,0.0566622391343116,-0.0995037704706192,0.0741388127207756,100.0
H16,2023-02-01/2023-02-28,380,380,0.3303568065166473,0.0505227148532867,0.1739769428968429,0.0307480432093143,-0.1917912513017654,0.0499901808798313,100.0
H16,2023-03-01/2023-03-31,380,380,0.243446946144104,0.0317236967384815,0.1342441886663437,0.0178725197911262,-0.2505793571472168,0.0310035049915313,100.0
H16,2023-04-01/2023-04-30,380,380,0.2461681514978408,0.0324627384543418,0.1366672962903976,0.0185213144868612,-0.2428479641675949,0.0333091393113136,100.0
H16,2023-05-01/2023-05-31,380,380,0.2302789390087127,0.0339470170438289,0.1282102614641189,0.0198320802301168,-0.2729341983795166,0.0320735499262809,100.0
H16,2023-06-01/2023-06-30,380,380,0.2336009442806244,0.0332343876361846,0.1280113309621811,0.0186209678649902,-0.2714686691761017,0.0311290901154279,100.0
H16,2023-07-01/2023-07-31,380,380,0.7049830555915833,0.0717124789953231,0.5148630142211914,0.1017871275544166,0.1086194366216659,0.0923058241605758,100.0
H16,2023-08-01/2023-08-31,0,380,,,,,,,0.0
H16,2023-09-01/2023-09-30,380,380,0.7019714117050171,0.0662910640239715,0.4965312778949737,0.0689465627074241,0.1580661833286285,0.0657383874058723,100.0
H16,2023-10-01/2023-10-31,380,380,0.6856834292411804,0.0656381770968437,0.1983003169298172,0.0321250893175601,0.1202222555875778,0.0647545754909515,100.0
H16,2023-11-01/2023-11-30,380,380,0.5960358381271362,0.0927148461341857,0.3575333058834076,0.0810939446091651,0.0194442979991436,0.0959261134266853,100.0
H16,2023-12-01/2023-12-31,380,380,0.6315839290618896,0.0830155834555625,0.3474081456661224,0.0772397518157959,0.0186751224100589,0.0822574272751808,100.0
H16,2024-01-01/2024-01-31,380,380,0.4314138293266296,0.0719291940331459,0.2418431490659713,0.047046210616827,-0.1046590209007263,0.0661827400326728,100.0
H16,2024-02-01/2024-02-29,380,380,0.370332270860672,0.0521742738783359,0.2008577436208725,0.034799974411726,-0.1702829450368881,0.0572502315044403,100.0
H16,2024-03-01/2024-03-31,380,380,0.2871445417404175,0.0357616953551769,0.1632211655378341,0.0243672598153352,-0.2051346600055694,0.0421940125524997,100.0
H16,2024-04-01/2024-04-30,380,380,0.2551847696304321,0.0323681943118572,0.1506896615028381,0.022513685747981,-0.2295812517404556,0.0394795164465904,100.0
H16,2024-05-01/2024-05-31,380,380,0.203773021697998,0.0291505642235279,0.1255108416080474,0.0188299864530563,-0.2252655029296875,0.0352764502167701,100.0
H16,2024-06-01/2024-06-30,380,380,0.1995737999677658,0.0320884361863136,0.1270194947719574,0.0215316396206617,-0.2126139402389526,0.0366128385066986,100.0
H16,2024-07-01/2024-07-31,380,380,0.6700432896614075,0.0833211094141006,0.4677447974681854,0.1008858531713485,0.0633810237050056,0.0986844599246978,100.0
H16,2024-08-01/2024-08-31,0,380,,,,,,,0.0
H16,2024-09-01/2024-09-30,380,380,0.6823780536651611,0.1033201813697815,0.4630463421344757,0.1017314493656158,0.128570556640625,0.1059019863605499,100.0
H16,2024-10-01/2024-10-31,380,380,0.6813532114028931,0.0860799700021743,0.465310662984848,0.0866961553692817,0.1581918150186538,0.0923026353120803,100.0
H16,2024-11-01/2024-11-30,380,380,0.4461268484592438,0.1424282640218734,0.2326420247554779,0.0862312093377113,-0.1337907016277313,0.1154208406805992,100.0
H16,2024-12-01/2024-12-31,380,380,0.4273206293582916,0.0890408903360366,0.2206968665122985,0.0518998466432094,-0.1539530754089355,0.0795554369688034,100.0
H17,2023-01-01/2023-01-31,380,380,0.530669629573822,0.0476504564285278,0.3006677627563476,0.0433323942124843,-0.0243397615849971,0.0522538013756275,100.0
H17,2023-02-01/2023-02-28,380,380,0.3906851410865783,0.0501669198274612,0.2228273451328277,0.0259533170610666,-0.1117095351219177,0.0400602743029594,100.0
H17,2023-03-01/2023-03-31,380,380,0.3054869472980499,0.0391532145440578,0.1776393353939056,0.0259463731199502,-0.1941341608762741,0.0344584770500659,100.0
H17,2023-04-01/2023-04-30,380,380,0.3062603175640106,0.03911904245615,0.1806459724903106,0.025465440005064,-0.1866955608129501,0.0340264588594436,100.0
H17,2023-05-01/2023-05-31,380,380,0.2813876867294311,0.0270425286144018,0.1624472141265869,0.0162812918424606,-0.2370365411043167,0.0234198309481143,100.0
H17,2023-06-01/2023-06-30,380,380,0.282642513513565,0.0253946483135223,0.1597695350646972,0.0148200821131467,-0.2359137535095214,0.0224198438227176,100.0
H17,2023-07-01/2023-07-31,380,380,0.7267816066741943,0.0547550208866596,0.5506064891815186,0.0735950767993927,0.1418228298425674,0.0593965388834476,100.0
H17,2023-08-01/2023-08-31,0,380,,,,,,,0.0
H17,2023-09-01/2023-09-30,380,380,0.5317832827568054,0.0531804487109184,0.3181746304035187,0.0425117947161197,-0.0826403647661209,0.0459564141929149,100.0
H17,2023-10-01/2023-10-31,380,380,0.6642594337463379,0.0442200005054473,0.2641378343105316,0.0220591779798269,0.0020655111875385,0.0421705357730388,100.0
H17,2023-11-01/2023-11-30,380,380,0.4867612421512604,0.0368579514324665,0.2663743197917938,0.0331536792218685,-0.1229443028569221,0.039560467004776,100.0
H17,2023-12-01/2023-12-31,380,380,0.5180616974830627,0.0424102209508419,0.2509770393371582,0.0358899235725402,-0.1241515204310417,0.0466568507254123,100.0
H17,2024-01-01/2024-01-31,380,380,0.4021242260932922,0.032914325594902,0.2064989358186721,0.0195987503975629,-0.1753785163164138,0.0354407802224159,100.0
H17,2024-02-01/2024-02-29,380,380,0.4558598697185516,0.0421936772763729,0.2451452016830444,0.03538428992033,-0.1357225477695465,0.0453392229974269,100.0
H17,2024-03-01/2024-03-31,380,380,0.4290476441383362,0.0435392223298549,0.2473825961351394,0.0333495214581489,-0.1164535731077194,0.0420487597584724,100.0
H17,2024-04-01/2024-04-30,380,380,0.396613746881485,0.0414475984871387,0.2349896132946014,0.0310740862041711,-0.145802229642868,0.0396867357194423,100.0
H17,2024-05-01/2024-05-31,380,380,0.2918521165847778,0.0321814157068729,0.1868096143007278,0.0192811358720064,-0.1619800329208374,0.0326376892626285,100.0
H17,2024-06-01/2024-06-30,380,380,0.3043238222599029,0.0326867029070854,0.1956966370344162,0.019948910921812,-0.1514312475919723,0.03293402120471,100.0
H17,2024-07-01/2024-07-31,345,380,0.5989223122596741,0.0585762038826942,0.4491141438484192,0.068774327635765,0.0494804754853248,0.0538535192608833,90.8
H17,2024-08-01/2024-08-31,0,380,,,,,,,0.0
H17,2024-09-01/2024-09-30,380,380,0.5838874578475952,0.0878353863954544,0.3619270026683807,0.0797720625996589,0.0047527174465358,0.0872733071446418,100.0
H17,2024-10-01/2024-10-31,380,380,0.5961331725120544,0.06476691365242,0.3764150440692901,0.0647341310977935,0.0296438485383987,0.06589887291193,100.0
H17,2024-11-01/2024-11-30,380,380,0.6470648646354675,0.0513525195419788,0.3766953349113464,0.054352656006813,0.0600554309785366,0.053997553884983,100.0
H17,2024-12-01/2024-12-31,380,380,0.5534224510192871,0.0501447133719921,0.309402585029602,0.0425609648227691,0.0045348592102527,0.0530631244182586,100.0
H18,2023-01-01/2023-01-31,380,380,0.4739999175071716,0.1191393733024597,0.2511816918849945,0.0775530710816383,-0.0447285063564777,0.0700513795018196,100.0
H18,2023-02-01/2023-02-28,378,380,0.3424240052700043,0.0888880342245101,0.1843588650226593,0.0521930865943431,-0.1381810158491134,0.0502686537802219,99.5
H18,2023-03-01/2023-03-31,380,380,0.2690308094024658,0.0686966329813003,0.149038940668106,0.0413933880627155,-0.1971805393695831,0.0470962449908256,100.0
H18,2023-04-01/2023-04-30,380,380,0.2704412639141083,0.0697094872593879,0.1493259370326995,0.0419492274522781,-0.1876235157251358,0.0482683219015598,100.0
H18,2023-05-01/2023-05-31,380,380,0.2722412347793579,0.0797435939311981,0.1495732516050338,0.0498081594705581,-0.2108637392520904,0.0544621832668781,100.0
H18,2023-06-01/2023-06-30,380,380,0.2724708616733551,0.0838920697569847,0.147103413939476,0.0501351580023765,-0.2064971923828125,0.0537509471178054,100.0
H18,2023-07-01/2023-07-31,380,380,0.6942241191864014,0.154269590973854,0.5303082466125488,0.1492088437080383,0.162149503827095,0.0946418568491935,100.0
H18,2023-08-01/2023-08-31,0,380,,,,,,,0.0
H18,2023-09-01/2023-09-30,380,380,0.6162883639335632,0.1678332239389419,0.4170037508010864,0.1437526047229766,0.0815409123897552,0.1256493330001831,100.0
H18,2023-10-01/2023-10-31,362,380,0.5489435791969299,0.1001792848110199,0.1917154341936111,0.0497204661369323,-0.0800875276327133,0.1079364269971847,95.3
H18,2023-11-01/2023-11-30,380,380,0.4788854420185089,0.1106882765889167,0.2671116590499878,0.0742391794919967,-0.0649816468358039,0.0990626290440559,100.0
H18,2023-12-01/2023-12-31,380,380,0.5455693006515503,0.1369794160127639,0.2808370292186737,0.0907244607806205,-0.0171943698078393,0.0779793038964271,100.0
H18,2024-01-01/2024-01-31,380,380,0.4813279509544372,0.1486596465110778,0.2584530115127563,0.0994715988636016,-0.035945039242506,0.0835433602333068,100.0
H18,2024-02-01/2024-02-29,380,380,0.4167360663414001,0.1242278814315795,0.2201121300458908,0.0760275423526763,-0.097086526453495,0.0597808212041854,100.0
H18,2024-03-01/2024-03-31,380,380,0.329991728067398,0.0878813788294792,0.1928685307502746,0.0586508363485336,-0.1190660372376442,0.0521219559013843,100.0
H18,2024-04-01/2024-04-30,380,380,0.3063205182552337,0.087133415043354,0.1840044856071472,0.0598883256316185,-0.1394331455230713,0.052438098937273,100.0
H18,2024-05-01/2024-05-31,380,380,0.2930388748645782,0.0952160283923149,0.1813304275274276,0.0653139427304267,-0.1233325153589248,0.0538586042821407,100.0
H18,2024-06-01/2024-06-30,380,380,0.2962100505828857,0.0996325612068176,0.187232494354248,0.0699798092246055,-0.1177057698369026,0.0548068284988403,100.0
H18,2024-07-01/2024-07-31,271,380,0.5808817148208618,0.0895494893193245,0.4316300749778747,0.103400282561779,0.0779854208230972,0.0672984570264816,71.3
H18,2024-08-01/2024-08-31,0,380,,,,,,,0.0
H18,2024-09-01/2024-09-30,380,380,0.698617696762085,0.1608102619647979,0.4734770953655243,0.1356142461299896,0.1779422760009765,0.1119439452886581,100.0
H18,2024-10-01/2024-10-31,380,380,0.6657668948173523,0.1599791795015335,0.4471687376499176,0.1356244683265686,0.1651658564805984,0.1156689971685409,100.0
H18,2024-11-01/2024-11-30,370,380,0.5237473249435425,0.0995220839977264,0.26884925365448,0.0699301213026046,-0.0485329255461692,0.0877218768000602,97.4
H18,2024-12-01/2024-12-31,380,380,0.4952630400657654,0.1111335530877113,0.245926097035408,0.0693738162517547,-0.0647286623716354,0.0769188702106475,100.0
H19,2023-01-01/2023-01-31,380,380,0.4020892381668091,0.1054146438837051,0.1982388943433761,0.0599100515246391,-0.1257160156965255,0.0823802053928375,100.0
H19,2023-02-01/2023-02-28,380,380,0.3529715836048126,0.0765612870454788,0.1804620027542114,0.0392675660550594,-0.1563725769519806,0.0566688142716884,100.0
H19,2023-03-01/2023-03-31,380,380,0.3081356883049011,0.0569483563303947,0.1752110123634338,0.0335229001939296,-0.1683692336082458,0.0429902523756027,100.0
H19,2023-04-01/2023-04-30,380,380,0.3172819018363952,0.0585089474916458,0.1771206706762313,0.0331942215561866,-0.1642162650823593,0.0430703498423099,100.0
H19,2023-05-01/2023-05-31,380,380,0.3353080451488495,0.0573464408516883,0.1965869516134262,0.0351246632635593,-0.1507978290319442,0.0396542660892009,100.0
H19,2023-06-01/2023-06-30,380,380,0.341849148273468,0.0572185367345809,0.1977754086256027,0.03345712646842,-0.1392738372087478,0.0383511073887348,100.0
H19,2023-07-01/2023-07-31,380,380,0.5855146050453186,0.0918843001127243,0.363417387008667,0.0743338018655777,0.0563870891928672,0.0645216032862663,100.0
H19,2023-08-01/2023-08-31,0,380,,,,,,,0.0
H19,2023-09-01/2023-09-30,380,380,0.5280100703239441,0.0949793308973312,0.3190949559211731,0.0723121538758277,-0.0006559001631103,0.0767623037099838,100.0
H19,2023-10-01/2023-10-31,380,380,0.5887325406074524,0.1169776692986488,0.1925726234912872,0.0489810705184936,-0.0006527963560074,0.0985536053776741,100.0
H19,2023-11-01/2023-11-30,380,380,0.5030451416969299,0.1074717417359352,0.2743127644062042,0.0681122615933418,-0.0266578625887632,0.0867470949888229,100.0
H19,2023-12-01/2023-12-31,380,380,0.5563281774520874,0.0995156019926071,0.2804658114910126,0.0553727187216281,0.0195708479732275,0.0846656188368797,100.0
H19,2024-01-01/2024-01-31,380,380,0.4856225550174713,0.0900388434529304,0.2506846487522125,0.0510645769536495,-0.0322724804282188,0.0805796310305595,100.0
H19,2024-02-01/2024-02-29,380,380,0.4073521196842193,0.1004593744874,0.2126725912094116,0.0658810958266258,-0.0970854386687278,0.0952617451548576,100.0
H19,2024-03-01/2024-03-31,380,380,0.3768460750579834,0.0830778256058693,0.2113981544971466,0.0537828058004379,-0.1011639833450317,0.0810466930270195,100.0
H19,2024-04-01/2024-04-30,380,380,0.358793705701828,0.0799143090844154,0.2071228176355362,0.052831944078207,-0.122949868440628,0.0787981897592544,100.0
H19,2024-05-01/2024-05-31,380,380,0.3525819778442383,0.0720996111631393,0.2080943435430526,0.0456240884959697,-0.1136203557252883,0.0584518276154994,100.0
H19,2024-06-01/2024-06-30,380,380,0.359326422214508,0.0691592916846275,0.2144214063882827,0.0442695468664169,-0.106495589017868,0.0525987520813941,100.0
H19,2024-07-01/2024-07-31,20,380,0.4761173129081726,0.0575875416398048,0.3283872306346893,0.0569959618151187,0.0936374738812446,0.1004354208707809,5.3
H19,2024-08-01/2024-08-31,0,380,,,,,,,0.0
H19,2024-09-01/2024-09-30,380,380,0.6478830575942993,0.1116427183151245,0.3827946782112121,0.1070354804396629,0.1282880455255508,0.0968060120940208,100.0
H19,2024-10-01/2024-10-31,380,380,0.6135275959968567,0.1143585219979286,0.364017516374588,0.0825284942984581,0.1221151128411293,0.0803087279200553,100.0
H19,2024-11-01/2024-11-30,380,380,0.5721708536148071,0.1047116890549659,0.2998774945735931,0.0624999478459358,0.0529130436480045,0.0861381515860557,100.0
H19,2024-12-01/2024-12-31,380,380,0.4997531771659851,0.1146412566304206,0.2613966166973114,0.0606363527476787,0.0086715696379542,0.0855434089899063,100.0
H20,2023-01-01/2023-01-31,380,380,0.389611005783081,0.1122442781925201,0.210344135761261,0.0779362693428993,-0.0880212485790252,0.0932721197605133,100.0
H20,2023-02-01/2023-02-28,380,380,0.3165480494499206,0.0845772698521614,0.1789805293083191,0.0556702092289924,-0.1213953495025634,0.0753873437643051,100.0
H20,2023-03-01/2023-03-31,380,380,0.2678366005420685,0.0660685449838638,0.1636173874139785,0.0441969595849514,-0.1452909260988235,0.0584904998540878,100.0
H20,2023-04-01/2023-04-30,380,380,0.2738084197044372,0.0654357969760894,0.1647916138172149,0.0428292006254196,-0.1444669663906097,0.0575392544269561,100.0
H20,2023-05-01/2023-05-31,380,380,0.2659542560577392,0.063013345003128,0.1662849932909011,0.0410736687481403,-0.1491538733243942,0.0471384674310684,100.0
H20,2023-06-01/2023-06-30,380,380,0.2738116681575775,0.0636633783578872,0.1672501564025879,0.0408572368323802,-0.1444768458604812,0.0502390265464782,100.0
H20,2023-07-01/2023-07-31,380,380,0.5411825180053711,0.1312191188335418,0.3511390388011932,0.1149270832538604,0.041433148086071,0.0877147391438484,100.0
H20,2023-08-01/2023-08-31,0,380,,,,,,,0.0
H20,2023-09-01/2023-09-30,380,380,0.5852533578872681,0.1532295495271682,0.4087072610855102,0.1386781334877014,0.1002191826701164,0.1208469420671463,100.0
H20,2023-10-01/2023-10-31,380,380,0.5887043476104736,0.1452908813953399,0.2019536942243576,0.0697151571512222,0.0571099519729614,0.1102553457021713,100.0
H20,2023-11-01/2023-11-30,380,380,0.5021086931228638,0.1231491714715957,0.3036556839942932,0.0944750532507896,0.0104920854791998,0.0871847569942474,100.0
H20,2023-12-01/2023-12-31,380,380,0.5063937306404114,0.1083644926548004,0.2693657279014587,0.0699069648981094,-0.0087131112813949,0.0705762952566146,100.0
H20,2024-01-01/2024-01-31,380,380,0.4322350025177002,0.0981411859393119,0.2356756180524826,0.0586508437991142,-0.0583716742694377,0.0638585463166236,100.0
H20,2024-02-01/2024-02-29,380,380,0.3945864737033844,0.0955908372998237,0.2232492119073867,0.0611713528633117,-0.0793025344610214,0.0627864748239517,100.0
H20,2024-03-01/2024-03-31,380,380,0.3433514237403869,0.0883465409278869,0.2110370397567749,0.0590116344392299,-0.0876891463994979,0.0567455142736434,100.0
H20,2024-04-01/2024-04-30,380,380,0.3221549093723297,0.0846970081329345,0.2017029821872711,0.0576442591845989,-0.111820101737976,0.0563944987952709,100.0
H20,2024-05-01/2024-05-31,380,380,0.2831362783908844,0.085413284599781,0.1859936565160751,0.0620964579284191,-0.1029346287250518,0.0600936226546764,100.0
H20,2024-06-01/2024-06-30,380,380,0.2884295880794525,0.0882410332560539,0.1924251317977905,0.06611018627882,-0.0946419090032577,0.0596738494932651,100.0
H20,2024-07-01/2024-07-31,0,380,,,,,,,0.0
H20,2024-08-01/2024-08-31,0,380,,,,,,,0.0
H20,2024-09-01/2024-09-30,380,380,0.6803769469261169,0.147505298256874,0.4719232618808746,0.1363056153059005,0.1786352694034576,0.1059971004724502,100.0
H20,2024-10-01/2024-10-31,380,380,0.6281576752662659,0.1500755548477172,0.4220355749130249,0.1277441680431366,0.1470710337162017,0.1025946214795112,100.0
H20,2024-11-01/2024-11-30,380,380,0.519192099571228,0.1310195326805114,0.2933230698108673,0.0904542282223701,0.0055170566774904,0.0951269343495369,100.0
H20,2024-12-01/2024-12-31,380,380,0.4666854739189148,0.1116009280085563,0.2611826360225677,0.0778658986091613,-0.0201206132769584,0.0836081430315971,100.0
H21,2023-01-01/2023-01-31,380,380,0.4072613418102264,0.0546607002615928,0.2228985279798507,0.0352823212742805,-0.1324410438537597,0.0410070158541202,100.0
H21,2023-02-01/2023-02-28,380,380,0.3281914293766022,0.0448927693068981,0.1845231056213379,0.0268355794250965,-0.1768084913492202,0.0313691012561321,100.0
H21,2023-03-01/2023-03-31,380,380,0.3008116781711578,0.038244254887104,0.1868234276771545,0.0257252529263496,-0.1668987721204757,0.0279310215264558,100.0
H21,2023-04-01/2023-04-30,380,380,0.3132928609848022,0.0395359471440315,0.192963495850563,0.0259934458881616,-0.1637845188379287,0.0300775878131389,100.0
H21,2023-05-01/2023-05-31,380,380,0.3422787189483642,0.0388052053749561,0.2215936332941055,0.0259574614465236,-0.1352054327726364,0.021723074838519,100.0
H21,2023-06-01/2023-06-30,380,380,0.34340301156044,0.0362291857600212,0.2172021120786667,0.0235214419662952,-0.1357876360416412,0.0205128509551286,100.0
H21,2023-07-01/2023-07-31,380,380,0.5568243861198425,0.0417610220611095,0.3558152019977569,0.0374530181288719,-0.0081546157598495,0.0362815372645854,100.0
H21,2023-08-01/2023-08-31,0,380,,,,,,,0.0
H21,2023-09-01/2023-09-30,380,380,0.6959221363067627,0.061181154102087,0.4975092709064483,0.0685603842139244,0.1739522367715835,0.0595269910991191,100.0
H21,2023-10-01/2023-10-31,380,380,0.4628525078296661,0.046297650784254,0.1665424108505249,0.0205459129065275,-0.131181538105011,0.0403833128511905,100.0
H21,2023-11-01/2023-11-30,380,380,0.4959689378738403,0.051531970500946,0.2832416594028473,0.0380869209766387,-0.0790416523814201,0.0410945639014244,100.0
H21,2023-12-01/2023-12-31,380,380,0.4457325041294098,0.0672993212938308,0.2284304499626159,0.0411142818629741,-0.1308490633964538,0.0501827485859394,100.0
H21,2024-01-01/2024-01-31,380,380,0.4290573894977569,0.0612173452973365,0.2286621928215026,0.0363714210689067,-0.1306584775447845,0.0414437241852283,100.0
H21,2024-02-01/2024-02-29,380,380,0.457654058933258,0.0557170733809471,0.260259747505188,0.0353723466396331,-0.0873124301433563,0.0354242250323295,100.0
H21,2024-03-01/2024-03-31,380,380,0.4128535985946655,0.0617048144340515,0.251841127872467,0.0391001589596271,-0.1025385409593582,0.0355997197329998,100.0
H21,2024-04-01/2024-04-30,380,380,0.3911744654178619,0.060989286750555,0.2442354708909988,0.03931600227952,-0.1244446486234664,0.0340868048369884,100.0
H21,2024-05-01/2024-05-31,380,380,0.3688686192035675,0.0586827769875526,0.2349284887313842,0.0358465686440467,-0.1129342317581176,0.0276097599416971,100.0
H21,2024-06-01/2024-06-30,380,380,0.3833872675895691,0.0551888793706893,0.2463939040899276,0.0343403592705726,-0.0928991511464119,0.0262583140283823,100.0
H21,2024-07-01/2024-07-31,380,380,0.499482125043869,0.0485514737665653,0.3483323752880096,0.0513696335256099,0.003015715861693,0.0383460819721221,100.0
H21,2024-08-01/2024-08-31,0,380,,,,,,,0.0
H21,2024-09-01/2024-09-30,380,380,0.693845272064209,0.0446030646562576,0.4432350695133209,0.0449487678706646,0.1553390324115753,0.0381102189421653,100.0
H21,2024-10-01/2024-10-31,380,380,0.5215526223182678,0.0612833574414253,0.3041108250617981,0.0422237738966941,0.0023835299070924,0.0425920374691486,100.0
H21,2024-11-01/2024-11-30,380,380,0.4722632169723511,0.0695796385407447,0.2421537488698959,0.0421229153871536,-0.1026300564408302,0.0501205287873744,100.0
H21,2024-12-01/2024-12-31,380,380,0.4640392959117889,0.0645584911108017,0.2472657412290573,0.0398707129061222,-0.0874956101179122,0.0458508059382438,100.0
H22,2023-01-01/2023-01-31,380,380,0.3584290742874145,0.0297536477446556,0.1967007666826248,0.0215329825878143,-0.1506890505552292,0.0291118752211332,100.0
H22,2023-02-01/2023-02-28,380,380,0.2977038621902466,0.0296676252037286,0.1680022776126861,0.0186176486313343,-0.1916747391223907,0.0202198456972837,100.0
H22,2023-03-01/2023-03-31,380,380,0.2698487639427185,0.0292716361582279,0.1703165173530578,0.0196388326585292,-0.1842635124921798,0.0176078211516141,100.0
H22,2023-04-01/2023-04-30,380,380,0.2797794640064239,0.0313064977526664,0.1758826375007629,0.021040741354227,-0.1708331108093261,0.0193583909422159,100.0
H22,2023-05-01/2023-05-31,380,380,0.3587980568408966,0.0397492460906505,0.2365833222866058,0.0272162165492773,-0.1117296889424324,0.0201522782444953,100.0
H22,2023-06-01/2023-06-30,380,380,0.3555079400539398,0.0393614955246448,0.2299743890762329,0.0269503314048051,-0.1110972240567207,0.0198621060699224,100.0
H22,2023-07-01/2023-07-31,380,380,0.5616716742515564,0.0484652519226074,0.3820486068725586,0.0464863628149032,0.0140370847657322,0.0390697009861469,100.0
H22,2023-08-01/2023-08-31,0,380,,,,,,,0.0
H22,2023-09-01/2023-09-30,380,380,0.5737239718437195,0.0321663506329059,0.3862490057945251,0.028553619980812,0.0561531707644462,0.024332158267498,100.0
H22,2023-10-01/2023-10-31,380,380,0.5389499068260193,0.0623649396002292,0.2149429768323898,0.0280773863196373,-0.0721944943070411,0.0542152486741542,100.0
H22,2023-11-01/2023-11-30,380,380,0.5088939666748047,0.034393660724163,0.2970971763134002,0.0266146194189786,-0.0507813319563865,0.0284212362021207,100.0
H22,2023-12-01/2023-12-31,380,380,0.3729341924190521,0.049379389733076,0.1860131323337555,0.0266933366656303,-0.1777854710817337,0.0339112877845764,100.0
H22,2024-01-01/2024-01-31,380,380,0.3490560352802276,0.0386814959347248,0.1818912476301193,0.0222890023142099,-0.187982827425003,0.028629308566451,100.0
H22,2024-02-01/2024-02-29,380,380,0.3263378441333771,0.0339394807815551,0.1826304197311401,0.0208012834191322,-0.187598779797554,0.0237545315176248,100.0
H22,2024-03-01/2024-03-31,380,380,0.3310982584953308,0.0407974496483802,0.2036057263612747,0.0261234268546104,-0.1527576893568039,0.0252056047320365,100.0
H22,2024-04-01/2024-04-30,380,380,0.3176685273647308,0.0390962846577167,0.2022256106138229,0.0258003771305084,-0.1673993170261383,0.0243438687175512,100.0
H22,2024-05-01/2024-05-31,380,380,0.3393421471118927,0.0418961383402347,0.2288912981748581,0.0268471390008926,-0.1154044941067695,0.021362105384469,100.0
H22,2024-06-01/2024-06-30,380,380,0.3605772256851196,0.0448589585721492,0.244155079126358,0.0286517553031444,-0.108056329190731,0.0245244707912206,100.0
H22,2024-07-01/2024-07-31,270,380,0.4660446643829345,0.0371333509683609,0.3368576169013977,0.0286237467080354,-0.0520450882613658,0.0348026454448699,71.1
H22,2024-08-01/2024-08-31,0,380,,,,,,,0.0
H22,2024-09-01/2024-09-30,380,380,0.6318615078926086,0.0469898581504821,0.4022108912467956,0.0414166152477264,0.0797638669610023,0.0396742150187492,100.0
H22,2024-10-01/2024-10-31,380,380,0.6526575684547424,0.0504855327308177,0.4153183102607727,0.0491483509540557,0.1328115016222,0.0434031970798969,100.0
H22,2024-11-01/2024-11-30,380,380,0.4058771729469299,0.0546663179993629,0.1981379836797714,0.0278402585536241,-0.1529186517000198,0.0359272137284278,100.0
H22,2024-12-01/2024-12-31,380,380,0.3889229893684387,0.0490292496979236,0.2074524909257888,0.0273042544722557,-0.1274478584527969,0.0359438583254814,100.0
H23,2023-01-01/2023-01-31,380,380,0.4671101570129394,0.0730606690049171,0.265403538942337,0.0468075312674045,-0.0708181634545326,0.0532694645226001,100.0
H23,2023-02-01/2023-02-28,380,380,0.4102253913879394,0.0713737457990646,0.2401386499404907,0.0468524880707263,-0.1093107759952545,0.053180243819952,100.0
H23,2023-03-01/2023-03-31,380,380,0.3633724153041839,0.0589885525405406,0.2370774447917938,0.0430089943110942,-0.1236861050128936,0.0428345538675785,100.0
H23,2023-04-01/2023-04-30,380,380,0.3559113442897796,0.0570915564894676,0.228625401854515,0.040652297437191,-0.1286424100399017,0.0380033999681472,100.0
H23,2023-05-01/2023-05-31,380,380,0.3667089641094208,0.0514577776193618,0.2467444241046905,0.0400348082184791,-0.1171733066439628,0.0361674278974533,100.0
H23,2023-06-01/2023-06-30,380,380,0.3715037405490875,0.052483644336462,0.2432671934366226,0.0394492819905281,-0.1134754344820976,0.0368349254131317,100.0
H23,2023-07-01/2023-07-31,380,380,0.5244279503822327,0.0484159365296363,0.3309246003627777,0.0388249196112155,-0.0445513576269149,0.0327250286936759,100.0
H23,2023-08-01/2023-08-31,0,380,,,,,,,0.0
H23,2023-09-01/2023-09-30,380,380,0.7296587228775024,0.0531065575778484,0.5237637162208557,0.0568211562931537,0.1888348758220672,0.0467734783887863,100.0
H23,2023-10-01/2023-10-31,380,380,0.5575446486473083,0.0617778524756431,0.1918303370475769,0.0284141805022954,0.0111610805615782,0.0528140999376773,100.0
H23,2023-11-01/2023-11-30,380,380,0.539241373538971,0.0723290517926216,0.3321954905986786,0.0541749335825443,0.0039073065854609,0.0541433282196521,100.0
H23,2023-12-01/2023-12-31,380,380,0.542695939540863,0.0903180465102195,0.3067373633384704,0.0585549250245094,-0.0041509363800287,0.0654870271682739,100.0
H23,2024-01-01/2024-01-31,380,380,0.5187796950340271,0.0828692391514778,0.2916405200958252,0.0518845841288566,-0.0448624715209007,0.0585162825882434,100.0
H23,2024-02-01/2024-02-29,380,380,0.5376178026199341,0.0758083909749984,0.3269539177417755,0.0533515773713588,-0.0108755258843302,0.0561708025634288,100.0
H23,2024-03-01/2024-03-31,380,380,0.4805053770542145,0.0864307209849357,0.3119857311248779,0.0621460452675819,-0.0156303774565458,0.0615130737423896,100.0
H23,2024-04-01/2024-04-30,380,380,0.459706038236618,0.0842730700969696,0.3055713176727295,0.061895702034235,-0.0377798527479171,0.0601810738444328,100.0
H23,2024-05-01/2024-05-31,380,380,0.4005952179431915,0.0716970041394233,0.2764507830142975,0.0517654381692409,-0.0502095781266689,0.0456063821911811,100.0
H23,2024-06-01/2024-06-30,380,380,0.4088918566703796,0.0708081945776939,0.289122998714447,0.0529962666332721,-0.0369641594588756,0.0434324666857719,100.0
H23,2024-07-01/2024-07-31,0,380,,,,,,,0.0
H23,2024-08-01/2024-08-31,0,380,,,,,,,0.0
H23,2024-09-01/2024-09-30,380,380,0.6192590594291687,0.0727319791913032,0.4017470479011535,0.0605778284370899,0.0800477266311645,0.0639145821332931,100.0
H23,2024-10-01/2024-10-31,380,380,0.6006876230239868,0.0911622121930122,0.3801473081111908,0.0648144632577896,0.0747870057821273,0.0589593052864074,100.0
H23,2024-11-01/2024-11-30,380,380,0.5618575215339661,0.0947792157530784,0.3357326686382293,0.0654831379652023,0.0171253867447376,0.0664291754364967,100.0
H23,2024-12-01/2024-12-31,380,380,0.5596718192100525,0.0983250513672828,0.3277414739131927,0.065239131450653,0.0243650507181882,0.0710389912128448,100.0
H24,2023-01-01/2023-01-31,380,380,0.595815896987915,0.0954855009913444,0.3092429637908935,0.0385298132896423,0.0678198337554931,0.0564065873622894,100.0
H24,2023-02-01/2023-02-28,380,380,0.6056597828865051,0.1138528361916542,0.34260094165802,0.0559618137776851,0.0935042351484298,0.0730512142181396,100.0
H24,2023-03-01/2023-03-31,380,380,0.5633891820907593,0.1088375449180603,0.367231160402298,0.0693994164466857,0.0680367797613143,0.0693206340074539,100.0
H24,2023-04-01/2023-04-30,380,380,0.5753653049468994,0.108413852751255,0.3727031648159027,0.0687170475721359,0.0761850625276565,0.0619990900158882,100.0
H24,2023-05-01/2023-05-31,380,380,0.5056790709495544,0.1089860647916793,0.34599769115448,0.0744132697582244,0.021566092967987,0.0498960465192794,100.0
H24,2023-06-01/2023-06-30,380,380,0.4895646870136261,0.1004504784941673,0.3262011706829071,0.0665271058678627,0.0126822972670197,0.0448086559772491,100.0
H24,2023-07-01/2023-07-31,380,380,0.661740779876709,0.0975277945399284,0.4758726358413696,0.0808097571134567,0.1350033432245254,0.063849039375782,100.0
H24,2023-08-01/2023-08-31,0,380,,,,,,,0.0
H24,2023-09-01/2023-09-30,380,380,0.7063353061676025,0.1215891167521476,0.5010972619056702,0.0921703949570655,0.1680494248867035,0.0683932453393936,100.0
H24,2023-10-01/2023-10-31,380,380,0.7136552333831787,0.1021078303456306,0.304191917181015,0.0497593320906162,0.0974209830164909,0.0627976357936859,100.0
H24,2023-11-01/2023-11-30,380,380,0.6166181564331055,0.1119020655751228,0.3511612713336944,0.0624462999403476,0.0653073638677597,0.0576122850179672,100.0
H24,2023-12-01/2023-12-31,380,380,0.6471606492996216,0.1115926131606102,0.393582671880722,0.0832587704062461,0.0530703328549861,0.0817287638783454,100.0
H24,2024-01-01/2024-01-31,380,380,0.416357934474945,0.0564429089426994,0.2623498737812042,0.0357392206788063,-0.0751319900155067,0.0349098518490791,100.0
H24,2024-02-01/2024-02-29,380,380,0.349169373512268,0.0444806702435016,0.2284111082553863,0.0311622135341167,-0.1140489503741264,0.0284042619168758,100.0
H24,2024-03-01/2024-03-31,380,380,0.34311643242836,0.0507040917873382,0.2338843941688537,0.0347570888698101,-0.0732418447732925,0.0251893252134323,100.0
H24,2024-04-01/2024-04-30,380,380,0.3224159777164459,0.0457276180386543,0.2254591137170791,0.0333736091852188,-0.0969628319144249,0.0254848860204219,100.0
H24,2024-05-01/2024-05-31,380,380,0.3608673810958862,0.0701459795236587,0.2594750523567199,0.0504413023591041,-0.0186292864382267,0.0307635609060525,100.0
H24,2024-06-01/2024-06-30,380,380,0.3602194488048553,0.0643538311123848,0.2611519694328308,0.0458630472421646,-0.0119010144844651,0.0285204593092203,100.0
H24,2024-07-01/2024-07-31,0,380,,,,,,,0.0
H24,2024-08-01/2024-08-31,0,380,,,,,,,0.0
H24,2024-09-01/2024-09-30,380,380,0.7509973645210266,0.1198303550481796,0.5656357407569885,0.1397963762283325,0.2414843142032623,0.1306252032518386,100.0
H24,2024-10-01/2024-10-31,380,380,0.7228460907936096,0.0845114216208458,0.5079265236854553,0.0740884095430374,0.1884117126464843,0.0470069386065006,100.0
H24,2024-11-01/2024-11-30,380,380,0.6866505146026611,0.0753586366772651,0.4185717105865478,0.0545253418385982,0.1244129985570907,0.0450635589659214,100.0
H24,2024-12-01/2024-12-31,380,380,0.5911948084831238,0.0650616288185119,0.3500029742717743,0.0407781451940536,0.0789022669196128,0.0378518067300319,100.0
H25,2023-01-01/2023-01-31,380,380,0.6195411086082458,0.0935339257121086,0.3180015981197357,0.0821895897388458,0.0286477897316217,0.1003143712878227,100.0
H25,2023-02-01/2023-02-28,380,380,0.5128750205039978,0.0994787588715553,0.2713743448257446,0.0885965004563331,-0.0400024317204952,0.1240551993250846,100.0
H25,2023-03-01/2023-03-31,380,380,0.45139279961586,0.1393595486879348,0.2707931995391845,0.1174961850047111,-0.0649955198168754,0.1465149223804474,100.0
H25,2023-04-01/2023-04-30,380,380,0.4631569385528564,0.1432475298643112,0.2730135917663574,0.118414968252182,-0.0614581927657127,0.1466952711343765,100.0
H25,2023-05-01/2023-05-31,380,380,0.4450720548629761,0.1327948719263076,0.2732444107532501,0.115471713244915,-0.0822005569934845,0.1407990902662277,100.0
H25,2023-06-01/2023-06-30,380,380,0.4459072351455688,0.1281654834747314,0.2656967639923095,0.1072123572230339,-0.083352580666542,0.134234145283699,100.0
H25,2023-07-01/2023-07-31,380,380,0.7637615203857422,0.063746765255928,0.5453266501426697,0.0724901184439659,0.2042810469865799,0.0538557060062885,100.0
H25,2023-08-01/2023-08-31,0,380,,,,,,,0.0
H25,2023-09-01/2023-09-30,380,380,0.7281838059425354,0.0950886979699134,0.503852128982544,0.0979126989841461,0.1766421645879745,0.1076914593577385,100.0
H25,2023-10-01/2023-10-31,380,380,0.8435044288635254,0.0700447633862495,0.3079292774200439,0.051617793738842,0.2581968605518341,0.0575658567249774,100.0
H25,2023-11-01/2023-11-30,380,380,0.682053804397583,0.0840305909514427,0.4108558595180511,0.0592048913240432,0.1119927689433097,0.0836430639028549,100.0
H25,2023-12-01/2023-12-31,380,380,0.7512807846069336,0.079314574599266,0.4061991274356842,0.0912064388394355,0.1465015262365341,0.0903182849287986,100.0
H25,2024-01-01/2024-01-31,380,380,0.4721041917800903,0.052563015371561,0.2427163422107696,0.0479614809155464,-0.1211844384670257,0.052474170923233,100.0
H25,2024-02-01/2024-02-29,380,380,0.3715118765830993,0.0472486242651939,0.2025897353887558,0.0413891859352588,-0.1731095612049102,0.0583509057760238,100.0
H25,2024-03-01/2024-03-31,380,380,0.3150133788585663,0.0298202633857727,0.1843020617961883,0.0399788543581962,-0.1765203177928924,0.0632893666625022,100.0
H25,2024-04-01/2024-04-30,380,380,0.2991018295288086,0.0342592224478721,0.183364138007164,0.0449639819562435,-0.1887275725603103,0.0640743225812912,100.0
H25,2024-05-01/2024-05-31,380,380,0.2989822626113891,0.0552537254989147,0.1890026628971099,0.0566614307463169,-0.147287517786026,0.0836771801114082,100.0
H25,2024-06-01/2024-06-30,380,380,0.3188247382640838,0.0730921924114227,0.2045449465513229,0.0725393742322921,-0.126052126288414,0.1008307859301567,100.0
H25,2024-07-01/2024-07-31,0,380,,,,,,,0.0
H25,2024-08-01/2024-08-31,0,380,,,,,,,0.0
H25,2024-09-01/2024-09-30,380,380,0.7747344374656677,0.1047348305583,0.5852964520454407,0.116590179502964,0.2310632020235061,0.1159624308347702,100.0
H25,2024-10-01/2024-10-31,380,380,0.8141916394233704,0.0690022408962249,0.6152464747428894,0.0683406665921211,0.300109714269638,0.0548139326274395,100.0
H25,2024-11-01/2024-11-30,380,380,0.6622806787490845,0.0817438885569572,0.3625185489654541,0.0475837141275405,0.0589704699814319,0.062160924077034,100.0
H25,2024-12-01/2024-12-31,380,380,0.5767431855201721,0.059157844632864,0.2827370464801788,0.0346947833895683,-0.0399116352200508,0.047459952533245,100.0
H26,2023-01-01/2023-01-31,380,380,0.5204624533653259,0.152112603187561,0.280493289232254,0.1005273088812828,0.0009997183224186,0.111119769513607,100.0
H26,2023-02-01/2023-02-28,380,380,0.4397885799407959,0.1325476914644241,0.2370858192443847,0.0807199478149414,-0.0475953593850135,0.0968840569257736,100.0
H26,2023-03-01/2023-03-31,380,380,0.3752282261848449,0.1181752756237983,0.222287505865097,0.0786713659763336,-0.0910466760396957,0.0871523842215538,100.0
H26,2023-04-01/2023-04-30,380,380,0.3724209368228912,0.1128450110554695,0.2209039330482483,0.0763030126690864,-0.0989067703485488,0.0819499716162681,100.0
H26,2023-05-01/2023-05-31,380,380,0.3823186457157135,0.092472031712532,0.2327126711606979,0.0653387308120727,-0.0992580205202102,0.0788318440318107,100.0
H26,2023-06-01/2023-06-30,380,380,0.3802106380462646,0.0950633212924003,0.2269272804260254,0.0660203546285629,-0.1023299098014831,0.0830032974481582,100.0
H26,2023-07-01/2023-07-31,380,380,0.671448290348053,0.1387015432119369,0.4671293199062347,0.1456604897975921,0.1508834064006805,0.0823598951101303,100.0
H26,2023-08-01/2023-08-31,0,380,,,,,,,0.0
H26,2023-09-01/2023-09-30,380,380,0.6358693838119507,0.1004422307014465,0.4372683763504028,0.0954373851418495,0.131295159459114,0.064246580004692,100.0
H26,2023-10-01/2023-10-31,380,380,0.6732607483863831,0.0956589579582214,0.1978042274713516,0.039811335504055,0.1352716088294983,0.0905144140124321,100.0
H26,2023-11-01/2023-11-30,380,380,0.6227850317955017,0.096867449581623,0.3848162293434143,0.0794554054737091,0.0992137640714645,0.119717501103878,100.0
H26,2023-12-01/2023-12-31,380,380,0.6396332383155823,0.0988390669226646,0.3489371538162231,0.0752570927143096,0.1004753708839416,0.0995753109455108,100.0
H26,2024-01-01/2024-01-31,380,380,0.5487448573112488,0.1148242503404617,0.3047159314155578,0.0731428861618042,0.0334223397076129,0.1163527816534042,100.0
H26,2024-02-01/2024-02-29,380,380,0.5104144215583801,0.0991380363702774,0.2821957170963287,0.0612206868827343,0.0046106339432299,0.1219321563839912,100.0
H26,2024-03-01/2024-03-31,380,380,0.4382791519165039,0.0900520756840705,0.2662358283996582,0.062081940472126,-0.0187845826148986,0.1211194023489952,100.0
H26,2024-04-01/2024-04-30,380,380,0.4123980104923248,0.0887615829706192,0.2597793638706207,0.063382551074028,-0.0463372245430946,0.1164659485220909,100.0
H26,2024-05-01/2024-05-31,380,380,0.3935789465904236,0.109112299978733,0.25677689909935,0.0759882181882858,-0.0316513925790786,0.1119837388396263,100.0
H26,2024-06-01/2024-06-30,380,380,0.3881632685661316,0.1060388386249542,0.2588059306144714,0.0750230476260185,-0.0276977382600307,0.1102708727121353,100.0
H26,2024-07-01/2024-07-31,380,380,0.6495532393455505,0.0628675371408462,0.4846792221069336,0.0751932114362716,0.1599817276000976,0.0938931182026863,100.0
H26,2024-08-01/2024-08-31,0,380,,,,,,,0.0
H26,2024-09-01/2024-09-30,380,380,0.7085333466529846,0.0730282142758369,0.4608033299446106,0.0675403773784637,0.2014873921871185,0.0828248038887977,100.0
H26,2024-10-01/2024-10-31,380,380,0.7099341750144958,0.0812550410628318,0.4675308167934418,0.0721279680728912,0.219265341758728,0.0769479200243949,100.0
H26,2024-11-01/2024-11-30,380,380,0.6414724588394165,0.1416138708591461,0.3707358837127685,0.1069843992590904,0.1144980415701866,0.1885918229818344,100.0
H26,2024-12-01/2024-12-31,380,380,0.6047592163085938,0.1471258252859115,0.3425767123699188,0.1029967665672302,0.0971799418330192,0.1910010427236557,100.0
H27,2023-01-01/2023-01-31,380,380,0.4801555871963501,0.0663022026419639,0.2740384042263031,0.0581750012934207,-0.067064493894577,0.0637781918048858,100.0
H27,2023-02-01/2023-02-28,380,380,0.3950576484203338,0.0692557394504547,0.2174585610628128,0.0500540733337402,-0.1319047957658767,0.0580461211502552,100.0
H27,2023-03-01/2023-03-31,380,380,0.2333864271640777,0.025730412453413,0.137742131948471,0.0182003937661647,-0.2286254614591598,0.0318170934915542,100.0
H27,2023-04-01/2023-04-30,380,380,0.2410796284675598,0.0273783206939697,0.1407994925975799,0.019143471494317,-0.2259375303983688,0.0330075956881046,100.0
H27,2023-05-01/2023-05-31,380,380,0.2424934804439544,0.034372691065073,0.1399752497673034,0.0201652664691209,-0.2550577521324157,0.0276665929704904,100.0
H27,2023-06-01/2023-06-30,380,380,0.247522622346878,0.0325260758399963,0.140112429857254,0.0180232878774404,-0.2515542209148407,0.026299525052309,100.0
H27,2023-07-01/2023-07-31,380,380,0.7552955746650696,0.0930882170796394,0.5961218476295471,0.1133312359452247,0.1797907799482345,0.0847365334630012,100.0
H27,2023-08-01/2023-08-31,0,380,,,,,,,0.0
H27,2023-09-01/2023-09-30,380,380,0.6120502948760986,0.086177222430706,0.4214417040348053,0.070489652454853,0.0498179569840431,0.068090446293354,100.0
H27,2023-10-01/2023-10-31,372,380,0.661794900894165,0.0928099378943443,0.1738578677177429,0.0292899888008832,0.1386852413415908,0.0762453973293304,97.9
H27,2023-11-01/2023-11-30,380,380,0.5250067710876465,0.0749305263161659,0.3057208955287933,0.0517970472574234,-0.0517391897737979,0.0649101808667182,100.0
H27,2023-12-01/2023-12-31,380,380,0.6412097811698914,0.1004345342516899,0.3765531182289123,0.0954220220446586,0.0443353988230228,0.0884134620428085,100.0
H27,2024-01-01/2024-01-31,380,380,0.4417193830013275,0.0624564848840236,0.2675126492977142,0.0543137267231941,-0.0677549466490745,0.0638771578669548,100.0
H27,2024-02-01/2024-02-29,380,380,0.361547440290451,0.059084054082632,0.2070183157920837,0.0427992641925811,-0.1542151272296905,0.0498561523854732,100.0
H27,2024-03-01/2024-03-31,380,380,0.2873149812221527,0.0524848327040672,0.1713657230138778,0.0351315103471279,-0.1857248395681381,0.037850484251976,100.0
H27,2024-04-01/2024-04-30,380,380,0.2579867243766784,0.0486282221972942,0.1597000658512115,0.0338020510971546,-0.2090817093849182,0.0347328037023544,100.0
H27,2024-05-01/2024-05-31,380,380,0.2201693654060363,0.0382355377078056,0.1406431347131729,0.0258837789297103,-0.1985858380794525,0.0299456883221864,100.0
H27,2024-06-01/2024-06-30,380,380,0.2129738181829452,0.0356757640838623,0.1459200978279113,0.0272695105522871,-0.1771484017372131,0.0354764647781848,100.0
H27,2024-07-01/2024-07-31,0,380,,,,,,,0.0
H27,2024-08-01/2024-08-31,0,380,,,,,,,0.0
H27,2024-09-01/2024-09-30,380,380,0.7050489187240601,0.1088388413190841,0.5057206749916077,0.0938607603311538,0.1319203674793243,0.0741879343986511,100.0
H27,2024-10-01/2024-10-31,380,380,0.7406246662139893,0.1049607396125793,0.553585946559906,0.0966456159949302,0.2207570523023605,0.0632929056882858,100.0
H27,2024-11-01/2024-11-30,380,380,0.3915101587772369,0.0897475406527519,0.1962099522352218,0.048940822482109,-0.1809103488922119,0.0834070593118667,100.0
H27,2024-12-01/2024-12-31,380,380,0.4172657132148742,0.0616250745952129,0.2129081338644027,0.0368087366223335,-0.1786529570817947,0.0630581676959991,100.0
H28,2023-01-01/2023-01-31,380,380,0.6223466396331787,0.155908316373825,0.3611891865730285,0.1101546734571456,0.1153777241706848,0.12199717015028,100.0
H28,2023-02-01/2023-02-28,372,380,0.5634717345237732,0.1658920347690582,0.3390175104141235,0.1073814108967781,0.0796325728297233,0.1061828210949897,97.9
H28,2023-03-01/2023-03-31,364,380,0.4952343106269836,0.1621196120977401,0.3224855363368988,0.1107364073395729,0.0447652153670787,0.108641929924488,95.8
H28,2023-04-01/2023-04-30,372,380,0.4898827672004699,0.1696305871009826,0.315229594707489,0.1163323000073432,0.0348454304039478,0.116465263068676,97.9
H28,2023-05-01/2023-05-31,372,380,0.4442754089832306,0.1526927947998047,0.2939679622650146,0.1089294776320457,-0.0203624349087476,0.0964778289198875,97.9
H28,2023-06-01/2023-06-30,376,380,0.4295034110546112,0.1569272428750991,0.2739757001399994,0.1045203730463981,-0.0290544666349887,0.0951680094003677,98.9
H28,2023-07-01/2023-07-31,378,380,0.7326574325561523,0.1789228767156601,0.5332505702972412,0.178605318069458,0.2238704562187194,0.1280189752578735,99.5
H28,2023-08-01/2023-08-31,0,380,,,,,,,0.0
H28,2023-09-01/2023-09-30,380,380,0.7537438869476318,0.1307958662509918,0.5624083280563354,0.1484221965074539,0.2406190931797027,0.11945541203022,100.0
H28,2023-10-01/2023-10-31,360,380,0.6601020097732544,0.1062255054712295,0.200847715139389,0.0412370860576629,0.165546178817749,0.0720660462975502,94.7
H28,2023-11-01/2023-11-30,380,380,0.6054821610450745,0.1533345282077789,0.3734214305877685,0.1147708669304847,0.0757216066122055,0.1057914942502975,100.0
H28,2023-12-01/2023-12-31,380,380,0.7119771838188171,0.1420516371726989,0.4273074567317962,0.1299810409545898,0.1594595611095428,0.1246178671717643,100.0
H28,2024-01-01/2024-01-31,368,380,0.5478865504264832,0.1295262575149536,0.3310558199882507,0.0918435603380203,0.0505503118038177,0.0977945029735565,96.8
H28,2024-02-01/2024-02-29,368,380,0.5723989605903625,0.1482664942741394,0.3517967164516449,0.1027521565556526,0.0585754550993442,0.1007044687867164,96.8
H28,2024-03-01/2024-03-31,376,380,0.5175793170928955,0.1606236547231674,0.3275385797023773,0.1106129437685012,0.0390634573996067,0.0990807563066482,98.9
H28,2024-04-01/2024-04-30,376,380,0.4836634695529938,0.1559652686119079,0.3177121877670288,0.1114227697253227,0.0126125244423747,0.0967053771018982,98.9
H28,2024-05-01/2024-05-31,380,380,0.3553307652473449,0.1317723244428634,0.2472278326749801,0.0937237292528152,-0.0311103016138076,0.085224412381649,100.0
H28,2024-06-01/2024-06-30,376,380,0.3652292191982269,0.124855563044548,0.2562044262886047,0.0919006541371345,-0.020634239539504,0.0937922894954681,98.9
H28,2024-07-01/2024-07-31,270,380,0.666077196598053,0.154923141002655,0.5020666718482971,0.1620657593011856,0.1592115014791488,0.1162968873977661,71.1
H28,2024-08-01/2024-08-31,0,380,,,,,,,0.0
H28,2024-09-01/2024-09-30,376,380,0.5933893918991089,0.1378146260976791,0.3777022361755371,0.1083586886525154,0.0754598155617713,0.1242493987083435,98.9
H28,2024-10-01/2024-10-31,380,380,0.6747663617134094,0.1408302336931228,0.4493685364723205,0.1186194568872451,0.1586557030677795,0.1103579774498939,100.0
H28,2024-11-01/2024-11-30,380,380,0.5626280903816223,0.1347836703062057,0.3211356103420257,0.0915939062833786,0.0403217934072017,0.0946423038840293,100.0
H28,2024-12-01/2024-12-31,380,380,0.5544898509979248,0.1521375477313995,0.3499870598316192,0.1125619634985923,0.0867542251944542,0.1078773438930511,100.0
H29,2023-01-01/2023-01-31,380,380,0.5316700339317322,0.0884748995304107,0.32743039727211,0.0550762750208377,0.0350786596536636,0.0471559800207614,100.0
H29,2023-02-01/2023-02-28,380,380,0.4497993886470794,0.0737830251455307,0.2786399126052856,0.043187603354454,-0.0262049492448568,0.0373686626553535,100.0
H29,2023-03-01/2023-03-31,380,380,0.4424065947532654,0.0751418992877006,0.2930355072021484,0.0461871027946472,-0.0383442491292953,0.0323877073824405,100.0
H29,2023-04-01/2023-04-30,380,380,0.4472588896751404,0.0771393179893493,0.2977693080902099,0.0468851178884506,-0.028156230226159,0.0314277969300746,100.0
H29,2023-05-01/2023-05-31,380,380,0.4595839381217956,0.0775891169905662,0.3218468129634857,0.0498125255107879,-0.0319120846688747,0.0260808579623699,100.0
H29,2023-06-01/2023-06-30,380,380,0.4375019967556,0.0790084227919578,0.2966993749141693,0.0490995645523071,-0.0405251234769821,0.0241694133728742,100.0
H29,2023-07-01/2023-07-31,380,380,0.599738359451294,0.0801397413015365,0.3962837755680084,0.0514174625277519,0.1032948419451713,0.0375629886984825,100.0
H29,2023-08-01/2023-08-31,58,380,0.4431671798229217,0.0096838315948843,0.4636066555976867,0.0155919101089239,0.2583798766136169,0.0049943989142775,15.3
H29,2023-09-01/2023-09-30,380,380,0.6098992824554443,0.0753111541271209,0.4305607080459595,0.0483732409775257,0.131119430065155,0.0321467034518718,100.0
H29,2023-10-01/2023-10-31,346,380,0.5807960033416748,0.0642838776111602,0.1539815962314605,0.0224547199904918,0.0998333394527435,0.0415842421352863,91.1
H29,2023-11-01/2023-11-30,380,380,0.5471017956733704,0.0881166607141494,0.338136225938797,0.0528640858829021,0.0430326648056507,0.0451790392398834,100.0
H29,2023-12-01/2023-12-31,380,380,0.6991397142410278,0.1036148741841316,0.4310377538204193,0.0646750703454017,0.1900345236063003,0.0527146756649017,100.0
H29,2024-01-01/2024-01-31,380,380,0.7025783061981201,0.1070680245757103,0.4513148963451385,0.0666740611195564,0.1984594017267227,0.0493558123707771,100.0
H29,2024-02-01/2024-02-29,380,380,0.6234856843948364,0.1029614210128784,0.4052615463733673,0.0636054575443267,0.1456906348466873,0.0461211465299129,100.0
H29,2024-03-01/2024-03-31,380,380,0.5634943246841431,0.1030798703432083,0.4008999466896057,0.0690786316990852,0.1344705820083618,0.0485950112342834,100.0
H29,2024-04-01/2024-04-30,380,380,0.5515202283859253,0.1000593826174736,0.4030339419841766,0.0715810060501098,0.1190211623907089,0.05060825496912,100.0
H29,2024-05-01/2024-05-31,380,380,0.5384559035301208,0.0970851257443428,0.4130149781703949,0.0705685541033744,0.1369321048259735,0.0418852157890796,100.0
H29,2024-06-01/2024-06-30,380,380,0.5149861574172974,0.0946788787841796,0.4062666296958923,0.072745181620121,0.1298060417175293,0.0407790057361125,100.0
H29,2024-07-01/2024-07-31,380,380,0.6750300526618958,0.1428551524877548,0.6084479093551636,0.0921935588121414,0.2449253648519516,0.075308658182621,100.0
H29,2024-08-01/2024-08-31,0,380,,,,,,,0.0
H29,2024-09-01/2024-09-30,380,380,0.6225974559783936,0.1001835763454437,0.4008313119411468,0.0556261613965034,0.1194981411099433,0.0445769168436527,100.0
H29,2024-10-01/2024-10-31,380,380,0.6661936640739441,0.0948801189661026,0.4290349185466766,0.0555680617690086,0.1405925005674362,0.0426383092999458,100.0
H29,2024-11-01/2024-11-30,380,380,0.7430657744407654,0.1140637844800949,0.4625885784626007,0.0685116276144981,0.2164012342691421,0.0578978396952152,100.0
H29,2024-12-01/2024-12-31,380,380,0.6461729407310486,0.1073632761836052,0.4113856256008148,0.0645254105329513,0.1649103015661239,0.057713434100151,100.0
H30,2023-01-01/2023-01-31,380,380,0.614279568195343,0.0693893209099769,0.3720074594020843,0.0432842150330543,0.1073204204440116,0.0490150526165962,100.0
H30,2023-02-01/2023-02-28,380,380,0.5106995701789856,0.0789856314659118,0.3088574409484863,0.0472703650593757,0.04673682898283,0.05263377353549,100.0
H30,2023-03-01/2023-03-31,380,380,0.4538117349147796,0.0730030611157417,0.2944255769252777,0.0500558502972126,0.0165708400309085,0.0536359436810016,100.0
H30,2023-04-01/2023-04-30,380,380,0.456643283367157,0.0772077813744545,0.2952025532722473,0.0514510609209537,0.0198511872440576,0.0513106621801853,100.0
H30,2023-05-01/2023-05-31,380,380,0.4764557778835296,0.0722786858677864,0.3173682987689972,0.0517195500433445,0.0134804295375943,0.0562654212117195,100.0
H30,2023-06-01/2023-06-30,380,380,0.4647108316421509,0.0726088061928749,0.3016404509544372,0.0492399521172046,0.0115601895377039,0.053408209234476,100.0
H30,2023-07-01/2023-07-31,380,380,0.7854806780815125,0.0475987680256366,0.576590895652771,0.0631886720657348,0.2526761293411255,0.0378263853490352,100.0
H30,2023-08-01/2023-08-31,0,380,,,,,,,0.0
H30,2023-09-01/2023-09-30,380,380,0.7245123386383057,0.0918103009462356,0.5390871167182922,0.1015624403953552,0.2325823903083801,0.0969122126698494,100.0
H30,2023-10-01/2023-10-31,372,380,0.5123984217643738,0.0777974352240562,0.1901450604200363,0.0320949032902717,0.0859689563512802,0.044041484594345,97.9
H30,2023-11-01/2023-11-30,380,380,0.6836448311805725,0.0744169503450393,0.4539502561092376,0.0607378892600536,0.147316113114357,0.0515920184552669,100.0
H30,2023-12-01/2023-12-31,380,380,0.6374638080596924,0.0940495431423187,0.3765317499637604,0.0559238009154796,0.1130057051777839,0.0768936797976493,100.0
H30,2024-01-01/2024-01-31,380,380,0.636618435382843,0.0865772292017936,0.3837097287178039,0.0535015724599361,0.0994520857930183,0.0716240480542182,100.0
H30,2024-02-01/2024-02-29,380,380,0.5832660794258118,0.0711895078420639,0.3622917532920837,0.0402149297297,0.0671741142868995,0.0527305044233799,100.0
H30,2024-03-01/2024-03-31,380,380,0.5497749447822571,0.0788069814443588,0.3640100955963135,0.0509113818407058,0.0710976123809814,0.0596391558647155,100.0
H30,2024-04-01/2024-04-30,380,380,0.5318288803100586,0.0780673548579216,0.3639147579669952,0.0550991520285606,0.0518133081495761,0.062898650765419,100.0
H30,2024-05-01/2024-05-31,380,380,0.5136011838912964,0.0826890766620636,0.3686161637306213,0.0554382614791393,0.0769415497779846,0.0535249598324298,100.0
H30,2024-06-01/2024-06-30,380,380,0.521789014339447,0.0824499055743217,0.3747976124286651,0.0562494359910488,0.083324521780014,0.0515700578689575,100.0
H30,2024-07-01/2024-07-31,380,380,0.7562172412872314,0.0431382060050964,0.5632467269897461,0.0508553907275199,0.2226268351078033,0.0431009419262409,100.0
H30,2024-08-01/2024-08-31,0,380,,,,,,,0.0
H30,2024-09-01/2024-09-30,380,380,0.6745279431343079,0.0599991679191589,0.4192301332950592,0.0400549322366714,0.1103577688336372,0.0494251362979412,100.0
H30,2024-10-01/2024-10-31,380,380,0.6360577940940857,0.0696151033043861,0.3851120471954345,0.0423318035900592,0.0976839885115623,0.0551410019397735,100.0
H30,2024-11-01/2024-11-30,380,380,0.7434906959533691,0.0623534098267555,0.4633392691612243,0.0466025061905384,0.205784410238266,0.0541196726262569,100.0
H30,2024-12-01/2024-12-31,380,380,0.6619323492050171,0.0748553201556205,0.4458706974983215,0.0583451800048351,0.1888139396905899,0.0660978108644485,100.0
H31,2023-01-01/2023-01-31,380,380,0.6536134481430054,0.0805852711200714,0.3852281272411346,0.0518727749586105,0.1556991040706634,0.0386402383446693,100.0
H31,2023-02-01/2023-02-28,380,380,0.5920049548149109,0.0844212248921394,0.3600223660469055,0.0531790219247341,0.128972589969635,0.0409561358392238,100.0
H31,2023-03-01/2023-03-31,380,380,0.5587573647499084,0.0802344232797622,0.3811562657356262,0.0582821033895015,0.1268447190523147,0.043839119374752,100.0
H31,2023-04-01/2023-04-30,380,380,0.5727691054344177,0.0781473070383071,0.3912551403045654,0.0553962253034114,0.1374496072530746,0.0386422649025917,100.0
H31,2023-05-01/2023-05-31,380,380,0.5696628093719482,0.0803243219852447,0.3997385799884796,0.0597614645957946,0.116499587893486,0.0404314994812011,100.0
H31,2023-06-01/2023-06-30,380,380,0.5639106631278992,0.0733610317111015,0.3891934752464294,0.053565863519907,0.121970385313034,0.0362726636230945,100.0
H31,2023-07-01/2023-07-31,380,380,0.7206464409828186,0.0654324293136596,0.4864257872104645,0.0549988746643066,0.2290034890174865,0.0430356599390506,100.0
H31,2023-08-01/2023-08-31,235,380,0.4565857052803039,0.021105283871293,0.4378306567668915,0.0235924310982227,0.2596250474452972,0.0113685335963964,61.8
H31,2023-09-01/2023-09-30,380,380,0.5963184833526611,0.063193455338478,0.3744838535785675,0.0335255227982997,0.0873067751526832,0.0205046702176332,100.0
H31,2023-10-01/2023-10-31,366,380,0.5621484518051147,0.067003034055233,0.1688668131828308,0.0274502765387296,0.1284431517124176,0.0496404692530632,96.3
H31,2023-11-01/2023-11-30,380,380,0.6426181793212891,0.0755125507712364,0.397459328174591,0.0512386783957481,0.1515839993953704,0.0385124273598194,100.0
H31,2023-12-01/2023-12-31,380,380,0.7757030129432678,0.074848935008049,0.4510766267776489,0.0518378019332885,0.2528726458549499,0.0441470555961132,100.0
H31,2024-01-01/2024-01-31,380,380,0.7610087990760803,0.0762435793876648,0.4607427418231964,0.0523843951523304,0.2582091391086578,0.0408419705927372,100.0
H31,2024-02-01/2024-02-29,380,380,0.6812901496887207,0.0809448882937431,0.4207574129104614,0.0533733256161212,0.1997797340154647,0.0398988910019397,100.0
H31,2024-03-01/2024-03-31,380,380,0.645842432975769,0.0849082469940185,0.4286639094352722,0.0556178651750087,0.212372750043869,0.0425625368952751,100.0
H31,2024-04-01/2024-04-30,380,380,0.6380614042282104,0.0819252952933311,0.4423010647296905,0.0594364255666732,0.2002391368150711,0.0455597899854183,100.0
H31,2024-05-01/2024-05-31,380,380,0.6446937322616577,0.0883578509092331,0.4645250737667084,0.0645408630371093,0.2160360664129257,0.044496364891529,100.0
H31,2024-06-01/2024-06-30,380,380,0.6537805199623108,0.0889327824115753,0.4748885333538055,0.0647297576069831,0.2169770449399948,0.0437576957046985,100.0
H31,2024-07-01/2024-07-31,380,380,0.7122825980186462,0.0598904639482498,0.5132514238357544,0.047005794942379,0.2370894849300384,0.0363073050975799,100.0
H31,2024-08-01/2024-08-31,0,380,,,,,,,0.0
H31,2024-09-01/2024-09-30,380,380,0.7129595279693604,0.074888989329338,0.416301280260086,0.037594374269247,0.1869577914476394,0.0344024896621704,100.0
H31,2024-10-01/2024-10-31,380,380,0.6729512214660645,0.0699529498815536,0.3893145620822906,0.0352484360337257,0.1787557303905487,0.0329123958945274,100.0
H31,2024-11-01/2024-11-30,380,380,0.7167046666145325,0.0722605437040329,0.4038406908512115,0.0423691049218177,0.2059708088636398,0.0368081219494342,100.0
H31,2024-12-01/2024-12-31,380,380,0.7280324697494507,0.0865281745791435,0.4350700676441192,0.054717980325222,0.2516972124576568,0.047792162746191,100.0
H32,2023-01-01/2023-01-31,380,380,0.6111372709274292,0.1119535565376281,0.3266249895095825,0.0550067797303199,0.1029154732823371,0.0693324953317642,100.0
H32,2023-02-01/2023-02-28,380,380,0.5847463607788086,0.1106648817658424,0.3328447341918945,0.0611154623329639,0.115032859146595,0.0745205283164978,100.0
H32,2023-03-01/2023-03-31,380,380,0.5639215707778931,0.1378494650125503,0.3850548863410949,0.1158383637666702,0.1204359158873558,0.1152046993374824,100.0
H32,2023-04-01/2023-04-30,380,380,0.5720908045768738,0.1421961337327957,0.3892432451248169,0.1187649071216583,0.1257101446390152,0.1145001128315925,100.0
H32,2023-05-01/2023-05-31,380,380,0.5965495705604553,0.1549101769924163,0.4216866791248321,0.1355757564306259,0.1325017511844635,0.1324534565210342,100.0
H32,2023-06-01/2023-06-30,380,380,0.5898270606994629,0.1511222273111343,0.4040672183036804,0.126679465174675,0.1330221146345138,0.1321684122085571,100.0
H32,2023-07-01/2023-07-31,380,380,0.7725526690483093,0.0759631469845771,0.553790271282196,0.0827346965670585,0.2772276997566223,0.0813215225934982,100.0
H32,2023-08-01/2023-08-31,380,380,0.5485289692878723,0.0471645407378673,0.5228407382965088,0.0557023398578166,0.3100286424160003,0.0345333404839038,100.0
H32,2023-09-01/2023-09-30,380,380,0.7485198378562927,0.0864480510354042,0.5123476386070251,0.0602018013596534,0.2423996776342392,0.0542177930474281,100.0
H32,2023-10-01/2023-10-31,380,380,0.7655226588249207,0.1056070253252983,0.2536953091621399,0.0549109540879726,0.2228216081857681,0.0988610088825225,100.0
H32,2023-11-01/2023-11-30,380,380,0.7454919219017029,0.0890834629535675,0.4513615667819977,0.0559068731963634,0.229561761021614,0.0597913414239883,100.0
H32,2023-12-01/2023-12-31,380,380,0.7636770009994507,0.0909197479486465,0.4040490686893463,0.0520813502371311,0.2252929359674453,0.0628668665885925,100.0
H32,2024-01-01/2024-01-31,380,380,0.6855632662773132,0.1113239973783493,0.3584310710430145,0.0519941970705986,0.1480625718832016,0.0607983246445655,100.0
H32,2024-02-01/2024-02-29,380,380,0.6106781959533691,0.1087791472673416,0.3345809280872345,0.0549217537045478,0.1191900223493576,0.072548896074295,100.0
H32,2024-03-01/2024-03-31,380,380,0.6333330869674683,0.1486719399690628,0.4226450026035309,0.1211376711726188,0.1686822921037674,0.1188922077417373,100.0
H32,2024-04-01/2024-04-30,380,380,0.6086513996124268,0.1472774893045425,0.4198504090309143,0.1247577220201492,0.1477957069873809,0.1215963438153266,100.0
H32,2024-05-01/2024-05-31,380,380,0.5937280058860779,0.1694773882627487,0.4171506464481354,0.1324359476566314,0.1491173356771469,0.1224308460950851,100.0
H32,2024-06-01/2024-06-30,380,380,0.6054360866546631,0.1748391091823578,0.4290555417537689,0.1388491690158844,0.1631323397159576,0.1298398077487945,100.0
H32,2024-07-01/2024-07-31,380,380,0.730851411819458,0.0891949012875557,0.5583000779151917,0.0807062163949012,0.2649320065975189,0.0851699337363243,100.0
H32,2024-08-01/2024-08-31,0,380,,,,,,,0.0
H32,2024-09-01/2024-09-30,380,380,0.8006726503372192,0.0754784420132637,0.505629301071167,0.0489834398031234,0.2645528018474579,0.0462065041065216,100.0
H32,2024-10-01/2024-10-31,380,380,0.7560244798660278,0.1013673692941665,0.4617782235145569,0.0624636560678482,0.2454662472009658,0.0620172806084156,100.0
H32,2024-11-01/2024-11-30,380,380,0.7177200317382812,0.1146941184997558,0.382624089717865,0.0612799599766731,0.1913033127784729,0.0773785561323165,100.0
H32,2024-12-01/2024-12-31,380,380,0.6984327435493469,0.1175649389624595,0.3650284111499786,0.0561333633959293,0.2013148814439773,0.0845736041665077,100.0
H33,2023-01-01/2023-01-31,380,380,0.820554256439209,0.0292123742401599,0.397751897573471,0.0198216494172811,0.295311689376831,0.0275163277983665,100.0
H33,2023-02-01/2023-02-28,380,380,0.8169987797737122,0.0386115834116935,0.4531280398368835,0.0264053121209144,0.3257936835289001,0.0395520813763141,100.0
H33,2023-03-01/2023-03-31,380,380,0.7975239753723145,0.0675850585103035,0.5381482839584351,0.0423006787896156,0.3170150518417358,0.0549648888409137,100.0
H33,2023-04-01/2023-04-30,380,380,0.8047598600387573,0.0765610784292221,0.5364121198654175,0.045866210013628,0.3080154955387115,0.0540201254189014,100.0
H33,2023-05-01/2023-05-31,380,380,0.8083330392837524,0.0759949535131454,0.5458531379699707,0.0548239536583423,0.2765963673591614,0.0641522780060768,100.0
H33,2023-06-01/2023-06-30,380,380,0.8001593351364136,0.0758936256170272,0.5235953330993652,0.0524063445627689,0.2740786373615265,0.062121357768774,100.0
H33,2023-07-01/2023-07-31,380,380,0.818255603313446,0.0580477938055992,0.5262411236763,0.0423038490116596,0.2748271226882934,0.0601090751588344,100.0
H33,2023-08-01/2023-08-31,380,380,0.642384946346283,0.0178104564547538,0.5384307503700256,0.0225792583078145,0.3297967612743377,0.0258854795247316,100.0
H33,2023-09-01/2023-09-30,380,380,0.8453669548034668,0.0285059120506048,0.5382627248764038,0.0256204735487699,0.2982445657253265,0.0340126901865005,100.0
H33,2023-10-01/2023-10-31,376,380,0.7710434794425964,0.1700350791215896,0.2177201509475708,0.0476334393024444,0.2719833254814148,0.1060015484690666,98.9
H33,2023-11-01/2023-11-30,380,380,0.8222119808197021,0.0527656190097332,0.4556871652603149,0.0416992120444774,0.2519028186798095,0.0557383187115192,100.0
H33,2023-12-01/2023-12-31,380,380,0.872642457485199,0.0464157983660697,0.4468156397342682,0.037995308637619,0.3039182722568512,0.0490170381963253,100.0
H33,2024-01-01/2024-01-31,380,380,0.8511964678764343,0.0471972525119781,0.422420471906662,0.0318002663552761,0.2588649094104767,0.0482467971742153,100.0
H33,2024-02-01/2024-02-29,380,380,0.7563629150390625,0.0550521276891231,0.3869968354701996,0.0231149885803461,0.2272103130817413,0.0490280464291572,100.0
H33,2024-03-01/2024-03-31,380,380,0.8243456482887268,0.0590966865420341,0.5375294089317322,0.0514224208891391,0.3190235495567322,0.0594007410109043,100.0
H33,2024-04-01/2024-04-30,380,380,0.812911331653595,0.058322612196207,0.5612680315971375,0.0542877726256847,0.316245824098587,0.0630033984780311,100.0
H33,2024-05-01/2024-05-31,380,380,0.8145772814750671,0.0887132212519645,0.5516605377197266,0.0591811910271644,0.2741867899894714,0.060553178191185,100.0
H33,2024-06-01/2024-06-30,380,380,0.8177090287208557,0.0824873447418212,0.5595222115516663,0.0575320795178413,0.2724060416221618,0.0564005523920059,100.0
H33,2024-07-01/2024-07-31,380,380,0.8460133075714111,0.0314177274703979,0.6309532523155212,0.0375208333134651,0.3208466470241546,0.0452518537640571,100.0
H33,2024-08-01/2024-08-31,0,380,,,,,,,0.0
H33,2024-09-01/2024-09-30,380,380,0.8954090476036072,0.0344763845205307,0.5718898773193359,0.0400209091603755,0.3401099741458893,0.0451901406049728,100.0
H33,2024-10-01/2024-10-31,380,380,0.8846653699874878,0.0322653464972972,0.5650561451911926,0.0364600196480751,0.355665922164917,0.045138094574213,100.0
H33,2024-11-01/2024-11-30,380,380,0.8690608143806458,0.050793819129467,0.4940215349197387,0.0535147823393344,0.3146110475063324,0.0659524202346801,100.0
H33,2024-12-01/2024-12-31,380,380,0.8506342768669128,0.0549784116446971,0.4774160981178283,0.0547271072864532,0.3282284438610077,0.0681684389710426,100.0
H34,2023-01-01/2023-01-31,380,380,0.70887690782547,0.1330912411212921,0.3505699634552002,0.0470254980027675,0.1860166490077972,0.082144409418106,100.0
H34,2023-02-01/2023-02-28,380,380,0.7024286985397339,0.1585491597652435,0.3963342308998108,0.0802608504891395,0.2167558819055557,0.1189541146159172,100.0
H34,2023-03-01/2023-03-31,380,380,0.6881329417228699,0.1924705058336258,0.469208151102066,0.1363155394792556,0.2256937325000763,0.1474192589521408,100.0
H34,2023-04-01/2023-04-30,380,380,0.685929000377655,0.1963237673044204,0.45679372549057,0.1320833414793014,0.2109685540199279,0.1360488682985305,100.0
H34,2023-05-01/2023-05-31,380,380,0.6862691640853882,0.2333978563547134,0.4784879982471466,0.1677410900592804,0.2181571424007415,0.1519402265548706,100.0
H34,2023-06-01/2023-06-30,380,380,0.6833857297897339,0.2240005135536193,0.4560369253158569,0.1520676016807556,0.2150274515151977,0.1449703425168991,100.0
H34,2023-07-01/2023-07-31,380,380,0.8021624684333801,0.0892089828848838,0.5522522926330566,0.076211892068386,0.2894541323184967,0.0746389552950859,100.0
H34,2023-08-01/2023-08-31,380,380,0.6301325559616089,0.0360830090939998,0.5437617301940918,0.0562695413827896,0.3412502110004425,0.0327843464910984,100.0
H34,2023-09-01/2023-09-30,380,380,0.825033962726593,0.0712820068001747,0.5626318454742432,0.0678441002964973,0.3069094717502594,0.0519983880221843,100.0
H34,2023-10-01/2023-10-31,320,380,0.5612794160842896,0.1467767655849456,0.2309904545545578,0.0762373656034469,0.1769431978464126,0.1061403974890708,84.2
H34,2023-11-01/2023-11-30,380,380,0.7920589447021484,0.0796703994274139,0.4862804710865021,0.0602418556809425,0.2756379842758178,0.0476159416139125,100.0
H34,2023-12-01/2023-12-31,380,380,0.8257856965065002,0.0921172350645065,0.4478380680084228,0.0587268956005573,0.2815516591072082,0.0631038919091224,100.0
H34,2024-01-01/2024-01-31,380,380,0.7098819017410278,0.0868319198489189,0.3721810579299927,0.0465759895741939,0.1199506446719169,0.0500562861561775,100.0
H34,2024-02-01/2024-02-29,380,380,0.6283405423164368,0.0796010121703147,0.3436703383922577,0.0356598533689975,0.076456032693386,0.0442227311432361,100.0
H34,2024-03-01/2024-03-31,380,380,0.6674896478652954,0.1325198411941528,0.4380549490451813,0.0873946696519851,0.1600549668073654,0.0735827162861824,100.0
H34,2024-04-01/2024-04-30,380,380,0.6556403636932373,0.132053792476654,0.4492157399654388,0.0933018773794174,0.150820106267929,0.0760890319943428,100.0
H34,2024-05-01/2024-05-31,380,380,0.6144651770591736,0.1629304885864257,0.4241188764572143,0.1065040230751037,0.1279269754886627,0.0743380486965179,100.0
H34,2024-06-01/2024-06-30,380,380,0.6244574189186096,0.1697041392326355,0.434111624956131,0.1136904209852218,0.1418722718954086,0.0796589776873588,100.0
H34,2024-07-01/2024-07-31,30,380,0.7284769415855408,0.1121201813220977,0.5120226740837097,0.1143720299005508,0.2027874737977981,0.1072381809353828,7.9
H34,2024-08-01/2024-08-31,0,380,,,,,,,0.0
H34,2024-09-01/2024-09-30,380,380,0.8361856341362,0.0810027718544006,0.5373223423957825,0.064609982073307,0.2778826951980591,0.0490084365010261,100.0
H34,2024-10-01/2024-10-31,380,380,0.8485156297683716,0.0619194097816944,0.561603844165802,0.0565258935093879,0.3230446279048919,0.0405278168618679,100.0
H34,2024-11-01/2024-11-30,380,380,0.8084869980812073,0.1001720651984214,0.4632086455821991,0.070852592587471,0.2656105756759643,0.0633209943771362,100.0
H34,2024-12-01/2024-12-31,380,380,0.7391850352287292,0.113420270383358,0.4116568267345428,0.0677191242575645,0.2319886684417724,0.0793125852942466,100.0
H35,2023-01-01/2023-01-31,380,380,0.4447123110294342,0.0628485530614852,0.2669971287250519,0.037397064268589,0.0088001377880573,0.0375007800757885,100.0
H35,2023-02-01/2023-02-28,380,380,0.3821291327476501,0.0599304065108299,0.2323054522275924,0.0351548194885253,-0.0316490642726421,0.0361426621675491,100.0
H35,2023-03-01/2023-03-31,380,380,0.3651091456413269,0.0593047961592674,0.2377376407384872,0.0398437678813934,-0.0382438860833644,0.0383417904376983,100.0
H35,2023-04-01/2023-04-30,380,380,0.3755306005477905,0.0650234445929527,0.2449319064617157,0.0440333411097526,-0.0259131733328104,0.0408060662448406,100.0
H35,2023-05-01/2023-05-31,380,380,0.3817362785339355,0.0640007406473159,0.2545547485351562,0.0455928482115268,-0.0378434732556343,0.0428271517157554,100.0
H35,2023-06-01/2023-06-30,380,380,0.3789796531200409,0.0641103014349937,0.2477382868528366,0.0446222051978111,-0.0356996990740299,0.0432308204472065,100.0
H35,2023-07-01/2023-07-31,380,380,0.8166478276252747,0.0388202220201492,0.6461159586906433,0.0537380501627922,0.3012812733650207,0.0339764356613159,100.0
H35,2023-08-01/2023-08-31,276,380,0.4806797802448272,0.0166064519435167,0.5056204199790955,0.0261650048196315,0.2711637318134308,0.0121732745319604,72.6
H35,2023-09-01/2023-09-30,380,380,0.5634070038795471,0.0455127246677875,0.3749883472919464,0.0358189977705478,0.070919468998909,0.0388635136187076,100.0
H35,2023-10-01/2023-10-31,380,380,0.6035354733467102,0.0674546808004379,0.1892890483140945,0.0402757339179515,0.0340945608913898,0.0646758303046226,100.0
H35,2023-11-01/2023-11-30,380,380,0.709291398525238,0.0555899925529956,0.4881545603275299,0.054121010005474,0.1690766215324401,0.0403709039092063,100.0
H35,2023-12-01/2023-12-31,380,380,0.5888004302978516,0.0691576227545738,0.3342863917350769,0.0436231344938278,0.0401858426630497,0.0499176979064941,100.0
H35,2024-01-01/2024-01-31,380,380,0.5608691573143005,0.0664662420749664,0.3276489675045013,0.0428893007338047,0.0246380325406789,0.04424799233675,100.0
H35,2024-02-01/2024-02-29,380,380,0.5142545104026794,0.0521691255271434,0.3185450136661529,0.0315961688756942,0.0161359943449497,0.0301131419837474,100.0
H35,2024-03-01/2024-03-31,380,380,0.4717536866664886,0.0662054345011711,0.3163564205169678,0.0439906828105449,0.0139096081256866,0.0396855808794498,100.0
H35,2024-04-01/2024-04-30,380,380,0.4593381285667419,0.0652576461434364,0.3170296549797058,0.0458104871213436,-0.0028729357291013,0.0415259823203086,100.0
H35,2024-05-01/2024-05-31,380,380,0.4399797618389129,0.0645597279071807,0.3181417882442474,0.0452697500586509,0.0230507291853427,0.0346173532307148,100.0
H35,2024-06-01/2024-06-30,380,380,0.4437521398067474,0.0629613995552063,0.3211243450641632,0.0445920079946517,0.0302981324493885,0.0341364294290542,100.0
H35,2024-07-01/2024-07-31,368,380,0.5333015322685242,0.0547770857810974,0.3817270994186401,0.0441906079649925,0.0179553609341382,0.0462779067456722,96.8
H35,2024-08-01/2024-08-31,0,380,,,,,,,0.0
H35,2024-09-01/2024-09-30,380,380,0.6008114218711853,0.0442350208759307,0.3682242035865783,0.027070315554738,0.10584007948637,0.0258369874209165,100.0
H35,2024-10-01/2024-10-31,380,380,0.6895254254341125,0.0518398098647594,0.4405234754085541,0.0397234670817852,0.1953815817832946,0.0339280888438224,100.0
H35,2024-11-01/2024-11-30,380,380,0.6215283274650574,0.0685795918107032,0.3452402353286743,0.0435759760439395,0.0995937958359718,0.0487472712993621,100.0
H35,2024-12-01/2024-12-31,380,380,0.6636643409729004,0.0796523615717887,0.3983214497566223,0.0562223456799984,0.152228832244873,0.0561730563640594,100.0
H36,2023-01-01/2023-01-31,380,380,0.3917839527130127,0.0814292579889297,0.2419324815273285,0.0523080043494701,-0.0272010900080204,0.0319328643381595,100.0
H36,2023-02-01/2023-02-28,380,380,0.3254658877849579,0.0712954327464103,0.1905461400747299,0.0416418947279453,-0.0554575026035308,0.0270324051380157,100.0
H36,2023-03-01/2023-03-31,380,380,0.3076304495334625,0.0769358351826667,0.1925613731145858,0.0488186627626419,-0.0604444816708564,0.0313687399029731,100.0
H36,2023-04-01/2023-04-30,380,380,0.3212454915046692,0.0810055360198021,0.2016447633504867,0.0519546084105968,-0.0479065626859664,0.0330992303788661,100.0
H36,2023-05-01/2023-05-31,380,380,0.3279412388801574,0.0772794932126998,0.2111873626708984,0.0519150458276271,-0.0684171169996261,0.030978912487626,100.0
H36,2023-06-01/2023-06-30,380,380,0.3285396695137024,0.0747939199209213,0.2093460708856582,0.048321034759283,-0.0616959631443023,0.0278539005666971,100.0
H36,2023-07-01/2023-07-31,380,380,0.6896855235099792,0.0493027903139591,0.4561615288257599,0.0525385439395904,0.1939769983291626,0.0330291762948036,100.0
H36,2023-08-01/2023-08-31,380,380,0.4864839315414428,0.0514480359852314,0.3765342831611633,0.051237303763628,0.1824488788843155,0.0318607725203037,100.0
H36,2023-09-01/2023-09-30,380,380,0.3201564848423004,0.0551072210073471,0.2008472681045532,0.0320906452834606,-0.051235381513834,0.0160368382930755,100.0
H36,2023-10-01/2023-10-31,364,380,0.511838972568512,0.0647075027227401,0.1886285245418548,0.0413557551801204,0.0756821632385253,0.048510055989027,95.8
H36,2023-11-01/2023-11-30,380,380,0.5449920296669006,0.0828002095222473,0.3493267595767975,0.0602469481527805,0.0992391109466552,0.0353997163474559,100.0
H36,2023-12-01/2023-12-31,380,380,0.5727961659431458,0.0797352716326713,0.3289844095706939,0.0548872761428356,0.0862576961517334,0.0387857556343078,100.0
H36,2024-01-01/2024-01-31,380,380,0.5264738202095032,0.0862487107515335,0.3215322494506836,0.0564486198127269,0.082707904279232,0.03448086977005,100.0
H36,2024-02-01/2024-02-29,380,380,0.4750238955020904,0.0720409750938415,0.2930075824260711,0.0474168509244918,0.0529691353440284,0.0293458774685859,100.0
H36,2024-03-01/2024-03-31,380,380,0.4680081009864807,0.0831513032317161,0.3102158904075622,0.0582676343619823,0.0783350989222526,0.0374877117574214,100.0
H36,2024-04-01/2024-04-30,380,380,0.4585234820842743,0.0793034955859184,0.3103055953979492,0.0596910268068313,0.0615467578172683,0.0403443276882171,100.0
H36,2024-05-01/2024-05-31,380,380,0.3800601065158844,0.0837006717920303,0.2674430906772613,0.0621816664934158,0.0384359136223793,0.038098257035017,100.0
H36,2024-06-01/2024-06-30,380,380,0.3610540330410003,0.0795067772269249,0.2669546902179718,0.0587696842849254,0.0379634015262126,0.032019454985857,100.0
H36,2024-07-01/2024-07-31,292,380,0.5704211592674255,0.0604663342237472,0.365323007106781,0.056455910205841,0.0991856455802917,0.0389448851346969,76.8
H36,2024-08-01/2024-08-31,0,380,,,,,,,0.0
H36,2024-09-01/2024-09-30,380,380,0.520025372505188,0.0769366547465324,0.3283852934837341,0.0516088530421257,0.0883280113339424,0.0343229621648788,100.0
H36,2024-10-01/2024-10-31,380,380,0.4522004723548889,0.0600193329155445,0.2808664441108703,0.0363132618367672,0.0045661511830985,0.0222571492195129,100.0
H36,2024-11-01/2024-11-30,380,380,0.5515715479850769,0.0779901668429374,0.3191604316234588,0.0477443672716617,0.070803016424179,0.0384039841592311,100.0
H36,2024-12-01/2024-12-31,380,380,0.5385611653327942,0.0872234553098678,0.3213314712047577,0.0577713176608085,0.082043319940567,0.0509959273040294,100.0
H37,2023-01-01/2023-01-31,380,380,0.6801177263259888,0.10942485928535461,0.34220564365386963,0.033003076910972595,0.1649147868156433,0.05376878008246422,100.0
H37,2023-02-01/2023-02-28,380,380,0.6961683034896851,0.14410145580768585,0.41732579469680786,0.08333800733089447,0.22481368482112885,0.10260865837335587,100.0
H37,2023-03-01/2023-03-31,380,380,0.6870989203453064,0.1390155702829361,0.47654420137405396,0.09172002971172333,0.23162797093391418,0.09383116662502289,100.0
H37,2023-04-01/2023-04-30,380,380,0.6995654702186584,0.14119713008403778,0.47917136549949646,0.0888843983411789,0.22982454299926758,0.08578748255968094,100.0
H37,2023-05-01/2023-05-31,380,380,0.7108965516090393,0.13294728100299835,0.4948909282684326,0.08578033745288849,0.21350432932376862,0.08526447415351868,100.0
H37,2023-06-01/2023-06-30,380,380,0.7028154730796814,0.131244495511055,0.474014014005661,0.07718011736869812,0.21080490946769714,0.07905563712120056,100.0
H37,2023-07-01/2023-07-31,380,380,0.7564117312431335,0.09058061242103577,0.4968588948249817,0.054919835180044174,0.2318670004606247,0.06540815532207489,100.0
H37,2023-08-01/2023-08-31,380,380,0.6044893860816956,0.051145680248737335,0.4983304440975189,0.0381702184677124,0.26335039734840393,0.03679965063929558,100.0
H37,2023-09-01/2023-09-30,380,380,0.7607729434967041,0.11390266567468643,0.4676312208175659,0.0550028532743454,0.22060903906822205,0.06822080165147781,100.0
H37,2023-10-01/2023-10-31,380,380,0.8242543935775757,0.09960250556468964,0.17714406549930573,0.03580118343234062,0.24312002956867218,0.06428384780883789,100.0
H37,2023-11-01/2023-11-30,380,380,0.7234514951705933,0.09092678129673004,0.38360345363616943,0.031948331743478775,0.16680574417114258,0.04548413306474686,100.0
H37,2023-12-01/2023-12-31,380,380,0.785538911819458,0.10684847831726074,0.3676505386829376,0.033776815980672836,0.2173442393541336,0.05506085604429245,100.0
H37,2024-01-01/2024-01-31,380,380,0.74370276927948,0.1159428283572197,0.34833014011383057,0.031241780146956444,0.17488901317119598,0.05527053400874138,100.0
H37,2024-02-01/2024-02-29,380,380,0.6333466172218323,0.09208723157644272,0.3407086133956909,0.03287399932742119,0.16091765463352203,0.06033725664019585,100.0
H37,2024-03-01/2024-03-31,380,380,0.7049049139022827,0.12078844755887985,0.46274855732917786,0.07205615192651749,0.23075079917907715,0.07371669262647629,100.0
H37,2024-04-01/2024-04-30,380,380,0.6968097686767578,0.11558884382247925,0.4784729778766632,0.07812678813934326,0.22515662014484406,0.07925287634134293,100.0
H37,2024-05-01/2024-05-31,380,380,0.7115072011947632,0.13782303035259247,0.5032640099525452,0.08158358186483383,0.2269083857536316,0.0667477548122406,100.0
H37,2024-06-01/2024-06-30,380,380,0.718172550201416,0.1407572627067566,0.520114004611969,0.08739016205072403,0.24090857803821564,0.0680408924818039,100.0
H37,2024-07-01/2024-07-31,380,380,0.8023326396942139,0.08177309483289719,0.5958776473999023,0.06294117122888565,0.3000062108039856,0.05917336791753769,100.0
H37,2024-08-01/2024-08-31,0,380,,,,,,,0.0
H37,2024-09-01/2024-09-30,380,380,0.8185691237449646,0.11180739104747772,0.5073142051696777,0.05865180119872093,0.27269497513771057,0.06479116529226303,100.0
H37,2024-10-01/2024-10-31,380,380,0.801360011100769,0.10689818859100342,0.48759469389915466,0.05786330997943878,0.2661348581314087,0.07440339773893356,100.0
H37,2024-11-01/2024-11-30,380,380,0.7839704751968384,0.11710723489522934,0.4346981942653656,0.058622051030397415,0.23818811774253845,0.07609668374061584,100.0
H37,2024-12-01/2024-12-31,380,380,0.7211719751358032,0.11368565261363983,0.37446328997612,0.038155198097229004,0.1986982822418213,0.05857748165726662,100.0
H38,2023-01-01/2023-01-31,380,380,0.7447044253349304,0.08523902297019958,0.39432990550994873,0.04438168555498123,0.28852975368499756,0.07548949867486954,100.0
H38,2023-02-01/2023-02-28,380,380,0.696744441986084,0.1005302220582962,0.39364102482795715,0.05325305089354515,0.2183404564857483,0.08007349818944931,100.0
H38,2023-03-01/2023-03-31,380,380,0.6990772485733032,0.09171438217163086,0.47446778416633606,0.06653628498315811,0.22450405359268188,0.07750006020069122,100.0
H38,2023-04-01/2023-04-30,380,380,0.7126738429069519,0.09242671728134155,0.48219436407089233,0.06540869176387787,0.228364959359169,0.07196199148893356,100.0
H38,2023-05-01/2023-05-31,380,380,0.735720157623291,0.08563848584890366,0.5205631256103516,0.06843478977680206,0.23164288699626923,0.07553136348724365,100.0
H38,2023-06-01/2023-06-30,380,380,0.7319828867912292,0.08515636622905731,0.5068052411079407,0.06311587989330292,0.2360479235649109,0.07139492779970169,100.0
H38,2023-07-01/2023-07-31,380,380,0.780352771282196,0.06860631704330444,0.5308021306991577,0.05687974765896797,0.25409507751464844,0.07587537169456482,100.0
H38,2023-08-01/2023-08-31,380,380,0.5628768801689148,0.03637241572141647,0.5349594354629517,0.03834647312760353,0.28218844532966614,0.03381798043847084,100.0
H38,2023-09-01/2023-09-30,380,380,0.7587661147117615,0.07364261895418167,0.47010061144828796,0.04541052132844925,0.21577967703342438,0.058517515659332275,100.0
H38,2023-10-01/2023-10-31,380,380,0.8204443454742432,0.0770326480269432,0.23485644161701202,0.050405990332365036,0.21235965192317963,0.0772784873843193,100.0
H38,2023-11-01/2023-11-30,380,380,0.7267793416976929,0.08016378432512283,0.38337987661361694,0.04416141286492348,0.17514340579509735,0.06652019172906876,100.0
H38,2023-12-01/2023-12-31,380,380,0.8188560009002686,0.06730616092681885,0.3814781606197357,0.03232036903500557,0.25133123993873596,0.05711369961500168,100.0
H38,2024-01-01/2024-01-31,380,380,0.7148234844207764,0.08868393301963806,0.3446776866912842,0.0369575098156929,0.1421477496623993,0.053178075700998306,100.0
H38,2024-02-01/2024-02-29,380,380,0.647464394569397,0.0670759305357933,0.34340089559555054,0.03164563700556755,0.14478053152561188,0.050014398992061615,100.0
H38,2024-03-01/2024-03-31,380,380,0.707404375076294,0.07815050333738327,0.46560800075531006,0.056004710495471954,0.22852666676044464,0.05918331816792488,100.0
H38,2024-04-01/2024-04-30,380,380,0.6955502033233643,0.07490865141153336,0.47753897309303284,0.05848480388522148,0.22159147262573242,0.06202179566025734,100.0
H38,2024-05-01/2024-05-31,380,380,0.7281686067581177,0.08737854659557343,0.5091793537139893,0.061677198857069016,0.23690056800842285,0.058468129485845566,100.0
H38,2024-06-01/2024-06-30,380,380,0.7330310940742493,0.0937664657831192,0.5289377570152283,0.06829047203063965,0.2564863860607147,0.06016960367560387,100.0
H38,2024-07-01/2024-07-31,380,380,0.8086619973182678,0.045486561954021454,0.6036555767059326,0.04445815831422806,0.327597051858902,0.04233080521225929,100.0
H38,2024-08-01/2024-08-31,0,380,,,,,,,0.0
H38,2024-09-01/2024-09-30,380,380,0.8239284157752991,0.066756471991539,0.4816907048225403,0.03720247745513916,0.2534544765949249,0.03934561088681221,100.0
H38,2024-10-01/2024-10-31,380,380,0.7991046905517578,0.0645485669374466,0.453001469373703,0.031908608973026276,0.24793162941932678,0.041980065405368805,100.0
H38,2024-11-01/2024-11-30,380,380,0.7992778420448303,0.06736795604228973,0.3985811769962311,0.029523542150855064,0.23355962336063385,0.03690308704972267,100.0
H38,2024-12-01/2024-12-31,380,380,0.7568047642707825,0.07969176024198532,0.37840190529823303,0.03641869127750397,0.27752912044525146,0.060071978718042374,100.0
H39,2023-01-01/2023-01-31,380,380,0.6595480442047119,0.04278825968503952,0.41268375515937805,0.032894816249608994,0.12432531267404556,0.03300756588578224,100.0
H39,2023-02-01/2023-02-28,380,380,0.6728003025054932,0.04649319127202034,0.4267052114009857,0.03405674919486046,0.1277053952217102,0.033397376537323,100.0
H39,2023-03-01/2023-03-31,380,380,0.639144241809845,0.05295414477586746,0.4198451042175293,0.040080875158309937,0.0916924923658371,0.038898903876543045,100.0
H39,2023-04-01/2023-04-30,380,380,0.6356312036514282,0.05485483258962631,0.41698071360588074,0.03989914804697037,0.0954584926366806,0.038413792848587036,100.0
H39,2023-05-01/2023-05-31,380,380,0.6360960006713867,0.05477090924978256,0.4269038140773773,0.042224250733852386,0.07719871401786804,0.0407055988907814,100.0
H39,2023-06-01/2023-06-30,380,380,0.6344135999679565,0.051275063306093216,0.41287022829055786,0.037877462804317474,0.07424638420343399,0.03936184197664261,100.0
H39,2023-07-01/2023-07-31,380,380,0.6367804408073425,0.032505352050065994,0.45128342509269714,0.0227779820561409,0.09741313010454178,0.028435776010155678,100.0
H39,2023-08-01/2023-08-31,380,380,0.4831450879573822,0.013471990823745728,0.4803023636341095,0.01568409986793995,0.2189226895570755,0.010127933695912361,100.0
H39,2023-09-01/2023-09-30,380,380,0.85721355676651,0.026151303201913834,0.6384928822517395,0.03857133910059929,0.3442040681838989,0.029753435403108597,100.0
H39,2023-10-01/2023-10-31,380,380,0.7215158343315125,0.04048093780875206,0.3234574496746063,0.033815011382102966,0.1497589647769928,0.040735747665166855,100.0
H39,2023-11-01/2023-11-30,380,380,0.7680418491363525,0.03539872542023659,0.5612083673477173,0.04002916440367699,0.2327469289302826,0.027808187529444695,100.0
H39,2023-12-01/2023-12-31,380,380,0.8157526850700378,0.025787850841879845,0.5211697816848755,0.030888302251696587,0.23186999559402466,0.024461524561047554,100.0
H39,2024-01-01/2024-01-31,380,380,0.7216886878013611,0.04935711249709129,0.4522543251514435,0.03608937934041023,0.1531611829996109,0.030761392787098885,100.0
H39,2024-02-01/2024-02-29,380,380,0.6941297054290771,0.046314239501953125,0.43595317006111145,0.03330790624022484,0.11832331866025925,0.027693942189216614,100.0
H39,2024-03-01/2024-03-31,380,380,0.7263271808624268,0.04858672618865967,0.4881956875324249,0.036344777792692184,0.18800124526023865,0.0316668301820755,100.0
H39,2024-04-01/2024-04-30,380,380,0.6501792669296265,0.04942392185330391,0.47801893949508667,0.03713670000433922,0.14432375133037567,0.030531801283359528,100.0
H39,2024-05-01/2024-05-31,380,380,0.6912144422531128,0.056747689843177795,0.5133131146430969,0.0420537069439888,0.20129302144050598,0.030043162405490875,100.0
H39,2024-06-01/2024-06-30,380,380,0.6613962650299072,0.06344431638717651,0.48457247018814087,0.046685196459293365,0.17250956594944,0.031761325895786285,100.0
H39,2024-07-01/2024-07-31,380,380,0.788510799407959,0.03238570690155029,0.5982786417007446,0.0329163558781147,0.24788567423820496,0.0278326403349638,100.0
H39,2024-08-01/2024-08-31,0,380,,,,,,,0.0
H39,2024-09-01/2024-09-30,380,380,0.8830513954162598,0.02564062736928463,0.6158265471458435,0.04872294142842293,0.38143181800842285,0.03698838874697685,100.0
H39,2024-10-01/2024-10-31,380,380,0.6166244745254517,0.041470035910606384,0.3797262907028198,0.0156263317912817,0.12074868381023407,0.020324580371379852,100.0
H39,2024-11-01/2024-11-30,380,380,0.7462114095687866,0.04438133165240288,0.45303958654403687,0.039581120014190674,0.2205938696861267,0.035547856241464615,100.0
H39,2024-12-01/2024-12-31,380,380,0.8329415321350098,0.03543974459171295,0.5384540557861328,0.03927215188741684,0.3176986277103424,0.034598808735609055,100.0
H40,2023-01-01/2023-01-31,380,380,0.8036080002784729,0.06997141987085342,0.42549511790275574,0.038554348051548004,0.33824190497398376,0.05363989993929863,100.0
H40,2023-02-01/2023-02-28,380,380,0.7644981145858765,0.08533449470996857,0.41805776953697205,0.041892170906066895,0.2932719588279724,0.06628929078578949,100.0
H40,2023-03-01/2023-03-31,380,380,0.7792913913726807,0.0813942477107048,0.5317757725715637,0.05806746333837509,0.3263496458530426,0.0616258904337883,100.0
H40,2023-04-01/2023-04-30,380,380,0.7834623456001282,0.08530976623296738,0.5302661657333374,0.05822751671075821,0.3204013705253601,0.056495800614356995,100.0
H40,2023-05-01/2023-05-31,380,380,0.8057022094726562,0.07653065770864487,0.5674673318862915,0.05777329206466675,0.3228777348995209,0.05460183322429657,100.0
H40,2023-06-01/2023-06-30,380,380,0.7975457310676575,0.08001778274774551,0.5413916110992432,0.05516985431313515,0.31889840960502625,0.05020182579755783,100.0
H40,2023-07-01/2023-07-31,380,380,0.8291586637496948,0.05518797039985657,0.5638985633850098,0.051488831639289856,0.3346112072467804,0.05369406193494797,100.0
H40,2023-08-01/2023-08-31,380,380,0.5567160248756409,0.025126365944743156,0.5396723747253418,0.031996067613363266,0.32409799098968506,0.02222391776740551,100.0
H40,2023-09-01/2023-09-30,380,380,0.8233076333999634,0.0622471459209919,0.522214949131012,0.048489656299352646,0.3055132031440735,0.05254500359296799,100.0
H40,2023-10-01/2023-10-31,380,380,0.8882991075515747,0.05028600990772247,0.2667398452758789,0.042413558810949326,0.3041730523109436,0.05568504333496094,100.0
H40,2023-11-01/2023-11-30,380,380,0.8020800948143005,0.06477445363998413,0.4314526319503784,0.044478531926870346,0.25625184178352356,0.052077434957027435,100.0
H40,2023-12-01/2023-12-31,380,380,0.8562607765197754,0.049426767975091934,0.4268130958080292,0.03882233425974846,0.31052500009536743,0.04413220286369324,100.0
H40,2024-01-01/2024-01-31,380,380,0.74327152967453,0.06831229478120804,0.36810970306396484,0.03111090138554573,0.15367016196250916,0.03430429473519325,100.0
H40,2024-02-01/2024-02-29,380,380,0.6707703471183777,0.06056894361972809,0.3526171147823334,0.031208598986268044,0.1482241153717041,0.03548596054315567,100.0
H40,2024-03-01/2024-03-31,380,380,0.7482248544692993,0.07276585698127747,0.49855315685272217,0.060953229665756226,0.2508305311203003,0.050407957285642624,100.0
H40,2024-04-01/2024-04-30,380,380,0.7320309281349182,0.06652950495481491,0.5079014897346497,0.058472927659749985,0.24090871214866638,0.047879092395305634,100.0
H40,2024-05-01/2024-05-31,380,380,0.7553225159645081,0.07167811691761017,0.5208699107170105,0.05083392187952995,0.23707008361816406,0.03399428352713585,100.0
H40,2024-06-01/2024-06-30,380,380,0.771457850933075,0.07488227635622025,0.5375867486000061,0.054487694054841995,0.24649491906166077,0.03289826959371567,100.0
H40,2024-07-01/2024-07-31,380,380,0.8045925498008728,0.039612945169210434,0.5794428586959839,0.04461684450507164,0.28710952401161194,0.02817295491695404,100.0
H40,2024-08-01/2024-08-31,0,380,,,,,,,0.0
H40,2024-09-01/2024-09-30,380,380,0.8246649503707886,0.06378067284822464,0.4856160879135132,0.04634017497301102,0.23360934853553772,0.04741483926773071,100.0
H40,2024-10-01/2024-10-31,380,380,0.8208345174789429,0.052724745124578476,0.4714195728302002,0.036101724952459335,0.24721132218837738,0.041350677609443665,100.0
H40,2024-11-01/2024-11-30,380,380,0.812650740146637,0.057331327348947525,0.41231444478034973,0.035945575684309006,0.22085025906562805,0.041221488267183304,100.0
H40,2024-12-01/2024-12-31,380,380,0.7902171611785889,0.0765056386590004,0.4013921320438385,0.044378817081451416,0.23895040154457092,0.04898242652416229,100.0
H41,2023-01-01/2023-01-31,380,380,0.4815452992916107,0.15014691650867462,0.28829407691955566,0.0856955498456955,0.03826066106557846,0.10647953301668167,100.0
H41,2023-02-01/2023-02-28,376,380,0.40083444118499756,0.13660527765750885,0.24319329857826233,0.07582223415374756,-0.008824111893773079,0.0944366604089737,98.9
H41,2023-03-01/2023-03-31,380,380,0.3664586842060089,0.13171496987342834,0.2381402999162674,0.08318739384412766,-0.03683389350771904,0.0891202911734581,100.0
H41,2023-04-01/2023-04-30,380,380,0.3681699335575104,0.13257074356079102,0.23959468305110931,0.08344137668609619,-0.03432917222380638,0.09280317276716232,100.0
H41,2023-05-01/2023-05-31,376,380,0.4132380485534668,0.14784294366836548,0.2798800468444824,0.10418136417865753,-0.028417713940143585,0.09917212277650833,98.9
H41,2023-06-01/2023-06-30,380,380,0.40710851550102234,0.14588473737239838,0.269334614276886,0.09812901169061661,-0.03146954998373985,0.0993766188621521,100.0
H41,2023-07-01/2023-07-31,372,380,0.5091521739959717,0.12213446944952011,0.32935407757759094,0.09161653369665146,0.015544809401035309,0.08758744597434998,97.9
H41,2023-08-01/2023-08-31,337,380,0.4800169765949249,0.05589231848716736,0.47237321734428406,0.06726277619600296,0.19943757355213165,0.0465182289481163,88.7
H41,2023-09-01/2023-09-30,380,380,0.5213074684143066,0.14136266708374023,0.35311195254325867,0.10346680879592896,0.0532059483230114,0.09182484447956085,100.0
H41,2023-10-01/2023-10-31,374,380,0.6096194386482239,0.1098126545548439,0.2068033665418625,0.060460202395915985,0.05238966643810272,0.09890637546777725,98.4
H41,2023-11-01/2023-11-30,376,380,0.5932953357696533,0.16155625879764557,0.3893390893936157,0.11361021548509598,0.12222304940223694,0.11241084337234497,98.9
H41,2023-12-01/2023-12-31,380,380,0.6326987147331238,0.14346647262573242,0.3754364848136902,0.10295174270868301,0.12809345126152039,0.12113489210605621,100.0
H41,2024-01-01/2024-01-31,376,380,0.535991370677948,0.14738915860652924,0.3156541883945465,0.08346278965473175,0.045955926179885864,0.10372131317853928,98.9
H41,2024-02-01/2024-02-29,376,380,0.5179139971733093,0.17032600939273834,0.3205035328865051,0.10567380487918854,0.05135615915060043,0.10184551030397415,98.9
H41,2024-03-01/2024-03-31,380,380,0.5002340078353882,0.1781613677740097,0.3285176753997803,0.1184379979968071,0.07242722809314728,0.11728820949792862,100.0
H41,2024-04-01/2024-04-30,376,380,0.48132646083831787,0.172315314412117,0.32924047112464905,0.11871280521154404,0.05786135420203209,0.10727506130933762,98.9
H41,2024-05-01/2024-05-31,380,380,0.4068281352519989,0.16289451718330383,0.28529131412506104,0.11141283065080643,0.028424689546227455,0.11456524580717087,100.0
H41,2024-06-01/2024-06-30,380,380,0.4153859317302704,0.1678304374217987,0.29184356331825256,0.11500641703605652,0.033646855503320694,0.10901007801294327,100.0
H41,2024-07-01/2024-07-31,380,380,0.6336931586265564,0.19406792521476746,0.467120885848999,0.1807776689529419,0.1561804711818695,0.1444569081068039,100.0
H41,2024-08-01/2024-08-31,0,380,,,,,,,0.0
H41,2024-09-01/2024-09-30,380,380,0.6695405840873718,0.1943512111902237,0.43398115038871765,0.1558837741613388,0.156953826546669,0.15128222107887268,100.0
H41,2024-10-01/2024-10-31,380,380,0.6385563611984253,0.19268053770065308,0.4194011986255646,0.15851858258247375,0.15269646048545837,0.1722836196422577,100.0
H41,2024-11-01/2024-11-30,376,380,0.5729919075965881,0.14992880821228027,0.3314915895462036,0.0907171443104744,0.10113707929849625,0.11874375492334366,98.9
H41,2024-12-01/2024-12-31,380,380,0.5053406357765198,0.16612936556339264,0.3023190200328827,0.097555011510849,0.07229252904653549,0.12921924889087677,100.0
H42,2023-01-01/2023-01-31,380,380,0.3259927034378052,0.06201544776558876,0.20079749822616577,0.03987414762377739,-0.03820692375302315,0.03244299069046974,100.0
H42,2023-02-01/2023-02-28,380,380,0.2474774569272995,0.042281363159418106,0.15209579467773438,0.024398839101195335,-0.10067182779312134,0.03032040409743786,100.0
H42,2023-03-01/2023-03-31,380,380,0.20043940842151642,0.033059269189834595,0.13413503766059875,0.02107994817197323,-0.122459776699543,0.028104223310947418,100.0
H42,2023-04-01/2023-04-30,380,380,0.20412148535251617,0.031513702124357224,0.1369812935590744,0.020417140796780586,-0.11049631983041763,0.02567172981798649,100.0
H42,2023-05-01/2023-05-31,380,380,0.22705860435962677,0.03430473059415817,0.1575879603624344,0.0232791006565094,-0.09312567114830017,0.021310755982995033,100.0
H42,2023-06-01/2023-06-30,380,380,0.21881084144115448,0.030307304114103317,0.14936463534832,0.020144134759902954,-0.09560542553663254,0.02420205809175968,100.0
H42,2023-07-01/2023-07-31,380,380,0.596520185470581,0.07353108376264572,0.4149753749370575,0.06975778937339783,0.15360496938228607,0.04856311157345772,100.0
H42,2023-08-01/2023-08-31,100,380,0.5130015015602112,0.020869264379143715,0.553320050239563,0.03424035385251045,0.30162641406059265,0.015724804252386093,26.3
H42,2023-09-01/2023-09-30,380,380,0.592943549156189,0.08584894984960556,0.4523982107639313,0.07605351507663727,0.15331393480300903,0.04750732332468033,100.0
H42,2023-10-01/2023-10-31,380,380,0.47114506363868713,0.052267108112573624,0.17771248519420624,0.02576586790382862,-0.04121521860361099,0.04143607243895531,100.0
H42,2023-11-01/2023-11-30,380,380,0.5918792486190796,0.07162721455097198,0.4024932086467743,0.05603265389800072,0.0935303121805191,0.02881329506635666,100.0
H42,2023-12-01/2023-12-31,380,380,0.3973601460456848,0.03617888689041138,0.21731095016002655,0.020803822204470634,-0.09119057655334473,0.03616521507501602,100.0
H42,2024-01-01/2024-01-31,380,380,0.4663841724395752,0.06408462673425674,0.2778899371623993,0.04636190086603165,-0.03001432679593563,0.04338812455534935,100.0
H42,2024-02-01/2024-02-29,380,380,0.3776696026325226,0.05587497353553772,0.23576611280441284,0.03760957717895508,-0.06431465595960617,0.037887100130319595,100.0
H42,2024-03-01/2024-03-31,380,380,0.33368173241615295,0.043017905205488205,0.22285397350788116,0.028465796262025833,-0.07133016735315323,0.028399240225553513,100.0
H42,2024-04-01/2024-04-30,380,380,0.30294302105903625,0.03852347284555435,0.20442862808704376,0.02601032890379429,-0.10487492382526398,0.026239266619086266,100.0
H42,2024-05-01/2024-05-31,380,380,0.2823476195335388,0.03810541704297066,0.19606375694274902,0.025889137759804726,-0.0910748839378357,0.02340063825249672,100.0
H42,2024-06-01/2024-06-30,380,380,0.2676031291484833,0.03328673169016838,0.18631213903427124,0.022141648456454277,-0.0959349274635315,0.0222140122205019,100.0
H42,2024-07-01/2024-07-31,380,380,0.5453712344169617,0.06744010001420975,0.3895740807056427,0.06529159098863602,0.06449300050735474,0.053870297968387604,100.0
H42,2024-08-01/2024-08-31,0,380,,,,,,,0.0
H42,2024-09-01/2024-09-30,380,380,0.6066429018974304,0.06557214260101318,0.4061966836452484,0.0503326840698719,0.08890842646360397,0.03502996638417244,100.0
H42,2024-10-01/2024-10-31,380,380,0.5627981424331665,0.05190035700798035,0.38530233502388,0.03882883861660957,0.04715258628129959,0.035329487174749374,100.0
H42,2024-11-01/2024-11-30,380,380,0.638255774974823,0.07614661753177643,0.40111738443374634,0.06398425996303558,0.08702826499938965,0.05520110949873924,100.0
H42,2024-12-01/2024-12-31,380,380,0.47424930334091187,0.04873483628034592,0.2883671820163727,0.03243200108408928,-0.022202638909220695,0.03367916867136955,100.0
H43,2023-01-01/2023-01-31,380,380,0.34571895003318787,0.13027231395244598,0.2173394411802292,0.08109614253044128,-0.005620183423161507,0.029855454340577126,100.0
H43,2023-02-01/2023-02-28,380,380,0.2577320337295532,0.09864199161529541,0.16327553987503052,0.05953627824783325,-0.05486609786748886,0.03522650897502899,100.0
H43,2023-03-01/2023-03-31,380,380,0.2412630170583725,0.08073628693819046,0.16971173882484436,0.05530276522040367,-0.06248588487505913,0.03318902105093002,100.0
H43,2023-04-01/2023-04-30,380,380,0.24407431483268738,0.0794566348195076,0.17179633677005768,0.05375981703400612,-0.049730874598026276,0.033425550907850266,100.0
H43,2023-05-01/2023-05-31,380,380,0.2604120671749115,0.07268970459699631,0.1823764145374298,0.04859376698732376,-0.052765365689992905,0.04470062628388405,100.0
H43,2023-06-01/2023-06-30,380,380,0.26950159668922424,0.07055940479040146,0.18582852184772491,0.045935746282339096,-0.0506119579076767,0.04510677605867386,100.0
H43,2023-07-01/2023-07-31,380,380,0.6064792275428772,0.15813885629177094,0.4551834762096405,0.15871091187000275,0.16124750673770905,0.10927169024944305,100.0
H43,2023-08-01/2023-08-31,106,380,0.5039947032928467,0.02602800726890564,0.5331408977508545,0.03853172808885574,0.2773720324039459,0.02224738337099552,27.9
H43,2023-09-01/2023-09-30,380,380,0.5091941952705383,0.10694636404514313,0.38305899500846863,0.08746156096458435,0.07860883325338364,0.035813190042972565,100.0
H43,2023-10-01/2023-10-31,380,380,0.4331130087375641,0.07286306470632553,0.1855410933494568,0.040112171322107315,-0.03680485114455223,0.056702032685279846,100.0
H43,2023-11-01/2023-11-30,380,380,0.5268197059631348,0.1112893745303154,0.36124861240386963,0.08564160764217377,0.043753914535045624,0.057026974856853485,100.0
H43,2023-12-01/2023-12-31,380,380,0.43528807163238525,0.06601158529520035,0.2649476230144501,0.04455806314945221,-0.037869859486818314,0.04813864454627037,100.0
H43,2024-01-01/2024-01-31,380,380,0.4675554037094116,0.11152543127536774,0.2992449402809143,0.07292421162128448,-0.004286746494472027,0.05278828367590904,100.0
H43,2024-02-01/2024-02-29,380,380,0.40439313650131226,0.0843706727027893,0.2670745551586151,0.055394817143678665,-0.02322063036262989,0.03281807526946068,100.0
H43,2024-03-01/2024-03-31,380,380,0.36997005343437195,0.07402852177619934,0.2601054012775421,0.0488678403198719,-0.02200455591082573,0.032043132930994034,100.0
H43,2024-04-01/2024-04-30,380,380,0.35802045464515686,0.07330116629600525,0.2555971145629883,0.04978188872337341,-0.04422362893819809,0.03399551659822464,100.0
H43,2024-05-01/2024-05-31,380,380,0.3038600981235504,0.06725095957517624,0.21785297989845276,0.044041186571121216,-0.05020821839570999,0.03784050792455673,100.0
H43,2024-06-01/2024-06-30,380,380,0.2946716845035553,0.06163401901721954,0.21778179705142975,0.042258307337760925,-0.04475231096148491,0.03528117388486862,100.0
H43,2024-07-01/2024-07-31,380,380,0.6335010528564453,0.07973364740610123,0.49642688035964966,0.07969333231449127,0.1313004493713379,0.04814811423420906,100.0
H43,2024-08-01/2024-08-31,0,380,,,,,,,0.0
H43,2024-09-01/2024-09-30,380,380,0.524603009223938,0.10809118300676346,0.35261353850364685,0.0868891105055809,0.03142010048031807,0.08874566107988358,100.0
H43,2024-10-01/2024-10-31,380,380,0.5550715923309326,0.08391741663217545,0.37716802954673767,0.07016322761774063,0.06287926435470581,0.048009756952524185,100.0
H43,2024-11-01/2024-11-30,380,380,0.5138323307037354,0.07494879513978958,0.31658679246902466,0.04902370274066925,0.009752248413860798,0.044320233166217804,100.0
H43,2024-12-01/2024-12-31,380,380,0.4660089910030365,0.06642176955938339,0.2965267598628998,0.043014585971832275,0.00247748545370996,0.0378304161131382,100.0
H44,2023-01-01/2023-01-31,380,380,0.6338689923286438,0.04551004245877266,0.3489246964454651,0.026564935222268105,0.07159313559532166,0.03095265105366707,100.0
H44,2023-02-01/2023-02-28,380,380,0.6467509865760803,0.061603471636772156,0.3600373864173889,0.03808283060789108,0.08923284709453583,0.03847810626029968,100.0
H44,2023-03-01/2023-03-31,380,380,0.5658411383628845,0.05309544503688812,0.35980916023254395,0.03956291079521179,0.04567563906311989,0.03039015270769596,100.0
H44,2023-04-01/2023-04-30,380,380,0.5788911581039429,0.05032864212989807,0.36806821823120117,0.0339680090546608,0.059907909482717514,0.02968805469572544,100.0
H44,2023-05-01/2023-05-31,380,380,0.5864555835723877,0.04725012928247452,0.39513400197029114,0.03673487901687622,0.05020894482731819,0.023939194157719612,100.0
H44,2023-06-01/2023-06-30,380,380,0.5866146087646484,0.04480065405368805,0.38644349575042725,0.03136293962597847,0.04521770402789116,0.022955749183893204,100.0
H44,2023-07-01/2023-07-31,380,380,0.6415246725082397,0.02874239906668663,0.4090947210788727,0.023843491449952126,0.020066889002919197,0.027010031044483185,100.0
H44,2023-08-01/2023-08-31,349,380,0.4448573589324951,0.015980906784534454,0.43527284264564514,0.01679399237036705,0.1675965040922165,0.009509130381047726,91.8
H44,2023-09-01/2023-09-30,380,380,0.6265424489974976,0.03752373531460762,0.3776046633720398,0.02469836175441742,0.005243898835033178,0.03282801806926727,100.0
H44,2023-10-01/2023-10-31,380,380,0.666037380695343,0.03871341794729233,0.22455653548240662,0.018997659906744957,0.001820333069190383,0.027093427255749702,100.0
H44,2023-11-01/2023-11-30,380,380,0.6564956903457642,0.05193733423948288,0.37667638063430786,0.036985140293836594,0.06305812299251556,0.03589055687189102,100.0
H44,2023-12-01/2023-12-31,380,380,0.7503246068954468,0.04951966926455498,0.41051623225212097,0.035549696534872055,0.15921872854232788,0.04066667705774307,100.0
H44,2024-01-01/2024-01-31,380,380,0.7480034828186035,0.05322907492518425,0.4167417287826538,0.03215595707297325,0.16186848282814026,0.03541230410337448,100.0
H44,2024-02-01/2024-02-29,380,380,0.7274919152259827,0.051471076905727386,0.43012067675590515,0.03526083007454872,0.14667031168937683,0.029023315757513046,100.0
H44,2024-03-01/2024-03-31,380,380,0.6597362160682678,0.056659627705812454,0.40293627977371216,0.03465978428721428,0.11029225587844849,0.032881177961826324,100.0
H44,2024-04-01/2024-04-30,380,380,0.6365431547164917,0.0527149923145771,0.4094713628292084,0.03503365069627762,0.09747699648141861,0.03500993549823761,100.0
H44,2024-05-01/2024-05-31,380,380,0.6472121477127075,0.05970128998160362,0.43672123551368713,0.0391664132475853,0.12034179270267487,0.0290903951972723,100.0
H44,2024-06-01/2024-06-30,380,380,0.6599843502044678,0.06447594612836838,0.4396321475505829,0.04582032561302185,0.11296145617961884,0.029236672446131706,100.0
H44,2024-07-01/2024-07-31,372,380,0.7907114624977112,0.030682748183608055,0.5939722657203674,0.037187106907367706,0.26704883575439453,0.031842466443777084,97.9
H44,2024-08-01/2024-08-31,0,380,,,,,,,0.0
H44,2024-09-01/2024-09-30,380,380,0.769977867603302,0.052569929510354996,0.441676527261734,0.03487209603190422,0.15934568643569946,0.03062482550740242,100.0
H44,2024-10-01/2024-10-31,380,380,0.7035385370254517,0.05432219058275223,0.3969041109085083,0.033116698265075684,0.11334619671106339,0.031642667949199677,100.0
H44,2024-11-01/2024-11-30,380,380,0.7505716681480408,0.06926500052213669,0.4234159290790558,0.05413178354501724,0.18301300704479218,0.053312212228775024,100.0
H44,2024-12-01/2024-12-31,380,380,0.7595515847206116,0.07547402381896973,0.4443938732147217,0.054318659007549286,0.22989580035209656,0.062049515545368195,100.0
H45,2023-01-01/2023-01-31,380,380,0.4081675410270691,0.11244118958711624,0.265994131565094,0.08037382364273071,-0.011230508796870708,0.08984788507223129,100.0
H45,2023-02-01/2023-02-28,380,380,0.3008643388748169,0.09773173183202744,0.1928895264863968,0.06329209357500076,-0.0842348262667656,0.06447404623031616,100.0
H45,2023-03-01/2023-03-31,380,380,0.25117993354797363,0.06620468944311142,0.16404467821121216,0.03950563445687294,-0.12592996656894684,0.0470750592648983,100.0
H45,2023-04-01/2023-04-30,380,380,0.2553788721561432,0.06460356712341309,0.16674421727657318,0.03808746486902237,-0.12092166393995285,0.04688440263271332,100.0
H45,2023-05-01/2023-05-31,380,380,0.23430758714675903,0.06994901597499847,0.15375462174415588,0.04043194651603699,-0.16047881543636322,0.04012148827314377,100.0
H45,2023-06-01/2023-06-30,380,380,0.24658919870853424,0.07204826921224594,0.1568356305360794,0.03925924375653267,-0.1556229442358017,0.03911387175321579,100.0
H45,2023-07-01/2023-07-31,378,380,0.5019168853759766,0.22951771318912506,0.37083494663238525,0.22952385246753693,0.043002739548683167,0.17756128311157227,99.5
H45,2023-08-01/2023-08-31,297,380,0.405757337808609,0.06520317494869232,0.41300085186958313,0.08147136867046356,0.13982822000980377,0.04337019845843315,78.2
H45,2023-09-01/2023-09-30,380,380,0.5934387445449829,0.22949029505252838,0.4714087247848511,0.21737687289714813,0.14782670140266418,0.1604396402835846,100.0
H45,2023-10-01/2023-10-31,374,380,0.5767889022827148,0.15502305328845978,0.2473946213722229,0.08475130051374435,0.027566710487008095,0.10327241569757462,98.4
H45,2023-11-01/2023-11-30,380,380,0.46472349762916565,0.16180843114852905,0.3129644989967346,0.12503325939178467,0.011327576823532581,0.08834241330623627,100.0
H45,2023-12-01/2023-12-31,380,380,0.4526633024215698,0.11354447156190872,0.2768572270870209,0.0864483192563057,-0.02264060638844967,0.07357589155435562,100.0
H45,2024-01-01/2024-01-31,380,380,0.4246562719345093,0.12990804016590118,0.2722413241863251,0.09521674364805222,-0.0325767807662487,0.06774593144655228,100.0
H45,2024-02-01/2024-02-29,380,380,0.40535277128219604,0.14635680615901947,0.26652032136917114,0.10384501516819,-0.022763310000300407,0.06951218098402023,100.0
H45,2024-03-01/2024-03-31,380,380,0.3017810881137848,0.09456634521484375,0.20236961543560028,0.0626685693860054,-0.07366552203893661,0.04704642668366432,100.0
H45,2024-04-01/2024-04-30,380,380,0.2713928520679474,0.0838887095451355,0.18833236396312714,0.05896987393498421,-0.09713629633188248,0.044956859201192856,100.0
H45,2024-05-01/2024-05-31,380,380,0.23377038538455963,0.08011658489704132,0.1731528788805008,0.059732165187597275,-0.07738149911165237,0.04890963062644005,100.0
H45,2024-06-01/2024-06-30,380,380,0.24443413317203522,0.09285509586334229,0.1790650486946106,0.06885548681020737,-0.07370015978813171,0.05226508900523186,100.0
H45,2024-07-01/2024-07-31,380,380,0.5094262361526489,0.13988147675991058,0.3717673718929291,0.12975361943244934,0.027522508054971695,0.0896838903427124,100.0
H45,2024-08-01/2024-08-31,0,380,,,,,,,0.0
H45,2024-09-01/2024-09-30,380,380,0.7061846256256104,0.23264415562152863,0.5710715651512146,0.24305307865142822,0.23909960687160492,0.19518212974071503,100.0
H45,2024-10-01/2024-10-31,380,380,0.47764402627944946,0.13676445186138153,0.3453662395477295,0.12346352636814117,0.021942056715488434,0.12366560846567154,100.0
H45,2024-11-01/2024-11-30,380,380,0.530670166015625,0.16070298850536346,0.33271127939224243,0.128564715385437,0.0373152457177639,0.12380159646272659,100.0
H45,2024-12-01/2024-12-31,380,380,0.44326725602149963,0.1532939225435257,0.2852589190006256,0.09501751512289047,0.008719534613192081,0.07970987260341644,100.0
H46,2023-01-01/2023-01-31,380,380,0.4738891124725342,0.11838074773550034,0.30336859822273254,0.0885385200381279,-0.0009101378382183611,0.10014811158180237,100.0
H46,2023-02-01/2023-02-28,380,380,0.4237810969352722,0.09574946761131287,0.2675379812717438,0.0637611374258995,-0.04705774039030075,0.07390297204256058,100.0
H46,2023-03-01/2023-03-31,380,380,0.3296654224395752,0.08082888275384903,0.21094493567943573,0.05206064134836197,-0.11705739796161652,0.06062113493680954,100.0
H46,2023-04-01/2023-04-30,380,380,0.3311481177806854,0.08401624858379364,0.21234452724456787,0.053285084664821625,-0.1093723475933075,0.05997583270072937,100.0
H46,2023-05-01/2023-05-31,380,380,0.32824647426605225,0.09203233569860458,0.207985520362854,0.06445802003145218,-0.143188014626503,0.06400438398122787,100.0
H46,2023-06-01/2023-06-30,380,380,0.33798739314079285,0.09159784764051437,0.20901894569396973,0.06295614689588547,-0.1380431354045868,0.06501834094524384,100.0
H46,2023-07-01/2023-07-31,380,380,0.7261195182800293,0.19325587153434753,0.5934013724327087,0.19673967361450195,0.23613916337490082,0.1360570639371872,100.0
H46,2023-08-01/2023-08-31,340,380,0.48001623153686523,0.041497841477394104,0.497344970703125,0.05536036193370819,0.19406966865062714,0.032395150512456894,89.5
H46,2023-09-01/2023-09-30,380,380,0.7319566607475281,0.16248947381973267,0.5868143439292908,0.15181809663772583,0.24804353713989258,0.09011627733707428,100.0
H46,2023-10-01/2023-10-31,376,380,0.7390462756156921,0.10376520454883575,0.33354347944259644,0.06457526981830597,0.1441081166267395,0.061983607709407806,98.9
H46,2023-11-01/2023-11-30,380,380,0.5322515964508057,0.16020484268665314,0.35598665475845337,0.12289714813232422,0.06731961667537689,0.09411798417568207,100.0
H46,2023-12-01/2023-12-31,380,380,0.5554264783859253,0.1543862372636795,0.34724023938179016,0.11533752083778381,0.04623419791460037,0.10472667217254639,100.0
H46,2024-01-01/2024-01-31,380,380,0.49241235852241516,0.14074544608592987,0.31114426255226135,0.09958954155445099,0.0075492411851882935,0.08025593310594559,100.0
H46,2024-02-01/2024-02-29,380,380,0.4726618826389313,0.12692978978157043,0.3058565557003021,0.08628422766923904,-0.0029663124587386847,0.05905091390013695,100.0
H46,2024-03-01/2024-03-31,380,380,0.3757583200931549,0.10816872864961624,0.25643184781074524,0.07284308224916458,-0.05258852243423462,0.059851597994565964,100.0
H46,2024-04-01/2024-04-30,380,380,0.34073466062545776,0.1062975600361824,0.24429501593112946,0.0769108384847641,-0.06496939063072205,0.06079965457320213,100.0
H46,2024-05-01/2024-05-31,380,380,0.3147338926792145,0.11687488108873367,0.22828710079193115,0.08679601550102234,-0.04445421323180199,0.057722099125385284,100.0
H46,2024-06-01/2024-06-30,380,380,0.3217730224132538,0.11956340819597244,0.2307049036026001,0.08792680501937866,-0.04698359966278076,0.05607292428612709,100.0
H46,2024-07-01/2024-07-31,380,380,0.5830974578857422,0.0730505883693695,0.42907649278640747,0.06141151115298271,0.04606004059314728,0.05685369670391083,100.0
H46,2024-08-01/2024-08-31,0,380,,,,,,,0.0
H46,2024-09-01/2024-09-30,380,380,0.8176462054252625,0.11995089799165726,0.6557364463806152,0.1557757556438446,0.3169856369495392,0.11106773465871811,100.0
H46,2024-10-01/2024-10-31,380,380,0.5651622414588928,0.11009771376848221,0.422502726316452,0.08601853996515274,0.07311136275529861,0.09296761453151703,100.0
H46,2024-11-01/2024-11-30,380,380,0.5440620183944702,0.10239528864622116,0.31988051533699036,0.079765185713768,0.013565712608397007,0.09195280820131302,100.0
H46,2024-12-01/2024-12-31,380,380,0.6310452222824097,0.10709531605243683,0.3977145552635193,0.08325345069169998,0.10328434407711029,0.07542138546705246,100.0
H47,2023-01-01/2023-01-31,380,380,0.5989677906036377,0.06410206109285355,0.36223074793815613,0.04330844432115555,0.07191307842731476,0.05146993696689606,100.0
H47,2023-02-01/2023-02-28,380,380,0.5496481657028198,0.06943894177675247,0.3380350172519684,0.04919977858662605,0.026993604376912117,0.05459592863917351,100.0
H47,2023-03-01/2023-03-31,380,380,0.4667840301990509,0.0771116241812706,0.3020716905593872,0.055212292820215225,-0.028608107939362526,0.05374503508210182,100.0
H47,2023-04-01/2023-04-30,380,380,0.4723427891731262,0.08028773963451385,0.3030860424041748,0.0564214363694191,-0.025600412860512733,0.05268068611621857,100.0
H47,2023-05-01/2023-05-31,380,380,0.4906523525714874,0.07767708599567413,0.3250555098056793,0.05809282138943672,-0.02975061535835266,0.051706377416849136,100.0
H47,2023-06-01/2023-06-30,380,380,0.4897144138813019,0.07703495770692825,0.31804636120796204,0.05719964951276779,-0.02707846462726593,0.05223693326115608,100.0
H47,2023-07-01/2023-07-31,380,380,0.788942813873291,0.07618960738182068,0.6278786063194275,0.0878930538892746,0.26285889744758606,0.06717327982187271,100.0
H47,2023-08-01/2023-08-31,380,380,0.5133593082427979,0.020303305238485336,0.5255719423294067,0.020923694595694542,0.21583181619644165,0.017664209008216858,100.0
H47,2023-09-01/2023-09-30,380,380,0.8183905482292175,0.03294222429394722,0.6213249564170837,0.05618249252438545,0.2905879020690918,0.04280019551515579,100.0
H47,2023-10-01/2023-10-31,380,380,0.8148558139801025,0.026957565918564796,0.33408841490745544,0.03430568054318428,0.20636484026908875,0.04291421175003052,100.0
H47,2023-11-01/2023-11-30,380,380,0.6903246641159058,0.0710931122303009,0.4561353921890259,0.06649478524923325,0.16245894134044647,0.061238449066877365,100.0
H47,2023-12-01/2023-12-31,380,380,0.7176083326339722,0.06572629511356354,0.4410752058029175,0.05929303914308548,0.15170656144618988,0.059660546481609344,100.0
H47,2024-01-01/2024-01-31,380,380,0.6203780174255371,0.07756521552801132,0.37258806824684143,0.051147475838661194,0.06481387466192245,0.054530706256628036,100.0
H47,2024-02-01/2024-02-29,380,380,0.592923641204834,0.06284184008836746,0.3749486804008484,0.04390718787908554,0.04989282786846161,0.0433318130671978,100.0
H47,2024-03-01/2024-03-31,380,380,0.528619647026062,0.07513053715229034,0.3684612810611725,0.05494990944862366,0.03305358812212944,0.045602135360240936,100.0
H47,2024-04-01/2024-04-30,380,380,0.5051893591880798,0.07492008060216904,0.3685324490070343,0.05948486179113388,0.03112291358411312,0.04767417535185814,100.0
H47,2024-05-01/2024-05-31,380,380,0.48497116565704346,0.10353438556194305,0.355404257774353,0.08093459904193878,0.040608298033475876,0.05892461538314819,100.0
H47,2024-06-01/2024-06-30,380,380,0.4868660271167755,0.10339952260255814,0.35217252373695374,0.08042585849761963,0.03410493582487106,0.05694807693362236,100.0
H47,2024-07-01/2024-07-31,380,380,0.6593379974365234,0.049420300871133804,0.48625826835632324,0.04998381808400154,0.09004196524620056,0.04308062791824341,100.0
H47,2024-08-01/2024-08-31,0,380,,,,,,,0.0
H47,2024-09-01/2024-09-30,380,380,0.840408980846405,0.025458378717303276,0.6057718992233276,0.05878063291311264,0.30536124110221863,0.037909943610429764,100.0
H47,2024-10-01/2024-10-31,380,380,0.6463461518287659,0.06583153456449509,0.44812193512916565,0.07669027894735336,0.1322600543498993,0.06478782743215561,100.0
H47,2024-11-01/2024-11-30,380,380,0.6028258204460144,0.09922828525304794,0.3479245603084564,0.07746802270412445,0.0750657469034195,0.08906767517328262,100.0
H47,2024-12-01/2024-12-31,380,380,0.7194671034812927,0.07761236280202866,0.44242843985557556,0.05805718153715134,0.18215033411979675,0.07830772548913956,100.0
H48,2023-01-01/2023-01-31,380,380,0.3371540307998657,0.1070721223950386,0.2064947783946991,0.06468857824802399,-0.006512724794447422,0.05023336410522461,100.0
H48,2023-02-01/2023-02-28,380,380,0.26018232107162476,0.1049811989068985,0.16572514176368713,0.0650322362780571,-0.05530105531215668,0.04878198355436325,100.0
H48,2023-03-01/2023-03-31,380,380,0.23275041580200195,0.09091848880052567,0.15809062123298645,0.0615154504776001,-0.06727297604084015,0.04320698603987694,100.0
H48,2023-04-01/2023-04-30,380,380,0.21585625410079956,0.09467813372612,0.14803075790405273,0.06314121186733246,-0.0736042931675911,0.04380772262811661,100.0
H48,2023-05-01/2023-05-31,380,380,0.21532832086086273,0.10166449844837189,0.15079361200332642,0.07072623819112778,-0.07674307376146317,0.04892060533165932,100.0
H48,2023-06-01/2023-06-30,380,380,0.2141140252351761,0.0997767224907875,0.1470443308353424,0.06823132187128067,-0.07329496741294861,0.047040168195962906,100.0
H48,2023-07-01/2023-07-31,380,380,0.5312749147415161,0.12129306048154831,0.35434263944625854,0.12031745165586472,0.09791087359189987,0.09563159942626953,100.0
H48,2023-08-01/2023-08-31,376,380,0.4571821391582489,0.04302896186709404,0.4326487183570862,0.050542280077934265,0.20808646082878113,0.03147289529442787,98.9
H48,2023-09-01/2023-09-30,380,380,0.5506437420845032,0.12326078861951828,0.40616321563720703,0.10559619218111038,0.14925788342952728,0.07269052416086197,100.0
H48,2023-10-01/2023-10-31,380,380,0.49277958273887634,0.12687191367149353,0.19462965428829193,0.05809014290571213,0.015506339259445667,0.08570929616689682,100.0
H48,2023-11-01/2023-11-30,380,380,0.5579754114151001,0.10578153282403946,0.3698830008506775,0.0832282081246376,0.10686217993497849,0.06640563905239105,100.0
H48,2023-12-01/2023-12-31,380,380,0.4396721422672272,0.11139245331287384,0.24498464167118073,0.07029486447572708,-0.031336165964603424,0.08444012701511383,100.0
H48,2024-01-01/2024-01-31,380,380,0.46212783455848694,0.08691099286079407,0.27852973341941833,0.05809590592980385,-0.0007977523491717875,0.06292187422513962,100.0
H48,2024-02-01/2024-02-29,380,380,0.4129963219165802,0.0898057147860527,0.2554907202720642,0.0629524290561676,-0.026464391499757767,0.06500875949859619,100.0
H48,2024-03-01/2024-03-31,380,380,0.32499513030052185,0.08818119019269943,0.22095999121665955,0.06264059990644455,-0.047263361513614655,0.05316375195980072,100.0
H48,2024-04-01/2024-04-30,380,380,0.29142671823501587,0.08550059050321579,0.20295682549476624,0.06668920069932938,-0.07955334335565567,0.0589001290500164,100.0
H48,2024-05-01/2024-05-31,380,380,0.27708864212036133,0.08623781055212021,0.19972337782382965,0.06587471067905426,-0.054701853543519974,0.05352305248379707,100.0
H48,2024-06-01/2024-06-30,380,380,0.2834495007991791,0.0824827179312706,0.20975984632968903,0.06127999350428581,-0.04169974476099014,0.04636264592409134,100.0
H48,2024-07-01/2024-07-31,380,380,0.6380277872085571,0.12129107117652893,0.5025820136070251,0.12963667511940002,0.1610814481973648,0.07908064126968384,100.0
H48,2024-08-01/2024-08-31,0,380,,,,,,,0.0
H48,2024-09-01/2024-09-30,380,380,0.4229908287525177,0.1742883026599884,0.27800047397613525,0.13188119232654572,0.05205138027667999,0.1067935973405838,100.0
H48,2024-10-01/2024-10-31,380,380,0.5117347240447998,0.09624940156936646,0.34663447737693787,0.07457391917705536,0.10924128443002701,0.046797975897789,100.0
H48,2024-11-01/2024-11-30,380,380,0.441282719373703,0.09064950793981552,0.26383063197135925,0.053101226687431335,0.02836727164685726,0.03553822264075279,100.0
H48,2024-12-01/2024-12-31,380,380,0.3916052579879761,0.13020315766334534,0.23872680962085724,0.08071034401655197,0.007203114219009876,0.07121164351701736,100.0
H49,2023-01-01/2023-01-31,380,380,0.8692463636398315,0.05025370046496391,0.5090845823287964,0.05666936933994293,0.40318042039871216,0.040691476315259933,100.0
H49,2023-02-01/2023-02-28,380,380,0.8416985869407654,0.05604776367545128,0.49577760696411133,0.056031469255685806,0.3593144118785858,0.04462798684835434,100.0
H49,2023-03-01/2023-03-31,380,380,0.7484170198440552,0.07397392392158508,0.4739972949028015,0.05641336366534233,0.26649150252342224,0.045885950326919556,100.0
H49,2023-04-01/2023-04-30,380,380,0.762134850025177,0.07062050700187683,0.48662829399108887,0.054213594645261765,0.27843114733695984,0.04189097508788109,100.0
H49,2023-05-01/2023-05-31,380,380,0.771041214466095,0.06681996583938599,0.5385609865188599,0.05602974444627762,0.26907414197921753,0.04002093896269798,100.0
H49,2023-06-01/2023-06-30,380,380,0.760119616985321,0.0717877745628357,0.5101467967033386,0.05435718968510628,0.2594510316848755,0.03875991329550743,100.0
H49,2023-07-01/2023-07-31,377,380,0.7990491986274719,0.04224805161356926,0.5610681176185608,0.0452495738863945,0.2741762697696686,0.0314636267721653,99.2
H49,2023-08-01/2023-08-31,377,380,0.5405241250991821,0.02358655259013176,0.5075012445449829,0.03140036761760712,0.279285192489624,0.015775470063090324,99.2
H49,2023-09-01/2023-09-30,380,380,0.6418246030807495,0.057461611926555634,0.3881365656852722,0.03986094519495964,0.027742164209485054,0.03283853456377983,100.0
H49,2023-10-01/2023-10-31,380,380,0.7261898517608643,0.04706698656082153,0.2556189298629761,0.0270127784460783,0.08999599516391754,0.03267616033554077,100.0
H49,2023-11-01/2023-11-30,380,380,0.6993920803070068,0.04392804950475693,0.42239394783973694,0.04157964140176773,0.15035714209079742,0.03488637134432793,100.0
H49,2023-12-01/2023-12-31,380,380,0.7774618268013,0.046146783977746964,0.4345121681690216,0.03804096579551697,0.22479824721813202,0.04376313462853432,100.0
H49,2024-01-01/2024-01-31,380,380,0.7726417779922485,0.05645493045449257,0.4462449848651886,0.040743615478277206,0.23504529893398285,0.039313241839408875,100.0
H49,2024-02-01/2024-02-29,380,380,0.7455735206604004,0.061542559415102005,0.4474649429321289,0.046096961945295334,0.20779967308044434,0.03470391780138016,100.0
H49,2024-03-01/2024-03-31,380,380,0.6529374718666077,0.06756288558244705,0.40931886434555054,0.041278302669525146,0.1575506180524826,0.029740475118160248,100.0
H49,2024-04-01/2024-04-30,380,380,0.641551673412323,0.06207391619682312,0.4213762879371643,0.04144834727048874,0.14933395385742188,0.030282163992524147,100.0
H49,2024-05-01/2024-05-31,380,380,0.6397589445114136,0.05633299797773361,0.43577080965042114,0.03640398755669594,0.15148843824863434,0.029090745374560356,100.0
H49,2024-06-01/2024-06-30,380,380,0.6501458287239075,0.0601276196539402,0.44131049513816833,0.04406491294503212,0.1403140276670456,0.028889350593090057,100.0
H49,2024-07-01/2024-07-31,232,380,0.6833202838897705,0.038992613554000854,0.5131463408470154,0.04564898461103439,0.1745491325855255,0.030663352459669113,61.1
H49,2024-08-01/2024-08-31,0,380,,,,,,,0.0
H49,2024-09-01/2024-09-30,380,380,0.7588300108909607,0.06546378880739212,0.4398629069328308,0.05641241744160652,0.18584193289279938,0.0358920581638813,100.0
H49,2024-10-01/2024-10-31,380,380,0.7004881501197815,0.05813727155327797,0.393634557723999,0.0427323654294014,0.14589078724384308,0.030851414427161217,100.0
H49,2024-11-01/2024-11-30,380,380,0.7362192273139954,0.08744116872549057,0.4166616201400757,0.06213751435279846,0.2333802431821823,0.043205711990594864,100.0
H49,2024-12-01/2024-12-31,380,380,0.7479474544525146,0.07330822199583054,0.4127817749977112,0.046305906027555466,0.25680842995643616,0.042630575597286224,100.0
H50,2023-01-01/2023-01-31,380,380,0.8721237182617188,0.03299759700894356,0.49455469846725464,0.04401101917028427,0.40340253710746765,0.032361842691898346,100.0
H50,2023-02-01/2023-02-28,380,380,0.8040676712989807,0.05155639722943306,0.4173353910446167,0.037115611135959625,0.269446462392807,0.03708036243915558,100.0
H50,2023-03-01/2023-03-31,380,380,0.7879365682601929,0.06492522358894348,0.5181617140769958,0.0510735847055912,0.31276336312294006,0.05126392841339111,100.0
H50,2023-04-01/2023-04-30,380,380,0.8031666874885559,0.061216920614242554,0.5312773585319519,0.047920215874910355,0.32480648159980774,0.04587645083665848,100.0
H50,2023-05-01/2023-05-31,380,380,0.7859541773796082,0.06336665153503418,0.5489765405654907,0.05119168758392334,0.29395270347595215,0.04671488702297211,100.0
H50,2023-06-01/2023-06-30,380,380,0.7973989248275757,0.06036599725484848,0.5412606596946716,0.046873047947883606,0.30465325713157654,0.04278799146413803,100.0
H50,2023-07-01/2023-07-31,352,380,0.7821975946426392,0.06761534512042999,0.5632663369178772,0.05822460353374481,0.32925236225128174,0.03109920769929886,92.6
H50,2023-08-01/2023-08-31,380,380,0.6752166152000427,0.015310264192521572,0.5811488628387451,0.01745220646262169,0.34482380747795105,0.011717896908521652,100.0
H50,2023-09-01/2023-09-30,380,380,0.8472738265991211,0.029557671397924423,0.525113582611084,0.030982714146375656,0.31886154413223267,0.029555516317486763,100.0
H50,2023-10-01/2023-10-31,380,380,0.89169842004776,0.027501404285430908,0.3191814124584198,0.021891538053750992,0.31089338660240173,0.03245203569531441,100.0
H50,2023-11-01/2023-11-30,380,380,0.8580732941627502,0.027393732219934464,0.46674463152885437,0.03350314125418663,0.3165002465248108,0.029399504885077477,100.0
H50,2023-12-01/2023-12-31,380,380,0.8845621347427368,0.028708118945360184,0.4374935030937195,0.03312692046165466,0.35476356744766235,0.03252977505326271,100.0
H50,2024-01-01/2024-01-31,380,380,0.7766943573951721,0.04535546526312828,0.3838065564632416,0.03182382136583328,0.1949169784784317,0.03571221977472305,100.0
H50,2024-02-01/2024-02-29,380,380,0.6653246283531189,0.04368969053030014,0.35390082001686096,0.025207949802279472,0.16753730177879333,0.030331328511238098,100.0
H50,2024-03-01/2024-03-31,380,380,0.6867331862449646,0.05896095931529999,0.4377652108669281,0.04972398281097412,0.20246367156505585,0.04234164580702782,100.0
H50,2024-04-01/2024-04-30,380,380,0.6768109202384949,0.05755354464054108,0.45280778408050537,0.05074211210012436,0.20057585835456848,0.044927556067705154,100.0
H50,2024-05-01/2024-05-31,380,380,0.7030255198478699,0.06502225995063782,0.4855900704860687,0.05158315971493721,0.19723071157932281,0.042836934328079224,100.0
H50,2024-06-01/2024-06-30,380,380,0.7258708477020264,0.06281272321939468,0.5090745687484741,0.051457297056913376,0.21626894176006317,0.039401859045028687,100.0
H50,2024-07-01/2024-07-31,4,380,0.7572479844093323,0.014503666199743748,0.5175527334213257,0.025836393237113953,0.26533469557762146,0.022510258480906487,1.1
H50,2024-08-01/2024-08-31,0,380,,,,,,,0.0
H50,2024-09-01/2024-09-30,380,380,0.8526516556739807,0.04144377261400223,0.5222258567810059,0.04523075371980667,0.2717899978160858,0.0419190376996994,100.0
H50,2024-10-01/2024-10-31,380,380,0.8480232357978821,0.03790353983640671,0.517960786819458,0.04062781482934952,0.2996205687522888,0.03952029347419739,100.0
H50,2024-11-01/2024-11-30,380,380,0.8385120630264282,0.04315013065934181,0.4628014862537384,0.045003730803728104,0.2793712019920349,0.044249799102544785,100.0
H50,2024-12-01/2024-12-31,380,380,0.6855892539024353,0.044851332902908325,0.372390478849411,0.031865332275629044,0.11383695155382156,0.03889838606119156,100.0
H51,2023-01-01/2023-01-31,380,380,0.8111721873283386,0.09653770923614502,0.4330032467842102,0.052906811237335205,0.36816999316215515,0.07959946990013123,100.0
H51,2023-02-01/2023-02-28,380,380,0.8331103920936584,0.09881014376878738,0.5053285956382751,0.07227332144975662,0.40046226978302,0.09467336535453796,100.0
H51,2023-03-01/2023-03-31,380,380,0.7790612578392029,0.10186156630516052,0.5183732509613037,0.07096228003501892,0.3221842050552368,0.08629816025495529,100.0
H51,2023-04-01/2023-04-30,380,380,0.7935225367546082,0.10217946767807007,0.5247926115989685,0.07110162824392319,0.31988614797592163,0.0870598629117012,100.0
H51,2023-05-01/2023-05-31,380,380,0.8099656701087952,0.09113876521587372,0.5820042490959167,0.07385160773992538,0.3305835723876953,0.08432545512914658,100.0
H51,2023-06-01/2023-06-30,380,380,0.81749427318573,0.10026796907186508,0.5724722743034363,0.07659631222486496,0.3400063216686249,0.0840250700712204,100.0
H51,2023-07-01/2023-07-31,380,380,0.8268603682518005,0.06960109621286392,0.615401029586792,0.06540088355541229,0.3562832474708557,0.06795904785394669,100.0
H51,2023-08-01/2023-08-31,379,380,0.6175207495689392,0.0424843393266201,0.5544865727424622,0.03196815773844719,0.34173011779785156,0.024708067998290062,99.7
H51,2023-09-01/2023-09-30,380,380,0.8188799619674683,0.09022794663906097,0.512638509273529,0.05671611800789833,0.2947829067707062,0.06734190136194229,100.0
H51,2023-10-01/2023-10-31,380,380,0.863558828830719,0.08999700844287872,0.296927273273468,0.03472011908888817,0.27575957775115967,0.0669415220618248,100.0
H51,2023-11-01/2023-11-30,380,380,0.8340519070625305,0.0996408686041832,0.44003912806510925,0.05230050906538963,0.27198153734207153,0.06706172972917557,100.0
H51,2023-12-01/2023-12-31,380,380,0.8512235879898071,0.08980991691350937,0.41516971588134766,0.05156778171658516,0.3079306185245514,0.07003110647201538,100.0
H51,2024-01-01/2024-01-31,380,380,0.8211228251457214,0.07621506601572037,0.4023786187171936,0.03619319573044777,0.2545710802078247,0.04250366985797882,100.0
H51,2024-02-01/2024-02-29,380,380,0.7096782326698303,0.0588998980820179,0.3559596538543701,0.025428369641304016,0.1609775424003601,0.027550846338272095,100.0
H51,2024-03-01/2024-03-31,380,380,0.735956609249115,0.08933469653129578,0.4839363396167755,0.06676004081964493,0.24092158675193787,0.05958564579486847,100.0
H51,2024-04-01/2024-04-30,380,380,0.7220006585121155,0.0843936949968338,0.5023655295372009,0.06741922348737717,0.2394641488790512,0.06142500787973404,100.0
H51,2024-05-01/2024-05-31,380,380,0.7921399474143982,0.09212110936641693,0.5511006116867065,0.061441607773303986,0.282186359167099,0.05043734610080719,100.0
H51,2024-06-01/2024-06-30,380,380,0.7955335378646851,0.08517464250326157,0.5699247121810913,0.06239180266857147,0.2891479432582855,0.04526985064148903,100.0
H51,2024-07-01/2024-07-31,379,380,0.6235907673835754,0.05038326606154442,0.5742348432540894,0.05346118286252022,0.3054437041282654,0.030816348269581795,99.7
H51,2024-08-01/2024-08-31,0,380,,,,,,,0.0
H51,2024-09-01/2024-09-30,380,380,0.8611034750938416,0.0519711971282959,0.5055773854255676,0.03809388726949692,0.2794632017612457,0.03544067591428757,100.0
H51,2024-10-01/2024-10-31,380,380,0.8410578966140747,0.05595382675528526,0.4847361147403717,0.03991682454943657,0.2843679189682007,0.03800564631819725,100.0
H51,2024-11-01/2024-11-30,380,380,0.8203853964805603,0.0706065222620964,0.4006609320640564,0.04239219054579735,0.23402908444404602,0.04622247442603111,100.0
H51,2024-12-01/2024-12-31,380,380,0.7938645482063293,0.06080985814332962,0.3811061680316925,0.039549291133880615,0.2828322649002075,0.047077734023332596,100.0
H52,2023-01-01/2023-01-31,380,380,0.6139346361160278,0.10013651847839355,0.3683142066001892,0.0676913782954216,0.10782496631145477,0.08609827607870102,100.0
H52,2023-02-01/2023-02-28,380,380,0.535551905632019,0.09300659596920013,0.32699695229530334,0.059323690831661224,0.044969312846660614,0.07123326510190964,100.0
H52,2023-03-01/2023-03-31,376,380,0.48158058524131775,0.07745902985334396,0.31497281789779663,0.05185982212424278,0.0031829336658120155,0.052946753799915314,98.9
H52,2023-04-01/2023-04-30,380,380,0.48236846923828125,0.0839475467801094,0.3144708573818207,0.06052417680621147,0.0031269555911421776,0.07501040399074554,100.0
H52,2023-05-01/2023-05-31,380,380,0.4747890532016754,0.09335866570472717,0.32130658626556396,0.06994160264730453,-0.018346354365348816,0.0691472589969635,100.0
H52,2023-06-01/2023-06-30,380,380,0.469020813703537,0.09544254839420319,0.3105812966823578,0.06564341485500336,-0.013558285310864449,0.05630824714899063,100.0
H52,2023-07-01/2023-07-31,380,380,0.599926233291626,0.07702672481536865,0.41253918409347534,0.07061721384525299,0.054501574486494064,0.07064689695835114,100.0
H52,2023-08-01/2023-08-31,241,380,0.4340105354785919,0.03531007096171379,0.41834744811058044,0.04197365418076515,0.1949404776096344,0.029555851593613625,63.4
H52,2023-09-01/2023-09-30,380,380,0.6755216717720032,0.09661193192005157,0.45725715160369873,0.10586263984441757,0.11830447614192963,0.11152546107769012,100.0
H52,2023-10-01/2023-10-31,380,380,0.6671549081802368,0.07508384436368942,0.2373894602060318,0.039486054331064224,0.053425733000040054,0.07846534997224808,100.0
H52,2023-11-01/2023-11-30,376,380,0.6518809795379639,0.10510043054819107,0.38553035259246826,0.07075183093547821,0.0923338308930397,0.0655415877699852,98.9
H52,2023-12-01/2023-12-31,380,380,0.721549928188324,0.0840575322508812,0.40852099657058716,0.06742146611213684,0.16448743641376495,0.08968761563301086,100.0
H52,2024-01-01/2024-01-31,380,380,0.6929402947425842,0.09778331965208054,0.4067729711532593,0.07581709325313568,0.1487102061510086,0.08420208096504211,100.0
H52,2024-02-01/2024-02-29,380,380,0.6375107765197754,0.09717438369989395,0.377168208360672,0.06705059111118317,0.1028071865439415,0.0839323103427887,100.0
H52,2024-03-01/2024-03-31,380,380,0.5583297610282898,0.09880185127258301,0.3548390567302704,0.0653870478272438,0.068730928003788,0.06960123777389526,100.0
H52,2024-04-01/2024-04-30,380,380,0.5286629796028137,0.10170246660709381,0.34610506892204285,0.06696320325136185,0.04103178530931473,0.0641225054860115,100.0
H52,2024-05-01/2024-05-31,380,380,0.45177289843559265,0.10048157721757889,0.3143250644207001,0.06815304607152939,0.016595225781202316,0.06333724409341812,100.0
H52,2024-06-01/2024-06-30,380,380,0.45842456817626953,0.10241028666496277,0.3164984881877899,0.07070592045783997,0.012516213580965996,0.07272949069738388,100.0
H52,2024-07-01/2024-07-31,372,380,0.4841497242450714,0.05805332586169243,0.441103458404541,0.0639333724975586,0.11599101126194,0.04267494007945061,97.9
H52,2024-08-01/2024-08-31,0,380,,,,,,,0.0
H52,2024-09-01/2024-09-30,380,380,0.6521490216255188,0.09041772037744522,0.39599618315696716,0.07263921201229095,0.10606169700622559,0.08584360033273697,100.0
H52,2024-10-01/2024-10-31,380,380,0.6417820453643799,0.0905652791261673,0.3890204131603241,0.07118427753448486,0.11575416475534439,0.08234134316444397,100.0
H52,2024-11-01/2024-11-30,380,380,0.6843194961547852,0.10813620686531067,0.4004904627799988,0.07759729027748108,0.16077496111392975,0.09620816260576248,100.0
H52,2024-12-01/2024-12-31,380,380,0.6984952688217163,0.1178588792681694,0.4134501516819,0.07874774187803268,0.1963811218738556,0.10199930518865585,100.0
H53,2023-01-01/2023-01-31,380,380,0.5886836647987366,0.13610993325710297,0.33481040596961975,0.08289672434329987,0.11369141191244125,0.07926865667104721,100.0
H53,2023-02-01/2023-02-28,380,380,0.5610061883926392,0.13520920276641846,0.32975634932518005,0.0827694907784462,0.08714687079191208,0.07121225446462631,100.0
H53,2023-03-01/2023-03-31,380,380,0.5115587115287781,0.12505961954593658,0.32763350009918213,0.0799410343170166,0.05271083489060402,0.05672534555196762,100.0
H53,2023-04-01/2023-04-30,380,380,0.512944757938385,0.13380752503871918,0.32790252566337585,0.08569652587175369,0.05606183409690857,0.05696748197078705,100.0
H53,2023-05-01/2023-05-31,380,380,0.5558277368545532,0.12701164186000824,0.3802107274532318,0.08993363380432129,0.07283221930265427,0.05746818706393242,100.0
H53,2023-06-01/2023-06-30,380,380,0.5381342172622681,0.12996920943260193,0.3568045496940613,0.08707550913095474,0.06708096712827682,0.054782770574092865,100.0
H53,2023-07-01/2023-07-31,380,380,0.673045814037323,0.10359015315771103,0.4621914029121399,0.08423381298780441,0.13357047736644745,0.05233791843056679,100.0
H53,2023-08-01/2023-08-31,172,380,0.41882067918777466,0.012932947836816311,0.41529712080955505,0.016665318980813026,0.21002598106861115,0.01026987936347723,45.3
H53,2023-09-01/2023-09-30,380,380,0.632016122341156,0.11052696406841278,0.39924678206443787,0.06856949627399445,0.08263897150754929,0.04560210555791855,100.0
H53,2023-10-01/2023-10-31,375,380,0.7093583941459656,0.08662725985050201,0.25214964151382446,0.03702260181307793,0.12271081656217575,0.058476950973272324,98.7
H53,2023-11-01/2023-11-30,380,380,0.6522172093391418,0.10214582085609436,0.36715763807296753,0.06594168394804001,0.10481826215982437,0.06747879832983017,100.0
H53,2023-12-01/2023-12-31,380,380,0.7119334936141968,0.11342993378639221,0.386692613363266,0.07929309457540512,0.16950173676013947,0.09145229309797287,100.0
H53,2024-01-01/2024-01-31,380,380,0.6802111864089966,0.11675549298524857,0.37057632207870483,0.07751743495464325,0.13726897537708282,0.0818847194314003,100.0
H53,2024-02-01/2024-02-29,380,380,0.601037859916687,0.1255066990852356,0.34471800923347473,0.07935544103384018,0.07906758040189743,0.07287115603685379,100.0
H53,2024-03-01/2024-03-31,380,380,0.5686560273170471,0.10534367710351944,0.3559134304523468,0.062495242804288864,0.08357544988393784,0.04170975834131241,100.0
H53,2024-04-01/2024-04-30,380,380,0.5525449514389038,0.09903021156787872,0.3589994013309479,0.06338444352149963,0.06752845644950867,0.041297897696495056,100.0
H53,2024-05-01/2024-05-31,380,380,0.562690258026123,0.11811625212430954,0.3858540952205658,0.07820086926221848,0.08250940591096878,0.043584857136011124,100.0
H53,2024-06-01/2024-06-30,380,380,0.560929536819458,0.1224399283528328,0.3873545527458191,0.08386014401912689,0.09135294705629349,0.046491291373968124,100.0
H53,2024-07-01/2024-07-31,347,380,0.5136287212371826,0.0372379869222641,0.4906720817089081,0.08193442225456238,0.19455072283744812,0.025264844298362732,91.3
H53,2024-08-01/2024-08-31,0,380,,,,,,,0.0
H53,2024-09-01/2024-09-30,380,380,0.7041407823562622,0.09323593229055405,0.4146164059638977,0.06194503977894783,0.1458035260438919,0.05875665321946144,100.0
H53,2024-10-01/2024-10-31,380,380,0.7304897904396057,0.08618380129337311,0.4516855776309967,0.06641840934753418,0.21066781878471375,0.05738295242190361,100.0
H53,2024-11-01/2024-11-30,380,380,0.7021580934524536,0.11389580368995667,0.40206098556518555,0.0817951112985611,0.18440599739551544,0.08264155685901642,100.0
H53,2024-12-01/2024-12-31,380,380,0.720800518989563,0.11455658823251724,0.4190453886985779,0.08777210861444473,0.2253590226173401,0.08739106357097626,100.0
H54,2023-01-01/2023-01-31,380,380,0.611030638217926,0.14394010603427887,0.3579329550266266,0.09217164665460587,0.12598833441734314,0.14167197048664093,100.0
H54,2023-02-01/2023-02-28,380,380,0.5354713797569275,0.17785555124282837,0.31758660078048706,0.11414638161659241,0.05349474400281906,0.16869625449180603,100.0
H54,2023-03-01/2023-03-31,380,380,0.46901848912239075,0.16982831060886383,0.29857274889945984,0.12126052379608154,0.00046392239164561033,0.1537938416004181,100.0
H54,2023-04-01/2023-04-30,380,380,0.4842127859592438,0.1796645224094391,0.3096119463443756,0.12681415677070618,0.020860757678747177,0.1621096134185791,100.0
H54,2023-05-01/2023-05-31,380,380,0.4649616777896881,0.17235644161701202,0.3112184703350067,0.1321411281824112,-0.007362586446106434,0.15085451304912567,100.0
H54,2023-06-01/2023-06-30,380,380,0.47628054022789,0.17634405195713043,0.310813307762146,0.12714441120624542,0.0039558010175824165,0.15238142013549805,100.0
H54,2023-07-01/2023-07-31,380,380,0.6636625528335571,0.07866475731134415,0.46300333738327026,0.06859930604696274,0.13706499338150024,0.0786852091550827,100.0
H54,2023-08-01/2023-08-31,106,380,0.43209341168403625,0.017105672508478165,0.42686599493026733,0.024604590609669685,0.19350522756576538,0.016343841329216957,27.9
H54,2023-09-01/2023-09-30,380,380,0.5939128398895264,0.06926985085010529,0.3865145742893219,0.056527793407440186,0.05412088707089424,0.05310423672199249,100.0
H54,2023-10-01/2023-10-31,380,380,0.5866001844406128,0.09337326139211655,0.20431610941886902,0.034120112657547,-0.01356480736285448,0.07045400887727737,100.0
H54,2023-11-01/2023-11-30,380,380,0.5981625914573669,0.06614822149276733,0.35938945412635803,0.048260562121868134,0.06000067666172981,0.059332285076379776,100.0
H54,2023-12-01/2023-12-31,380,380,0.6515858769416809,0.09551703929901123,0.3631083369255066,0.06700030714273453,0.10989030450582504,0.08969350159168243,100.0
H54,2024-01-01/2024-01-31,380,380,0.5726017951965332,0.13562966883182526,0.31520015001296997,0.08042661845684052,0.04404452070593834,0.11390228569507599,100.0
H54,2024-02-01/2024-02-29,380,380,0.5401269197463989,0.13219378888607025,0.3165793716907501,0.07792127132415771,0.023558825254440308,0.10138681530952454,100.0
H54,2024-03-01/2024-03-31,380,380,0.5070666074752808,0.11497919261455536,0.3218195140361786,0.07064781337976456,0.027667298913002014,0.08110521733760834,100.0
H54,2024-04-01/2024-04-30,380,380,0.48886799812316895,0.112279012799263,0.32018133997917175,0.07402459532022476,0.007999234832823277,0.08252448588609695,100.0
H54,2024-05-01/2024-05-31,380,380,0.4633668065071106,0.12598596513271332,0.324116051197052,0.0860346257686615,0.024865280836820602,0.08042176067829132,100.0
H54,2024-06-01/2024-06-30,380,380,0.47288578748703003,0.13315674662590027,0.33362576365470886,0.09017211198806763,0.032136958092451096,0.07875669002532959,100.0
H54,2024-07-01/2024-07-31,380,380,0.5552148222923279,0.07847534865140915,0.46722298860549927,0.06510385125875473,0.11278927326202393,0.04850689321756363,100.0
H54,2024-08-01/2024-08-31,0,380,,,,,,,0.0
H54,2024-09-01/2024-09-30,380,380,0.6489301323890686,0.09347040951251984,0.3981266915798187,0.07362356781959534,0.09030189365148544,0.06647025793790817,100.0
H54,2024-10-01/2024-10-31,380,380,0.5436977744102478,0.12046921998262405,0.32431164383888245,0.06772032380104065,0.046022120863199234,0.0812784880399704,100.0
H54,2024-11-01/2024-11-30,380,380,0.6384072303771973,0.11255516111850739,0.37583354115486145,0.07873896509408951,0.12033739686012268,0.09671023488044739,100.0
H54,2024-12-01/2024-12-31,380,380,0.5983909964561462,0.12956176698207855,0.3494375944137573,0.08183129131793976,0.11616914719343185,0.11207044869661331,100.0
H55,2023-01-01/2023-01-31,380,380,0.4368111193180084,0.16407260298728943,0.27999696135520935,0.12262333929538727,-0.012301357463002205,0.14689061045646667,100.0
H55,2023-02-01/2023-02-28,380,380,0.3860056400299072,0.11870681494474411,0.2379264384508133,0.0795292854309082,-0.06281915307044983,0.11568229645490646,100.0
H55,2023-03-01/2023-03-31,380,380,0.297221302986145,0.1019224151968956,0.18760885298252106,0.06354178488254547,-0.12326881289482117,0.09201031923294067,100.0
H55,2023-04-01/2023-04-30,380,380,0.3027026951313019,0.11435211449861526,0.19074131548404694,0.07133188843727112,-0.11198015511035919,0.10717137157917023,100.0
H55,2023-05-01/2023-05-31,380,380,0.2914409041404724,0.09464802592992783,0.18690456449985504,0.06646300107240677,-0.13915176689624786,0.09316395223140717,100.0
H55,2023-06-01/2023-06-30,380,380,0.3095327615737915,0.11048124730587006,0.195476233959198,0.07331652194261551,-0.12441146373748779,0.09543751180171967,100.0
H55,2023-07-01/2023-07-31,375,380,0.34836581349372864,0.15330782532691956,0.22105832397937775,0.1101822778582573,-0.07040106505155563,0.1045219749212265,98.7
H55,2023-08-01/2023-08-31,0,380,,,,,,,0.0
H55,2023-09-01/2023-09-30,380,380,0.5730683207511902,0.1674068123102188,0.4278446435928345,0.17406690120697021,0.10695089399814606,0.17359228432178497,100.0
H55,2023-10-01/2023-10-31,380,380,0.572038471698761,0.17238576710224152,0.2251739501953125,0.08608410507440567,0.038685403764247894,0.1629800796508789,100.0
H55,2023-11-01/2023-11-30,380,380,0.5354128479957581,0.15390925109386444,0.3462922275066376,0.12586446106433868,0.04745391011238098,0.14943526685237885,100.0
H55,2023-12-01/2023-12-31,380,380,0.49647268652915955,0.12566989660263062,0.2908700704574585,0.08879715949296951,0.0021778582595288754,0.12157802283763885,100.0
H55,2024-01-01/2024-01-31,375,380,0.4366213381290436,0.133259579539299,0.257009357213974,0.0890566036105156,-0.02695215307176113,0.1118592843413353,98.7
H55,2024-02-01/2024-02-29,375,380,0.41000813245773315,0.12781673669815063,0.25725257396698,0.08723197132349014,-0.037459615617990494,0.09973890334367752,98.7
H55,2024-03-01/2024-03-31,380,380,0.32899606227874756,0.09484763443470001,0.2149723619222641,0.0612083375453949,-0.06493691354990005,0.08488231897354126,100.0
H55,2024-04-01/2024-04-30,380,380,0.30605950951576233,0.08950920403003693,0.2041369378566742,0.05902710556983948,-0.09226973354816437,0.0719057098031044,100.0
H55,2024-05-01/2024-05-31,380,380,0.26780256628990173,0.0847851037979126,0.18493415415287018,0.05781411752104759,-0.08454953134059906,0.07172130793333054,100.0
H55,2024-06-01/2024-06-30,380,380,0.2732085883617401,0.09088978171348572,0.1895715445280075,0.06392419338226318,-0.08019579201936722,0.07716645300388336,100.0
H55,2024-07-01/2024-07-31,375,380,0.5381965041160583,0.1429944485425949,0.4462844133377075,0.14611954987049103,0.09257346391677856,0.11142509430646896,98.7
H55,2024-08-01/2024-08-31,0,380,,,,,,,0.0
H55,2024-09-01/2024-09-30,376,380,0.5921051502227783,0.16327588260173798,0.4118433892726898,0.15447640419006348,0.09640861302614212,0.15097877383232117,98.9
H55,2024-10-01/2024-10-31,380,380,0.5400391817092896,0.183974951505661,0.3751566410064697,0.1683771312236786,0.07836533337831497,0.16459240019321442,100.0
H55,2024-11-01/2024-11-30,375,380,0.5284092426300049,0.14113818109035492,0.3276643455028534,0.10912330448627472,0.0429353192448616,0.12196414172649384,98.7
H55,2024-12-01/2024-12-31,380,380,0.46117112040519714,0.1236465647816658,0.2904936969280243,0.08403486758470535,0.019504809752106667,0.10932508856058121,100.0
H56,2023-01-01/2023-01-31,380,380,0.4349428415298462,0.08439844846725464,0.2732435464859009,0.07906272262334824,-0.021954523399472237,0.11667771637439728,100.0
H56,2023-02-01/2023-02-28,368,380,0.38302239775657654,0.0863560289144516,0.24054871499538422,0.06266895681619644,-0.05057172104716301,0.08847946673631668,96.8
H56,2023-03-01/2023-03-31,368,380,0.31644195318222046,0.08967972546815872,0.20161886513233185,0.055153220891952515,-0.09337220340967178,0.09114741533994675,96.8
H56,2023-04-01/2023-04-30,356,380,0.32021090388298035,0.08021681755781174,0.20387712121009827,0.04840240254998207,-0.07889063656330109,0.07108529657125473,93.7
H56,2023-05-01/2023-05-31,368,380,0.25587591528892517,0.10125651955604553,0.16420303285121918,0.05320659652352333,-0.14147187769412994,0.07427795976400375,96.8
H56,2023-06-01/2023-06-30,376,380,0.25810468196868896,0.09396041929721832,0.15692086517810822,0.0579955168068409,-0.13968805968761444,0.06200892850756645,98.9
H56,2023-07-01/2023-07-31,368,380,0.5580868124961853,0.11661355197429657,0.3959057927131653,0.09860990941524506,0.04484519734978676,0.07619031518697739,96.8
H56,2023-08-01/2023-08-31,180,380,0.3457756042480469,0.018147705122828484,0.37113016843795776,0.022127972915768623,0.12241042405366898,0.013387965969741344,47.4
H56,2023-09-01/2023-09-30,368,380,0.5651180744171143,0.12867021560668945,0.4219464063644409,0.11351819336414337,0.09282249212265015,0.0883672758936882,96.8
H56,2023-10-01/2023-10-31,360,380,0.43906664848327637,0.06506538391113281,0.1738053262233734,0.038141194730997086,-0.0743236318230629,0.06758566945791245,94.7
H56,2023-11-01/2023-11-30,356,380,0.5273423194885254,0.07825438678264618,0.3509557843208313,0.0682418942451477,0.029063371941447258,0.0756862685084343,93.7
H56,2023-12-01/2023-12-31,380,380,0.5759854912757874,0.12646079063415527,0.3679276406764984,0.11274126172065735,0.05564676970243454,0.13429749011993408,100.0
H56,2024-01-01/2024-01-31,368,380,0.45295450091362,0.11248364299535751,0.28729376196861267,0.07978863269090652,-0.009591324254870415,0.10930459946393967,96.8
H56,2024-02-01/2024-02-29,364,380,0.29691141843795776,0.087305948138237,0.19761906564235687,0.05150528997182846,-0.08567866683006287,0.09416110068559647,95.8
H56,2024-03-01/2024-03-31,368,380,0.3408227562904358,0.09656094759702682,0.2347889393568039,0.06544604152441025,-0.05867680162191391,0.10407726466655731,96.8
H56,2024-04-01/2024-04-30,360,380,0.3291533887386322,0.06549149751663208,0.22722133994102478,0.049409642815589905,-0.07742045074701309,0.0681113451719284,94.7
H56,2024-05-01/2024-05-31,376,380,0.2532413899898529,0.09958592057228088,0.17910490930080414,0.07003743946552277,-0.08715124428272247,0.09585116058588028,98.9
H56,2024-06-01/2024-06-30,372,380,0.24834725260734558,0.1340842843055725,0.18461407721042633,0.06788409501314163,-0.09009438008069992,0.12088028341531754,97.9
H56,2024-07-01/2024-07-31,302,380,0.42070749402046204,0.07464837282896042,0.3553827106952667,0.05044017732143402,-0.009425817057490349,0.031975600868463516,79.5
H56,2024-08-01/2024-08-31,0,380,,,,,,,0.0
H56,2024-09-01/2024-09-30,368,380,0.5512750148773193,0.13824979960918427,0.37530410289764404,0.12541630864143372,0.06854210793972015,0.13140319287776947,96.8
H56,2024-10-01/2024-10-31,360,380,0.5519524812698364,0.08726649731397629,0.3682713508605957,0.0768042802810669,0.05787636339664459,0.08423785865306854,94.7
H56,2024-11-01/2024-11-30,368,380,0.5357338190078735,0.09621749073266983,0.3286113440990448,0.08384386450052261,0.021704666316509247,0.10011569410562515,96.8
H56,2024-12-01/2024-12-31,380,380,0.5600654482841492,0.10131806880235672,0.34491869807243347,0.09965941309928894,0.05648484081029892,0.12161032855510712,100.0
H57,2023-01-01/2023-01-31,380,380,0.5582735538482666,0.10062158852815628,0.31975260376930237,0.06571067124605179,0.06834638863801956,0.10157494246959686,100.0
H57,2023-02-01/2023-02-28,380,380,0.4839816391468048,0.11124889552593231,0.2933863401412964,0.0744849219918251,0.028878960758447647,0.10507393628358841,100.0
H57,2023-03-01/2023-03-31,380,380,0.39908453822135925,0.13247163593769073,0.259988009929657,0.10177675634622574,-0.027090489864349365,0.12096580862998962,100.0
H57,2023-04-01/2023-04-30,380,380,0.3977806568145752,0.13833512365818024,0.2593826353549957,0.10547014325857162,-0.025149056687951088,0.12098333984613419,100.0
H57,2023-05-01/2023-05-31,380,380,0.3860403001308441,0.1404455304145813,0.26074960827827454,0.11594168096780777,-0.05951952561736107,0.1334524303674698,100.0
H57,2023-06-01/2023-06-30,380,380,0.3902705907821655,0.1358329951763153,0.2561057507991791,0.11067616194486618,-0.06013685464859009,0.13399076461791992,100.0
H57,2023-07-01/2023-07-31,380,380,0.731870174407959,0.06348371505737305,0.5398048758506775,0.09098265320062637,0.18912608921527863,0.0960167869925499,100.0
H57,2023-08-01/2023-08-31,155,380,0.43656739592552185,0.05071815848350525,0.44615015387535095,0.05608634278178215,0.20941822230815887,0.038101594895124435,40.8
H57,2023-09-01/2023-09-30,380,380,0.6245930194854736,0.10063477605581284,0.4174555838108063,0.08284492790699005,0.07308638840913773,0.10068493336439133,100.0
H57,2023-10-01/2023-10-31,380,380,0.6602124571800232,0.12212052196264267,0.2471686750650406,0.05674799904227257,0.05786144360899925,0.12248781323432922,100.0
H57,2023-11-01/2023-11-30,380,380,0.5967042446136475,0.12781119346618652,0.35545313358306885,0.09058143198490143,0.06032153591513634,0.11543207615613937,100.0
H57,2023-12-01/2023-12-31,380,380,0.579763650894165,0.14612828195095062,0.31020587682724,0.08839558809995651,0.03122752346098423,0.12816551327705383,100.0
H57,2024-01-01/2024-01-31,380,380,0.5196598768234253,0.12450669705867767,0.2827233672142029,0.07001519948244095,-0.006628504488617182,0.10823847353458405,100.0
H57,2024-02-01/2024-02-29,380,380,0.42766451835632324,0.10554209351539612,0.24422204494476318,0.05953564494848251,-0.06257811188697815,0.09250567108392715,100.0
H57,2024-03-01/2024-03-31,380,380,0.4282487630844116,0.11830303817987442,0.27843356132507324,0.08951134234666824,-0.026148607954382896,0.10940124839544296,100.0
H57,2024-04-01/2024-04-30,380,380,0.40765368938446045,0.11702053993940353,0.2721778154373169,0.09144880622625351,-0.047400202602148056,0.10557092726230621,100.0
H57,2024-05-01/2024-05-31,380,380,0.38464829325675964,0.14465726912021637,0.26753488183021545,0.11229325830936432,-0.036014869809150696,0.11464551836252213,100.0
H57,2024-06-01/2024-06-30,380,380,0.3727840185165405,0.1481250375509262,0.26214250922203064,0.11409451067447662,-0.03831740468740463,0.11558376997709274,100.0
H57,2024-07-01/2024-07-31,352,380,0.45193251967430115,0.11688891053199768,0.36820220947265625,0.08376345038414001,0.014932765625417233,0.0794825404882431,92.6
H57,2024-08-01/2024-08-31,0,380,,,,,,,0.0
H57,2024-09-01/2024-09-30,380,380,0.6327506899833679,0.12913790345191956,0.39920762181282043,0.10147906094789505,0.08151238411664963,0.1183643639087677,100.0
H57,2024-10-01/2024-10-31,380,380,0.7046910524368286,0.08793500065803528,0.45954886078834534,0.08170481026172638,0.1711045354604721,0.09225549548864365,100.0
H57,2024-11-01/2024-11-30,380,380,0.6344724297523499,0.10929064452648163,0.3755941689014435,0.0806860476732254,0.11082325875759125,0.10624398291110992,100.0
H57,2024-12-01/2024-12-31,380,380,0.6026893854141235,0.10072515159845352,0.3471560776233673,0.06883162260055542,0.10102798789739609,0.09296511858701706,100.0
H58,2023-01-01/2023-01-31,380,380,0.4083498418331146,0.10265424102544785,0.23161880671977997,0.04190457984805107,-0.06598050892353058,0.06467687338590622,100.0
H58,2023-02-01/2023-02-28,380,380,0.34555068612098694,0.06094573438167572,0.18751272559165955,0.02259199507534504,-0.12328677624464035,0.031127270311117172,100.0
H58,2023-03-01/2023-03-31,380,380,0.30001410841941833,0.030803268775343895,0.17426003515720367,0.022430820390582085,-0.1623864769935608,0.026387019082903862,100.0
H58,2023-04-01/2023-04-30,380,380,0.3025585114955902,0.03366253152489662,0.17438864707946777,0.02561291866004467,-0.15722866356372833,0.028779828920960426,100.0
H58,2023-05-01/2023-05-31,380,380,0.31666862964630127,0.051741380244493484,0.1857159286737442,0.028313754126429558,-0.16394978761672974,0.03968270123004913,100.0
H58,2023-06-01/2023-06-30,380,380,0.3225318193435669,0.052352480590343475,0.18496449291706085,0.028292594477534294,-0.16009867191314697,0.0408976711332798,100.0
H58,2023-07-01/2023-07-31,380,380,0.6884515285491943,0.08833114802837372,0.5207013487815857,0.08803489059209824,0.1706409454345703,0.0709802657365799,100.0
H58,2023-08-01/2023-08-31,0,380,,,,,,,0.0
H58,2023-09-01/2023-09-30,380,380,0.5833171606063843,0.11141950637102127,0.40205544233322144,0.08575205504894257,0.06310183554887772,0.09773813933134079,100.0
H58,2023-10-01/2023-10-31,380,380,0.6630120873451233,0.08927907794713974,0.2636669874191284,0.04265422001481056,0.0508200004696846,0.08928132802248001,100.0
H58,2023-11-01/2023-11-30,380,380,0.6960425972938538,0.05446459725499153,0.45759859681129456,0.04992048442363739,0.1338280737400055,0.06069333478808403,100.0
H58,2023-12-01/2023-12-31,380,380,0.4200940728187561,0.1411277949810028,0.22525902092456818,0.06595560908317566,-0.10842408984899521,0.09503956884145737,100.0
H58,2024-01-01/2024-01-31,380,380,0.42013829946517944,0.0773719847202301,0.22836941480636597,0.029216093942523003,-0.1226535364985466,0.0467352457344532,100.0
H58,2024-02-01/2024-02-29,380,380,0.40340328216552734,0.050032712519168854,0.2309209257364273,0.029607856646180153,-0.12073609232902527,0.034397754818201065,100.0
H58,2024-03-01/2024-03-31,380,380,0.34014827013015747,0.031977925449609756,0.20918940007686615,0.029626257717609406,-0.12314250320196152,0.04141737148165703,100.0
H58,2024-04-01/2024-04-30,380,380,0.311411052942276,0.029782189056277275,0.1997380256652832,0.030985062941908836,-0.15068969130516052,0.03832351416349411,100.0
H58,2024-05-01/2024-05-31,380,380,0.31237050890922546,0.04658562317490578,0.2132890820503235,0.03052971325814724,-0.10075945407152176,0.04363328963518143,100.0
H58,2024-06-01/2024-06-30,380,380,0.3154354691505432,0.0454370379447937,0.2157328575849533,0.031312137842178345,-0.09538957476615906,0.0452270582318306,100.0
H58,2024-07-01/2024-07-31,380,380,0.651692271232605,0.07645586878061295,0.48730605840682983,0.07008694857358932,0.11297624558210373,0.07958950102329254,100.0
H58,2024-08-01/2024-08-31,0,380,,,,,,,0.0
H58,2024-09-01/2024-09-30,380,380,0.5478280186653137,0.14000770449638367,0.34515684843063354,0.11350983381271362,-0.023359689861536026,0.13100916147232056,100.0
H58,2024-10-01/2024-10-31,380,380,0.6494842767715454,0.09837578982114792,0.43345263600349426,0.09182027727365494,0.09915369749069214,0.10038036108016968,100.0
H58,2024-11-01/2024-11-30,380,380,0.5702704191207886,0.0775642842054367,0.3198834955692291,0.049659937620162964,0.012689131312072277,0.06921471655368805,100.0
H58,2024-12-01/2024-12-31,380,380,0.5867816805839539,0.05115118622779846,0.3360750377178192,0.046359091997146606,0.03284153342247009,0.0384502038359642,100.0
H59,2023-01-01/2023-01-31,380,380,0.41320016980171204,0.07552120089530945,0.2071612924337387,0.05009346455335617,-0.10728292167186737,0.060393352061510086,100.0
H59,2023-02-01/2023-02-28,380,380,0.3481135368347168,0.07063683867454529,0.17833617329597473,0.042907342314720154,-0.1514255851507187,0.055095553398132324,100.0
H59,2023-03-01/2023-03-31,380,380,0.27511706948280334,0.03788112476468086,0.1572006791830063,0.026193266734480858,-0.1821393221616745,0.03511832654476166,100.0
H59,2023-04-01/2023-04-30,380,380,0.28301218152046204,0.03953760489821434,0.16073694825172424,0.02736619859933853,-0.17332173883914948,0.03703589737415314,100.0
H59,2023-05-01/2023-05-31,380,380,0.28917044401168823,0.04799379035830498,0.16914458572864532,0.027398690581321716,-0.16946262121200562,0.03361233323812485,100.0
H59,2023-06-01/2023-06-30,380,380,0.2830469012260437,0.04900357872247696,0.1621219366788864,0.02658643200993538,-0.17493097484111786,0.03163706138730049,100.0
H59,2023-07-01/2023-07-31,380,380,0.6790095567703247,0.0882924422621727,0.48621007800102234,0.11470062285661697,0.1412443220615387,0.08411391824483871,100.0
H59,2023-08-01/2023-08-31,374,380,0.5066983103752136,0.03200121596455574,0.5342699885368347,0.0487121045589447,0.26748934388160706,0.02346161939203739,98.4
H59,2023-09-01/2023-09-30,380,380,0.6573708057403564,0.14148356020450592,0.47168177366256714,0.1455632746219635,0.14524318277835846,0.1527712047100067,100.0
H59,2023-10-01/2023-10-31,380,380,0.6919775605201721,0.06857568770647049,0.2515528202056885,0.057644445449113846,0.07365253567695618,0.07368785887956619,100.0
H59,2023-11-01/2023-11-30,380,380,0.6797335743904114,0.07352316379547119,0.4505425691604614,0.09286270290613174,0.15408079326152802,0.0732828676700592,100.0
H59,2023-12-01/2023-12-31,380,380,0.6102285981178284,0.08252392709255219,0.3163905441761017,0.0835341066122055,0.009467244148254395,0.09485670179128647,100.0
H59,2024-01-01/2024-01-31,380,380,0.4201819896697998,0.0618147999048233,0.2215603142976761,0.04329279065132141,-0.12308920919895172,0.06418513506650925,100.0
H59,2024-02-01/2024-02-29,380,380,0.4537227153778076,0.06610107421875,0.25190460681915283,0.056745294481515884,-0.10922697186470032,0.06627121567726135,100.0
H59,2024-03-01/2024-03-31,380,380,0.3744002878665924,0.04727259278297424,0.2212330400943756,0.039972323924303055,-0.1297241747379303,0.05325549840927124,100.0
H59,2024-04-01/2024-04-30,380,380,0.3389177918434143,0.04337550699710846,0.20657891035079956,0.03715747967362404,-0.1602746993303299,0.05009310692548752,100.0
H59,2024-05-01/2024-05-31,380,380,0.29671812057495117,0.04601765424013138,0.19325804710388184,0.031418390572071075,-0.13863080739974976,0.0461256243288517,100.0
H59,2024-06-01/2024-06-30,380,380,0.3080802261829376,0.049842365086078644,0.20377741754055023,0.03480527177453041,-0.12265783548355103,0.047768011689186096,100.0
H59,2024-07-01/2024-07-31,103,380,0.7590929865837097,0.0425967276096344,0.5811479687690735,0.06748531013727188,0.21965256333351135,0.04402187466621399,27.1
H59,2024-08-01/2024-08-31,0,380,,,,,,,0.0
H59,2024-09-01/2024-09-30,380,380,0.8463311195373535,0.03247107192873955,0.668865442276001,0.05450061708688736,0.30298513174057007,0.044787388294935226,100.0
H59,2024-10-01/2024-10-31,380,380,0.7829432487487793,0.05803469941020012,0.5993475317955017,0.08964215964078903,0.275355726480484,0.06480928510427475,100.0
H59,2024-11-01/2024-11-30,380,380,0.6619769334793091,0.07841070741415024,0.3810538947582245,0.08457428961992264,0.07089446485042572,0.09225183725357056,100.0
H59,2024-12-01/2024-12-31,380,380,0.40932923555374146,0.06573616713285446,0.2595694959163666,0.03949484974145889,-0.06090967357158661,0.06283499300479889,100.0
H60,2023-01-01/2023-01-31,380,380,0.5661873817443848,0.05890953168272972,0.306624174118042,0.030675064772367477,0.017741717398166656,0.04302152991294861,100.0
H60,2023-02-01/2023-02-28,380,380,0.5305145382881165,0.08740804344415665,0.29481157660484314,0.049649327993392944,-0.011332814581692219,0.061151742935180664,100.0
H60,2023-03-01/2023-03-31,380,380,0.4891095757484436,0.09457618743181229,0.3014473617076874,0.06371858716011047,-0.03837258368730545,0.06393497437238693,100.0
H60,2023-04-01/2023-04-30,380,380,0.4847208857536316,0.09997517615556717,0.298584908246994,0.06849213689565659,-0.03771182522177696,0.06571599841117859,100.0
H60,2023-05-01/2023-05-31,380,380,0.47399067878723145,0.09324193745851517,0.31054237484931946,0.07291282713413239,-0.05813536420464516,0.06865929812192917,100.0
H60,2023-06-01/2023-06-30,380,380,0.4588797390460968,0.09050764888525009,0.29140666127204895,0.06942149996757507,-0.06798185408115387,0.06715475022792816,100.0
H60,2023-07-01/2023-07-31,380,380,0.7258120775222778,0.02710135467350483,0.524966299533844,0.035225413739681244,0.1561809778213501,0.032830893993377686,100.0
H60,2023-08-01/2023-08-31,0,380,,,,,,,0.0
H60,2023-09-01/2023-09-30,380,380,0.7395869493484497,0.0328209325671196,0.4988946318626404,0.040749967098236084,0.16255290806293488,0.03890056908130646,100.0
H60,2023-10-01/2023-10-31,380,380,0.653649091720581,0.059874966740608215,0.22850151360034943,0.02586093731224537,0.03453963249921799,0.05256715416908264,100.0
H60,2023-11-01/2023-11-30,380,380,0.7211162447929382,0.04570373147726059,0.44129678606987,0.0388888344168663,0.15540362894535065,0.04480893909931183,100.0
H60,2023-12-01/2023-12-31,380,380,0.682449996471405,0.07840164005756378,0.3630574941635132,0.050359033048152924,0.10007777810096741,0.0706663504242897,100.0
H60,2024-01-01/2024-01-31,380,380,0.6802144646644592,0.09223327785730362,0.3742887079715729,0.06245267763733864,0.09039424359798431,0.08101041615009308,100.0
H60,2024-02-01/2024-02-29,380,380,0.6669623255729675,0.096702441573143,0.3921559751033783,0.07300494611263275,0.08765610307455063,0.08701108396053314,100.0
H60,2024-03-01/2024-03-31,380,380,0.5480270981788635,0.1157250851392746,0.3434213399887085,0.08272898942232132,0.03328012302517891,0.08945786207914352,100.0
H60,2024-04-01/2024-04-30,380,380,0.5121644735336304,0.11296112090349197,0.32725149393081665,0.08120009303092957,-0.003123836824670434,0.08427085727453232,100.0
H60,2024-05-01/2024-05-31,380,380,0.48180755972862244,0.11342789232730865,0.3348870873451233,0.09080684930086136,0.0008526507299393415,0.08535406738519669,100.0
H60,2024-06-01/2024-06-30,380,380,0.49091804027557373,0.1153881698846817,0.34145286679267883,0.09317781031131744,0.004298549145460129,0.08569135516881943,100.0
H60,2024-07-01/2024-07-31,380,380,0.7139681577682495,0.03866031393408775,0.5623553395271301,0.042184580117464066,0.18761403858661652,0.039277710020542145,100.0
H60,2024-08-01/2024-08-31,0,380,,,,,,,0.0
H60,2024-09-01/2024-09-30,380,380,0.6823825240135193,0.06710661202669144,0.3942806124687195,0.0677279680967331,0.0873572826385498,0.06467724591493607,100.0
H60,2024-10-01/2024-10-31,380,380,0.6941585540771484,0.06550415605306625,0.41170695424079895,0.050991661846637726,0.13405555486679077,0.05180198326706886,100.0
H60,2024-11-01/2024-11-30,380,380,0.7630454897880554,0.08477754145860672,0.42955780029296875,0.054917190223932266,0.22549477219581604,0.09019648283720016,100.0
H60,2024-12-01/2024-12-31,380,380,0.7305596470832825,0.11094003170728683,0.4123779833316803,0.07869753986597061,0.20777516067028046,0.11871601641178131,100.0
H61,2023-01-01/2023-01-31,380,380,0.5080059766769409,0.05422193184494972,0.2658623158931732,0.04323654994368553,-0.06393064558506012,0.06186676770448685,100.0
H61,2023-02-01/2023-02-28,380,380,0.3427217900753021,0.04315069690346718,0.2004976123571396,0.019286980852484703,-0.14039112627506256,0.04064782336354256,100.0
H61,2023-03-01/2023-03-31,380,380,0.3389641344547272,0.04738723114132881,0.208055317401886,0.035793036222457886,-0.1545211374759674,0.042213067412376404,100.0
H61,2023-04-01/2023-04-30,380,380,0.33664700388908386,0.04818582907319069,0.2064763307571411,0.03623674064874649,-0.15277116000652313,0.044454995542764664,100.0
H61,2023-05-01/2023-05-31,380,380,0.3018632233142853,0.04406594857573509,0.18088547885417938,0.029213465750217438,-0.20513470470905304,0.032284900546073914,100.0
H61,2023-06-01/2023-06-30,380,380,0.3042583763599396,0.04357459396123886,0.1776680052280426,0.027604324743151665,-0.2062198370695114,0.03172269091010094,100.0
H61,2023-07-01/2023-07-31,380,380,0.7407109141349792,0.04348616674542427,0.565767765045166,0.061665065586566925,0.16187240183353424,0.050278566777706146,100.0
H61,2023-08-01/2023-08-31,0,380,,,,,,,0.0
H61,2023-09-01/2023-09-30,380,380,0.7427361607551575,0.03607109189033508,0.51643967628479,0.04213029891252518,0.19647859036922455,0.03867842257022858,100.0
H61,2023-10-01/2023-10-31,380,380,0.5846969485282898,0.07483519613742828,0.19731014966964722,0.03488365560770035,-0.07493797689676285,0.08170197904109955,100.0
H61,2023-11-01/2023-11-30,380,380,0.6074894070625305,0.064228355884552,0.3587407171726227,0.061573635786771774,0.008149391040205956,0.0800345167517662,100.0
H61,2023-12-01/2023-12-31,380,380,0.6328989267349243,0.051406603306531906,0.33775123953819275,0.04669458046555519,0.020002052187919617,0.05666930973529816,100.0
H61,2024-01-01/2024-01-31,380,380,0.5572181940078735,0.05655309557914734,0.29685109853744507,0.04924948886036873,-0.03866593912243843,0.05886171758174896,100.0
H61,2024-02-01/2024-02-29,380,380,0.40396708250045776,0.05765299126505852,0.2315061092376709,0.03442436829209328,-0.12671756744384766,0.04803711920976639,100.0
H61,2024-03-01/2024-03-31,380,380,0.36447006464004517,0.04187599569559097,0.22005225718021393,0.03329842537641525,-0.12993153929710388,0.0479777529835701,100.0
H61,2024-04-01/2024-04-30,380,380,0.3395283818244934,0.04232528805732727,0.21147583425045013,0.03329145908355713,-0.15516631305217743,0.044379569590091705,100.0
H61,2024-05-01/2024-05-31,380,380,0.3075628876686096,0.05022357776761055,0.1957748830318451,0.036585789173841476,-0.1552363932132721,0.045372333377599716,100.0
H61,2024-06-01/2024-06-30,380,380,0.3024522662162781,0.04904614016413689,0.1941254884004593,0.0354362316429615,-0.1580529659986496,0.043001580983400345,100.0
H61,2024-07-01/2024-07-31,380,380,0.7128247022628784,0.05072654038667679,0.5638784170150757,0.07422911375761032,0.14723502099514008,0.05759961158037186,100.0
H61,2024-08-01/2024-08-31,0,380,,,,,,,0.0
H61,2024-09-01/2024-09-30,380,380,0.6438336968421936,0.08791759610176086,0.41046908497810364,0.08409634232521057,0.053665317595005035,0.09293459355831146,100.0
H61,2024-10-01/2024-10-31,380,380,0.6802428960800171,0.08146484941244125,0.452410489320755,0.08474504202604294,0.1248231753706932,0.08713816106319427,100.0
H61,2024-11-01/2024-11-30,380,380,0.6384979486465454,0.08110368251800537,0.3793327212333679,0.0740542858839035,0.09171280264854431,0.07805196195840836,100.0
H61,2024-12-01/2024-12-31,380,380,0.5275715589523315,0.06579092890024185,0.2887202799320221,0.04799704626202583,-0.014437993988394737,0.06176413595676422,100.0
H62,2023-01-01/2023-01-31,380,380,0.5128562450408936,0.09512597322463989,0.2573282718658447,0.059280335903167725,-0.04477996379137039,0.07990755885839462,100.0
H62,2023-02-01/2023-02-28,380,380,0.489265114068985,0.09452808648347855,0.25594133138656616,0.05547945946455002,-0.05183175206184387,0.07432866841554642,100.0
H62,2023-03-01/2023-03-31,380,380,0.4230758249759674,0.07999418675899506,0.24526526033878326,0.04950812831521034,-0.09207990765571594,0.05976101756095886,100.0
H62,2023-04-01/2023-04-30,380,380,0.42307049036026,0.08139800280332565,0.2437431663274765,0.04843682423233986,-0.09305135160684586,0.05748923867940903,100.0
H62,2023-05-01/2023-05-31,380,380,0.4227837920188904,0.08141166716814041,0.2517229914665222,0.0526890829205513,-0.10556947439908981,0.05977509543299675,100.0
H62,2023-06-01/2023-06-30,380,380,0.41719114780426025,0.07327304780483246,0.2420387715101242,0.04507070034742355,-0.10927575826644897,0.052719805389642715,100.0
H62,2023-07-01/2023-07-31,380,380,0.5371840596199036,0.07341640442609787,0.3146848976612091,0.06266393512487411,-0.03203386813402176,0.06949877738952637,100.0
H62,2023-08-01/2023-08-31,0,380,,,,,,,0.0
H62,2023-09-01/2023-09-30,380,380,0.5522739887237549,0.07554259896278381,0.32492467761039734,0.06499911099672318,-0.008616792969405651,0.0684722363948822,100.0
H62,2023-10-01/2023-10-31,380,380,0.5974772572517395,0.09255465865135193,0.1919829547405243,0.04516550526022911,-0.03277416527271271,0.0937609001994133,100.0
H62,2023-11-01/2023-11-30,380,380,0.5574312210083008,0.0961131751537323,0.2953956127166748,0.07701948285102844,-0.02070818655192852,0.09842978417873383,100.0
H62,2023-12-01/2023-12-31,380,380,0.6318648457527161,0.10448455065488815,0.3228159546852112,0.07835085690021515,0.06028803810477257,0.10707955807447433,100.0
H62,2024-01-01/2024-01-31,380,380,0.585953414440155,0.10423357039690018,0.300740122795105,0.07191016525030136,0.02475273236632347,0.09476560354232788,100.0
H62,2024-02-01/2024-02-29,380,380,0.4879216253757477,0.1066647619009018,0.25470539927482605,0.06551675498485565,-0.04651721194386482,0.09083232283592224,100.0
H62,2024-03-01/2024-03-31,380,380,0.4714018702507019,0.08733828365802765,0.2662401795387268,0.04967319965362549,-0.038312118500471115,0.066329225897789,100.0
H62,2024-04-01/2024-04-30,380,380,0.4525279104709625,0.08319102972745895,0.26617708802223206,0.04924643039703369,-0.05507581681013107,0.06410586088895798,100.0
H62,2024-05-01/2024-05-31,380,380,0.45172882080078125,0.09022883325815201,0.2711320221424103,0.05312977731227875,-0.05131225660443306,0.052297960966825485,100.0
H62,2024-06-01/2024-06-30,380,380,0.4585382640361786,0.09595442563295364,0.2844759523868561,0.060322925448417664,-0.04464499279856682,0.05864233896136284,100.0
H62,2024-07-01/2024-07-31,380,380,0.57905513048172,0.0632537379860878,0.3575766980648041,0.04887532442808151,0.019860368221998215,0.050483476370573044,100.0
H62,2024-08-01/2024-08-31,0,380,,,,,,,0.0
H62,2024-09-01/2024-09-30,380,380,0.5971876978874207,0.10349948704242706,0.3055543303489685,0.07537921518087387,-0.008121678605675697,0.09909602999687195,100.0
H62,2024-10-01/2024-10-31,380,380,0.5914468169212341,0.10270274430513382,0.31335899233818054,0.07716196030378342,0.018972381949424744,0.09905298054218292,100.0
H62,2024-11-01/2024-11-30,380,380,0.6475080251693726,0.09015139937400818,0.34518417716026306,0.06956533342599869,0.07375655323266983,0.08973632752895355,100.0
H62,2024-12-01/2024-12-31,380,380,0.6343106031417847,0.09985635429620743,0.33849769830703735,0.07589569687843323,0.07901845127344131,0.09745509177446365,100.0
H63,2023-01-01/2023-01-31,380,380,0.23273877799510956,0.06445753574371338,0.10657291114330292,0.02985456772148609,-0.2405727207660675,0.03749113529920578,100.0
H63,2023-02-01/2023-02-28,380,380,0.20131678879261017,0.04517699033021927,0.09865093231201172,0.02111365646123886,-0.23428897559642792,0.023183805868029594,100.0
H63,2023-03-01/2023-03-31,380,380,0.1765328198671341,0.03233293443918228,0.09319012612104416,0.016257720068097115,-0.2373921424150467,0.018403736874461174,100.0
H63,2023-04-01/2023-04-30,380,380,0.18290601670742035,0.03391117975115776,0.09702347964048386,0.016856512054800987,-0.2292870581150055,0.01821950264275074,100.0
H63,2023-05-01/2023-05-31,380,380,0.20151033997535706,0.03602871671319008,0.11071725189685822,0.01925489492714405,-0.2079813927412033,0.022461766377091408,100.0
H63,2023-06-01/2023-06-30,380,380,0.20923706889152527,0.03781777620315552,0.11341020464897156,0.019555561244487762,-0.19981135427951813,0.02366488054394722,100.0
H63,2023-07-01/2023-07-31,380,380,0.38502708077430725,0.10742349177598953,0.1841556280851364,0.08346423506736755,-0.07702886313199997,0.08566964417695999,100.0
H63,2023-08-01/2023-08-31,0,380,,,,,,,0.0
H63,2023-09-01/2023-09-30,380,380,0.3954910933971405,0.09265594184398651,0.22576361894607544,0.06736698746681213,-0.06661400943994522,0.058166150003671646,100.0
H63,2023-10-01/2023-10-31,380,380,0.44249677658081055,0.07050333172082901,0.12945204973220825,0.031161444261670113,-0.09798408299684525,0.04909577593207359,100.0
H63,2023-11-01/2023-11-30,380,380,0.379915326833725,0.07698465883731842,0.20016640424728394,0.05003557354211807,-0.07986006140708923,0.05505114048719406,100.0
H63,2023-12-01/2023-12-31,380,380,0.3420184552669525,0.06421305239200592,0.15302902460098267,0.03418843075633049,-0.1478603631258011,0.03794435039162636,100.0
H63,2024-01-01/2024-01-31,380,380,0.28391703963279724,0.05435503274202347,0.1302846074104309,0.027393391355872154,-0.19131354987621307,0.03087308257818222,100.0
H63,2024-02-01/2024-02-29,380,380,0.2479628324508667,0.044085342437028885,0.12201210856437683,0.0235670767724514,-0.20102398097515106,0.027210386469960213,100.0
H63,2024-03-01/2024-03-31,380,380,0.2585431635379791,0.03301452845335007,0.14099517464637756,0.019038498401641846,-0.17528995871543884,0.023781217634677887,100.0
H63,2024-04-01/2024-04-30,380,380,0.22910325229167938,0.03196017071604729,0.1281825751066208,0.019174586981534958,-0.20378904044628143,0.02209576405584812,100.0
H63,2024-05-01/2024-05-31,380,380,0.2247782051563263,0.030779758468270302,0.1278437077999115,0.017120445147156715,-0.19094491004943848,0.022272314876317978,100.0
H63,2024-06-01/2024-06-30,380,380,0.261555552482605,0.04142060875892639,0.1552577167749405,0.024844059720635414,-0.15750811994075775,0.028755949810147285,100.0
H63,2024-07-01/2024-07-31,0,380,,,,,,,0.0
H63,2024-08-01/2024-08-31,0,380,,,,,,,0.0
H63,2024-09-01/2024-09-30,380,380,0.5443353056907654,0.08092541247606277,0.3246948719024658,0.07145044952630997,0.06450792402029037,0.06371325999498367,100.0
H63,2024-10-01/2024-10-31,380,380,0.5375871062278748,0.07327127456665039,0.3232778310775757,0.06275784969329834,0.0908675268292427,0.05399211496114731,100.0
H63,2024-11-01/2024-11-30,380,380,0.3059103190898895,0.061620455235242844,0.14186356961727142,0.030961057171225548,-0.19477751851081848,0.04046070948243141,100.0
H63,2024-12-01/2024-12-31,380,380,0.2870357036590576,0.04197927564382553,0.13857656717300415,0.02140897698700428,-0.20108531415462494,0.03366735950112343,100.0
H64,2023-01-01/2023-01-31,380,380,0.3764679729938507,0.057127803564071655,0.22251389920711517,0.03434552624821663,-0.1252136081457138,0.035189878195524216,100.0
H64,2023-02-01/2023-02-28,380,380,0.3185863196849823,0.05241671949625015,0.1873721033334732,0.030568839982151985,-0.17437398433685303,0.030631644651293755,100.0
H64,2023-03-01/2023-03-31,380,380,0.2748185098171234,0.04165591299533844,0.1675555557012558,0.025908730924129486,-0.21026991307735443,0.025279510766267776,100.0
H64,2023-04-01/2023-04-30,380,380,0.2792756259441376,0.04263228923082352,0.1706235110759735,0.0263702180236578,-0.20173349976539612,0.026188762858510017,100.0
H64,2023-05-01/2023-05-31,380,380,0.25851985812187195,0.03764389082789421,0.1574329435825348,0.022333435714244843,-0.237224742770195,0.02157205156981945,100.0
H64,2023-06-01/2023-06-30,380,380,0.2639181911945343,0.037622448056936264,0.15659120678901672,0.02180599234998226,-0.23794543743133545,0.021397531032562256,100.0
H64,2023-07-01/2023-07-31,380,380,0.6648780703544617,0.057305559515953064,0.4913669526576996,0.06179092824459076,0.08893735706806183,0.05852549895644188,100.0
H64,2023-08-01/2023-08-31,0,380,,,,,,,0.0
H64,2023-09-01/2023-09-30,380,380,0.6834874153137207,0.04410761594772339,0.4778781235218048,0.04663049057126045,0.15668801963329315,0.045051611959934235,100.0
H64,2023-10-01/2023-10-31,380,380,0.6825545430183411,0.11523232609033585,0.2724643647670746,0.05756397172808647,0.09709085524082184,0.12420861423015594,100.0
H64,2023-11-01/2023-11-30,380,380,0.4473641514778137,0.1145109087228775,0.2985512316226959,0.06589452177286148,-0.022316696122288704,0.05474342405796051,100.0
H64,2023-12-01/2023-12-31,380,380,0.6009983420372009,0.08993228524923325,0.3273080885410309,0.06993483752012253,-0.013588308356702328,0.09231127798557281,100.0
H64,2024-01-01/2024-01-31,380,380,0.3862583339214325,0.05910521373152733,0.23393690586090088,0.03171168640255928,-0.10656443238258362,0.040819201618433,100.0
H64,2024-02-01/2024-02-29,380,380,0.40909621119499207,0.047765400260686874,0.24414043128490448,0.03203559294342995,-0.11899999529123306,0.035953544080257416,100.0
H64,2024-03-01/2024-03-31,380,380,0.33830562233924866,0.040446024388074875,0.21175773441791534,0.028037577867507935,-0.14554543793201447,0.03137124329805374,100.0
H64,2024-04-01/2024-04-30,380,380,0.3106330931186676,0.03654018044471741,0.19963479042053223,0.026080381125211716,-0.17177268862724304,0.029323728755116463,100.0
H64,2024-05-01/2024-05-31,380,380,0.2624763548374176,0.03427654877305031,0.17248521745204926,0.022924363613128662,-0.17553675174713135,0.025568388402462006,100.0
H64,2024-06-01/2024-06-30,380,380,0.26705116033554077,0.039973124861717224,0.17595495283603668,0.02642066776752472,-0.17465995252132416,0.02503116987645626,100.0
H64,2024-07-01/2024-07-31,334,380,0.7072453498840332,0.060263898223638535,0.5466846823692322,0.07464873790740967,0.1391085982322693,0.06830865144729614,87.9
H64,2024-08-01/2024-08-31,0,380,,,,,,,0.0
H64,2024-09-01/2024-09-30,380,380,0.822155773639679,0.03237871080636978,0.5870220065116882,0.05485714226961136,0.3377739489078522,0.044070661067962646,100.0
H64,2024-10-01/2024-10-31,380,380,0.789355456829071,0.03388828784227371,0.5503062009811401,0.050233740359544754,0.3298007547855377,0.04195956140756607,100.0
H64,2024-11-01/2024-11-30,380,380,0.4238050878047943,0.07070960849523544,0.26331666111946106,0.048328496515750885,-0.06602016091346741,0.05510184168815613,100.0
H64,2024-12-01/2024-12-31,380,380,0.34654977917671204,0.04808996245265007,0.20278491079807281,0.02754998207092285,-0.11370031535625458,0.03696326166391373,100.0
H65,2023-01-01/2023-01-31,380,380,0.5208553671836853,0.06929265707731247,0.3093704283237457,0.04240328073501587,0.004631605464965105,0.04559815675020218,100.0
H65,2023-02-01/2023-02-28,380,380,0.4510645866394043,0.0915655642747879,0.27374812960624695,0.051907729357481,-0.03963176906108856,0.05635964125394821,100.0
H65,2023-03-01/2023-03-31,380,380,0.4045204222202301,0.08655131608247757,0.26005473732948303,0.053506940603256226,-0.07623600214719772,0.05091001093387604,100.0
H65,2023-04-01/2023-04-30,380,380,0.41044625639915466,0.09206791967153549,0.2622133791446686,0.05578988417983055,-0.07432220876216888,0.05168452486395836,100.0
H65,2023-05-01/2023-05-31,380,380,0.40192195773124695,0.08757412433624268,0.26287925243377686,0.06061159074306488,-0.09710072726011276,0.05945828557014465,100.0
H65,2023-06-01/2023-06-30,380,380,0.4011183977127075,0.08737650513648987,0.256416380405426,0.05718144401907921,-0.0973331555724144,0.05713382363319397,100.0
H65,2023-07-01/2023-07-31,380,380,0.6341760158538818,0.10447484254837036,0.4562191069126129,0.11574390530586243,0.07308261096477509,0.09756135940551758,100.0
H65,2023-08-01/2023-08-31,0,380,,,,,,,0.0
H65,2023-09-01/2023-09-30,380,380,0.6561699509620667,0.09648997336626053,0.4563979208469391,0.1086481362581253,0.09416336566209793,0.09628637135028839,100.0
H65,2023-10-01/2023-10-31,380,380,0.7088526487350464,0.051799412816762924,0.2815997898578644,0.022309130057692528,0.10014716535806656,0.043813202530145645,100.0
H65,2023-11-01/2023-11-30,380,380,0.6854400634765625,0.06708051264286041,0.4536033272743225,0.0584450364112854,0.1546877771615982,0.07080408185720444,100.0
H65,2023-12-01/2023-12-31,380,380,0.6115151047706604,0.06809254735708237,0.35844987630844116,0.048299118876457214,0.04570455476641655,0.06116628646850586,100.0
H65,2024-01-01/2024-01-31,380,380,0.6249476671218872,0.07755081355571747,0.3787257969379425,0.054977934807538986,0.05903536081314087,0.06000380218029022,100.0
H65,2024-02-01/2024-02-29,380,380,0.5969765782356262,0.09493423998355865,0.3718951642513275,0.06654976308345795,0.04587683454155922,0.07243440300226212,100.0
H65,2024-03-01/2024-03-31,380,380,0.47063368558883667,0.09193789958953857,0.30558985471725464,0.05783918499946594,-0.00954337976872921,0.055607348680496216,100.0
H65,2024-04-01/2024-04-30,380,380,0.4437529742717743,0.0900508463382721,0.29344505071640015,0.05766373872756958,-0.03946865350008011,0.054973576217889786,100.0
H65,2024-05-01/2024-05-31,380,380,0.4077153205871582,0.10591619461774826,0.28557783365249634,0.07166372239589691,-0.03214091807603836,0.05940501391887665,100.0
H65,2024-06-01/2024-06-30,380,380,0.41530758142471313,0.1073313057422638,0.28967517614364624,0.07288094609975815,-0.03083411045372486,0.06040891632437706,100.0
H65,2024-07-01/2024-07-31,380,380,0.6733376979827881,0.0442960262298584,0.5921411514282227,0.06547915935516357,0.21497449278831482,0.040922533720731735,100.0
H65,2024-08-01/2024-08-31,0,380,,,,,,,0.0
H65,2024-09-01/2024-09-30,380,380,0.6907676458358765,0.15591102838516235,0.46200084686279297,0.11914601922035217,0.16970595717430115,0.14598627388477325,100.0
H65,2024-10-01/2024-10-31,380,380,0.6535745859146118,0.07015478610992432,0.4320533275604248,0.04810691997408867,0.13647985458374023,0.05947316810488701,100.0
H65,2024-11-01/2024-11-30,380,380,0.6442440748214722,0.06689630448818207,0.3848649561405182,0.048994142562150955,0.1038232073187828,0.06094616651535034,100.0
H65,2024-12-01/2024-12-31,380,380,0.6011026501655579,0.10366794466972351,0.36541029810905457,0.06775311380624771,0.08225342631340027,0.08083049952983856,100.0
H66,2023-01-01/2023-01-31,380,380,0.5969547629356384,0.062213800847530365,0.3397313952445984,0.03514426574110985,0.04925758019089699,0.02726205810904503,100.0
H66,2023-02-01/2023-02-28,380,380,0.5260846018791199,0.06644807010889053,0.3129967153072357,0.03881536051630974,0.0306155513972044,0.034278929233551025,100.0
H66,2023-03-01/2023-03-31,380,380,0.4826704263687134,0.06088998541235924,0.30451613664627075,0.0389757864177227,-0.020768608897924423,0.03342809900641441,100.0
H66,2023-04-01/2023-04-30,380,380,0.49491047859191895,0.05060619115829468,0.3095850348472595,0.0322449617087841,-0.017269451171159744,0.028716010972857475,100.0
H66,2023-05-01/2023-05-31,380,380,0.4784163236618042,0.059169914573431015,0.3209083676338196,0.04047531262040138,-0.024516040459275246,0.03129250928759575,100.0
H66,2023-06-01/2023-06-30,380,380,0.47477447986602783,0.048171717673540115,0.3112778961658478,0.032327547669410706,-0.02575288526713848,0.026804281398653984,100.0
H66,2023-07-01/2023-07-31,380,380,0.6268137097358704,0.040795668959617615,0.4207617938518524,0.0360376313328743,0.08435874432325363,0.031616244465112686,100.0
H66,2023-08-01/2023-08-31,0,380,,,,,,,0.0
H66,2023-09-01/2023-09-30,380,380,0.7545968890190125,0.06452439725399017,0.5325314402580261,0.0548400953412056,0.2326548993587494,0.03842809796333313,100.0
H66,2023-10-01/2023-10-31,380,380,0.6666509509086609,0.0626336857676506,0.2370574176311493,0.02540506049990654,0.07622180879116058,0.03579032048583031,100.0
H66,2023-11-01/2023-11-30,380,380,0.6808021068572998,0.06061111390590668,0.4120871424674988,0.042448755353689194,0.145968958735466,0.03833160549402237,100.0
H66,2023-12-01/2023-12-31,380,380,0.6573107838630676,0.0699639841914177,0.3775072693824768,0.04585091769695282,0.11012507230043411,0.04625854268670082,100.0
H66,2024-01-01/2024-01-31,380,380,0.6867690086364746,0.07061518728733063,0.40778034925460815,0.04580364003777504,0.12957452237606049,0.041235122829675674,100.0
H66,2024-02-01/2024-02-29,380,380,0.6694780588150024,0.07578115910291672,0.41911590099334717,0.05178198963403702,0.12100627273321152,0.042847584933042526,100.0
H66,2024-03-01/2024-03-31,380,380,0.5506675243377686,0.0625963881611824,0.34851038455963135,0.040175870060920715,0.052362531423568726,0.0362495519220829,100.0
H66,2024-04-01/2024-04-30,380,380,0.5216352939605713,0.06127296760678291,0.3374817371368408,0.040702346712350845,0.020968623459339142,0.03668440133333206,100.0
H66,2024-05-01/2024-05-31,380,380,0.5188550353050232,0.06573231518268585,0.35691821575164795,0.04487544670701027,0.05082232505083084,0.03622607886791229,100.0
H66,2024-06-01/2024-06-30,380,380,0.5276864171028137,0.061080511659383774,0.36712783575057983,0.04233536496758461,0.05572660267353058,0.03417254239320755,100.0
H66,2024-07-01/2024-07-31,368,380,0.6727973222732544,0.05732974037528038,0.5795199275016785,0.05407269671559334,0.2451869249343872,0.03420324623584747,96.8
H66,2024-08-01/2024-08-31,0,380,,,,,,,0.0
H66,2024-09-01/2024-09-30,380,380,0.6975079774856567,0.07050527632236481,0.4217979907989502,0.04480231553316116,0.14627481997013092,0.03478368744254112,100.0
H66,2024-10-01/2024-10-31,380,380,0.6512119770050049,0.067827969789505,0.38952386379241943,0.03918294236063957,0.14352338016033173,0.03388320654630661,100.0
H66,2024-11-01/2024-11-30,380,380,0.7288455963134766,0.07603272050619125,0.4419240951538086,0.052140407264232635,0.21748214960098267,0.04867935553193092,100.0
H66,2024-12-01/2024-12-31,380,380,0.7529927492141724,0.07994356751441956,0.4677714407444,0.0572127066552639,0.2599250376224518,0.05532371252775192,100.0
H67,2023-01-01/2023-01-31,380,380,0.6267166137695312,0.09237580746412277,0.3619091510772705,0.05720003694295883,0.08002220094203949,0.09043490141630173,100.0
H67,2023-02-01/2023-02-28,380,380,0.5668654441833496,0.11863096803426743,0.33355513215065,0.06533830612897873,0.04218145087361336,0.08799970149993896,100.0
H67,2023-03-01/2023-03-31,380,380,0.5070949196815491,0.11186916381120682,0.32106977701187134,0.06903044879436493,-0.004501193296164274,0.07811997085809708,100.0
H67,2023-04-01/2023-04-30,380,380,0.515781581401825,0.11405953764915466,0.3237486481666565,0.07078205794095993,0.003207598812878132,0.07401871681213379,100.0
H67,2023-05-01/2023-05-31,380,380,0.4871194064617157,0.11912117153406143,0.32664307951927185,0.07910265028476715,-0.020078515633940697,0.07294609397649765,100.0
H67,2023-06-01/2023-06-30,380,380,0.48200851678848267,0.1126897782087326,0.31392014026641846,0.07213813066482544,-0.0222726222127676,0.06747078895568848,100.0
H67,2023-07-01/2023-07-31,380,380,0.7287507057189941,0.0488576740026474,0.5271074175834656,0.05802794173359871,0.18406066298484802,0.04250429943203926,100.0
H67,2023-08-01/2023-08-31,0,380,,,,,,,0.0
H67,2023-09-01/2023-09-30,380,380,0.6734746694564819,0.08043074607849121,0.4418087601661682,0.07244215905666351,0.12642733752727509,0.0618121437728405,100.0
H67,2023-10-01/2023-10-31,380,380,0.7176100015640259,0.06654047220945358,0.26855096220970154,0.027968350797891617,0.14298124611377716,0.055980272591114044,100.0
H67,2023-11-01/2023-11-30,380,380,0.724291205406189,0.08687292039394379,0.4498540759086609,0.06265509128570557,0.19591988623142242,0.07090327143669128,100.0
H67,2023-12-01/2023-12-31,380,380,0.7287676334381104,0.0963594913482666,0.42300984263420105,0.06571788340806961,0.19029906392097473,0.09288964420557022,100.0
H67,2024-01-01/2024-01-31,380,380,0.725252091884613,0.11906178295612335,0.43390166759490967,0.07450491935014725,0.18310748040676117,0.09706005454063416,100.0
H67,2024-02-01/2024-02-29,380,380,0.61354660987854,0.12458063662052155,0.3687671720981598,0.07075710594654083,0.0861605629324913,0.08654382079839706,100.0
H67,2024-03-01/2024-03-31,380,380,0.5860795378684998,0.13689865171909332,0.37072449922561646,0.08266571909189224,0.07245685905218124,0.08320637792348862,100.0
H67,2024-04-01/2024-04-30,380,380,0.5514358282089233,0.13441050052642822,0.36196017265319824,0.0859309658408165,0.0463997945189476,0.08516354858875275,100.0
H67,2024-05-01/2024-05-31,380,380,0.50780189037323,0.14529623091220856,0.3517370820045471,0.09821449220180511,0.03958491235971451,0.08365287631750107,100.0
H67,2024-06-01/2024-06-30,380,380,0.5104572772979736,0.14299559593200684,0.3525737524032593,0.09753603488206863,0.03869199380278587,0.08126363903284073,100.0
H67,2024-07-01/2024-07-31,380,380,0.6057370901107788,0.0807405635714531,0.48908302187919617,0.06482773274183273,0.17634651064872742,0.05220536142587662,100.0
H67,2024-08-01/2024-08-31,0,380,,,,,,,0.0
H67,2024-09-01/2024-09-30,380,380,0.7061862349510193,0.08531445264816284,0.4311310350894928,0.08013290911912918,0.15165618062019348,0.07340013980865479,100.0
H67,2024-10-01/2024-10-31,380,380,0.7019807696342468,0.08013768494129181,0.4377439022064209,0.06761359423398972,0.17296941578388214,0.06722705066204071,100.0
H67,2024-11-01/2024-11-30,380,380,0.6801503896713257,0.10018182545900345,0.3943331241607666,0.05972322076559067,0.14267200231552124,0.07079577445983887,100.0
H67,2024-12-01/2024-12-31,380,380,0.6769969463348389,0.13766466081142426,0.3923274278640747,0.08172957599163055,0.15843860805034637,0.10582982003688812,100.0
H68,2023-01-01/2023-01-31,380,380,0.5123447179794312,0.059764549136161804,0.29295361042022705,0.032728493213653564,0.003923648502677679,0.041989851742982864,100.0
H68,2023-02-01/2023-02-28,380,380,0.4759658873081207,0.07151011377573013,0.2848777770996094,0.03934534266591072,-0.012149406597018242,0.042378101497888565,100.0
H68,2023-03-01/2023-03-31,380,380,0.40199917554855347,0.060647886246442795,0.2567838132381439,0.03708866983652115,-0.06517233699560165,0.034094829112291336,100.0
H68,2023-04-01/2023-04-30,380,380,0.4066445529460907,0.06424551457166672,0.25944921374320984,0.03947724029421806,-0.05822069197893143,0.03535367548465729,100.0
H68,2023-05-01/2023-05-31,380,380,0.4074638783931732,0.06628043949604034,0.2698127329349518,0.04468359798192978,-0.07003500312566757,0.036053672432899475,100.0
H68,2023-06-01/2023-06-30,380,380,0.4012680947780609,0.06008681282401085,0.2604372203350067,0.03871193528175354,-0.07174759358167648,0.03334416076540947,100.0
H68,2023-07-01/2023-07-31,380,380,0.6959822773933411,0.03498983010649681,0.5141541361808777,0.03617149218916893,0.16876092553138733,0.03304210677742958,100.0
H68,2023-08-01/2023-08-31,0,380,,,,,,,0.0
H68,2023-09-01/2023-09-30,380,380,0.6023797392845154,0.07266451418399811,0.40676823258399963,0.06564272195100784,0.06759407371282578,0.06607601046562195,100.0
H68,2023-10-01/2023-10-31,380,380,0.5905386805534363,0.06549225747585297,0.21222855150699615,0.025843264535069466,0.01445819716900587,0.04910086840391159,100.0
H68,2023-11-01/2023-11-30,380,380,0.6495655179023743,0.06629711389541626,0.3956277072429657,0.04388617351651192,0.10429228097200394,0.04684574902057648,100.0
H68,2023-12-01/2023-12-31,380,380,0.6044503450393677,0.07558193802833557,0.34752485156059265,0.04485075920820236,0.06507917493581772,0.051580581814050674,100.0
H68,2024-01-01/2024-01-31,380,380,0.614931583404541,0.0739801675081253,0.36334553360939026,0.04393960162997246,0.07042064517736435,0.0455763004720211,100.0
H68,2024-02-01/2024-02-29,380,380,0.5908567905426025,0.07120084762573242,0.3683520257472992,0.04397715628147125,0.0636340081691742,0.04111016169190407,100.0
H68,2024-03-01/2024-03-31,380,380,0.5051753520965576,0.07365382462739944,0.3288356065750122,0.046813346445560455,0.02984101139008999,0.04086516797542572,100.0
H68,2024-04-01/2024-04-30,380,380,0.4830782413482666,0.07105208188295364,0.3224402666091919,0.0472940132021904,0.0032177127432078123,0.04044680297374725,100.0
H68,2024-05-01/2024-05-31,380,380,0.4487636387348175,0.07694341987371445,0.3150538504123688,0.05315466970205307,0.0043175495229661465,0.03946850821375847,100.0
H68,2024-06-01/2024-06-30,380,380,0.4507935047149658,0.07431286573410034,0.3183252811431885,0.051537610590457916,0.0056467424146831036,0.0367700569331646,100.0
H68,2024-07-01/2024-07-31,347,380,0.5356164574623108,0.04710283502936363,0.5053524374961853,0.05610645189881325,0.1598682403564453,0.037445902824401855,91.3
H68,2024-08-01/2024-08-31,0,380,,,,,,,0.0
H68,2024-09-01/2024-09-30,380,380,0.6025637984275818,0.06859908252954483,0.36426016688346863,0.04206972196698189,0.08018111437559128,0.04750547558069229,100.0
H68,2024-10-01/2024-10-31,380,380,0.637516438961029,0.0556136891245842,0.3956347703933716,0.046790312975645065,0.12343820184469223,0.046648528426885605,100.0
H68,2024-11-01/2024-11-30,380,380,0.6445428729057312,0.07727079093456268,0.36801877617836,0.044050537049770355,0.11543410271406174,0.05071580037474632,100.0
H68,2024-12-01/2024-12-31,380,380,0.65446537733078,0.0997496098279953,0.37871262431144714,0.05718221142888069,0.13722647726535797,0.06887411326169968,100.0
H69,2023-01-01/2023-01-31,380,380,0.7194560766220093,0.07741715759038925,0.44488999247550964,0.05051317438483238,0.22344662249088287,0.06813740730285645,100.0
H69,2023-02-01/2023-02-28,380,380,0.6036394834518433,0.0854998305439949,0.37618207931518555,0.04927058517932892,0.11146620661020279,0.060061145573854446,100.0
H69,2023-03-01/2023-03-31,380,380,0.5527979135513306,0.07244580239057541,0.3616706430912018,0.04563760757446289,0.07131337374448776,0.05180976912379265,100.0
H69,2023-04-01/2023-04-30,380,380,0.5725425481796265,0.07662675529718399,0.37557658553123474,0.0503511019051075,0.08519291132688522,0.05839916318655014,100.0
H69,2023-05-01/2023-05-31,380,380,0.6073132753372192,0.07835224270820618,0.4237973392009735,0.06202860176563263,0.09806455671787262,0.06278827786445618,100.0
H69,2023-06-01/2023-06-30,380,380,0.6018840074539185,0.07973591238260269,0.4088554084300995,0.06043791398406029,0.09754955023527145,0.06618551909923553,100.0
H69,2023-07-01/2023-07-31,380,380,0.7414141297340393,0.04315583407878876,0.5270808935165405,0.05843209847807884,0.17580483853816986,0.06566563248634338,100.0
H69,2023-08-01/2023-08-31,380,380,0.5371333956718445,0.029193023219704628,0.5203750729560852,0.03859930485486984,0.27347296476364136,0.03466201573610306,100.0
H69,2023-09-01/2023-09-30,380,380,0.6976019740104675,0.03408060595393181,0.44349947571754456,0.030174167826771736,0.1116480752825737,0.0312309879809618,100.0
H69,2023-10-01/2023-10-31,380,380,0.7509402632713318,0.049237124621868134,0.26264631748199463,0.02380974218249321,0.13050079345703125,0.04142946004867554,100.0
H69,2023-11-01/2023-11-30,380,380,0.7175151705741882,0.06761427968740463,0.4286157786846161,0.04421689361333847,0.1651095300912857,0.05483563616871834,100.0
H69,2023-12-01/2023-12-31,380,380,0.7972246408462524,0.10070826858282089,0.4906081259250641,0.07619994133710861,0.26561564207077026,0.0864485576748848,100.0
H69,2024-01-01/2024-01-31,380,380,0.7830066680908203,0.08194565027952194,0.48387572169303894,0.06114548072218895,0.24339428544044495,0.07380408048629761,100.0
H69,2024-02-01/2024-02-29,380,380,0.72935950756073,0.09766783565282822,0.45102179050445557,0.06244683638215065,0.18272359669208527,0.07060854882001877,100.0
H69,2024-03-01/2024-03-31,380,380,0.6136757135391235,0.07647552341222763,0.3814708888530731,0.04300158843398094,0.09947184473276138,0.0484684519469738,100.0
H69,2024-04-01/2024-04-30,380,380,0.5772953033447266,0.06824292242527008,0.37009337544441223,0.04039347171783447,0.06847637891769409,0.04704161360859871,100.0
H69,2024-05-01/2024-05-31,380,380,0.586872935295105,0.08506602048873901,0.3849511742591858,0.052754923701286316,0.08171039819717407,0.05466477572917938,100.0
H69,2024-06-01/2024-06-30,380,380,0.5902298092842102,0.09165926277637482,0.38706865906715393,0.05563363432884216,0.07985242456197739,0.053129538893699646,100.0
H69,2024-07-01/2024-07-31,376,380,0.4803154766559601,0.04685055837035179,0.47207778692245483,0.03493329510092735,0.13903982937335968,0.019765105098485947,98.9
H69,2024-08-01/2024-08-31,0,380,,,,,,,0.0
H69,2024-09-01/2024-09-30,380,380,0.7950595021247864,0.09864608943462372,0.4897874593734741,0.06799425184726715,0.24185338616371155,0.07659047842025757,100.0
H69,2024-10-01/2024-10-31,380,380,0.7842965126037598,0.08333922922611237,0.5071584582328796,0.05385609716176987,0.2665528953075409,0.06941758096218109,100.0
H69,2024-11-01/2024-11-30,380,380,0.7477797865867615,0.08547493815422058,0.4575076401233673,0.05458251014351845,0.2061288058757782,0.0726272463798523,100.0
H69,2024-12-01/2024-12-31,380,380,0.7634400129318237,0.07882063090801239,0.470702588558197,0.05876825749874115,0.2366461455821991,0.07881544530391693,100.0
H70,2023-01-01/2023-01-31,380,380,0.5030176043510437,0.053045812994241714,0.31425535678863525,0.03695978224277496,0.014155959710478783,0.04522838816046715,100.0
H70,2023-02-01/2023-02-28,380,380,0.3236415386199951,0.04613187164068222,0.21927204728126526,0.026819711551070213,-0.08191246539354324,0.029594002291560173,100.0
H70,2023-03-01/2023-03-31,380,380,0.31238996982574463,0.04099765419960022,0.21100005507469177,0.02692382223904133,-0.12835529446601868,0.027684008702635765,100.0
H70,2023-04-01/2023-04-30,380,380,0.31862953305244446,0.04636121541261673,0.21563200652599335,0.030660517513751984,-0.11813847720623016,0.030927982181310654,100.0
H70,2023-05-01/2023-05-31,380,380,0.3169352114200592,0.0325140580534935,0.2056920975446701,0.023188037797808647,-0.17082588374614716,0.026397766545414925,100.0
H70,2023-06-01/2023-06-30,380,380,0.32253336906433105,0.035666342824697495,0.20435212552547455,0.024854710325598717,-0.16851113736629486,0.029429540038108826,100.0
H70,2023-07-01/2023-07-31,380,380,0.7306169867515564,0.03797464072704315,0.5861462354660034,0.047700587660074234,0.1624535769224167,0.0385727658867836,100.0
H70,2023-08-01/2023-08-31,156,380,0.35746389627456665,0.028553679585456848,0.36709141731262207,0.031009025871753693,0.12398631870746613,0.02230101078748703,41.1
H70,2023-09-01/2023-09-30,380,380,0.7464781403541565,0.06658276170492172,0.5915869474411011,0.06140653416514397,0.19792701303958893,0.046736329793930054,100.0
H70,2023-10-01/2023-10-31,380,380,0.6655275225639343,0.0349765345454216,0.27083200216293335,0.017189858481287956,0.04231495037674904,0.02652059495449066,100.0
H70,2023-11-01/2023-11-30,380,380,0.6418254971504211,0.057013802230358124,0.430446982383728,0.04447059705853462,0.10408502072095871,0.04723608121275902,100.0
H70,2023-12-01/2023-12-31,380,380,0.5967070460319519,0.04999329149723053,0.35495245456695557,0.03864767402410507,0.021877102553844452,0.04333847016096115,100.0
H70,2024-01-01/2024-01-31,380,380,0.5685214996337891,0.04298439994454384,0.3501683175563812,0.031225480139255524,0.020071974024176598,0.030549850314855576,100.0
H70,2024-02-01/2024-02-29,380,380,0.4860039949417114,0.04494071751832962,0.29936152696609497,0.03051614947617054,-0.037790000438690186,0.03717297688126564,100.0
H70,2024-03-01/2024-03-31,380,380,0.4120696187019348,0.03274162858724594,0.26502224802970886,0.021723303943872452,-0.06404323875904083,0.02728738822042942,100.0
H70,2024-04-01/2024-04-30,380,380,0.3845489025115967,0.03158499300479889,0.25504612922668457,0.02217581309378147,-0.0905122235417366,0.02647976204752922,100.0
H70,2024-05-01/2024-05-31,380,380,0.2897508442401886,0.033027082681655884,0.21559938788414001,0.02290424332022667,-0.08144509792327881,0.019234370440244675,100.0
H70,2024-06-01/2024-06-30,380,380,0.3103730082511902,0.033987052738666534,0.23018665611743927,0.02405819296836853,-0.07256448268890381,0.018559684976935387,100.0
H70,2024-07-01/2024-07-31,160,380,0.46675318479537964,0.07037024945020676,0.5343138575553894,0.053746938705444336,0.1478745937347412,0.021972540766000748,42.1
H70,2024-08-01/2024-08-31,0,380,,,,,,,0.0
H70,2024-09-01/2024-09-30,380,380,0.4294130802154541,0.08477748930454254,0.28009751439094543,0.06573134660720825,-0.04109097644686699,0.05639847740530968,100.0
H70,2024-10-01/2024-10-31,380,380,0.6331504583358765,0.0597236305475235,0.44398510456085205,0.052167169749736786,0.08717328310012817,0.04750358313322067,100.0
H70,2024-11-01/2024-11-30,380,380,0.7137843370437622,0.03277868777513504,0.4768053889274597,0.03806254267692566,0.18040870130062103,0.03509797155857086,100.0
H70,2024-12-01/2024-12-31,380,380,0.45210394263267517,0.06207401677966118,0.29663652181625366,0.037722378969192505,0.012757844291627407,0.04546588286757469,100.0
H71,2023-01-01/2023-01-31,380,380,0.5335108637809753,0.056237831711769104,0.3595634996891022,0.040073614567518234,0.04977653920650482,0.04624814912676811,100.0
H71,2023-02-01/2023-02-28,380,380,0.3776881694793701,0.037841763347387314,0.25556865334510803,0.02514253370463848,-0.05225567892193794,0.03378230333328247,100.0
H71,2023-03-01/2023-03-31,380,380,0.3623567223548889,0.04089464247226715,0.23726646602153778,0.02454884722828865,-0.08672965317964554,0.032807763665914536,100.0
H71,2023-04-01/2023-04-30,380,380,0.36982613801956177,0.04239540547132492,0.24218231439590454,0.025304725393652916,-0.0775514617562294,0.03399615362286568,100.0
H71,2023-05-01/2023-05-31,380,380,0.33767247200012207,0.032499123364686966,0.2286035567522049,0.020876437425613403,-0.1161380335688591,0.035184334963560104,100.0
H71,2023-06-01/2023-06-30,380,380,0.3378530740737915,0.03536650910973549,0.2206902801990509,0.021799791604280472,-0.11637759208679199,0.035977188497781754,100.0
H71,2023-07-01/2023-07-31,380,380,0.6417645215988159,0.04547163471579552,0.4920569062232971,0.05211840942502022,0.09283284842967987,0.04311528429389,100.0
H71,2023-08-01/2023-08-31,380,380,0.47021886706352234,0.030355412513017654,0.45333340764045715,0.037338800728321075,0.19691456854343414,0.026594288647174835,100.0
H71,2023-09-01/2023-09-30,380,380,0.643668532371521,0.04522585868835449,0.4744254946708679,0.04584500938653946,0.11089954525232315,0.04083691164851189,100.0
H71,2023-10-01/2023-10-31,380,380,0.7130058407783508,0.03717118129134178,0.2930648922920227,0.027529321610927582,0.10823244601488113,0.0421111024916172,100.0
H71,2023-11-01/2023-11-30,380,380,0.6202300190925598,0.05930766463279724,0.41519808769226074,0.049715470522642136,0.10487940162420273,0.051174912601709366,100.0
H71,2023-12-01/2023-12-31,380,380,0.4840283989906311,0.0568193756043911,0.29670169949531555,0.03965994343161583,-0.01234054658561945,0.05709672346711159,100.0
H71,2024-01-01/2024-01-31,380,380,0.5468761324882507,0.061251744627952576,0.35791176557540894,0.04764015972614288,0.036161698400974274,0.055236440151929855,100.0
H71,2024-02-01/2024-02-29,380,380,0.45602455735206604,0.041823845356702805,0.31093478202819824,0.033020980656147,-0.003125739749521017,0.039287008345127106,100.0
H71,2024-03-01/2024-03-31,380,380,0.43814384937286377,0.039718061685562134,0.2973856031894684,0.030346853658556938,-0.008940253406763077,0.03954922780394554,100.0
H71,2024-04-01/2024-04-30,380,380,0.411297082901001,0.0405881442129612,0.2863471508026123,0.030053673312067986,-0.036230213940143585,0.03601350635290146,100.0
H71,2024-05-01/2024-05-31,380,380,0.32766732573509216,0.03324764221906662,0.2267535924911499,0.024832680821418762,-0.07098352909088135,0.03974505513906479,100.0
H71,2024-06-01/2024-06-30,380,380,0.30931439995765686,0.03128616139292717,0.22481149435043335,0.024874547496438026,-0.061135563999414444,0.04075055196881294,100.0
H71,2024-07-01/2024-07-31,380,380,0.4519491195678711,0.0354505330324173,0.4411682188510895,0.03336431086063385,0.06752672046422958,0.02269827015697956,100.0
H71,2024-08-01/2024-08-31,0,380,,,,,,,0.0
H71,2024-09-01/2024-09-30,380,380,0.6999953389167786,0.058025557547807693,0.49971261620521545,0.060767993330955505,0.14237003028392792,0.058075565844774246,100.0
H71,2024-10-01/2024-10-31,380,380,0.5742128491401672,0.03672506660223007,0.42410263419151306,0.03724277764558792,0.08250472694635391,0.0439491830766201,100.0
H71,2024-11-01/2024-11-30,380,380,0.4633127450942993,0.04210367798805237,0.2867535650730133,0.028618233278393745,-0.04696883633732796,0.03939767926931381,100.0
H71,2024-12-01/2024-12-31,380,380,0.4902694821357727,0.04989355057477951,0.2909468114376068,0.03081018105149269,-0.03924008086323738,0.04376726225018501,100.0
H72,2023-01-01/2023-01-31,380,380,0.35943764448165894,0.13444291055202484,0.2219400554895401,0.08063247054815292,0.0031550934072583914,0.03965461254119873,100.0
H72,2023-02-01/2023-02-28,380,380,0.33299505710601807,0.12421636283397675,0.20874984562397003,0.073310986161232,-0.01464291661977768,0.048855166882276535,100.0
H72,2023-03-01/2023-03-31,380,380,0.25294920802116394,0.08205059170722961,0.16774138808250427,0.050061486661434174,-0.06406024843454361,0.05715059116482735,100.0
H72,2023-04-01/2023-04-30,380,380,0.2581360638141632,0.07987760752439499,0.17225438356399536,0.04855955392122269,-0.05730603262782097,0.05330761522054672,100.0
H72,2023-05-01/2023-05-31,380,380,0.3056325912475586,0.0889265239238739,0.2111266553401947,0.05618610978126526,-0.034188080579042435,0.04937908425927162,100.0
H72,2023-06-01/2023-06-30,380,380,0.3043396472930908,0.08850042521953583,0.2077026516199112,0.05394762009382248,-0.035328660160303116,0.04561854526400566,100.0
H72,2023-07-01/2023-07-31,380,380,0.5643846392631531,0.14725038409233093,0.43760180473327637,0.15126271545886993,0.10868019610643387,0.07430344074964523,100.0
H72,2023-08-01/2023-08-31,380,380,0.48697006702423096,0.08403713256120682,0.3938528001308441,0.08752115070819855,0.16148057579994202,0.038867417722940445,100.0
H72,2023-09-01/2023-09-30,380,380,0.4426840841770172,0.11786144971847534,0.30429112911224365,0.07820237427949905,0.008684706874191761,0.03259018436074257,100.0
H72,2023-10-01/2023-10-31,366,380,0.6358431577682495,0.13135097920894623,0.24828971922397614,0.07232335209846497,0.1287590116262436,0.08249155431985855,96.3
H72,2023-11-01/2023-11-30,380,380,0.5087639093399048,0.1338745504617691,0.3297472298145294,0.09413956850767136,0.06016432121396065,0.05434802174568176,100.0
H72,2023-12-01/2023-12-31,380,380,0.6183735728263855,0.1310669183731079,0.39965754747390747,0.10604323446750641,0.1460539847612381,0.06524839252233505,100.0
H72,2024-01-01/2024-01-31,380,380,0.46792715787887573,0.119945228099823,0.29871290922164917,0.07950975000858307,0.03748299926519394,0.046525243669748306,100.0
H72,2024-02-01/2024-02-29,380,380,0.3896215260028839,0.09139450639486313,0.26067855954170227,0.061109043657779694,-0.002364781219512224,0.03385753557085991,100.0
H72,2024-03-01/2024-03-31,380,380,0.37984058260917664,0.09299693256616592,0.26529911160469055,0.06351318210363388,0.011348763480782509,0.030964253470301628,100.0
H72,2024-04-01/2024-04-30,380,380,0.36909690499305725,0.09157638996839523,0.26280349493026733,0.06489052623510361,-0.009208866395056248,0.029769927263259888,100.0
H72,2024-05-01/2024-05-31,380,380,0.3178352415561676,0.07874756306409836,0.2286015748977661,0.05554213374853134,-0.019714245572686195,0.028806617483496666,100.0
H72,2024-06-01/2024-06-30,380,380,0.3041227161884308,0.0797165110707283,0.22173233330249786,0.05740414559841156,-0.023211529478430748,0.029348036274313927,100.0
H72,2024-07-01/2024-07-31,380,380,0.487667053937912,0.10161545127630234,0.3656509518623352,0.09290198236703873,0.026820426806807518,0.04945925623178482,100.0
H72,2024-08-01/2024-08-31,0,380,,,,,,,0.0
H72,2024-09-01/2024-09-30,380,380,0.6195135116577148,0.13652576506137848,0.4172898828983307,0.11915413290262222,0.13366824388504028,0.09196019172668457,100.0
H72,2024-10-01/2024-10-31,380,380,0.673127293586731,0.15480288863182068,0.48333173990249634,0.1488935351371765,0.22110286355018616,0.11710762232542038,100.0
H72,2024-11-01/2024-11-30,380,380,0.574786901473999,0.12874078750610352,0.36394816637039185,0.08968908339738846,0.06161443889141083,0.06469526886940002,100.0
H72,2024-12-01/2024-12-31,380,380,0.5884910821914673,0.12571273744106293,0.38618236780166626,0.09485162794589996,0.07881643623113632,0.07511409372091293,100.0
H73,2023-01-01/2023-01-31,380,380,0.43737906217575073,0.08890960365533829,0.26190435886383057,0.06361615657806396,0.003245813539251685,0.0763983353972435,100.0
H73,2023-02-01/2023-02-28,380,380,0.3868001699447632,0.08771013468503952,0.2337276190519333,0.0581340454518795,-0.029632171615958214,0.06405124068260193,100.0
H73,2023-03-01/2023-03-31,380,380,0.3153493106365204,0.057290684431791306,0.20618808269500732,0.04103715345263481,-0.06931675970554352,0.042588770389556885,100.0
H73,2023-04-01/2023-04-30,380,380,0.3124363124370575,0.053463224321603775,0.2043474167585373,0.038755934685468674,-0.061499375849962234,0.041554808616638184,100.0
H73,2023-05-01/2023-05-31,380,380,0.31075552105903625,0.06233939155936241,0.20759734511375427,0.041959550231695175,-0.07669083029031754,0.04748043790459633,100.0
H73,2023-06-01/2023-06-30,380,380,0.3172977566719055,0.06311441212892532,0.207785964012146,0.04213236644864082,-0.07047215104103088,0.04875635728240013,100.0
H73,2023-07-01/2023-07-31,314,380,0.4322754740715027,0.07609392702579498,0.3637620508670807,0.0653616189956665,0.03994837403297424,0.04595628008246422,82.6
H73,2023-08-01/2023-08-31,380,380,0.5152888298034668,0.06518328189849854,0.3943258225917816,0.07767627388238907,0.15039239823818207,0.05176254361867905,100.0
H73,2023-09-01/2023-09-30,380,380,0.6831223368644714,0.0899755135178566,0.5170595049858093,0.09461706131696701,0.2224074900150299,0.060787077993154526,100.0
H73,2023-10-01/2023-10-31,380,380,0.8113548159599304,0.0719335675239563,0.38587069511413574,0.07640688866376877,0.28889134526252747,0.07908061891794205,100.0
H73,2023-11-01/2023-11-30,380,380,0.5230874419212341,0.1023164838552475,0.31550613045692444,0.07693984359502792,0.03330978378653526,0.09042684733867645,100.0
H73,2023-12-01/2023-12-31,380,380,0.6694828867912292,0.08829234540462494,0.40470898151397705,0.09487880766391754,0.12995751202106476,0.07752279192209244,100.0
H73,2024-01-01/2024-01-31,380,380,0.47261369228363037,0.0921236053109169,0.2861911654472351,0.04753952845931053,-0.007687015924602747,0.06299977749586105,100.0
H73,2024-02-01/2024-02-29,380,380,0.4343498647212982,0.06932775676250458,0.2772994935512543,0.04801418259739876,-0.017390049993991852,0.04498593136668205,100.0
H73,2024-03-01/2024-03-31,380,380,0.38102325797080994,0.06027938053011894,0.25664129853248596,0.045179583132267,-0.027443965896964073,0.0351092666387558,100.0
H73,2024-04-01/2024-04-30,380,380,0.3655598759651184,0.058421239256858826,0.2511853277683258,0.04556543007493019,-0.04918215796351433,0.03464877977967262,100.0
H73,2024-05-01/2024-05-31,380,380,0.319877952337265,0.06054268404841423,0.22919106483459473,0.04579530283808708,-0.03684345632791519,0.03503516688942909,100.0
H73,2024-06-01/2024-06-30,380,380,0.3190062344074249,0.06500237435102463,0.22870226204395294,0.049795445054769516,-0.03388715535402298,0.03779122978448868,100.0
H73,2024-07-01/2024-07-31,380,380,0.599452793598175,0.08876664191484451,0.4752728044986725,0.11037544906139374,0.12702685594558716,0.061352990567684174,100.0
H73,2024-08-01/2024-08-31,0,380,,,,,,,0.0
H73,2024-09-01/2024-09-30,380,380,0.652484118938446,0.07774123549461365,0.4372672140598297,0.06660129129886627,0.13380178809165955,0.06435228139162064,100.0
H73,2024-10-01/2024-10-31,380,380,0.564591646194458,0.11128902435302734,0.36731913685798645,0.09078404307365417,0.07907702773809433,0.07036935538053513,100.0
H73,2024-11-01/2024-11-30,380,380,0.6162726879119873,0.08399008959531784,0.37473946809768677,0.06316418200731277,0.10658030956983566,0.058108989149332047,100.0
H73,2024-12-01/2024-12-31,380,380,0.5644323825836182,0.07658702880144119,0.34952622652053833,0.049891043454408646,0.09352574497461319,0.059751808643341064,100.0
H74,2023-01-01/2023-01-31,380,380,0.657881498336792,0.03774353116750717,0.4446758031845093,0.03213103115558624,0.13675500452518463,0.025571241974830627,100.0
H74,2023-02-01/2023-02-28,380,380,0.5527872443199158,0.03735962137579918,0.35691165924072266,0.024683889001607895,0.03915202245116234,0.023517614230513573,100.0
H74,2023-03-01/2023-03-31,380,380,0.48079198598861694,0.0420113131403923,0.32050666213035583,0.027884479612112045,-0.01716429553925991,0.0225507915019989,100.0
H74,2023-04-01/2023-04-30,380,380,0.48792171478271484,0.041185345500707626,0.3273538053035736,0.027826901525259018,-0.006896407809108496,0.02378501370549202,100.0
H74,2023-05-01/2023-05-31,380,380,0.4798550605773926,0.046727877110242844,0.3253869116306305,0.03382708504796028,-0.04648315906524658,0.027052627876400948,100.0
H74,2023-06-01/2023-06-30,380,380,0.4763072431087494,0.043387506157159805,0.31231287121772766,0.030021142214536667,-0.05349946767091751,0.027716174721717834,100.0
H74,2023-07-01/2023-07-31,380,380,0.705522894859314,0.03656451776623726,0.5309087038040161,0.03705412894487381,0.13352984189987183,0.03463539108633995,100.0
H74,2023-08-01/2023-08-31,380,380,0.6171798706054688,0.025187283754348755,0.5276070237159729,0.025186723098158836,0.22340770065784454,0.02189905196428299,100.0
H74,2023-09-01/2023-09-30,380,380,0.5804729461669922,0.025531932711601257,0.393492192029953,0.02036639116704464,0.012906729243695736,0.019855355843901634,100.0
H74,2023-10-01/2023-10-31,380,380,0.8326843976974487,0.034990742802619934,0.3375202417373657,0.0529562383890152,0.26715385913848877,0.06060727685689926,100.0
H74,2023-11-01/2023-11-30,380,380,0.7694209814071655,0.04099301993846893,0.5437628626823425,0.04813936725258827,0.24905139207839966,0.03914175182580948,100.0
H74,2023-12-01/2023-12-31,380,380,0.6916412115097046,0.02922392450273037,0.4564575254917145,0.029549144208431244,0.16238589584827423,0.025425253435969353,100.0
H74,2024-01-01/2024-01-31,380,380,0.7078399062156677,0.03961830958724022,0.48177629709243774,0.035797107964754105,0.16502802073955536,0.02890169806778431,100.0
H74,2024-02-01/2024-02-29,380,380,0.6477338075637817,0.043755900114774704,0.4390123784542084,0.03329489007592201,0.11255700141191483,0.02732279524207115,100.0
H74,2024-03-01/2024-03-31,380,380,0.49093765020370483,0.03149708732962608,0.36366432905197144,0.024170229211449623,0.057367295026779175,0.018960170447826385,100.0
H74,2024-04-01/2024-04-30,380,380,0.47325125336647034,0.03231700137257576,0.35767337679862976,0.02544286660850048,0.04528168961405754,0.021403534337878227,100.0
H74,2024-05-01/2024-05-31,380,380,0.46557921171188354,0.04045784845948219,0.3566244840621948,0.03183114528656006,0.05017603933811188,0.02291073277592659,100.0
H74,2024-06-01/2024-06-30,380,380,0.47670915722846985,0.041922662407159805,0.36607664823532104,0.033784475177526474,0.05489742010831833,0.023545198142528534,100.0
H74,2024-07-01/2024-07-31,380,380,0.7356950640678406,0.040906112641096115,0.5818610191345215,0.08369817584753036,0.18591587245464325,0.04962822049856186,100.0
H74,2024-08-01/2024-08-31,0,380,,,,,,,0.0
H74,2024-09-01/2024-09-30,380,380,0.6036291718482971,0.03820313885807991,0.3857467770576477,0.025772662833333015,0.025293074548244476,0.027313899248838425,100.0
H74,2024-10-01/2024-10-31,380,380,0.7327000498771667,0.03520729020237923,0.4972359836101532,0.033592961728572845,0.166388139128685,0.03245672211050987,100.0
H74,2024-11-01/2024-11-30,380,380,0.7190431356430054,0.032819442451000214,0.448655903339386,0.028423380106687546,0.14902052283287048,0.02885437197983265,100.0
H74,2024-12-01/2024-12-31,380,380,0.7256724834442139,0.03349204361438751,0.4784163236618042,0.028848476707935333,0.17609412968158722,0.025946810841560364,100.0
H75,2023-01-01/2023-01-31,380,380,0.6220820546150208,0.11250266432762146,0.36163538694381714,0.08279913663864136,0.1627657115459442,0.08352547138929367,100.0
H75,2023-02-01/2023-02-28,380,380,0.5507153868675232,0.10779758542776108,0.3233587443828583,0.0640435740351677,0.09474993497133255,0.06664727628231049,100.0
H75,2023-03-01/2023-03-31,380,380,0.4976145327091217,0.11069368571043015,0.3163034915924072,0.07010675221681595,0.05112261697649956,0.06479831784963608,100.0
H75,2023-04-01/2023-04-30,380,380,0.5075872540473938,0.1145879328250885,0.3235757350921631,0.07291475683450699,0.05819841846823692,0.06545627117156982,100.0
H75,2023-05-01/2023-05-31,380,380,0.5215927958488464,0.12345172464847565,0.3527367413043976,0.087506502866745,0.05198959633708,0.07139340043067932,100.0
H75,2023-06-01/2023-06-30,380,380,0.5198988914489746,0.12635105848312378,0.3435231149196625,0.085067018866539,0.05800698325037956,0.07110085338354111,100.0
H75,2023-07-01/2023-07-31,380,380,0.6771152019500732,0.08553909510374069,0.45944085717201233,0.0807872787117958,0.15597794950008392,0.06817472726106644,100.0
H75,2023-08-01/2023-08-31,380,380,0.5736366510391235,0.044203776866197586,0.46592849493026733,0.041891083121299744,0.21180221438407898,0.034800831228494644,100.0
H75,2023-09-01/2023-09-30,380,380,0.5746327638626099,0.1008177101612091,0.36938804388046265,0.07059262692928314,0.056475378572940826,0.07970684766769409,100.0
H75,2023-10-01/2023-10-31,380,380,0.7077080011367798,0.08687690645456314,0.19913169741630554,0.04231962934136391,0.14887695014476776,0.07610850036144257,100.0
H75,2023-11-01/2023-11-30,380,380,0.7094670534133911,0.09686747938394547,0.4328095316886902,0.07032725214958191,0.18959102034568787,0.05514645203948021,100.0
H75,2023-12-01/2023-12-31,380,380,0.709317684173584,0.11605127900838852,0.3966679573059082,0.07812368124723434,0.19587168097496033,0.07932966202497482,100.0
H75,2024-01-01/2024-01-31,380,380,0.6495532989501953,0.11746329069137573,0.36869290471076965,0.06805075705051422,0.14508704841136932,0.06920327991247177,100.0
H75,2024-02-01/2024-02-29,380,380,0.6380394101142883,0.11509820818901062,0.3832143545150757,0.07098917663097382,0.131809800863266,0.0630209669470787,100.0
H75,2024-03-01/2024-03-31,380,380,0.5665271282196045,0.12667296826839447,0.37320104241371155,0.08130297809839249,0.11704360693693161,0.06926644593477249,100.0
H75,2024-04-01/2024-04-30,380,380,0.5554620027542114,0.125056654214859,0.3785535395145416,0.08670803159475327,0.1036868616938591,0.07343430817127228,100.0
H75,2024-05-01/2024-05-31,380,380,0.5186082720756531,0.13154301047325134,0.36537066102027893,0.08860587328672409,0.09816409647464752,0.06492000818252563,100.0
H75,2024-06-01/2024-06-30,380,380,0.5052528977394104,0.12535710632801056,0.35770270228385925,0.0860392227768898,0.08796472102403641,0.06038382649421692,100.0
H75,2024-07-01/2024-07-31,380,380,0.7101131081581116,0.08458799123764038,0.544378399848938,0.07934875786304474,0.22075608372688293,0.05912215635180473,100.0
H75,2024-08-01/2024-08-31,0,380,,,,,,,0.0
H75,2024-09-01/2024-09-30,380,380,0.6504560112953186,0.09753480553627014,0.3905569016933441,0.05928286910057068,0.14643165469169617,0.058689408004283905,100.0
H75,2024-10-01/2024-10-31,380,380,0.6626973748207092,0.10206608474254608,0.3986642062664032,0.06088334321975708,0.17054922878742218,0.07030576467514038,100.0
H75,2024-11-01/2024-11-30,380,380,0.5842069983482361,0.1051923856139183,0.3163566291332245,0.05754972994327545,0.07295963913202286,0.0661839172244072,100.0
H75,2024-12-01/2024-12-31,380,380,0.6330438256263733,0.10223807394504547,0.3447561264038086,0.05751122161746025,0.1355593502521515,0.06342360377311707,100.0
H76,2023-01-01/2023-01-31,380,380,0.576448380947113,0.05802382156252861,0.36429286003112793,0.05100678279995918,0.10532044619321823,0.06234562024474144,100.0
H76,2023-02-01/2023-02-28,380,380,0.43412673473358154,0.04674684256315231,0.26993244886398315,0.030140435323119164,-0.012803786434233189,0.035420097410678864,100.0
H76,2023-03-01/2023-03-31,380,380,0.36899736523628235,0.049404408782720566,0.2320837676525116,0.030273977667093277,-0.06882224977016449,0.03403226658701897,100.0
H76,2023-04-01/2023-04-30,380,380,0.3742341697216034,0.0505015105009079,0.2351890206336975,0.031094279140233994,-0.06024874746799469,0.030686305835843086,100.0
H76,2023-05-01/2023-05-31,380,380,0.3190077543258667,0.050145845860242844,0.2044605016708374,0.03077021986246109,-0.09995147585868835,0.029582390561699867,100.0
H76,2023-06-01/2023-06-30,380,380,0.33714759349823,0.050342999398708344,0.20965765416622162,0.02998921275138855,-0.09288697689771652,0.028963211923837662,100.0
H76,2023-07-01/2023-07-31,0,380,,,,,,,0.0
H76,2023-08-01/2023-08-31,380,380,0.5118579864501953,0.03231492638587952,0.46074777841567993,0.05489768087863922,0.22311879694461823,0.03768732398748398,100.0
H76,2023-09-01/2023-09-30,380,380,0.6992671489715576,0.058761127293109894,0.5123016238212585,0.06763491034507751,0.1966870129108429,0.043981581926345825,100.0
H76,2023-10-01/2023-10-31,380,380,0.794622004032135,0.06296032667160034,0.35483524203300476,0.04819243401288986,0.21602746844291687,0.05942990258336067,100.0
H76,2023-11-01/2023-11-30,380,380,0.6094699501991272,0.07422266155481339,0.4041934907436371,0.06087327376008034,0.08521987497806549,0.0482279434800148,100.0
H76,2023-12-01/2023-12-31,380,380,0.483650803565979,0.05903417617082596,0.29766029119491577,0.046772733330726624,-0.005391438491642475,0.04503004997968674,100.0
H76,2024-01-01/2024-01-31,380,380,0.40780630707740784,0.05105666443705559,0.25417256355285645,0.036234963685274124,-0.057714711874723434,0.03769797459244728,100.0
H76,2024-02-01/2024-02-29,380,380,0.4568570852279663,0.04443312808871269,0.30160102248191833,0.03226226940751076,-0.021963244304060936,0.03397627919912338,100.0
H76,2024-03-01/2024-03-31,380,380,0.4057839512825012,0.050514571368694305,0.2757527828216553,0.03488539159297943,-0.02474345453083515,0.030623408034443855,100.0
H76,2024-04-01/2024-04-30,380,380,0.3777328133583069,0.04920351877808571,0.2620006799697876,0.034915000200271606,-0.052165813744068146,0.030240705236792564,100.0
H76,2024-05-01/2024-05-31,380,380,0.2215045541524887,0.038724545389413834,0.15753477811813354,0.02563343569636345,-0.07864972949028015,0.02649664506316185,100.0
H76,2024-06-01/2024-06-30,380,380,0.1906132698059082,0.03835289180278778,0.13645856082439423,0.026577873155474663,-0.0853264182806015,0.02570514939725399,100.0
H76,2024-07-01/2024-07-31,170,380,0.5375638008117676,0.03687011078000069,0.5000624060630798,0.0504738986492157,0.1512683480978012,0.0305019598454237,44.7
H76,2024-08-01/2024-08-31,0,380,,,,,,,0.0
H76,2024-09-01/2024-09-30,380,380,0.6726531386375427,0.07634743303060532,0.48187026381492615,0.08467637002468109,0.21587997674942017,0.054550886154174805,100.0
H76,2024-10-01/2024-10-31,380,380,0.7126603126525879,0.07321636378765106,0.530120849609375,0.08765775710344315,0.24235452711582184,0.06208590790629387,100.0
H76,2024-11-01/2024-11-30,380,380,0.47439703345298767,0.08359231799840927,0.262958288192749,0.06591609120368958,-0.01835470087826252,0.06940434873104095,100.0
H76,2024-12-01/2024-12-31,380,380,0.5019111037254333,0.06356792151927948,0.30003297328948975,0.04650592431426048,0.014014597982168198,0.04659804701805115,100.0
H77,2023-01-01/2023-01-31,380,380,0.7146156430244446,0.054908279329538345,0.4577828645706177,0.04414057359099388,0.2212623655796051,0.05097784101963043,100.0
H77,2023-02-01/2023-02-28,380,380,0.6110503077507019,0.06745997071266174,0.3828321099281311,0.047584790736436844,0.12610778212547302,0.05650423839688301,100.0
H77,2023-03-01/2023-03-31,380,380,0.5179540514945984,0.06011897698044777,0.33603644371032715,0.04065267741680145,0.057387251406908035,0.04195651412010193,100.0
H77,2023-04-01/2023-04-30,380,380,0.5186893939971924,0.05981012061238289,0.33395180106163025,0.040019795298576355,0.056939732283353806,0.04130564630031586,100.0
H77,2023-05-01/2023-05-31,380,380,0.48477935791015625,0.0667479857802391,0.32063621282577515,0.04495815187692642,0.026403946802020073,0.03896591067314148,100.0
H77,2023-06-01/2023-06-30,380,380,0.48853471875190735,0.06252464652061462,0.31573107838630676,0.04080396518111229,0.03158538043498993,0.03994683548808098,100.0
H77,2023-07-01/2023-07-31,53,380,0.7474122047424316,0.023324286565184593,0.5680968761444092,0.05137583985924721,0.22665776312351227,0.030540619045495987,13.9
H77,2023-08-01/2023-08-31,380,380,0.559203028678894,0.034097395837306976,0.4624883532524109,0.044585492461919785,0.23107004165649414,0.04241194948554039,100.0
H77,2023-09-01/2023-09-30,380,380,0.660711944103241,0.08454254269599915,0.45410284399986267,0.07529404759407043,0.1831715703010559,0.06093780696392059,100.0
H77,2023-10-01/2023-10-31,380,380,0.7869888544082642,0.04613643139600754,0.31142446398735046,0.034487634897232056,0.23740780353546143,0.04658043757081032,100.0
H77,2023-11-01/2023-11-30,380,380,0.807985782623291,0.04849919304251671,0.5779525637626648,0.05432175099849701,0.3076046109199524,0.049855250865221024,100.0
H77,2023-12-01/2023-12-31,380,380,0.718998372554779,0.07392343878746033,0.44203054904937744,0.05979497730731964,0.22667858004570007,0.05816693976521492,100.0
H77,2024-01-01/2024-01-31,380,380,0.6239046454429626,0.08736162632703781,0.3893941342830658,0.05704290419816971,0.15981343388557434,0.05552753806114197,100.0
H77,2024-02-01/2024-02-29,380,380,0.6056158542633057,0.07518797367811203,0.3866836428642273,0.04780982434749603,0.13718077540397644,0.04845429211854935,100.0
H77,2024-03-01/2024-03-31,380,380,0.5496434569358826,0.06358570605516434,0.35785073041915894,0.038367900997400284,0.10800565779209137,0.038618944585323334,100.0
H77,2024-04-01/2024-04-30,380,380,0.528616189956665,0.061530034989118576,0.35776591300964355,0.04108058288693428,0.08596787601709366,0.03886772319674492,100.0
H77,2024-05-01/2024-05-31,380,380,0.5027337074279785,0.07405105233192444,0.34712982177734375,0.04941479489207268,0.0846673846244812,0.03735725209116936,100.0
H77,2024-06-01/2024-06-30,380,380,0.4975670278072357,0.07778672873973846,0.34901559352874756,0.051249243319034576,0.08001922070980072,0.03785659000277519,100.0
H77,2024-07-01/2024-07-31,380,380,0.7099538445472717,0.060609120875597,0.6875252723693848,0.08791167289018631,0.270577996969223,0.04970253258943558,100.0
H77,2024-08-01/2024-08-31,0,380,,,,,,,0.0
H77,2024-09-01/2024-09-30,380,380,0.7991908192634583,0.05594862252473831,0.5477104783058167,0.058554936200380325,0.25874099135398865,0.05070152133703232,100.0
H77,2024-10-01/2024-10-31,380,380,0.6893975734710693,0.0743812769651413,0.4754379987716675,0.04911622032523155,0.19811634719371796,0.05389702320098877,100.0
H77,2024-11-01/2024-11-30,380,380,0.8025033473968506,0.06537386775016785,0.5550112724304199,0.07904781401157379,0.2898809313774109,0.06270040571689606,100.0
H77,2024-12-01/2024-12-31,380,380,0.7917538285255432,0.07216454297304153,0.5348201394081116,0.07003739476203918,0.2810346782207489,0.0623038224875927,100.0
H78,2023-01-01/2023-01-31,380,380,0.6908379793167114,0.09397464245557785,0.43381577730178833,0.06702178716659546,0.2010541558265686,0.08043260127305984,100.0
H78,2023-02-01/2023-02-28,380,380,0.6055219769477844,0.11830116808414459,0.3794042468070984,0.0718643069267273,0.12886066734790802,0.08374223858118057,100.0
H78,2023-03-01/2023-03-31,380,380,0.4878605902194977,0.13385167717933655,0.31984299421310425,0.08553394675254822,0.05043766275048256,0.06996985524892807,100.0
H78,2023-04-01/2023-04-30,380,380,0.4936273992061615,0.13564443588256836,0.32218092679977417,0.08594267070293427,0.055904459208250046,0.07030168175697327,100.0
H78,2023-05-01/2023-05-31,380,380,0.4596746861934662,0.1393415480852127,0.3047581613063812,0.09356919676065445,0.016912616789340973,0.06899853050708771,100.0
H78,2023-06-01/2023-06-30,380,380,0.4667375683784485,0.13607953488826752,0.3030352294445038,0.08769910037517548,0.02556198462843895,0.06556104868650436,100.0
H78,2023-07-01/2023-07-31,220,380,0.6855416893959045,0.10875679552555084,0.5182021856307983,0.10330600291490555,0.16480247676372528,0.08934741467237473,57.9
H78,2023-08-01/2023-08-31,380,380,0.5335432887077332,0.057080138474702835,0.43406596779823303,0.057002585381269455,0.19859352707862854,0.054577041417360306,100.0
H78,2023-09-01/2023-09-30,380,380,0.6964525580406189,0.11256348341703415,0.49283286929130554,0.09262961894273758,0.20653460919857025,0.0755608007311821,100.0
H78,2023-10-01/2023-10-31,380,380,0.7506686449050903,0.1037541851401329,0.29976680874824524,0.05412493646144867,0.20052200555801392,0.09449221193790436,100.0
H78,2023-11-01/2023-11-30,380,380,0.7345533967018127,0.14206713438034058,0.5009504556655884,0.11378194391727448,0.23254269361495972,0.12201865762472153,100.0
H78,2023-12-01/2023-12-31,380,380,0.6763365864753723,0.15353699028491974,0.4036445915699005,0.10047459602355957,0.17170801758766174,0.1197752133011818,100.0
H78,2024-01-01/2024-01-31,380,380,0.607463538646698,0.1517820507287979,0.36813420057296753,0.09148324280977249,0.12101499736309052,0.10368315875530243,100.0
H78,2024-02-01/2024-02-29,380,380,0.5728176832199097,0.14275483787059784,0.3568071722984314,0.08451281487941742,0.09417205303907394,0.09390050172805786,100.0
H78,2024-03-01/2024-03-31,380,380,0.5190538167953491,0.12018183618783951,0.335284948348999,0.06948808580636978,0.07361006736755371,0.07198721170425415,100.0
H78,2024-04-01/2024-04-30,380,380,0.4961763918399811,0.11691128462553024,0.3346652388572693,0.07421831786632538,0.054130736738443375,0.07142984122037888,100.0
H78,2024-05-01/2024-05-31,380,380,0.45938676595687866,0.1450154036283493,0.3185276687145233,0.0937957763671875,0.05220972001552582,0.07124713063240051,100.0
H78,2024-06-01/2024-06-30,380,380,0.45697876811027527,0.1496710330247879,0.3184144198894501,0.09848219901323318,0.050728652626276016,0.06793641299009323,100.0
H78,2024-07-01/2024-07-31,380,380,0.6027927398681641,0.0986199602484703,0.5512368083000183,0.11797325313091278,0.19094951450824738,0.0838313028216362,100.0
H78,2024-08-01/2024-08-31,0,380,,,,,,,0.0
H78,2024-09-01/2024-09-30,380,380,0.7476743459701538,0.10807406157255173,0.4921017289161682,0.08659856021404266,0.21605421602725983,0.08297377824783325,100.0
H78,2024-10-01/2024-10-31,380,380,0.7150014042854309,0.10525494813919067,0.47567853331565857,0.07668901234865189,0.20936885476112366,0.07763159275054932,100.0
H78,2024-11-01/2024-11-30,380,380,0.7060649394989014,0.15462982654571533,0.4351881444454193,0.12738429009914398,0.18788667023181915,0.13022439181804657,100.0
H78,2024-12-01/2024-12-31,380,380,0.6926227807998657,0.16767549514770508,0.42912566661834717,0.12369806319475174,0.19169043004512787,0.1306929737329483,100.0
H79,2023-01-01/2023-01-31,380,380,0.48784253001213074,0.07420520484447479,0.33339551091194153,0.05741658806800842,0.035142697393894196,0.05128506198525429,100.0
H79,2023-02-01/2023-02-28,380,380,0.41676977276802063,0.06594664603471756,0.2774584889411926,0.04414360970258713,-0.016807809472084045,0.03936157375574112,100.0
H79,2023-03-01/2023-03-31,380,380,0.3405797779560089,0.05935382470488548,0.23560060560703278,0.03846733644604683,-0.0648723691701889,0.034252069890499115,100.0
H79,2023-04-01/2023-04-30,380,380,0.3402877449989319,0.06034229323267937,0.234767347574234,0.042425043880939484,-0.05858165770769119,0.03446456789970398,100.0
H79,2023-05-01/2023-05-31,380,380,0.30360573530197144,0.046528272330760956,0.21081547439098358,0.030833344906568527,-0.10065197199583054,0.032191697508096695,100.0
H79,2023-06-01/2023-06-30,380,380,0.30495569109916687,0.04975144565105438,0.20724545419216156,0.0320267416536808,-0.0988953560590744,0.032620228826999664,100.0
H79,2023-07-01/2023-07-31,380,380,0.6115207672119141,0.10329548269510269,0.49271389842033386,0.10032083094120026,0.11508014053106308,0.05609622597694397,100.0
H79,2023-08-01/2023-08-31,380,380,0.3903030753135681,0.045133695006370544,0.3222469091415405,0.038004353642463684,0.0766245573759079,0.032551899552345276,100.0
H79,2023-09-01/2023-09-30,380,380,0.5115801692008972,0.0801059827208519,0.37459444999694824,0.055851783603429794,0.03405731916427612,0.0388183556497097,100.0
H79,2023-10-01/2023-10-31,380,380,0.5654341578483582,0.06366822868585587,0.2266637235879898,0.03234465420246124,-0.0027632557321339846,0.052658360451459885,100.0
H79,2023-11-01/2023-11-30,380,380,0.4517403841018677,0.06286032497882843,0.2959010601043701,0.04616199806332588,-0.034183964133262634,0.05014621093869209,100.0
H79,2023-12-01/2023-12-31,380,380,0.6278160214424133,0.07555491477251053,0.4097176492214203,0.05601099506020546,0.10748761892318726,0.0484500490128994,100.0
H79,2024-01-01/2024-01-31,380,380,0.4961220324039459,0.0720428079366684,0.318649560213089,0.045223623514175415,0.017925644293427467,0.040380217134952545,100.0
H79,2024-02-01/2024-02-29,380,380,0.36354726552963257,0.05401775240898132,0.2504537105560303,0.03321098908782005,-0.04638625681400299,0.03431686758995056,100.0
H79,2024-03-01/2024-03-31,380,380,0.38265347480773926,0.05698339641094208,0.27556872367858887,0.03747889772057533,-0.01834317296743393,0.027281608432531357,100.0
H79,2024-04-01/2024-04-30,380,380,0.3648928105831146,0.05196046456694603,0.267691969871521,0.03591683879494667,-0.04669475555419922,0.026147322729229927,100.0
H79,2024-05-01/2024-05-31,380,380,0.3311951160430908,0.0503823459148407,0.2429298609495163,0.03490588814020157,-0.04351523891091347,0.025145553052425385,100.0
H79,2024-06-01/2024-06-30,380,380,0.33438026905059814,0.04853227734565735,0.244552880525589,0.03391632065176964,-0.04122474417090416,0.025351285934448242,100.0
H79,2024-07-01/2024-07-31,380,380,0.48154959082603455,0.0572507344186306,0.42201346158981323,0.06005293130874634,0.03231211379170418,0.03180558606982231,100.0
H79,2024-08-01/2024-08-31,0,380,,,,,,,0.0
H79,2024-09-01/2024-09-30,380,380,0.5505691766738892,0.0879034698009491,0.36379358172416687,0.07172474265098572,0.03956740349531174,0.08423548191785812,100.0
H79,2024-10-01/2024-10-31,380,380,0.5322167873382568,0.059280261397361755,0.3652094900608063,0.04456831514835358,0.046544015407562256,0.04609731584787369,100.0
H79,2024-11-01/2024-11-30,380,380,0.5689842700958252,0.07322152704000473,0.34923407435417175,0.04540901631116867,0.05197945982217789,0.05580268055200577,100.0
H79,2024-12-01/2024-12-31,380,380,0.616629421710968,0.07385729253292084,0.3963368833065033,0.04444471001625061,0.10385995358228683,0.042056288570165634,100.0
H80,2023-01-01/2023-01-31,380,380,0.6973454356193542,0.10622765123844147,0.3641021251678467,0.05827280506491661,0.20511022210121155,0.1002860814332962,100.0
H80,2023-02-01/2023-02-28,380,380,0.6888871192932129,0.12248657643795013,0.38874801993370056,0.08129186183214188,0.21220578253269196,0.12170148640871048,100.0
H80,2023-03-01/2023-03-31,380,380,0.6147263050079346,0.13082808256149292,0.3980562388896942,0.0969659835100174,0.15877167880535126,0.11734127998352051,100.0
H80,2023-04-01/2023-04-30,380,380,0.6143254041671753,0.13331985473632812,0.39875465631484985,0.09808706492185593,0.15661275386810303,0.11617463082075119,100.0
H80,2023-05-01/2023-05-31,380,380,0.6122823357582092,0.13254475593566895,0.42025113105773926,0.10309445112943649,0.1449756771326065,0.11010926216840744,100.0
H80,2023-06-01/2023-06-30,380,380,0.6146944761276245,0.13193662464618683,0.4127565920352936,0.09970251470804214,0.14963580667972565,0.1085233986377716,100.0
H80,2023-07-01/2023-07-31,370,380,0.7592592239379883,0.06825652718544006,0.5535310506820679,0.07136525213718414,0.2677834928035736,0.0744120180606842,97.4
H80,2023-08-01/2023-08-31,380,380,0.6282342672348022,0.039009205996990204,0.5242109894752502,0.043996695429086685,0.3109031617641449,0.039266783744096756,100.0
H80,2023-09-01/2023-09-30,380,380,0.7824498414993286,0.06526309996843338,0.5128577947616577,0.06226563826203346,0.26436904072761536,0.06510163098573685,100.0
H80,2023-10-01/2023-10-31,380,380,0.8073038458824158,0.06729217618703842,0.28162088990211487,0.039436545222997665,0.21259018778800964,0.07382602989673615,100.0
H80,2023-11-01/2023-11-30,380,380,0.779585599899292,0.06330906599760056,0.4269011914730072,0.05519028753042221,0.2227448672056198,0.0720035657286644,100.0
H80,2023-12-01/2023-12-31,380,380,0.7731513381004333,0.0606699101626873,0.3718431293964386,0.055035196244716644,0.2202511429786682,0.08590403944253922,100.0
H80,2024-01-01/2024-01-31,380,380,0.6989665627479553,0.08941063284873962,0.33496811985969543,0.05220998078584671,0.1406906545162201,0.09169566631317139,100.0
H80,2024-02-01/2024-02-29,380,380,0.6444863080978394,0.075914666056633,0.3218240439891815,0.042097076773643494,0.09929631650447845,0.07868879288434982,100.0
H80,2024-03-01/2024-03-31,380,380,0.6390262842178345,0.11167982965707779,0.3951331675052643,0.08921784907579422,0.1410258263349533,0.10657186806201935,100.0
H80,2024-04-01/2024-04-30,380,380,0.6139006614685059,0.11262094974517822,0.4052843451499939,0.09460628032684326,0.12956982851028442,0.10729414224624634,100.0
H80,2024-05-01/2024-05-31,380,380,0.6091356873512268,0.13269828259944916,0.41256392002105713,0.09988514333963394,0.12795476615428925,0.09924017637968063,100.0
H80,2024-06-01/2024-06-30,380,380,0.621381402015686,0.13063786923885345,0.41993817687034607,0.09942181408405304,0.12287726998329163,0.09237927198410034,100.0
H80,2024-07-01/2024-07-31,368,380,0.5113322138786316,0.04650850594043732,0.5231257677078247,0.07057640701532364,0.17840099334716797,0.0431937612593174,96.8
H80,2024-08-01/2024-08-31,0,380,,,,,,,0.0
H80,2024-09-01/2024-09-30,380,380,0.8246493935585022,0.08805415779352188,0.501628041267395,0.07340902090072632,0.2518819272518158,0.07577434927225113,100.0
H80,2024-10-01/2024-10-31,380,380,0.7860777974128723,0.11018682271242142,0.4721001088619232,0.0882343202829361,0.24405212700366974,0.09954884648323059,100.0
H80,2024-11-01/2024-11-30,380,380,0.73842453956604,0.12783654034137726,0.3628741502761841,0.07038724422454834,0.1573365032672882,0.08946732431650162,100.0
H80,2024-12-01/2024-12-31,380,380,0.694180965423584,0.10732638090848923,0.3326694965362549,0.05862781032919884,0.15094512701034546,0.09009023010730743,100.0
H81,2023-01-01/2023-01-31,380,380,0.47042107582092285,0.08014065027236938,0.2893429100513458,0.056781332939863205,0.00219077430665493,0.07808376848697662,100.0
H81,2023-02-01/2023-02-28,380,380,0.322813481092453,0.06387943774461746,0.20105265080928802,0.04184524714946747,-0.10631492733955383,0.06457100808620453,100.0
H81,2023-03-01/2023-03-31,380,380,0.3166482746601105,0.04642365872859955,0.20340226590633392,0.0284563135355711,-0.11003795266151428,0.04706672951579094,100.0
H81,2023-04-01/2023-04-30,380,380,0.31845563650131226,0.04724636301398277,0.20498812198638916,0.030694345012307167,-0.10539983212947845,0.05683141574263573,100.0
H81,2023-05-01/2023-05-31,380,380,0.28436774015426636,0.03676833212375641,0.18616364896297455,0.022351419553160667,-0.14552092552185059,0.03463495522737503,100.0
H81,2023-06-01/2023-06-30,380,380,0.29652175307273865,0.04139034077525139,0.190364271402359,0.02553757093846798,-0.1339978128671646,0.03690596669912338,100.0
H81,2023-07-01/2023-07-31,380,380,0.6757042407989502,0.04875529929995537,0.5450984835624695,0.06085965409874916,0.1552983969449997,0.04994545131921768,100.0
H81,2023-08-01/2023-08-31,380,380,0.5876469016075134,0.04817755147814751,0.5229001641273499,0.06826390326023102,0.24742375314235687,0.04516276717185974,100.0
H81,2023-09-01/2023-09-30,380,380,0.6472190618515015,0.07115357369184494,0.46960869431495667,0.06433257460594177,0.1191115751862526,0.0489562563598156,100.0
H81,2023-10-01/2023-10-31,380,380,0.49064701795578003,0.051290594041347504,0.18016810715198517,0.0219369288533926,-0.05843785032629967,0.05298994481563568,100.0
H81,2023-11-01/2023-11-30,380,380,0.5818079710006714,0.06589265912771225,0.3789861500263214,0.0569959357380867,0.0665876492857933,0.057253316044807434,100.0
H81,2023-12-01/2023-12-31,380,380,0.45402204990386963,0.06509572267532349,0.2510089576244354,0.04135696962475777,-0.06647493690252304,0.05653480440378189,100.0
H81,2024-01-01/2024-01-31,380,380,0.4628123939037323,0.07195251435041428,0.2721337080001831,0.05010484158992767,-0.038347478955984116,0.059595171362161636,100.0
H81,2024-02-01/2024-02-29,380,380,0.471062034368515,0.06564303487539291,0.28426942229270935,0.04506303369998932,-0.041530974209308624,0.055650241672992706,100.0
H81,2024-03-01/2024-03-31,380,380,0.3352870047092438,0.03765196353197098,0.22160759568214417,0.023853186517953873,-0.07922352105379105,0.038613948971033096,100.0
H81,2024-04-01/2024-04-30,380,380,0.3162694275379181,0.0338689424097538,0.21571899950504303,0.023144930601119995,-0.10023351013660431,0.035239920020103455,100.0
H81,2024-05-01/2024-05-31,380,380,0.27656471729278564,0.033052701503038406,0.1942027062177658,0.021689826622605324,-0.09061718732118607,0.02788337506353855,100.0
H81,2024-06-01/2024-06-30,380,380,0.27548226714134216,0.030538728460669518,0.19546201825141907,0.021906165406107903,-0.08881381899118423,0.03199978917837143,100.0
H81,2024-07-01/2024-07-31,224,380,0.36054590344429016,0.03204246982932091,0.4072117805480957,0.04155249521136284,0.08672524243593216,0.016687477007508278,58.9
H81,2024-08-01/2024-08-31,0,380,,,,,,,0.0
H81,2024-09-01/2024-09-30,380,380,0.7964541912078857,0.07976356893777847,0.6429551243782043,0.08502668887376785,0.28309166431427,0.05742238461971283,100.0
H81,2024-10-01/2024-10-31,380,380,0.5077934265136719,0.08234043419361115,0.34359976649284363,0.06955976784229279,0.016002677381038666,0.0841788575053215,100.0
H81,2024-11-01/2024-11-30,380,380,0.6158538460731506,0.0502682588994503,0.3757399022579193,0.0442243255674839,0.06728681921958923,0.05212915316224098,100.0
H81,2024-12-01/2024-12-31,380,380,0.5720711350440979,0.048687178641557693,0.3370932340621948,0.043497297912836075,0.03655918315052986,0.05568471923470497,100.0
H82,2023-01-01/2023-01-31,380,380,0.5030824542045593,0.07795771956443787,0.33295494318008423,0.05828823149204254,0.06880323588848114,0.05295934900641441,100.0
H82,2023-02-01/2023-02-28,380,380,0.3698790669441223,0.06815670430660248,0.24834193289279938,0.05095874145627022,-0.020409148186445236,0.05717216432094574,100.0
H82,2023-03-01/2023-03-31,380,380,0.2834720313549042,0.05094780772924423,0.198982834815979,0.03685224801301956,-0.07493668794631958,0.0406896136701107,100.0
H82,2023-04-01/2023-04-30,380,380,0.2836166024208069,0.05394521355628967,0.20043274760246277,0.037942495197057724,-0.06721534579992294,0.040867287665605545,100.0
H82,2023-05-01/2023-05-31,380,380,0.2368437498807907,0.04909082129597664,0.16757376492023468,0.03302749618887901,-0.1327439397573471,0.03840776905417442,100.0
H82,2023-06-01/2023-06-30,380,380,0.24409253895282745,0.05300305038690567,0.16934078931808472,0.033810876309871674,-0.12985171377658844,0.03979838639497757,100.0
H82,2023-07-01/2023-07-31,380,380,0.6463912725448608,0.10583936423063278,0.5343649387359619,0.09285148233175278,0.13111692667007446,0.052036967128515244,100.0
H82,2023-08-01/2023-08-31,380,380,0.5509001612663269,0.07617343962192535,0.5039283633232117,0.07964050024747849,0.22157298028469086,0.04590180143713951,100.0
H82,2023-09-01/2023-09-30,380,380,0.4133538603782654,0.1724313199520111,0.3050447702407837,0.13666802644729614,0.013002139516174793,0.09660934656858444,100.0
H82,2023-10-01/2023-10-31,380,380,0.4457109272480011,0.11222903430461884,0.17785175144672394,0.05408059433102608,-0.01906755194067955,0.06734499335289001,100.0
H82,2023-11-01/2023-11-30,380,380,0.49861979484558105,0.12138435244560242,0.34270596504211426,0.08987102657556534,0.06039070338010788,0.05834255740046501,100.0
H82,2023-12-01/2023-12-31,380,380,0.36065351963043213,0.10249701142311096,0.2206263691186905,0.0670449361205101,-0.04325950890779495,0.06481267511844635,100.0
H82,2024-01-01/2024-01-31,380,380,0.3209720551967621,0.09681910276412964,0.20198509097099304,0.06244693696498871,-0.06856407225131989,0.05698627606034279,100.0
H82,2024-02-01/2024-02-29,380,380,0.33114680647850037,0.09114407002925873,0.21839234232902527,0.05756983906030655,-0.06133617088198662,0.05036276578903198,100.0
H82,2024-03-01/2024-03-31,380,380,0.286010205745697,0.06250419467687607,0.19795846939086914,0.03877471387386322,-0.062390800565481186,0.043102677911520004,100.0
H82,2024-04-01/2024-04-30,380,380,0.26655298471450806,0.05855514109134674,0.1893693059682846,0.03857423737645149,-0.08847682178020477,0.039208218455314636,100.0
H82,2024-05-01/2024-05-31,380,380,0.2135743796825409,0.05172005668282509,0.16047559678554535,0.03351294621825218,-0.07651467621326447,0.03786638006567955,100.0
H82,2024-06-01/2024-06-30,380,380,0.21386489272117615,0.052451491355895996,0.16087597608566284,0.03532158210873604,-0.07334590703248978,0.04025541990995407,100.0
H82,2024-07-01/2024-07-31,12,380,0.39675912261009216,0.09649942070245743,0.4125436544418335,0.10169333219528198,0.09178193658590317,0.07122882455587387,3.2
H82,2024-08-01/2024-08-31,0,380,,,,,,,0.0
H82,2024-09-01/2024-09-30,380,380,0.5331236720085144,0.1438637524843216,0.40761619806289673,0.12240011245012283,0.10340017825365067,0.09637226909399033,100.0
H82,2024-10-01/2024-10-31,380,380,0.5610454678535461,0.1148085817694664,0.41777467727661133,0.09453506022691727,0.12433139234781265,0.06758780777454376,100.0
H82,2024-11-01/2024-11-30,380,380,0.5601695775985718,0.10988608002662659,0.3682447075843811,0.07224351912736893,0.0855231061577797,0.055721186101436615,100.0
H82,2024-12-01/2024-12-31,380,380,0.49549102783203125,0.0949537381529808,0.32495617866516113,0.05992796644568443,0.05136322230100632,0.05235281586647034,100.0
H83,2023-01-01/2023-01-31,380,380,0.5938971042633057,0.08718186616897583,0.3746347427368164,0.06092673912644386,0.13896501064300537,0.06321439892053604,100.0
H83,2023-02-01/2023-02-28,380,380,0.45739102363586426,0.08899067342281342,0.29781627655029297,0.05692872405052185,0.04374156892299652,0.055181629955768585,100.0
H83,2023-03-01/2023-03-31,380,380,0.4351399540901184,0.09126023948192596,0.30499163269996643,0.062107086181640625,0.02440350130200386,0.05743377283215523,100.0
H83,2023-04-01/2023-04-30,380,380,0.4442700445652008,0.0940689668059349,0.31203126907348633,0.06496348232030869,0.030721278861165047,0.06236624717712402,100.0
H83,2023-05-01/2023-05-31,380,380,0.44261619448661804,0.09921205043792725,0.31748390197753906,0.07254603505134583,0.004029272124171257,0.061965201050043106,100.0
H83,2023-06-01/2023-06-30,380,380,0.4446887671947479,0.09903368353843689,0.3123747706413269,0.07028190791606903,0.010511924512684345,0.06276880204677582,100.0
H83,2023-07-01/2023-07-31,380,380,0.6263855695724487,0.0739966407418251,0.46436217427253723,0.0705544725060463,0.11245325952768326,0.05411143600940704,100.0
H83,2023-08-01/2023-08-31,380,380,0.5058894157409668,0.04952692613005638,0.39460939168930054,0.05680270865559578,0.13359779119491577,0.03173750638961792,100.0
H83,2023-09-01/2023-09-30,380,380,0.5775054693222046,0.06645321846008301,0.37871289253234863,0.05075652524828911,0.05031462386250496,0.043663278222084045,100.0
H83,2023-10-01/2023-10-31,378,380,0.5926098823547363,0.10016898065805435,0.2182496041059494,0.04195190593600273,0.03724190220236778,0.05884157493710518,99.5
H83,2023-11-01/2023-11-30,376,380,0.6421663165092468,0.10104016214609146,0.40210992097854614,0.07263258844614029,0.12135684490203857,0.06127976253628731,98.9
H83,2023-12-01/2023-12-31,380,380,0.6593554615974426,0.10415279120206833,0.3967241048812866,0.08330568671226501,0.1528782844543457,0.09791944175958633,100.0
H83,2024-01-01/2024-01-31,376,380,0.6452426910400391,0.10500501841306686,0.39827659726142883,0.07329482585191727,0.14774870872497559,0.06916827708482742,98.9
H83,2024-02-01/2024-02-29,376,380,0.5878087282180786,0.10399889945983887,0.36972716450691223,0.06911875307559967,0.10688088089227676,0.06263061612844467,98.9
H83,2024-03-01/2024-03-31,376,380,0.5184692144393921,0.09150516241788864,0.3402256369590759,0.05930725485086441,0.07744036614894867,0.052289512008428574,98.9
H83,2024-04-01/2024-04-30,376,380,0.5016015768051147,0.09030435234308243,0.3413226008415222,0.06173141300678253,0.05684434622526169,0.05239708721637726,98.9
H83,2024-05-01/2024-05-31,380,380,0.47463423013687134,0.09985492378473282,0.33301565051078796,0.07271059602499008,0.0537864975631237,0.07850026339292526,100.0
H83,2024-06-01/2024-06-30,376,380,0.48807603120803833,0.10016077756881714,0.3441215753555298,0.06932287663221359,0.055628564208745956,0.051798589527606964,98.9
H83,2024-07-01/2024-07-31,148,380,0.4004138112068176,0.043254006654024124,0.4317871034145355,0.04461806267499924,0.13327057659626007,0.01333300955593586,38.9
H83,2024-08-01/2024-08-31,0,380,,,,,,,0.0
H83,2024-09-01/2024-09-30,380,380,0.6499843001365662,0.09148289263248444,0.48035937547683716,0.07132921367883682,0.18742892146110535,0.07393552362918854,100.0
H83,2024-10-01/2024-10-31,376,380,0.619830846786499,0.07266087830066681,0.3716017007827759,0.05561089143157005,0.11462859064340591,0.057400893419981,98.9
H83,2024-11-01/2024-11-30,376,380,0.7348830103874207,0.08854759484529495,0.46223294734954834,0.0752163901925087,0.24034515023231506,0.06764116883277893,98.9
H83,2024-12-01/2024-12-31,380,380,0.6889877319335938,0.09463926404714584,0.4280146658420563,0.07834254205226898,0.2168220728635788,0.08464020490646362,100.0
H84,2023-01-01/2023-01-31,380,380,0.5346323847770691,0.13025610148906708,0.3306344151496887,0.0644485279917717,0.06057358905673027,0.07708773761987686,100.0
H84,2023-02-01/2023-02-28,380,380,0.4470311999320984,0.12275150418281555,0.2700658440589905,0.05367254465818405,-0.020406251773238182,0.06215185299515724,100.0
H84,2023-03-01/2023-03-31,380,380,0.34881195425987244,0.0918942391872406,0.21513748168945312,0.04613453522324562,-0.09634209424257278,0.05040428787469864,100.0
H84,2023-04-01/2023-04-30,380,380,0.33372795581817627,0.0863315686583519,0.2074844390153885,0.04331748187541962,-0.10177449882030487,0.049391355365514755,100.0
H84,2023-05-01/2023-05-31,380,380,0.3075108230113983,0.07316575199365616,0.19683024287223816,0.04616813734173775,-0.13913248479366302,0.048973891884088516,100.0
H84,2023-06-01/2023-06-30,380,380,0.28914204239845276,0.08274240046739578,0.18038880825042725,0.05563770979642868,-0.1457565724849701,0.07089082896709442,100.0
H84,2023-07-01/2023-07-31,380,380,0.5707280039787292,0.0862155333161354,0.43437135219573975,0.08665772527456284,0.04415467754006386,0.06664254516363144,100.0
H84,2023-08-01/2023-08-31,380,380,0.4096064865589142,0.0789259746670723,0.3057619333267212,0.07235504686832428,0.05077248439192772,0.058074090629816055,100.0
H84,2023-09-01/2023-09-30,380,380,0.46580275893211365,0.1408136487007141,0.3117600977420807,0.10482556372880936,-0.04076510667800903,0.09020883589982986,100.0
H84,2023-10-01/2023-10-31,380,380,0.5367019176483154,0.13803839683532715,0.18975095450878143,0.061568088829517365,-0.03894693776965141,0.10491995513439178,100.0
H84,2023-11-01/2023-11-30,380,380,0.44746825098991394,0.16261713206768036,0.2704697549343109,0.11185222119092941,-0.058099087327718735,0.12794385850429535,100.0
H84,2023-12-01/2023-12-31,380,380,0.5442917943000793,0.12244413048028946,0.30921968817710876,0.08819403499364853,0.01034203078597784,0.12115004658699036,100.0
H84,2024-01-01/2024-01-31,380,380,0.49226701259613037,0.11023221909999847,0.28642791509628296,0.06986203044652939,-0.013503246940672398,0.09456373006105423,100.0
H84,2024-02-01/2024-02-29,380,380,0.4415481984615326,0.10243161022663116,0.2744006812572479,0.0659845694899559,-0.036935072392225266,0.0754464715719223,100.0
H84,2024-03-01/2024-03-31,380,380,0.4031442403793335,0.07787665724754333,0.26937735080718994,0.05799580737948418,-0.018365275114774704,0.05799352377653122,100.0
H84,2024-04-01/2024-04-30,380,380,0.3882997930049896,0.07414491474628448,0.2652721107006073,0.05797040835022926,-0.04219408705830574,0.05556036904454231,100.0
H84,2024-05-01/2024-05-31,380,380,0.3323022425174713,0.07685612887144089,0.23334693908691406,0.057951394468545914,-0.04291721060872078,0.05698153004050255,100.0
H84,2024-06-01/2024-06-30,380,380,0.3107713758945465,0.08258536458015442,0.22056029736995697,0.05863219127058983,-0.05131091549992561,0.06006599962711334,100.0
H84,2024-07-01/2024-07-31,10,380,0.3539257347583771,0.043155964463949203,0.4084121286869049,0.051329538226127625,0.08140721917152405,0.024908950552344322,2.6
H84,2024-08-01/2024-08-31,0,380,,,,,,,0.0
H84,2024-09-01/2024-09-30,380,380,0.6921054124832153,0.1347431242465973,0.4933401048183441,0.13245028257369995,0.16061237454414368,0.12048120051622391,100.0
H84,2024-10-01/2024-10-31,380,380,0.606637179851532,0.10520202666521072,0.3970564901828766,0.08582057058811188,0.09148042649030685,0.09383818507194519,100.0
H84,2024-11-01/2024-11-30,380,380,0.4938402771949768,0.1425807774066925,0.2816811501979828,0.1025339737534523,-0.030045105144381523,0.13958339393138885,100.0
H84,2024-12-01/2024-12-31,380,380,0.4879972040653229,0.12631839513778687,0.2809969186782837,0.08178259432315826,-0.019383283331990242,0.11635439842939377,100.0
H85,2023-01-01/2023-01-31,380,380,0.49640190601348877,0.13254335522651672,0.2967153787612915,0.08474692702293396,0.015361941419541836,0.09503885358572006,100.0
H85,2023-02-01/2023-02-28,380,380,0.4067450165748596,0.10551097244024277,0.23856012523174286,0.05746392160654068,-0.058900099247694016,0.06263794749975204,100.0
H85,2023-03-01/2023-03-31,380,380,0.28047776222229004,0.06549115478992462,0.17457972466945648,0.037703968584537506,-0.13938407599925995,0.048340488225221634,100.0
H85,2023-04-01/2023-04-30,380,380,0.2751348316669464,0.06075715646147728,0.1740141659975052,0.0364781878888607,-0.13485804200172424,0.04797382652759552,100.0
H85,2023-05-01/2023-05-31,380,380,0.26699337363243103,0.060051582753658295,0.1716316044330597,0.03640492260456085,-0.163047194480896,0.03575971722602844,100.0
H85,2023-06-01/2023-06-30,380,380,0.25521254539489746,0.06040070205926895,0.1573999524116516,0.04049146920442581,-0.16918636858463287,0.05397055298089981,100.0
H85,2023-07-01/2023-07-31,380,380,0.49366456270217896,0.12144530564546585,0.3736494481563568,0.10920718312263489,-0.003674187697470188,0.07873029261827469,100.0
H85,2023-08-01/2023-08-31,380,380,0.4891889989376068,0.08614515513181686,0.386732280254364,0.08743073046207428,0.12537622451782227,0.08378727734088898,100.0
H85,2023-09-01/2023-09-30,380,380,0.5490444898605347,0.16089771687984467,0.39117175340652466,0.15567700564861298,0.047785770148038864,0.1558721512556076,100.0
H85,2023-10-01/2023-10-31,380,380,0.5311254262924194,0.14835019409656525,0.19089503586292267,0.06744278967380524,-0.023217763751745224,0.13623346388339996,100.0
H85,2023-11-01/2023-11-30,380,380,0.46140313148498535,0.13445189595222473,0.2742035984992981,0.09526386111974716,-0.04979685693979263,0.126604825258255,100.0
H85,2023-12-01/2023-12-31,380,380,0.626451313495636,0.1274564415216446,0.39192476868629456,0.11010761559009552,0.09874314814805984,0.11962469667196274,100.0
H85,2024-01-01/2024-01-31,380,380,0.507664144039154,0.1200895756483078,0.3109194040298462,0.08581333607435226,0.014209761284291744,0.09647496789693832,100.0
H85,2024-02-01/2024-02-29,380,380,0.4314534366130829,0.09486062824726105,0.2723865807056427,0.06537804752588272,-0.0411682166159153,0.0805758610367775,100.0
H85,2024-03-01/2024-03-31,380,380,0.3769051432609558,0.07007042318582535,0.24951432645320892,0.049057964235544205,-0.03963989391922951,0.04649297147989273,100.0
H85,2024-04-01/2024-04-30,380,380,0.3505585789680481,0.0659390464425087,0.23765026032924652,0.047618113458156586,-0.06902295351028442,0.042930860072374344,100.0
H85,2024-05-01/2024-05-31,380,380,0.2604609429836273,0.07242264598608017,0.18663181364536285,0.052880194038152695,-0.08013007789850235,0.04151274263858795,100.0
H85,2024-06-01/2024-06-30,380,380,0.2604047954082489,0.08082203567028046,0.18968629837036133,0.05996692180633545,-0.06920646876096725,0.04344077780842781,100.0
H85,2024-07-01/2024-07-31,337,380,0.49820461869239807,0.10109402239322662,0.5688568949699402,0.12749506533145905,0.14569617807865143,0.04661082476377487,88.7
H85,2024-08-01/2024-08-31,0,380,,,,,,,0.0
H85,2024-09-01/2024-09-30,380,380,0.597640335559845,0.137091726064682,0.4180977940559387,0.12336444854736328,0.09718989580869675,0.10869597643613815,100.0
H85,2024-10-01/2024-10-31,380,380,0.6344136595726013,0.1741291880607605,0.47231176495552063,0.1507357656955719,0.16138330101966858,0.10879543423652649,100.0
H85,2024-11-01/2024-11-30,380,380,0.41559818387031555,0.11045008152723312,0.2426040917634964,0.07065179198980331,-0.0555863194167614,0.09230542182922363,100.0
H85,2024-12-01/2024-12-31,380,380,0.3876481354236603,0.09358134120702744,0.23091904819011688,0.05932319536805153,-0.06234847754240036,0.08203920722007751,100.0
H86,2023-01-01/2023-01-31,380,380,0.5607046484947205,0.11630910634994507,0.3176858723163605,0.06444595009088516,0.04054915904998779,0.1037134900689125,100.0
H86,2023-02-01/2023-02-28,380,380,0.4762329161167145,0.10900519788265228,0.2721579074859619,0.050927869975566864,-0.03048536367714405,0.0705571398139,100.0
H86,2023-03-01/2023-03-31,380,380,0.3556384742259979,0.08612735569477081,0.2209288328886032,0.05713270977139473,-0.10039413720369339,0.05923306941986084,100.0
H86,2023-04-01/2023-04-30,380,380,0.3510991036891937,0.08600225299596786,0.2182117998600006,0.058722931891679764,-0.09454704076051712,0.06006493419408798,100.0
H86,2023-05-01/2023-05-31,380,380,0.3541342616081238,0.1204238310456276,0.22484531998634338,0.07126420736312866,-0.09400729835033417,0.07944056391716003,100.0
H86,2023-06-01/2023-06-30,380,380,0.3649562895298004,0.12392732501029968,0.2254408746957779,0.07009147852659225,-0.08633226901292801,0.07730342447757721,100.0
H86,2023-07-01/2023-07-31,29,380,0.4571300745010376,0.103531613945961,0.4216119050979614,0.0813504084944725,0.07971326261758804,0.04979845881462097,7.6
H86,2023-08-01/2023-08-31,380,380,0.5910727381706238,0.07072191685438156,0.501147449016571,0.08035396039485931,0.21855992078781128,0.07136576622724533,100.0
H86,2023-09-01/2023-09-30,380,380,0.7048062086105347,0.11063364148139954,0.5033432245254517,0.10954900830984116,0.18259991705417633,0.11004840582609177,100.0
H86,2023-10-01/2023-10-31,380,380,0.6870441436767578,0.1363116055727005,0.2628970444202423,0.07115303725004196,0.08962418138980865,0.12869727611541748,100.0
H86,2023-11-01/2023-11-30,380,380,0.7099457383155823,0.1262538880109787,0.4465479254722595,0.10771112143993378,0.15361052751541138,0.11733189225196838,100.0
H86,2023-12-01/2023-12-31,380,380,0.6793358325958252,0.10892543941736221,0.38749727606773376,0.0722016766667366,0.12453081458806992,0.09863974899053574,100.0
H86,2024-01-01/2024-01-31,380,380,0.5989617705345154,0.10956282168626785,0.3330312967300415,0.057709209620952606,0.044519949704408646,0.0812620222568512,100.0
H86,2024-02-01/2024-02-29,380,380,0.541029155254364,0.10672915726900101,0.31111326813697815,0.05868290364742279,0.005988184362649918,0.07129892706871033,100.0
H86,2024-03-01/2024-03-31,380,380,0.41034892201423645,0.10230625420808792,0.25042790174484253,0.07209111005067825,-0.05695866420865059,0.07741569727659225,100.0
H86,2024-04-01/2024-04-30,380,380,0.3784104883670807,0.10143168270587921,0.23866306245326996,0.07646934688091278,-0.08650407195091248,0.07935447990894318,100.0
H86,2024-05-01/2024-05-31,380,380,0.3215807378292084,0.11912322044372559,0.21204352378845215,0.07922860234975815,-0.08045818656682968,0.07171183079481125,100.0
H86,2024-06-01/2024-06-30,380,380,0.3308105766773224,0.1324448138475418,0.22119437158107758,0.08795375376939774,-0.06688246130943298,0.08011241257190704,100.0
H86,2024-07-01/2024-07-31,380,380,0.6706206798553467,0.07816776633262634,0.5964680910110474,0.09992678463459015,0.1811581701040268,0.07144104689359665,100.0
H86,2024-08-01/2024-08-31,0,380,,,,,,,0.0
H86,2024-09-01/2024-09-30,380,380,0.8514346480369568,0.07228515297174454,0.6321012377738953,0.08152210712432861,0.3275277018547058,0.0627334713935852,100.0
H86,2024-10-01/2024-10-31,380,380,0.7782202363014221,0.1214488297700882,0.5638757944107056,0.11387624591588974,0.2826743721961975,0.10435616225004196,100.0
H86,2024-11-01/2024-11-30,380,380,0.6275936365127563,0.13024801015853882,0.35898301005363464,0.09858713299036026,0.08402833342552185,0.13247229158878326,100.0
H86,2024-12-01/2024-12-31,380,380,0.5749171376228333,0.14023785293102264,0.3097247779369354,0.07938892394304276,0.023760825395584106,0.11426358669996262,100.0
H87,2023-01-01/2023-01-31,380,380,0.49887388944625854,0.077334925532341,0.30832639336586,0.05302532762289047,0.05008387193083763,0.09171779453754425,100.0
H87,2023-02-01/2023-02-28,376,380,0.4429054260253906,0.06848376244306564,0.2744077444076538,0.04396186023950577,-0.001406894763931632,0.06826619058847427,98.9
H87,2023-03-01/2023-03-31,376,380,0.3901824653148651,0.06655237078666687,0.2574270963668823,0.05011581629514694,-0.02767264097929001,0.0654369592666626,98.9
H87,2023-04-01/2023-04-30,376,380,0.3920783996582031,0.06666194647550583,0.25928011536598206,0.050188202410936356,-0.022143734619021416,0.06633497029542923,98.9
H87,2023-05-01/2023-05-31,376,380,0.3897193372249603,0.07811775803565979,0.26750725507736206,0.05922791734337807,-0.03464408591389656,0.07073342055082321,98.9
H87,2023-06-01/2023-06-30,376,380,0.39110687375068665,0.07680122554302216,0.2657570540904999,0.05735692009329796,-0.02592618577182293,0.06575217843055725,98.9
H87,2023-07-01/2023-07-31,24,380,0.4938204288482666,0.1866338551044464,0.3696456253528595,0.19909314811229706,-0.008299464359879494,0.21272869408130646,6.3
H87,2023-08-01/2023-08-31,380,380,0.5358042120933533,0.04929535463452339,0.4365171790122986,0.05781431496143341,0.1722288280725479,0.04068828001618385,100.0
H87,2023-09-01/2023-09-30,376,380,0.5297479033470154,0.0833982601761818,0.35176971554756165,0.0695817619562149,0.040231384336948395,0.08190719783306122,98.9
H87,2023-10-01/2023-10-31,376,380,0.6117628216743469,0.07814852893352509,0.22353559732437134,0.03237795829772949,0.05478449910879135,0.07907621562480927,98.9
H87,2023-11-01/2023-11-30,376,380,0.5931342840194702,0.0671018585562706,0.3695836663246155,0.05053243786096573,0.0751224160194397,0.07126497477293015,98.9
H87,2023-12-01/2023-12-31,380,380,0.6032931804656982,0.06782837957143784,0.3573716878890991,0.06231129169464111,0.07704916596412659,0.09440595656633377,100.0
H87,2024-01-01/2024-01-31,376,380,0.575695276260376,0.059446945786476135,0.35362234711647034,0.056735217571258545,0.07265488803386688,0.07250397652387619,98.9
H87,2024-02-01/2024-02-29,376,380,0.4797651469707489,0.058988410979509354,0.30698779225349426,0.04992525279521942,0.02761092409491539,0.07166895270347595,98.9
H87,2024-03-01/2024-03-31,376,380,0.4594389796257019,0.07077059894800186,0.3161345422267914,0.05888635292649269,0.041936539113521576,0.06768252700567245,98.9
H87,2024-04-01/2024-04-30,376,380,0.44614994525909424,0.0724414810538292,0.31559300422668457,0.06141810119152069,0.021561862900853157,0.07039685547351837,98.9
H87,2024-05-01/2024-05-31,380,380,0.43362927436828613,0.09866028279066086,0.3163644075393677,0.08044838160276413,0.03390504792332649,0.08494330942630768,100.0
H87,2024-06-01/2024-06-30,376,380,0.4394790828227997,0.09877367317676544,0.3242206275463104,0.07991114258766174,0.04693937301635742,0.08384209871292114,98.9
H87,2024-07-01/2024-07-31,380,380,0.6068128347396851,0.08724658936262131,0.5031490921974182,0.09651976823806763,0.13706575334072113,0.0690433457493782,100.0
H87,2024-08-01/2024-08-31,0,380,,,,,,,0.0
H87,2024-09-01/2024-09-30,380,380,0.5809137225151062,0.0993155911564827,0.37326860427856445,0.0793507993221283,0.08051230013370514,0.10526188462972641,100.0
H87,2024-10-01/2024-10-31,376,380,0.6910239458084106,0.07602487504482269,0.47617125511169434,0.07089901715517044,0.19264927506446838,0.07493917644023895,98.9
H87,2024-11-01/2024-11-30,374,380,0.6256369352340698,0.08345543593168259,0.37911441922187805,0.06177389994263649,0.11480847746133804,0.07652994245290756,98.4
H87,2024-12-01/2024-12-31,380,380,0.6026289463043213,0.09442552179098129,0.3673369586467743,0.07480459660291672,0.11502549797296524,0.09779223799705505,100.0
H88,2023-01-01/2023-01-31,380,380,0.6033697128295898,0.15802165865898132,0.3183025121688843,0.08448217064142227,0.09147609770298004,0.1102949008345604,100.0
H88,2023-02-01/2023-02-28,380,380,0.5154105424880981,0.1560436338186264,0.27284127473831177,0.07691071182489395,0.010401096194982529,0.09938044846057892,100.0
H88,2023-03-01/2023-03-31,380,380,0.39109110832214355,0.12470043450593948,0.22156716883182526,0.0701858177781105,-0.0641942247748375,0.08256572484970093,100.0
H88,2023-04-01/2023-04-30,380,380,0.3928793668746948,0.1233740821480751,0.22258689999580383,0.06998492777347565,-0.05830155313014984,0.07861896604299545,100.0
H88,2023-05-01/2023-05-31,380,380,0.3832206428050995,0.129072368144989,0.22905683517456055,0.08737558871507645,-0.06967104226350784,0.08590330928564072,100.0
H88,2023-06-01/2023-06-30,380,380,0.3966720700263977,0.13284246623516083,0.2335907369852066,0.09168318659067154,-0.057765208184719086,0.08629577606916428,100.0
H88,2023-07-01/2023-07-31,0,380,,,,,,,0.0
H88,2023-08-01/2023-08-31,380,380,0.6169204711914062,0.07262139767408371,0.5244249701499939,0.08121952414512634,0.2525978088378906,0.05833383649587631,100.0
H88,2023-09-01/2023-09-30,380,380,0.7109525799751282,0.14587585628032684,0.492330402135849,0.12525345385074615,0.20063567161560059,0.10972747206687927,100.0
H88,2023-10-01/2023-10-31,380,380,0.7749102115631104,0.1351197510957718,0.30704689025878906,0.06929235905408859,0.19870513677597046,0.1040395125746727,100.0
H88,2023-11-01/2023-11-30,380,380,0.718105673789978,0.15012647211551666,0.4216957986354828,0.10863985121250153,0.18533043563365936,0.10645458847284317,100.0
H88,2023-12-01/2023-12-31,380,380,0.6875163912773132,0.14739637076854706,0.33922287821769714,0.09493017196655273,0.1284305602312088,0.1205660030245781,100.0
H88,2024-01-01/2024-01-31,380,380,0.5913518071174622,0.1442691534757614,0.2885196805000305,0.08653630316257477,0.04349373281002045,0.11832436174154282,100.0
H88,2024-02-01/2024-02-29,380,380,0.5172439813613892,0.14634542167186737,0.2654637098312378,0.0870574489235878,-0.0052107758820056915,0.11017568409442902,100.0
H88,2024-03-01/2024-03-31,380,380,0.4029504060745239,0.12754233181476593,0.223088800907135,0.07899429649114609,-0.05377575755119324,0.09833969920873642,100.0
H88,2024-04-01/2024-04-30,380,380,0.37549498677253723,0.12540645897388458,0.21624699234962463,0.08262255787849426,-0.07708334177732468,0.09824559837579727,100.0
H88,2024-05-01/2024-05-31,380,380,0.32906362414360046,0.12849605083465576,0.1984608769416809,0.08681605011224747,-0.080507792532444,0.08672094345092773,100.0
H88,2024-06-01/2024-06-30,380,380,0.331613153219223,0.13112404942512512,0.20187325775623322,0.09113181382417679,-0.07713297754526138,0.08563742786645889,100.0
H88,2024-07-01/2024-07-31,72,380,0.6014227271080017,0.07426796108484268,0.4548531174659729,0.07751642912626266,0.14789539575576782,0.0544084832072258,18.9
H88,2024-08-01/2024-08-31,0,380,,,,,,,0.0
H88,2024-09-01/2024-09-30,380,380,0.7778440713882446,0.12704096734523773,0.5200926661491394,0.10829067975282669,0.23406469821929932,0.0860310047864914,100.0
H88,2024-10-01/2024-10-31,380,380,0.7570603489875793,0.12456110119819641,0.5037990212440491,0.10718157887458801,0.24410833418369293,0.08401454985141754,100.0
H88,2024-11-01/2024-11-30,380,380,0.6724902391433716,0.11732389032840729,0.3755475878715515,0.08914008736610413,0.1577039361000061,0.096758633852005,100.0
H88,2024-12-01/2024-12-31,380,380,0.6386780738830566,0.11803176999092102,0.32985782623291016,0.08522692322731018,0.0981418788433075,0.1136421412229538,100.0
H89,2023-01-01/2023-01-31,380,380,0.6072208285331726,0.12090996652841568,0.31906455755233765,0.06833785027265549,0.06949102133512497,0.09734304994344711,100.0
H89,2023-02-01/2023-02-28,380,380,0.5144496560096741,0.12326254695653915,0.2667596638202667,0.047618329524993896,-0.013976606540381908,0.07800697535276413,100.0
H89,2023-03-01/2023-03-31,380,380,0.3884319067001343,0.09894507378339767,0.21603301167488098,0.04073049873113632,-0.09160997718572617,0.06300902366638184,100.0
H89,2023-04-01/2023-04-30,380,380,0.3854281008243561,0.09559931606054306,0.214741513133049,0.040758635848760605,-0.0892937034368515,0.0624462328851223,100.0
H89,2023-05-01/2023-05-31,380,380,0.316212922334671,0.1038748100399971,0.18119089305400848,0.05334412306547165,-0.13552874326705933,0.060358185321092606,100.0
H89,2023-06-01/2023-06-30,380,380,0.32685503363609314,0.10727592557668686,0.18175522983074188,0.05091710761189461,-0.13012388348579407,0.06186575070023537,100.0
H89,2023-07-01/2023-07-31,200,380,0.6103774309158325,0.15959659218788147,0.4477896988391876,0.14773337543010712,0.10821392387151718,0.12912826240062714,52.6
H89,2023-08-01/2023-08-31,0,380,,,,,,,0.0
H89,2023-09-01/2023-09-30,380,380,0.7371084690093994,0.10041490197181702,0.5253130197525024,0.08849985897541046,0.21728754043579102,0.09246601909399033,100.0
H89,2023-10-01/2023-10-31,380,380,0.7447628378868103,0.1221335157752037,0.3114197850227356,0.060004398226737976,0.17831578850746155,0.09116750210523605,100.0
H89,2023-11-01/2023-11-30,380,380,0.7648321986198425,0.08339876681566238,0.48373943567276,0.10010682791471481,0.2214718908071518,0.07921598106622696,100.0
H89,2023-12-01/2023-12-31,380,380,0.7269818782806396,0.10837714374065399,0.3980593979358673,0.09772223979234695,0.16179978847503662,0.10131579637527466,100.0
H89,2024-01-01/2024-01-31,380,380,0.636138916015625,0.11137866228818893,0.3419947922229767,0.06555312126874924,0.07089205086231232,0.08901461958885193,100.0
H89,2024-02-01/2024-02-29,380,380,0.5487616062164307,0.12432650476694107,0.30999138951301575,0.05274714156985283,0.023520149290561676,0.07879979908466339,100.0
H89,2024-03-01/2024-03-31,380,380,0.4329020082950592,0.10693047940731049,0.2554387152194977,0.04929666966199875,-0.03211841732263565,0.07680851966142654,100.0
H89,2024-04-01/2024-04-30,380,380,0.39781996607780457,0.09458669275045395,0.24357131123542786,0.049069225788116455,-0.058887869119644165,0.0723983570933342,100.0
H89,2024-05-01/2024-05-31,380,380,0.3100374639034271,0.08997783064842224,0.19115620851516724,0.05011429265141487,-0.09385921061038971,0.0784679651260376,100.0
H89,2024-06-01/2024-06-30,380,380,0.30519047379493713,0.08876809477806091,0.18953074514865875,0.05201682820916176,-0.09356623888015747,0.0797787755727768,100.0
H89,2024-07-01/2024-07-31,268,380,0.6579214930534363,0.08655741810798645,0.5916922092437744,0.11930405348539352,0.20543895661830902,0.07965167611837387,70.5
H89,2024-08-01/2024-08-31,0,380,,,,,,,0.0
H89,2024-09-01/2024-09-30,380,380,0.7589944005012512,0.12216296046972275,0.5080367922782898,0.10975798219442368,0.1933528333902359,0.11978128552436829,100.0
H89,2024-10-01/2024-10-31,380,380,0.7653417587280273,0.09596239775419235,0.5170711874961853,0.09799575060606003,0.22363285720348358,0.10372420400381088,100.0
H89,2024-11-01/2024-11-30,380,380,0.7274383306503296,0.08178291469812393,0.42800045013427734,0.08861566334962845,0.17829148471355438,0.09313886612653732,100.0
H89,2024-12-01/2024-12-31,380,380,0.596483588218689,0.14451484382152557,0.3258048892021179,0.08111154288053513,0.07377831637859344,0.10661223530769348,100.0
H90,2023-01-01/2023-01-31,380,380,0.6993116140365601,0.10376905649900436,0.3630180358886719,0.07200650870800018,0.15074874460697174,0.09087824821472168,100.0
H90,2023-02-01/2023-02-28,380,380,0.5677526593208313,0.15250049531459808,0.28164172172546387,0.05190672725439072,0.02387685328722,0.08892212808132172,100.0
H90,2023-03-01/2023-03-31,380,380,0.4058636426925659,0.1303044557571411,0.214740589261055,0.04817894473671913,-0.0830409973859787,0.07748851180076599,100.0
H90,2023-04-01/2023-04-30,380,380,0.3975699245929718,0.12665662169456482,0.2091633826494217,0.04814271628856659,-0.08873514086008072,0.07687420397996902,100.0
H90,2023-05-01/2023-05-31,380,380,0.3419702649116516,0.11398760974407196,0.18311960995197296,0.051985614001750946,-0.1496741622686386,0.07469598203897476,100.0
H90,2023-06-01/2023-06-30,380,380,0.3529120981693268,0.11625228822231293,0.184331476688385,0.05148474872112274,-0.14604035019874573,0.07546498626470566,100.0
H90,2023-07-01/2023-07-31,380,380,0.6846974492073059,0.11336326599121094,0.5207277536392212,0.11112555861473083,0.1509208232164383,0.09701866656541824,100.0
H90,2023-08-01/2023-08-31,260,380,0.639502763748169,0.043815068900585175,0.5751444697380066,0.04931517690420151,0.269123911857605,0.03900226578116417,68.4
H90,2023-09-01/2023-09-30,380,380,0.7706890106201172,0.10158780217170715,0.5472964644432068,0.08450230211019516,0.2431078851222992,0.0779266357421875,100.0
H90,2023-10-01/2023-10-31,380,380,0.7713017463684082,0.11723779141902924,0.27332383394241333,0.05662254989147186,0.17944614589214325,0.09228651970624924,100.0
H90,2023-11-01/2023-11-30,380,380,0.7356417775154114,0.12493111193180084,0.4442843794822693,0.08956500142812729,0.1925203651189804,0.08563340455293655,100.0
H90,2023-12-01/2023-12-31,380,380,0.7242100834846497,0.12941759824752808,0.38050219416618347,0.08294865489006042,0.16063863039016724,0.09647460281848907,100.0
H90,2024-01-01/2024-01-31,380,380,0.6451625823974609,0.1385776847600937,0.3253791034221649,0.0657305121421814,0.07250849157571793,0.09077368676662445,100.0
H90,2024-02-01/2024-02-29,380,380,0.5789301991462708,0.13387943804264069,0.30178922414779663,0.05494518578052521,0.022094352170825005,0.08319095522165298,100.0
H90,2024-03-01/2024-03-31,380,380,0.45227938890457153,0.12212163209915161,0.2461153268814087,0.05688367784023285,-0.04435589909553528,0.08385924994945526,100.0
H90,2024-04-01/2024-04-30,380,380,0.4154178500175476,0.11127611249685287,0.2343417853116989,0.05657182261347771,-0.07612171024084091,0.08239490538835526,100.0
H90,2024-05-01/2024-05-31,380,380,0.3089645504951477,0.11178193241357803,0.17532497644424438,0.05414882302284241,-0.12865987420082092,0.0857265442609787,100.0
H90,2024-06-01/2024-06-30,380,380,0.30706658959388733,0.10570527613162994,0.17569367587566376,0.051684677600860596,-0.12706103920936584,0.0849204733967781,100.0
H90,2024-07-01/2024-07-31,380,380,0.5951343178749084,0.07197515666484833,0.5172796845436096,0.08247484266757965,0.14264926314353943,0.06303040683269501,100.0
H90,2024-08-01/2024-08-31,0,380,,,,,,,0.0
H90,2024-09-01/2024-09-30,380,380,0.7702460289001465,0.17229805886745453,0.5130572319030762,0.1442582756280899,0.20934242010116577,0.15519678592681885,100.0
H90,2024-10-01/2024-10-31,380,380,0.7558873891830444,0.1593674272298813,0.5037095546722412,0.13466376066207886,0.22109998762607574,0.15192177891731262,100.0
H90,2024-11-01/2024-11-30,380,380,0.6788502931594849,0.17636539041996002,0.3770044445991516,0.11339997500181198,0.12891677021980286,0.1560828536748886,100.0
H90,2024-12-01/2024-12-31,380,380,0.6295507550239563,0.16757521033287048,0.3227500915527344,0.0909845158457756,0.06629668921232224,0.13744276762008667,100.0
H91,2023-01-01/2023-01-31,380,380,0.5315353274345398,0.08926554024219513,0.32765719294548035,0.050640277564525604,0.0438196025788784,0.05389193817973137,100.0
H91,2023-02-01/2023-02-28,380,380,0.4310225546360016,0.0780596137046814,0.2595193684101105,0.03683299943804741,-0.038099516183137894,0.040633153170347214,100.0
H91,2023-03-01/2023-03-31,380,380,0.35263729095458984,0.048589564859867096,0.22710049152374268,0.029385609552264214,-0.08205478638410568,0.035363782197237015,100.0
H91,2023-04-01/2023-04-30,380,380,0.35429656505584717,0.04801888391375542,0.2284751832485199,0.03372863307595253,-0.07487785816192627,0.04070137441158295,100.0
H91,2023-05-01/2023-05-31,380,380,0.36021703481674194,0.04950636625289917,0.2339051067829132,0.0336812287569046,-0.09236741065979004,0.04204590246081352,100.0
H91,2023-06-01/2023-06-30,380,380,0.36538928747177124,0.05187782645225525,0.23214460909366608,0.03478505089879036,-0.09022794663906097,0.04316195473074913,100.0
H91,2023-07-01/2023-07-31,104,380,0.6537742614746094,0.05412375554442406,0.5185981392860413,0.043422404676675797,0.13136878609657288,0.04277428239583969,27.4
H91,2023-08-01/2023-08-31,370,380,0.56876140832901,0.04902723431587219,0.5088830590248108,0.05438489466905594,0.21872307360172272,0.04168359935283661,97.4
H91,2023-09-01/2023-09-30,380,380,0.5377593040466309,0.11334908753633499,0.365970641374588,0.08859387785196304,0.04102792963385582,0.09442447125911713,100.0
H91,2023-10-01/2023-10-31,380,380,0.7498371601104736,0.0516619011759758,0.2693033218383789,0.056373901665210724,0.1922762393951416,0.06616176664829254,100.0
H91,2023-11-01/2023-11-30,380,380,0.6765580773353577,0.0705687403678894,0.4354437589645386,0.05406787246465683,0.16248083114624023,0.046076953411102295,100.0
H91,2023-12-01/2023-12-31,380,380,0.6206259727478027,0.08356921374797821,0.3512381613254547,0.05270702764391899,0.07642859220504761,0.061013590544462204,100.0
H91,2024-01-01/2024-01-31,380,380,0.5634413361549377,0.07682616263628006,0.32241111993789673,0.04313800856471062,0.031296711415052414,0.042596228420734406,100.0
H91,2024-02-01/2024-02-29,380,380,0.5283353924751282,0.06554245948791504,0.31760603189468384,0.04476344957947731,0.012032476253807545,0.042372070252895355,100.0
H91,2024-03-01/2024-03-31,380,380,0.4521220624446869,0.05669533833861351,0.28323790431022644,0.04851396754384041,-0.015725241973996162,0.05431439355015755,100.0
H91,2024-04-01/2024-04-30,380,380,0.43437713384628296,0.057102467864751816,0.2793009579181671,0.05041852593421936,-0.038950227200984955,0.054587941616773605,100.0
H91,2024-05-01/2024-05-31,380,380,0.368053674697876,0.05527345836162567,0.24380286037921906,0.0439331941306591,-0.057008348405361176,0.055490102618932724,100.0
H91,2024-06-01/2024-06-30,380,380,0.3529443144798279,0.05444933846592903,0.2445419281721115,0.04327825829386711,-0.05174626410007477,0.05853733420372009,100.0
H91,2024-07-01/2024-07-31,333,380,0.5198428630828857,0.056297510862350464,0.447369784116745,0.06123927980661392,0.10427650064229965,0.03840703144669533,87.6
H91,2024-08-01/2024-08-31,0,380,,,,,,,0.0
H91,2024-09-01/2024-09-30,380,380,0.6315418481826782,0.10204669088125229,0.4042525887489319,0.08617032319307327,0.09178681671619415,0.08645664900541306,100.0
H91,2024-10-01/2024-10-31,380,380,0.580109179019928,0.11487729102373123,0.3824135661125183,0.09033729135990143,0.08288117498159409,0.09082523733377457,100.0
H91,2024-11-01/2024-11-30,380,380,0.6149039268493652,0.07540377974510193,0.3785790205001831,0.060770031064748764,0.09943781048059464,0.06137149780988693,100.0
H91,2024-12-01/2024-12-31,380,380,0.5907503366470337,0.07855193316936493,0.3562135696411133,0.05102449655532837,0.0755281075835228,0.04706603288650513,100.0
H92,2023-01-01/2023-01-31,380,380,0.7431939244270325,0.10774194449186325,0.38787567615509033,0.08328954130411148,0.2408272624015808,0.10148988664150238,100.0
H92,2023-02-01/2023-02-28,380,380,0.6827505230903625,0.12701639533042908,0.3555653691291809,0.07911165803670883,0.17584794759750366,0.10501249879598618,100.0
H92,2023-03-01/2023-03-31,380,380,0.5964415073394775,0.13428200781345367,0.35764357447624207,0.11077215522527695,0.12413366138935089,0.12395048141479492,100.0
H92,2023-04-01/2023-04-30,380,380,0.590121328830719,0.13424788415431976,0.35582128167152405,0.11264777928590775,0.12030554562807083,0.12377005070447922,100.0
H92,2023-05-01/2023-05-31,380,380,0.5899589657783508,0.13085810840129852,0.38172656297683716,0.12422747164964676,0.10773265361785889,0.12236880511045456,100.0
H92,2023-06-01/2023-06-30,380,380,0.5966466069221497,0.13441063463687897,0.3736206591129303,0.12150641530752182,0.11205950379371643,0.12305837869644165,100.0
H92,2023-07-01/2023-07-31,362,380,0.735495388507843,0.06802812963724136,0.5460753440856934,0.07244405150413513,0.23750832676887512,0.058866050094366074,95.3
H92,2023-08-01/2023-08-31,380,380,0.6417008638381958,0.05321982875466347,0.5486649870872498,0.06208076700568199,0.2887935936450958,0.04256603121757507,100.0
H92,2023-09-01/2023-09-30,380,380,0.7772806286811829,0.10532009601593018,0.5365830063819885,0.09217985719442368,0.2764953672885895,0.08436568826436996,100.0
H92,2023-10-01/2023-10-31,380,380,0.8623382449150085,0.07725266367197037,0.3052176237106323,0.07819514721632004,0.2833430767059326,0.08259249478578568,100.0
H92,2023-11-01/2023-11-30,380,380,0.7998250722885132,0.09734220802783966,0.4648241400718689,0.08737524598836899,0.2717641294002533,0.09122814238071442,100.0
H92,2023-12-01/2023-12-31,380,380,0.8190341591835022,0.10006575286388397,0.44341278076171875,0.09285292774438858,0.28793850541114807,0.11193077266216278,100.0
H92,2024-01-01/2024-01-31,380,380,0.7317664623260498,0.10533513873815536,0.38331839442253113,0.07341662049293518,0.17187407612800598,0.09237749874591827,100.0
H92,2024-02-01/2024-02-29,380,380,0.6792461276054382,0.10526184737682343,0.36207106709480286,0.06486333906650543,0.13327687978744507,0.07934578508138657,100.0
H92,2024-03-01/2024-03-31,380,380,0.5772323608398438,0.10884588211774826,0.3377765715122223,0.07739824056625366,0.08499757200479507,0.08104841411113739,100.0
H92,2024-04-01/2024-04-30,380,380,0.5549716949462891,0.105229452252388,0.3416241407394409,0.08431395888328552,0.06646337360143661,0.08483187109231949,100.0
H92,2024-05-01/2024-05-31,380,380,0.5074299573898315,0.1127948984503746,0.31709322333335876,0.09638655930757523,0.03118900954723358,0.09354128688573837,100.0
H92,2024-06-01/2024-06-30,380,380,0.5034334063529968,0.11125970631837845,0.31712228059768677,0.09835564345121384,0.02654705010354519,0.09404876828193665,100.0
H92,2024-07-01/2024-07-31,380,380,0.6414712071418762,0.054118722677230835,0.5399366617202759,0.08038004487752914,0.17958758771419525,0.0423077791929245,100.0
H92,2024-08-01/2024-08-31,0,380,,,,,,,0.0
H92,2024-09-01/2024-09-30,380,380,0.830402672290802,0.07377015799283981,0.5390626788139343,0.07632119208574295,0.28498589992523193,0.06283994019031525,100.0
H92,2024-10-01/2024-10-31,380,380,0.7877362966537476,0.0950409546494484,0.49261409044265747,0.08729266375303268,0.26597723364830017,0.08337084949016571,100.0
H92,2024-11-01/2024-11-30,380,380,0.7846733331680298,0.09626471251249313,0.4535766541957855,0.08225537836551666,0.2721184492111206,0.08674099296331406,100.0
H92,2024-12-01/2024-12-31,380,380,0.7682862877845764,0.09320647269487381,0.4241239130496979,0.078476682305336,0.24624432623386383,0.09156809002161026,100.0
H93,2023-01-01/2023-01-31,380,380,0.7777382135391235,0.07251297682523727,0.4321233630180359,0.06613399088382721,0.27141454815864563,0.08157027512788773,100.0
H93,2023-02-01/2023-02-28,380,380,0.7160384058952332,0.08947692066431046,0.3935917019844055,0.06405322253704071,0.19822414219379425,0.08581848442554474,100.0
H93,2023-03-01/2023-03-31,380,380,0.6320503950119019,0.11498779058456421,0.3970267176628113,0.1039283275604248,0.15104255080223083,0.10920017212629318,100.0
H93,2023-04-01/2023-04-30,380,380,0.6351538300514221,0.12635456025600433,0.40204352140426636,0.11262636631727219,0.15420159697532654,0.116678386926651,100.0
H93,2023-05-01/2023-05-31,380,380,0.60564124584198,0.12340573221445084,0.4040735065937042,0.11803163588047028,0.11063950508832932,0.1162354126572609,100.0
H93,2023-06-01/2023-06-30,380,380,0.616719126701355,0.12690499424934387,0.39889270067214966,0.116715207695961,0.11766025424003601,0.12069933116436005,100.0
H93,2023-07-01/2023-07-31,376,380,0.7423235177993774,0.062453608959913254,0.6157799363136292,0.0838419571518898,0.2658122777938843,0.0513974167406559,98.9
H93,2023-08-01/2023-08-31,160,380,0.6503514051437378,0.07065626233816147,0.6461668014526367,0.07370541989803314,0.330936074256897,0.04200351610779762,42.1
H93,2023-09-01/2023-09-30,380,380,0.8088457584381104,0.0626978948712349,0.5734401345252991,0.06876450031995773,0.30597278475761414,0.05727153271436691,100.0
H93,2023-10-01/2023-10-31,375,380,0.6901097297668457,0.09297087043523788,0.23511230945587158,0.05458584427833557,0.2219608575105667,0.06683440506458282,98.7
H93,2023-11-01/2023-11-30,380,380,0.8155125379562378,0.05889084190130234,0.4871472716331482,0.06285162270069122,0.27112939953804016,0.06868921965360641,100.0
H93,2023-12-01/2023-12-31,380,380,0.8140376210212708,0.07287874817848206,0.44379860162734985,0.06987070292234421,0.27457231283187866,0.0851433277130127,100.0
H93,2024-01-01/2024-01-31,380,380,0.72701495885849,0.08994652330875397,0.39764994382858276,0.057696543633937836,0.1533508449792862,0.0881272628903389,100.0
H93,2024-02-01/2024-02-29,380,380,0.671764612197876,0.08657170087099075,0.37257546186447144,0.04785298928618431,0.13245266675949097,0.07529503852128983,100.0
H93,2024-03-01/2024-03-31,380,380,0.6314073204994202,0.09417545050382614,0.3899446129798889,0.0901852548122406,0.13297918438911438,0.095374196767807,100.0
H93,2024-04-01/2024-04-30,380,380,0.618742823600769,0.10092677175998688,0.39616209268569946,0.09861389547586441,0.11897225677967072,0.10036866366863251,100.0
H93,2024-05-01/2024-05-31,380,380,0.5759987235069275,0.12799657881259918,0.3657940626144409,0.10905581712722778,0.07568366080522537,0.10668472945690155,100.0
H93,2024-06-01/2024-06-30,380,380,0.5667874217033386,0.12686945497989655,0.3615940809249878,0.1086304783821106,0.0652051493525505,0.10336610674858093,100.0
H93,2024-07-01/2024-07-31,380,380,0.6018648743629456,0.06962331384420395,0.592448890209198,0.0887727364897728,0.17084866762161255,0.06477129459381104,100.0
H93,2024-08-01/2024-08-31,0,380,,,,,,,0.0
H93,2024-09-01/2024-09-30,380,380,0.6031733751296997,0.2979387938976288,0.40734046697616577,0.21788765490055084,0.1881675273180008,0.1529376208782196,100.0
H93,2024-10-01/2024-10-31,380,380,0.5624731183052063,0.2724229395389557,0.36289817094802856,0.1889837086200714,0.1709837019443512,0.13154900074005127,100.0
H93,2024-11-01/2024-11-30,375,380,0.565446674823761,0.2898055613040924,0.35295283794403076,0.19154420495033264,0.19367635250091553,0.1398959904909134,98.7
H93,2024-12-01/2024-12-31,380,380,0.5397063493728638,0.27052420377731323,0.32894378900527954,0.17520208656787872,0.1794893741607666,0.1377319097518921,100.0
H94,2023-01-01/2023-01-31,380,380,0.6440123915672302,0.08427423983812332,0.3917035460472107,0.05850601568818092,0.16379770636558533,0.054226286709308624,100.0
H94,2023-02-01/2023-02-28,380,380,0.5604577660560608,0.09584160149097443,0.3517850339412689,0.06499698013067245,0.10654269903898239,0.06648919731378555,100.0
H94,2023-03-01/2023-03-31,380,380,0.5463756918907166,0.12149567157030106,0.3718377649784088,0.09447890520095825,0.10365650802850723,0.09212583303451538,100.0
H94,2023-04-01/2023-04-30,380,380,0.5468354225158691,0.13197292387485504,0.37387868762016296,0.10787986218929291,0.10335735231637955,0.10284591466188431,100.0
H94,2023-05-01/2023-05-31,380,380,0.5869036912918091,0.1235581487417221,0.43336671590805054,0.116349957883358,0.12895280122756958,0.09625078737735748,100.0
H94,2023-06-01/2023-06-30,380,380,0.5909830927848816,0.12390998005867004,0.4220348298549652,0.11245421320199966,0.13150013983249664,0.09612990915775299,100.0
H94,2023-07-01/2023-07-31,380,380,0.7236750721931458,0.0724049061536789,0.5999262928962708,0.07722026854753494,0.24325816333293915,0.06250408291816711,100.0
H94,2023-08-01/2023-08-31,380,380,0.6361725926399231,0.054636240005493164,0.5544541478157043,0.05924934148788452,0.27067944407463074,0.03960680589079857,100.0
H94,2023-09-01/2023-09-30,380,380,0.7373409867286682,0.0902145504951477,0.5388908982276917,0.07270479947328568,0.262114942073822,0.052846815437078476,100.0
H94,2023-10-01/2023-10-31,380,380,0.7694207429885864,0.07842035591602325,0.2434845119714737,0.0592413991689682,0.2777497470378876,0.07150863111019135,100.0
H94,2023-11-01/2023-11-30,380,380,0.6831200122833252,0.08086585253477097,0.4218555688858032,0.0499621257185936,0.13052135705947876,0.05018182098865509,100.0
H94,2023-12-01/2023-12-31,380,380,0.7427375912666321,0.07547750324010849,0.4440455436706543,0.07395738363265991,0.2040906399488449,0.05249084532260895,100.0
H94,2024-01-01/2024-01-31,380,380,0.6912051439285278,0.09009778499603271,0.42920926213264465,0.08112912625074387,0.17688751220703125,0.07031398266553879,100.0
H94,2024-02-01/2024-02-29,380,380,0.6906805634498596,0.10538598895072937,0.4532083570957184,0.0960114523768425,0.193450927734375,0.09226992726325989,100.0
H94,2024-03-01/2024-03-31,380,380,0.6399744749069214,0.13218778371810913,0.4518545866012573,0.11459924280643463,0.18213693797588348,0.11356507986783981,100.0
H94,2024-04-01/2024-04-30,380,380,0.6269722580909729,0.1320919692516327,0.45472806692123413,0.11754367500543594,0.16209784150123596,0.11411459743976593,100.0
H94,2024-05-01/2024-05-31,380,380,0.5949965715408325,0.12117081135511398,0.43450653553009033,0.09832563251256943,0.15008002519607544,0.08624015003442764,100.0
H94,2024-06-01/2024-06-30,380,380,0.5981841087341309,0.12196806818246841,0.44239935278892517,0.09901714324951172,0.15198466181755066,0.08417107164859772,100.0
H94,2024-07-01/2024-07-31,380,380,0.7278888821601868,0.06801905483007431,0.6657902598381042,0.07994665950536728,0.27975425124168396,0.04897955432534218,100.0
H94,2024-08-01/2024-08-31,0,380,,,,,,,0.0
H94,2024-09-01/2024-09-30,380,380,0.7579384446144104,0.09616443514823914,0.49277517199516296,0.0824931412935257,0.23824818432331085,0.06111372634768486,100.0
H94,2024-10-01/2024-10-31,380,380,0.7346212267875671,0.08418504893779755,0.4963831901550293,0.06336841732263565,0.238550066947937,0.048163000494241714,100.0
H94,2024-11-01/2024-11-30,380,380,0.7852595448493958,0.09140903502702713,0.5339094996452332,0.09589308500289917,0.3037217855453491,0.07172944396734238,100.0
H94,2024-12-01/2024-12-31,380,380,0.7555463910102844,0.10070919245481491,0.49140018224716187,0.10002173483371735,0.2738524377346039,0.09632950276136398,100.0
H95,2023-01-01/2023-01-31,380,380,0.39295631647109985,0.11935307830572128,0.24750655889511108,0.07615692168474197,0.022806406021118164,0.07148393988609314,100.0
H95,2023-02-01/2023-02-28,380,380,0.2914019227027893,0.07446598261594772,0.19218553602695465,0.042008090764284134,-0.03491905331611633,0.047501061111688614,100.0
H95,2023-03-01/2023-03-31,380,380,0.30087295174598694,0.05434221029281616,0.21034987270832062,0.03406383469700813,-0.029666129499673843,0.03312920406460762,100.0
H95,2023-04-01/2023-04-30,380,380,0.30977287888526917,0.054762743413448334,0.21684838831424713,0.03607264533638954,-0.018861008808016777,0.0364653654396534,100.0
H95,2023-05-01/2023-05-31,380,380,0.3309420943260193,0.06658148765563965,0.2321823090314865,0.045374318957328796,-0.031727246940135956,0.04971225559711456,100.0
H95,2023-06-01/2023-06-30,380,380,0.33772045373916626,0.0689244493842125,0.23249563574790955,0.045347049832344055,-0.022811006754636765,0.05392726883292198,100.0
H95,2023-07-01/2023-07-31,380,380,0.6554413437843323,0.08397765457630157,0.5270366668701172,0.10462476313114166,0.18012209236621857,0.05624514818191528,100.0
H95,2023-08-01/2023-08-31,380,380,0.4775036573410034,0.06021355465054512,0.3920491933822632,0.06944043934345245,0.13178125023841858,0.05016277730464935,100.0
H95,2023-09-01/2023-09-30,380,380,0.5545332431793213,0.09401915967464447,0.39867016673088074,0.08109648525714874,0.09749817103147507,0.05699504166841507,100.0
H95,2023-10-01/2023-10-31,380,380,0.6813160181045532,0.08926209062337875,0.24470937252044678,0.071696437895298,0.17389382421970367,0.10602156817913055,100.0
H95,2023-11-01/2023-11-30,380,380,0.4949023723602295,0.13546907901763916,0.30956289172172546,0.10746042430400848,0.040433865040540695,0.09078864008188248,100.0
H95,2023-12-01/2023-12-31,380,380,0.5469696521759033,0.09223276376724243,0.3105894923210144,0.0705636516213417,0.0736929252743721,0.06524181365966797,100.0
H95,2024-01-01/2024-01-31,380,380,0.5398869514465332,0.09342268109321594,0.3246617019176483,0.06860746443271637,0.08175257593393326,0.05506271868944168,100.0
H95,2024-02-01/2024-02-29,380,380,0.4757106602191925,0.07000146806240082,0.30830851197242737,0.04954160749912262,0.05731813609600067,0.04692591354250908,100.0
H95,2024-03-01/2024-03-31,380,380,0.4094504117965698,0.06927818059921265,0.2823050916194916,0.05168631300330162,0.03311397507786751,0.04275694116950035,100.0
H95,2024-04-01/2024-04-30,380,380,0.3766358196735382,0.0651015117764473,0.26652419567108154,0.04951789602637291,0.0027728069107979536,0.04101875051856041,100.0
H95,2024-05-01/2024-05-31,380,380,0.33584341406822205,0.06756345927715302,0.25009408593177795,0.04611876606941223,0.013540305197238922,0.03504867106676102,100.0
H95,2024-06-01/2024-06-30,380,380,0.3446551561355591,0.07400289922952652,0.2577659785747528,0.052034929394721985,0.019788874313235283,0.03768468648195267,100.0
H95,2024-07-01/2024-07-31,380,380,0.5939076542854309,0.08004103600978851,0.48923981189727783,0.08852298557758331,0.12075808644294739,0.0648648664355278,100.0
H95,2024-08-01/2024-08-31,0,380,,,,,,,0.0
H95,2024-09-01/2024-09-30,380,380,0.584957480430603,0.11445973068475723,0.3694562315940857,0.10184816271066666,0.0871642678976059,0.0834081768989563,100.0
H95,2024-10-01/2024-10-31,380,380,0.5076538920402527,0.15241669118404388,0.32483726739883423,0.13268612325191498,0.06622429937124252,0.11382725089788437,100.0
H95,2024-11-01/2024-11-30,380,380,0.55303955078125,0.09835836291313171,0.33416855335235596,0.06441842019557953,0.09180361777544022,0.05848153680562973,100.0
H95,2024-12-01/2024-12-31,380,380,0.5643589496612549,0.0822049006819725,0.33961883187294006,0.05476643145084381,0.10640648007392883,0.05569549649953842,100.0
H96,2023-01-01/2023-01-31,380,380,0.5506157279014587,0.14741501212120056,0.33925941586494446,0.10500717163085938,0.09518846869468689,0.13105648756027222,100.0
H96,2023-02-01/2023-02-28,372,380,0.39822933077812195,0.1293964982032776,0.2505519688129425,0.07139400392770767,-0.00024101170129142702,0.09833630174398422,97.9
H96,2023-03-01/2023-03-31,368,380,0.3628544211387634,0.107601098716259,0.23651476204395294,0.06562101095914841,-0.03742452710866928,0.08544055372476578,96.8
H96,2023-04-01/2023-04-30,376,380,0.3602415919303894,0.11698520183563232,0.23606285452842712,0.0764022022485733,-0.03531862422823906,0.10478708148002625,98.9
H96,2023-05-01/2023-05-31,380,380,0.3609946072101593,0.13472504913806915,0.23936909437179565,0.09774728119373322,-0.05718003213405609,0.10846097022294998,100.0
H96,2023-06-01/2023-06-30,380,380,0.36871129274368286,0.14136740565299988,0.23842665553092957,0.10066987574100494,-0.05514705181121826,0.11651051789522171,100.0
H96,2023-07-01/2023-07-31,368,380,0.6708064079284668,0.12518161535263062,0.541469395160675,0.129733145236969,0.17395982146263123,0.08825080841779709,96.8
H96,2023-08-01/2023-08-31,380,380,0.5206059217453003,0.09945883601903915,0.4432867765426636,0.10228227823972702,0.17045296728610992,0.07860385626554489,100.0
H96,2023-09-01/2023-09-30,372,380,0.6143800616264343,0.12552963197231293,0.4365617632865906,0.10267836600542068,0.12630175054073334,0.10280240327119827,97.9
H96,2023-10-01/2023-10-31,356,380,0.6732684969902039,0.11188056319952011,0.24513797461986542,0.06954701989889145,0.1671225130558014,0.09936691075563431,93.7
H96,2023-11-01/2023-11-30,368,380,0.6595170497894287,0.15655450522899628,0.4430757462978363,0.12908411026000977,0.1523662507534027,0.11975722014904022,96.8
H96,2023-12-01/2023-12-31,380,380,0.6029263138771057,0.12420264631509781,0.35826149582862854,0.09163516759872437,0.09792783856391907,0.13015469908714294,100.0
H96,2024-01-01/2024-01-31,376,380,0.5948827862739563,0.12148486822843552,0.3668835759162903,0.09082696586847305,0.0915583074092865,0.11779281497001648,98.9
H96,2024-02-01/2024-02-29,376,380,0.5401164889335632,0.1195901483297348,0.3408373296260834,0.08764424920082092,0.05803152918815613,0.12046950310468674,98.9
H96,2024-03-01/2024-03-31,380,380,0.44469696283340454,0.11952176690101624,0.2903658151626587,0.08972472697496414,0.018653051927685738,0.12368005514144897,100.0
H96,2024-04-01/2024-04-30,368,380,0.406319797039032,0.11799672991037369,0.28126126527786255,0.08279163390398026,-0.0002279709151480347,0.09510735422372818,96.8
H96,2024-05-01/2024-05-31,380,380,0.34369033575057983,0.13757029175758362,0.24172939360141754,0.09367690980434418,-0.0101353470236063,0.09726070612668991,100.0
H96,2024-06-01/2024-06-30,376,380,0.34438765048980713,0.1448233276605606,0.24529115855693817,0.0987384095788002,-0.011498823761940002,0.11875780671834946,98.9
H96,2024-07-01/2024-07-31,376,380,0.5289952158927917,0.12673605978488922,0.41784238815307617,0.11587188392877579,0.051928505301475525,0.11533711105585098,98.9
H96,2024-08-01/2024-08-31,0,380,,,,,,,0.0
H96,2024-09-01/2024-09-30,372,380,0.7048786282539368,0.15176109969615936,0.4804913103580475,0.13427256047725677,0.17517562210559845,0.1270676702260971,97.9
H96,2024-10-01/2024-10-31,368,380,0.7018600106239319,0.16625499725341797,0.4925512969493866,0.15245704352855682,0.20508648455142975,0.12798567116260529,96.8
H96,2024-11-01/2024-11-30,364,380,0.6332845091819763,0.1312027871608734,0.400573194026947,0.09838658571243286,0.14604167640209198,0.11179688572883606,95.8
H96,2024-12-01/2024-12-31,380,380,0.5692731142044067,0.14507369697093964,0.34276407957077026,0.10344624519348145,0.08485185354948044,0.13702943921089172,100.0
H97,2023-01-01/2023-01-31,380,380,0.6996968388557434,0.08715614676475525,0.38853615522384644,0.054620273411273956,0.21643784642219543,0.0681457594037056,100.0
H97,2023-02-01/2023-02-28,380,380,0.6250231862068176,0.1008567363023758,0.3511847257614136,0.059322185814380646,0.157727912068367,0.0766802504658699,100.0
H97,2023-03-01/2023-03-31,380,380,0.5594189167022705,0.13060221076011658,0.3568083941936493,0.10579429566860199,0.12324658781290054,0.11371888965368271,100.0
H97,2023-04-01/2023-04-30,380,380,0.5567033290863037,0.13369406759738922,0.3563428521156311,0.10997404158115387,0.12116444110870361,0.11397576332092285,100.0
H97,2023-05-01/2023-05-31,380,380,0.5839264988899231,0.1384928971529007,0.39584964513778687,0.12370225042104721,0.12737607955932617,0.11811529844999313,100.0
H97,2023-06-01/2023-06-30,380,380,0.5861116647720337,0.1421152502298355,0.3850157856941223,0.12086167186498642,0.13116589188575745,0.1193036437034607,100.0
H97,2023-07-01/2023-07-31,163,380,0.711704671382904,0.06797229498624802,0.5225723385810852,0.07010699063539505,0.2172461599111557,0.06116528436541557,42.9
H97,2023-08-01/2023-08-31,380,380,0.6180164217948914,0.048853397369384766,0.5016874670982361,0.05400708317756653,0.26400113105773926,0.03656896576285362,100.0
H97,2023-09-01/2023-09-30,380,380,0.7386724352836609,0.09224071353673935,0.4990745484828949,0.07769499719142914,0.24185341596603394,0.06784094125032425,100.0
H97,2023-10-01/2023-10-31,380,380,0.8404696583747864,0.06992793083190918,0.2649593651294708,0.054382793605327606,0.29502370953559875,0.07865278422832489,100.0
H97,2023-11-01/2023-11-30,380,380,0.7508042454719543,0.09955114126205444,0.43986767530441284,0.07024659961462021,0.23502293229103088,0.07510586827993393,100.0
H97,2023-12-01/2023-12-31,380,380,0.702073335647583,0.09240603446960449,0.3545423150062561,0.06445705145597458,0.13073261082172394,0.10039927810430527,100.0
H97,2024-01-01/2024-01-31,380,380,0.6298187971115112,0.09124155342578888,0.31808221340179443,0.04713480547070503,0.07122079282999039,0.07245776057243347,100.0
H97,2024-02-01/2024-02-29,380,380,0.5762321352958679,0.082356296479702,0.30383628606796265,0.0390780046582222,0.045171406120061874,0.05218711867928505,100.0
H97,2024-03-01/2024-03-31,380,380,0.5277829766273499,0.09994494169950485,0.31962066888809204,0.0741327777504921,0.053825248032808304,0.06881525367498398,100.0
H97,2024-04-01/2024-04-30,380,380,0.5121881365776062,0.10009241104125977,0.3231036961078644,0.07991916686296463,0.03827463835477829,0.0708424523472786,100.0
H97,2024-05-01/2024-05-31,380,380,0.47705528140068054,0.11331842839717865,0.30971166491508484,0.08949539065361023,0.029986586421728134,0.08202525228261948,100.0
H97,2024-06-01/2024-06-30,380,380,0.48424121737480164,0.11460988223552704,0.31615856289863586,0.09137088805437088,0.0333385244011879,0.08076513558626175,100.0
H97,2024-07-01/2024-07-31,380,380,0.5943101048469543,0.07240966707468033,0.43665120005607605,0.0656900480389595,0.1305261254310608,0.04985658451914787,100.0
H97,2024-08-01/2024-08-31,0,380,,,,,,,0.0
H97,2024-09-01/2024-09-30,380,380,0.788470447063446,0.07244964689016342,0.4970875680446625,0.06630408763885498,0.25300607085227966,0.05649372935295105,100.0
H97,2024-10-01/2024-10-31,380,380,0.7217057347297668,0.09192611277103424,0.4393630921840668,0.08022458106279373,0.20500054955482483,0.07682081311941147,100.0
H97,2024-11-01/2024-11-30,380,380,0.7175758481025696,0.08162795752286911,0.4061177968978882,0.057671017944812775,0.20985789597034454,0.06935174018144608,100.0
H97,2024-12-01/2024-12-31,380,380,0.6593236923217773,0.08567537367343903,0.3605559766292572,0.052897777408361435,0.1567729115486145,0.07103190571069717,100.0
H98,2023-01-01/2023-01-31,380,380,0.7013598084449768,0.12136472016572952,0.3979511559009552,0.0739225372672081,0.20455799996852875,0.09662984311580658,100.0
H98,2023-02-01/2023-02-28,380,380,0.6202361583709717,0.11967594176530838,0.35443106293678284,0.06366223841905594,0.11506406217813492,0.07742680609226227,100.0
H98,2023-03-01/2023-03-31,380,380,0.5161474347114563,0.10039228200912476,0.3159734308719635,0.0589025653898716,0.038257163017988205,0.06421463191509247,100.0
H98,2023-04-01/2023-04-30,380,380,0.5247203707695007,0.10213308036327362,0.32301995158195496,0.06115762144327164,0.04777785763144493,0.06381164491176605,100.0
H98,2023-05-01/2023-05-31,380,380,0.5410768985748291,0.12217499315738678,0.3588261604309082,0.09237881749868393,0.049061574041843414,0.07995691895484924,100.0
H98,2023-06-01/2023-06-30,380,380,0.5403714776039124,0.12152141332626343,0.351894736289978,0.0893881544470787,0.05192966014146805,0.08044857531785965,100.0
H98,2023-07-01/2023-07-31,0,380,,,,,,,0.0
H98,2023-08-01/2023-08-31,380,380,0.6563856601715088,0.07065747678279877,0.5778002142906189,0.086714006960392,0.28975051641464233,0.06364891678094864,100.0
H98,2023-09-01/2023-09-30,380,380,0.687271773815155,0.123800128698349,0.4811306893825531,0.09580375254154205,0.17274324595928192,0.09187359362840652,100.0
H98,2023-10-01/2023-10-31,380,380,0.7149976491928101,0.11455778777599335,0.2797914147377014,0.06153324991464615,0.14573265612125397,0.10024874657392502,100.0
H98,2023-11-01/2023-11-30,380,380,0.6722286939620972,0.1321672797203064,0.40235596895217896,0.09264354407787323,0.15202556550502777,0.10374777764081955,100.0
H98,2023-12-01/2023-12-31,380,380,0.7775726914405823,0.10655584186315536,0.4686608910560608,0.08254703879356384,0.2754907011985779,0.09570366144180298,100.0
H98,2024-01-01/2024-01-31,380,380,0.7360455989837646,0.11977178603410721,0.4438815414905548,0.08761829137802124,0.21931642293930054,0.10177429765462875,100.0
H98,2024-02-01/2024-02-29,380,380,0.7027414441108704,0.12084660679101944,0.43161797523498535,0.0853995829820633,0.17501337826251984,0.09043922275304794,100.0
H98,2024-03-01/2024-03-31,380,380,0.5866789817810059,0.11648625880479813,0.3651668429374695,0.07417164742946625,0.09312241524457932,0.0752512514591217,100.0
H98,2024-04-01/2024-04-30,380,380,0.5582621693611145,0.10842828452587128,0.35770153999328613,0.07185234874486923,0.06776542961597443,0.07396043837070465,100.0
H98,2024-05-01/2024-05-31,380,380,0.49783653020858765,0.11790583282709122,0.3280058801174164,0.0783616304397583,0.040076300501823425,0.07618971914052963,100.0
H98,2024-06-01/2024-06-30,380,380,0.5006526112556458,0.11867319792509079,0.3320787847042084,0.08001325279474258,0.03883049264550209,0.0766674354672432,100.0
H98,2024-07-01/2024-07-31,380,380,0.657795250415802,0.0674276202917099,0.5132954716682434,0.06237480044364929,0.1536986529827118,0.04871262609958649,100.0
H98,2024-08-01/2024-08-31,0,380,,,,,,,0.0
H98,2024-09-01/2024-09-30,380,380,0.7206851243972778,0.1190168559551239,0.46288734674453735,0.10448243468999863,0.17969323694705963,0.10138761252164841,100.0
H98,2024-10-01/2024-10-31,380,380,0.7340795993804932,0.11698943376541138,0.47165462374687195,0.09550764411687851,0.20968268811702728,0.09614057093858719,100.0
H98,2024-11-01/2024-11-30,380,380,0.767781138420105,0.09225049614906311,0.4804803133010864,0.06739784777164459,0.26403066515922546,0.0845523253083229,100.0
H98,2024-12-01/2024-12-31,380,380,0.768280029296875,0.08823498338460922,0.47439125180244446,0.0734977051615715,0.2740001082420349,0.08761369436979294,100.0
H99,2023-01-01/2023-01-31,380,380,0.40161558985710144,0.11462356895208359,0.23867079615592957,0.07153718918561935,-0.025705086067318916,0.10469023138284683,100.0
H99,2023-02-01/2023-02-28,380,380,0.35906991362571716,0.09306637197732925,0.22027401626110077,0.05674567073583603,-0.05471833050251007,0.08802279084920883,100.0
H99,2023-03-01/2023-03-31,380,380,0.329891175031662,0.09342190623283386,0.21993741393089294,0.06881199777126312,-0.05686046555638313,0.08646682649850845,100.0
H99,2023-04-01/2023-04-30,380,380,0.3332344591617584,0.09381496161222458,0.19237594306468964,0.4486074447631836,-0.05284324288368225,0.0883040502667427,100.0
H99,2023-05-01/2023-05-31,380,380,0.3462825119495392,0.10897252708673477,0.2393876314163208,0.08636874705553055,-0.04926401376724243,0.08780283480882645,100.0
H99,2023-06-01/2023-06-30,380,380,0.3502804934978485,0.10428732633590698,0.23643383383750916,0.07930033653974533,-0.04611187428236008,0.08382146805524826,100.0
H99,2023-07-01/2023-07-31,380,380,0.5121340155601501,0.11435845494270325,0.3675692081451416,0.10586302727460861,0.017472900450229645,0.10909616947174072,100.0
H99,2023-08-01/2023-08-31,380,380,0.5335171222686768,0.10316608101129532,0.43916717171669006,0.11761559545993805,0.15239717066287994,0.09866933524608612,100.0
H99,2023-09-01/2023-09-30,380,380,0.565489649772644,0.11709778010845184,0.3808375597000122,0.10489348322153091,0.07016769051551819,0.10706806182861328,100.0
H99,2023-10-01/2023-10-31,339,380,0.6207637786865234,0.11003440618515015,0.18903236091136932,0.07504288107156754,0.05011162906885147,0.12445546686649323,89.2
H99,2023-11-01/2023-11-30,380,380,0.5806778073310852,0.11148179322481155,0.3556348979473114,0.08307449519634247,0.07067637890577316,0.09264615178108215,100.0
H99,2023-12-01/2023-12-31,380,380,0.5334432721138,0.11642289161682129,0.27819404006004333,0.0833360031247139,0.01470684539526701,0.10939709097146988,100.0
H99,2024-01-01/2024-01-31,380,380,0.4427397549152374,0.11427916586399078,0.23910418152809143,0.07982085645198822,-0.040154892951250076,0.10297470539808273,100.0
H99,2024-02-01/2024-02-29,380,380,0.4324483871459961,0.09912571310997009,0.2498478889465332,0.07944586127996445,-0.03485441580414772,0.09723660349845886,100.0
H99,2024-03-01/2024-03-31,380,380,0.4356251060962677,0.08487408608198166,0.28000932931900024,0.06944075971841812,0.0003079207381233573,0.08809736371040344,100.0
H99,2024-04-01/2024-04-30,380,380,0.4192473590373993,0.08364241570234299,0.2770998179912567,0.06966354697942734,-0.01637713983654976,0.08409816771745682,100.0
H99,2024-05-01/2024-05-31,380,380,0.3898952603340149,0.11042745411396027,0.27578338980674744,0.08722279220819473,-0.0016333209350705147,0.09522702544927597,100.0
H99,2024-06-01/2024-06-30,380,380,0.3960201144218445,0.11652287095785141,0.2806544601917267,0.08868549764156342,0.00508108688518405,0.09340953826904297,100.0
H99,2024-07-01/2024-07-31,380,380,0.6410761475563049,0.07255265861749649,0.5447831153869629,0.09213586151599884,0.17567461729049683,0.07452389597892761,100.0
H99,2024-08-01/2024-08-31,0,380,,,,,,,0.0
H99,2024-09-01/2024-09-30,380,380,0.6735131144523621,0.15123125910758972,0.446554958820343,0.14411304891109467,0.1451256275177002,0.15173009037971497,100.0
H99,2024-10-01/2024-10-31,380,380,0.5815765857696533,0.1307763010263443,0.35239481925964355,0.11554966866970062,0.05798871070146561,0.12860096991062164,100.0
H99,2024-11-01/2024-11-30,380,380,0.6257532835006714,0.06840240210294724,0.37953394651412964,0.06332525610923767,0.13083648681640625,0.07965970784425735,100.0
H99,2024-12-01/2024-12-31,380,380,0.584736168384552,0.0947040542960167,0.3557572066783905,0.07012881338596344,0.11930353194475174,0.07945369929075241,100.0
H100,2023-01-01/2023-01-31,380,380,0.7498416304588318,0.0682607963681221,0.4092429578304291,0.04388245940208435,0.23819246888160706,0.06588248908519745,100.0
H100,2023-02-01/2023-02-28,380,380,0.7048683762550354,0.07894015312194824,0.3928317129611969,0.047654736787080765,0.18901315331459045,0.06801436096429825,100.0
H100,2023-03-01/2023-03-31,380,380,0.6324992775917053,0.07292382419109344,0.38956218957901,0.04678724706172943,0.13351202011108398,0.060467999428510666,100.0
H100,2023-04-01/2023-04-30,380,380,0.6453993916511536,0.07606340944766998,0.39855891466140747,0.048243291676044464,0.14270590245723724,0.05830143392086029,100.0
H100,2023-05-01/2023-05-31,380,380,0.6537708640098572,0.07285470515489578,0.43268704414367676,0.05329358950257301,0.13177534937858582,0.05846965312957764,100.0
H100,2023-06-01/2023-06-30,380,380,0.646014392375946,0.07207532972097397,0.41644713282585144,0.05011574178934097,0.1316796988248825,0.055556174367666245,100.0
H100,2023-07-01/2023-07-31,380,380,0.7686834931373596,0.026144536212086678,0.5228529572486877,0.035294558852910995,0.24887390434741974,0.027965180575847626,100.0
H100,2023-08-01/2023-08-31,0,380,,,,,,,0.0
H100,2023-09-01/2023-09-30,380,380,0.6968070864677429,0.04689377546310425,0.42661020159721375,0.028943093493580818,0.1641632318496704,0.03565898537635803,100.0
H100,2023-10-01/2023-10-31,380,380,0.8157366514205933,0.044741950929164886,0.28865933418273926,0.02496623992919922,0.2479143589735031,0.04800257459282875,100.0
H100,2023-11-01/2023-11-30,380,380,0.7954215407371521,0.04480179771780968,0.4730716943740845,0.03587653860449791,0.2863990068435669,0.04678094759583473,100.0
H100,2023-12-01/2023-12-31,380,380,0.8617015480995178,0.05544830486178398,0.5221353769302368,0.05409686267375946,0.37061816453933716,0.06702855974435806,100.0
H100,2024-01-01/2024-01-31,380,380,0.8351424336433411,0.06531783193349838,0.5158713459968567,0.05785407871007919,0.3392086327075958,0.07295892387628555,100.0
H100,2024-02-01/2024-02-29,380,380,0.8230144381523132,0.06684207916259766,0.5114501118659973,0.05346307158470154,0.3044239282608032,0.06605442613363266,100.0
H100,2024-03-01/2024-03-31,380,380,0.7187906503677368,0.07864423841238022,0.4439418315887451,0.05018332973122597,0.21808260679244995,0.0635075494647026,100.0
H100,2024-04-01/2024-04-30,380,380,0.6977367401123047,0.07453736662864685,0.45020702481269836,0.051740504801273346,0.20326292514801025,0.06432250142097473,100.0
H100,2024-05-01/2024-05-31,380,380,0.7398601174354553,0.08552389591932297,0.5035871863365173,0.06325608491897583,0.2415824830532074,0.06525380164384842,100.0
H100,2024-06-01/2024-06-30,380,380,0.7073603868484497,0.08266624063253403,0.4986633360385895,0.06260319799184799,0.22114349901676178,0.062088027596473694,100.0
H100,2024-07-01/2024-07-31,302,380,0.5752270221710205,0.06907486915588379,0.49083229899406433,0.05178654566407204,0.29707759618759155,0.03234735503792763,79.5
H100,2024-08-01/2024-08-31,0,380,,,,,,,0.0
H100,2024-09-01/2024-09-30,380,380,0.8432385921478271,0.037362903356552124,0.5041967034339905,0.043744903057813644,0.3200782835483551,0.04947898909449577,100.0
H100,2024-10-01/2024-10-31,380,380,0.790443480014801,0.04551279917359352,0.45920461416244507,0.036042071878910065,0.2982906103134155,0.040574558079242706,100.0
H100,2024-11-01/2024-11-30,380,380,0.8099300861358643,0.06389176100492477,0.44643160700798035,0.0498180165886879,0.30165019631385803,0.06087313964962959,100.0
H100,2024-12-01/2024-12-31,380,380,0.8446648120880127,0.06299696117639542,0.4937784969806671,0.056258898228406906,0.3597213625907898,0.06949864327907562,100.0
