parcela,periodo,pixels_validos,pixels_total,ndvi_mean,ndvi_std,evi_mean,evi_std,ndmi_mean,ndmi_std,cobertura_valida_pct,fecha,mes,año
H1,2023-01-01/2023-01-31,380,380,0.3577439486980438,0.1611397862434387,0.1995375156402588,0.086246483027935,-0.0427268892526626,0.0916990935802459,100.0,2023-01-01,1,2023
H1,2023-02-01/2023-02-28,380,380,0.2672089338302612,0.1096660196781158,0.1507848650217056,0.0590530559420585,-0.114700049161911,0.0924794673919677,100.0,2023-02-01,2,2023
H1,2023-03-01/2023-03-31,380,380,0.2111223340034485,0.0766966789960861,0.1308975219726562,0.0441610179841518,-0.1454873532056808,0.0941675752401351,100.0,2023-03-01,3,2023
H1,2023-04-01/2023-04-30,380,380,0.2130400389432907,0.0784464254975318,0.1331669092178344,0.0462569296360015,-0.1338275074958801,0.1001719906926155,100.0,2023-04-01,4,2023
H1,2023-05-01/2023-05-31,380,380,0.2215615957975387,0.0962365418672561,0.1378947645425796,0.0644622519612312,-0.157839298248291,0.0967627540230751,100.0,2023-05-01,5,2023
H1,2023-06-01/2023-06-30,380,380,0.2146078199148178,0.0985580682754516,0.1301518827676773,0.0614464879035949,-0.1555598974227905,0.0897998362779617,100.0,2023-06-01,6,2023
H1,2023-07-01/2023-07-31,340,380,0.4850862026214599,0.2341847568750381,0.3228302597999573,0.1749737709760666,0.0272427257150411,0.1195501685142517,89.5,2023-07-01,7,2023
H1,2023-08-01/2023-08-31,0,380,0.432073563337326,,0.2910587638616562,,0.020775125361978952,,0.0,2023-08-01,8,2023
H1,2023-09-01/2023-09-30,380,380,0.3790609240531921,0.2325903475284576,0.2592872679233551,0.1523761004209518,0.0143075250089168,0.0938274562358856,100.0,2023-09-01,9,2023
H1,2023-10-01/2023-10-31,322,380,0.3852779269218445,0.1897590905427932,0.1381726264953613,0.06747367978096,-0.0536846369504928,0.0919495895504951,84.7,2023-10-01,10,2023
H1,2023-11-01/2023-11-30,380,380,0.3557088673114776,0.2268618494272232,0.2195002883672714,0.1370348036289215,-0.0122507605701684,0.0881100744009018,100.0,2023-11-01,11,2023
H1,2023-12-01/2023-12-31,380,380,0.372213751077652,0.2058994174003601,0.2165199220180511,0.1153883412480354,0.0047091008163988,0.0816804394125938,100.0,2023-12-01,12,2023
H1,2024-01-01/2024-01-31,380,380,0.2884973883628845,0.1612076759338379,0.1661705523729324,0.0877351090312004,-0.0512874796986579,0.073906697332859,100.0,2024-01-01,1,2024
H1,2024-02-01/2024-02-29,380,380,0.2472749054431915,0.1143920868635177,0.144865021109581,0.0598481521010398,-0.0891906023025512,0.0884163230657577,100.0,2024-02-01,2,2024
H1,2024-03-01/2024-03-31,380,380,0.2024598717689514,0.074681781232357,0.1320933252573013,0.0491732507944107,-0.0963126942515373,0.0918433368206024,100.0,2024-03-01,3,2024
H1,2024-04-01/2024-04-30,380,380,0.1781118661165237,0.0671521201729774,0.1199784502387046,0.04916737601161,-0.123564027249813,0.089785486459732,100.0,2024-04-01,4,2024
H1,2024-05-01/2024-05-31,380,380,0.1698783934116363,0.0950994715094566,0.1117315590381622,0.0743596404790878,-0.1194853708148002,0.1102601885795593,100.0,2024-05-01,5,2024
H1,2024-06-01/2024-06-30,380,380,0.1929275840520858,0.1291008293628692,0.1288171857595443,0.1003605797886848,-0.106758140027523,0.1192590743303299,100.0,2024-06-01,6,2024
H1,2024-07-01/2024-07-31,380,380,0.4436318576335907,0.2120598554611206,0.3159746527671814,0.1620797365903854,0.0389286987483501,0.0905819907784462,100.0,2024-07-01,7,2024
H1,2024-08-01/2024-08-31,0,380,0.5135440677404404,,0.3696358799934387,,0.10481449775397776,,0.0,2024-08-01,8,2024
H1,2024-09-01/2024-09-30,380,380,0.58345627784729,0.2409718483686447,0.423297107219696,0.2188515365123748,0.1707002967596054,0.1375885754823684,100.0,2024-09-01,9,2024
H1,2024-10-01/2024-10-31,380,380,0.543378472328186,0.243850901722908,0.3889860510826111,0.1987761408090591,0.1584376692771911,0.12996706366539,100.0,2024-10-01,10,2024
H1,2024-11-01/2024-11-30,380,380,0.4391953647136688,0.1963573992252349,0.272575706243515,0.1093471646308898,0.0529042333364486,0.1026943698525428,100.0,2024-11-01,11,2024
H1,2024-12-01/2024-12-31,380,380,0.3817355632781982,0.1540970355272293,0.2235041558742523,0.0766239315271377,-0.0018761152168735,0.1117963269352912,100.0,2024-12-01,12,2024
H10,2023-01-01/2023-01-31,380,380,0.2710184156894684,0.0849624276161193,0.1338566243648529,0.0514050982892513,-0.2081371843814849,0.074206918478012,100.0,2023-01-01,1,2023
H10,2023-02-01/2023-02-28,380,380,0.2312738448381424,0.0886336266994476,0.1187553778290748,0.0501023195683956,-0.2287106364965438,0.0643608346581459,100.0,2023-02-01,2,2023
H10,2023-03-01/2023-03-31,380,380,0.2216539531946182,0.0937031209468841,0.1290654689073562,0.0612413249909877,-0.2146238982677459,0.069396935403347,100.0,2023-03-01,3,2023
H10,2023-04-01/2023-04-30,380,380,0.2315931469202041,0.0929816737771034,0.1349847018718719,0.0599870756268501,-0.2029361873865127,0.0678890123963356,100.0,2023-04-01,4,2023
H10,2023-05-01/2023-05-31,380,380,0.2285863608121872,0.0816776603460311,0.1363559365272522,0.0567770265042781,-0.2079235613346099,0.0590059012174606,100.0,2023-05-01,5,2023
H10,2023-06-01/2023-06-30,380,380,0.242388516664505,0.0779740735888481,0.1426867991685867,0.0520760230720043,-0.1961830556392669,0.0543552003800869,100.0,2023-06-01,6,2023
H10,2023-07-01/2023-07-31,380,380,0.4570019841194153,0.1243421211838722,0.2629049122333526,0.1122943982481956,-0.0442003309726715,0.1044662445783615,100.0,2023-07-01,7,2023
H10,2023-08-01/2023-08-31,0,380,0.43388791382312775,,0.25673525035381317,,-0.05931793898344036,,0.0,2023-08-01,8,2023
H10,2023-09-01/2023-09-30,380,380,0.4107738435268402,0.1322616785764694,0.2505655884742737,0.0960836336016655,-0.0744355469942092,0.0955134853720665,100.0,2023-09-01,9,2023
H10,2023-10-01/2023-10-31,380,380,0.6189008951187134,0.1367769688367843,0.2287913262844085,0.0821129903197288,0.0668046027421951,0.1168873831629753,100.0,2023-10-01,10,2023
H10,2023-11-01/2023-11-30,380,380,0.4458363652229309,0.1287686377763748,0.2497593760490417,0.0916084796190261,-0.0644915625452995,0.0963471531867981,100.0,2023-11-01,11,2023
H10,2023-12-01/2023-12-31,380,380,0.3398029506206512,0.1078320890665054,0.1614633798599243,0.0662579238414764,-0.1765939146280288,0.1085889860987663,100.0,2023-12-01,12,2023
H10,2024-01-01/2024-01-31,380,380,0.3139478862285614,0.1211206391453743,0.1589148938655853,0.0756980404257774,-0.1849528402090072,0.1118156984448432,100.0,2024-01-01,1,2024
H10,2024-02-01/2024-02-29,380,380,0.3296197056770324,0.123692400753498,0.1777076721191406,0.0826036483049392,-0.1601009517908096,0.1101749464869499,100.0,2024-02-01,2,2024
H10,2024-03-01/2024-03-31,380,380,0.3193137645721435,0.0993224754929542,0.1825086921453476,0.0669644474983215,-0.1397896856069564,0.0893513485789299,100.0,2024-03-01,3,2024
H10,2024-04-01/2024-04-30,380,380,0.296866238117218,0.0983879044651985,0.1753204762935638,0.0687455907464027,-0.1603699475526809,0.0904727205634117,100.0,2024-04-01,4,2024
H10,2024-05-01/2024-05-31,380,380,0.2717202305793762,0.0998046994209289,0.1673969626426696,0.0684286877512931,-0.1546154022216797,0.0798235908150672,100.0,2024-05-01,5,2024
H10,2024-06-01/2024-06-30,380,380,0.2855434715747833,0.1031081452965736,0.178182303905487,0.0713903903961181,-0.137452632188797,0.0802221000194549,100.0,2024-06-01,6,2024
H10,2024-07-01/2024-07-31,368,380,0.4560818076133728,0.1218878999352455,0.3514945805072784,0.1248836517333984,0.0316863656044006,0.0972479507327079,96.8,2024-07-01,7,2024
H10,2024-08-01/2024-08-31,0,380,0.5968365967273712,,0.439103826880455,,0.13630152493715283,,0.0,2024-08-01,8,2024
H10,2024-09-01/2024-09-30,380,380,0.7375913858413696,0.1440405845642089,0.5267130732536316,0.1774022877216339,0.2409166842699051,0.1371625512838363,100.0,2024-09-01,9,2024
H10,2024-10-01/2024-10-31,380,380,0.4027510285377502,0.1249948218464851,0.2342007756233215,0.0868681296706199,-0.0569527894258499,0.1212836578488349,100.0,2024-10-01,10,2024
H10,2024-11-01/2024-11-30,380,380,0.3800366818904876,0.1184398457407951,0.197337195277214,0.0774373561143875,-0.1234703436493873,0.1125558167695999,100.0,2024-11-01,11,2024
H10,2024-12-01/2024-12-31,380,380,0.4276291728019714,0.1273921579122543,0.2272949069738388,0.0880262479186058,-0.075850136578083,0.1184172257781028,100.0,2024-12-01,12,2024
H100,2023-01-01/2023-01-31,380,380,0.7498416304588318,0.0682607963681221,0.4092429578304291,0.0438824594020843,0.238192468881607,0.0658824890851974,100.0,2023-01-01,1,2023
H100,2023-02-01/2023-02-28,380,380,0.7048683762550354,0.0789401531219482,0.3928317129611969,0.0476547367870807,0.1890131533145904,0.0680143609642982,100.0,2023-02-01,2,2023
H100,2023-03-01/2023-03-31,380,380,0.6324992775917053,0.0729238241910934,0.38956218957901,0.0467872470617294,0.1335120201110839,0.0604679994285106,100.0,2023-03-01,3,2023
H100,2023-04-01/2023-04-30,380,380,0.6453993916511536,0.0760634094476699,0.3985589146614074,0.0482432916760444,0.1427059024572372,0.0583014339208602,100.0,2023-04-01,4,2023
H100,2023-05-01/2023-05-31,380,380,0.6537708640098572,0.0728547051548957,0.4326870441436767,0.053293589502573,0.1317753493785858,0.0584696531295776,100.0,2023-05-01,5,2023
H100,2023-06-01/2023-06-30,380,380,0.646014392375946,0.0720753297209739,0.4164471328258514,0.0501157417893409,0.1316796988248825,0.0555561743676662,100.0,2023-06-01,6,2023
H100,2023-07-01/2023-07-31,380,380,0.7686834931373596,0.0261445362120866,0.5228529572486877,0.0352945588529109,0.2488739043474197,0.0279651805758476,100.0,2023-07-01,7,2023
H100,2023-08-01/2023-08-31,0,380,0.7327452898025513,,0.47473157942295074,,0.20651856809854507,,0.0,2023-08-01,8,2023
H100,2023-09-01/2023-09-30,380,380,0.6968070864677429,0.0468937754631042,0.4266102015972137,0.0289430934935808,0.1641632318496704,0.035658985376358,100.0,2023-09-01,9,2023
H100,2023-10-01/2023-10-31,380,380,0.8157366514205933,0.0447419509291648,0.2886593341827392,0.0249662399291992,0.2479143589735031,0.0480025745928287,100.0,2023-10-01,10,2023
H100,2023-11-01/2023-11-30,380,380,0.7954215407371521,0.0448017977178096,0.4730716943740845,0.0358765386044979,0.2863990068435669,0.0467809475958347,100.0,2023-11-01,11,2023
H100,2023-12-01/2023-12-31,380,380,0.8617015480995178,0.0554483048617839,0.5221353769302368,0.0540968626737594,0.3706181645393371,0.067028559744358,100.0,2023-12-01,12,2023
H100,2024-01-01/2024-01-31,380,380,0.8351424336433411,0.0653178319334983,0.5158713459968567,0.0578540787100791,0.3392086327075958,0.0729589238762855,100.0,2024-01-01,1,2024
H100,2024-02-01/2024-02-29,380,380,0.8230144381523132,0.0668420791625976,0.5114501118659973,0.0534630715847015,0.3044239282608032,0.0660544261336326,100.0,2024-02-01,2,2024
H100,2024-03-01/2024-03-31,380,380,0.7187906503677368,0.0786442384123802,0.4439418315887451,0.0501833297312259,0.2180826067924499,0.0635075494647026,100.0,2024-03-01,3,2024
H100,2024-04-01/2024-04-30,380,380,0.6977367401123047,0.0745373666286468,0.4502070248126983,0.0517405048012733,0.2032629251480102,0.0643225014209747,100.0,2024-04-01,4,2024
H100,2024-05-01/2024-05-31,380,380,0.7398601174354553,0.0855238959193229,0.5035871863365173,0.0632560849189758,0.2415824830532074,0.0652538016438484,100.0,2024-05-01,5,2024
H100,2024-06-01/2024-06-30,380,380,0.7073603868484497,0.082666240632534,0.4986633360385895,0.0626031979918479,0.2211434990167617,0.0620880275964736,100.0,2024-06-01,6,2024
H100,2024-07-01/2024-07-31,302,380,0.5752270221710205,0.0690748691558837,0.4908322989940643,0.051786545664072,0.2970775961875915,0.0323473550379276,79.5,2024-07-01,7,2024
H100,2024-08-01/2024-08-31,0,380,0.7092328071594238,,0.4975145012140274,,0.3085779398679733,,0.0,2024-08-01,8,2024
H100,2024-09-01/2024-09-30,380,380,0.8432385921478271,0.0373629033565521,0.5041967034339905,0.0437449030578136,0.3200782835483551,0.0494789890944957,100.0,2024-09-01,9,2024
H100,2024-10-01/2024-10-31,380,380,0.790443480014801,0.0455127991735935,0.459204614162445,0.03604207187891,0.2982906103134155,0.0405745580792427,100.0,2024-10-01,10,2024
H100,2024-11-01/2024-11-30,380,380,0.8099300861358643,0.0638917610049247,0.4464316070079803,0.0498180165886879,0.301650196313858,0.0608731396496295,100.0,2024-11-01,11,2024
H100,2024-12-01/2024-12-31,380,380,0.8446648120880127,0.0629969611763954,0.4937784969806671,0.0562588982284069,0.3597213625907898,0.0694986432790756,100.0,2024-12-01,12,2024
H11,2023-01-01/2023-01-31,380,380,0.5576040744781494,0.1036979109048843,0.3148161768913269,0.0654203742742538,0.0132670411840081,0.0701257437467575,100.0,2023-01-01,1,2023
H11,2023-02-01/2023-02-28,380,380,0.5462847948074341,0.1083067879080772,0.3144128322601318,0.0674419924616813,-0.0004465347738005,0.0723186060786247,100.0,2023-02-01,2,2023
H11,2023-03-01/2023-03-31,380,380,0.5408928990364075,0.1059270724654197,0.3500624001026153,0.0759780555963516,0.0183300040662288,0.0673273727297782,100.0,2023-03-01,3,2023
H11,2023-04-01/2023-04-30,378,380,0.5178155899047852,0.1033845916390419,0.3382784426212311,0.0743890255689621,-0.00108125701081,0.0605572126805782,99.5,2023-04-01,4,2023
H11,2023-05-01/2023-05-31,380,380,0.4768556654453277,0.0967634245753288,0.3096200227737427,0.0689364001154899,-0.0522509105503559,0.0542745888233184,100.0,2023-05-01,5,2023
H11,2023-06-01/2023-06-30,380,380,0.4766983389854431,0.1012683138251304,0.3033588230609894,0.0704830288887023,-0.0515067242085933,0.054602462798357,100.0,2023-06-01,6,2023
H11,2023-07-01/2023-07-31,378,380,0.6808421611785889,0.0781295597553253,0.4682977199554443,0.0688404664397239,0.101123496890068,0.0428775139153003,99.5,2023-07-01,7,2023
H11,2023-08-01/2023-08-31,0,380,0.6284228563308716,,0.41397368907928467,,0.0605736449360847,,0.0,2023-08-01,8,2023
H11,2023-09-01/2023-09-30,380,380,0.5760035514831543,0.0717165097594261,0.359649658203125,0.0518862456083297,0.0200237929821014,0.0487374998629093,100.0,2023-09-01,9,2023
H11,2023-10-01/2023-10-31,378,380,0.7015628814697266,0.0887871757149696,0.2663817107677459,0.0441442541778087,0.0834880843758583,0.060863621532917,99.5,2023-10-01,10,2023
H11,2023-11-01/2023-11-30,378,380,0.663086473941803,0.0937804952263832,0.4117035269737243,0.0708111301064491,0.1021891608834266,0.0691349357366561,99.5,2023-11-01,11,2023
H11,2023-12-01/2023-12-31,380,380,0.6767304539680481,0.1049700155854225,0.3710489273071289,0.0675406903028488,0.1153756156563758,0.0756130516529083,100.0,2023-12-01,12,2023
H11,2024-01-01/2024-01-31,378,380,0.6470739245414734,0.1124836802482605,0.3666119575500488,0.0699110850691795,0.0918956324458122,0.0793869569897651,99.5,2024-01-01,1,2024
H11,2024-02-01/2024-02-29,378,380,0.5562421083450317,0.1123803555965423,0.3269358575344085,0.0690526664257049,0.0382024012506008,0.0755101591348648,99.5,2024-02-01,2,2024
H11,2024-03-01/2024-03-31,380,380,0.5931000709533691,0.1290080100297927,0.3885663449764251,0.0928476601839065,0.0823196917772293,0.0869819968938827,100.0,2024-03-01,3,2024
H11,2024-04-01/2024-04-30,380,380,0.5742737054824829,0.1265750229358673,0.388635903596878,0.0943343862891197,0.0614779815077781,0.0859497264027595,100.0,2024-04-01,4,2024
H11,2024-05-01/2024-05-31,380,380,0.5382581353187561,0.1255885064601898,0.3591172397136688,0.0860441476106643,0.0342463962733745,0.0696383416652679,100.0,2024-05-01,5,2024
H11,2024-06-01/2024-06-30,380,380,0.5261653661727905,0.1225771903991699,0.3547103106975555,0.0833894312381744,0.0364270135760307,0.0648958683013916,100.0,2024-06-01,6,2024
H11,2024-07-01/2024-07-31,378,380,0.6105437874794006,0.1142051219940185,0.4064438045024872,0.0835851207375526,0.0954934060573577,0.0738554149866104,99.5,2024-07-01,7,2024
H11,2024-08-01/2024-08-31,0,380,0.6812958419322968,,0.4409274309873581,,0.1570829674601554,,0.0,2024-08-01,8,2024
H11,2024-09-01/2024-09-30,378,380,0.7520478963851929,0.1009019389748573,0.475411057472229,0.0754705816507339,0.2186725288629531,0.0682254508137703,99.5,2024-09-01,9,2024
H11,2024-10-01/2024-10-31,378,380,0.7340473532676697,0.101062960922718,0.4768655896186828,0.0770298168063163,0.2369726300239563,0.0702345743775367,99.5,2024-10-01,10,2024
H11,2024-11-01/2024-11-30,378,380,0.7146558165550232,0.1357365399599075,0.4287943840026855,0.0972726121544838,0.1957447081804275,0.1107375621795654,99.5,2024-11-01,11,2024
H11,2024-12-01/2024-12-31,380,380,0.7159386873245239,0.1410791575908661,0.4346619844436645,0.1000971794128418,0.2218090593814849,0.1155618354678154,100.0,2024-12-01,12,2024
H12,2023-01-01/2023-01-31,380,380,0.5998216271400452,0.0735197141766548,0.3277498781681061,0.0471304580569267,0.0350767597556114,0.0480097196996212,100.0,2023-01-01,1,2023
H12,2023-02-01/2023-02-28,380,380,0.5903158187866211,0.0806012451648712,0.3339651226997375,0.0501160249114036,0.0298732966184616,0.0529424250125885,100.0,2023-02-01,2,2023
H12,2023-03-01/2023-03-31,380,380,0.5479609966278076,0.0772329717874527,0.3451933264732361,0.0547407977283,0.0015745633281767,0.0525872260332107,100.0,2023-03-01,3,2023
H12,2023-04-01/2023-04-30,380,380,0.5419052839279175,0.078022189438343,0.3370873034000397,0.0539746917784214,-0.0065395296551287,0.0526498705148696,100.0,2023-04-01,4,2023
H12,2023-05-01/2023-05-31,380,380,0.517472505569458,0.0738612115383148,0.3382934033870697,0.0522227957844734,-0.0307779256254434,0.0443623848259449,100.0,2023-05-01,5,2023
H12,2023-06-01/2023-06-30,380,380,0.517951250076294,0.0748900026082992,0.3297616243362427,0.0515908561646938,-0.0286749992519617,0.0444335527718067,100.0,2023-06-01,6,2023
H12,2023-07-01/2023-07-31,380,380,0.6794694662094116,0.0551973357796669,0.4531913101673126,0.0542783327400684,0.1045923456549644,0.0527308210730552,100.0,2023-07-01,7,2023
H12,2023-08-01/2023-08-31,0,380,0.6570793390274048,,0.4227394759654999,,0.0827510021626949,,0.0,2023-08-01,8,2023
H12,2023-09-01/2023-09-30,380,380,0.634689211845398,0.0607565566897392,0.3922876417636871,0.0446652919054031,0.0609096586704254,0.0458581522107124,100.0,2023-09-01,9,2023
H12,2023-10-01/2023-10-31,380,380,0.6780871152877808,0.0740863755345344,0.2319374829530716,0.0369729585945606,0.0850490182638168,0.0706096291542053,100.0,2023-10-01,10,2023
H12,2023-11-01/2023-11-30,380,380,0.6502057313919067,0.0633807331323623,0.3742246031761169,0.0442856922745704,0.0851334556937217,0.0479126162827014,100.0,2023-11-01,11,2023
H12,2023-12-01/2023-12-31,380,380,0.756742000579834,0.0755359008908271,0.4238935112953186,0.0654467716813087,0.2019415944814682,0.0743306875228881,100.0,2023-12-01,12,2023
H12,2024-01-01/2024-01-31,380,380,0.6704496145248413,0.0828335806727409,0.3780663609504699,0.0557388886809349,0.1219416186213493,0.0606716498732566,100.0,2024-01-01,1,2024
H12,2024-02-01/2024-02-29,380,380,0.6460011005401611,0.0848237201571464,0.3721256852149963,0.0563993901014328,0.0956031382083892,0.0632892921566963,100.0,2024-02-01,2,2024
H12,2024-03-01/2024-03-31,380,380,0.6755347847938538,0.0860241279006004,0.4421522915363312,0.0694640651345253,0.1546266078948974,0.0626570507884025,100.0,2024-03-01,3,2024
H12,2024-04-01/2024-04-30,380,380,0.6558385491371155,0.0825576409697532,0.4406782388687134,0.0671830847859382,0.1307772099971771,0.0608174726366996,100.0,2024-04-01,4,2024
H12,2024-05-01/2024-05-31,380,380,0.6253255009651184,0.0839343965053558,0.423030823469162,0.0640563815832138,0.1015411093831062,0.0497774519026279,100.0,2024-05-01,5,2024
H12,2024-06-01/2024-06-30,380,380,0.6022676825523376,0.0871379822492599,0.4161983728408813,0.0658397153019905,0.0960330367088317,0.0481434389948844,100.0,2024-06-01,6,2024
H12,2024-07-01/2024-07-31,70,380,0.6655453443527222,0.060788981616497,0.4583240449428558,0.0634327977895736,0.1574194580316543,0.037518922239542,18.4,2024-07-01,7,2024
H12,2024-08-01/2024-08-31,0,380,0.7162425816059113,,0.45865605771541595,,0.182283841073513,,0.0,2024-08-01,8,2024
H12,2024-09-01/2024-09-30,380,380,0.7669398188591003,0.0663977861404419,0.4589880704879761,0.0559713840484619,0.2071482241153717,0.0488310046494007,100.0,2024-09-01,9,2024
H12,2024-10-01/2024-10-31,380,380,0.7345287203788757,0.0716583579778671,0.4395506978034973,0.0582200959324836,0.212233617901802,0.0555190816521644,100.0,2024-10-01,10,2024
H12,2024-11-01/2024-11-30,380,380,0.7338390946388245,0.0793210789561271,0.4071548581123352,0.0587325878441333,0.1965632438659668,0.0725104212760925,100.0,2024-11-01,11,2024
H12,2024-12-01/2024-12-31,380,380,0.7446693778038025,0.0824499875307083,0.4162342250347137,0.0571042113006114,0.2288715988397598,0.0727528929710388,100.0,2024-12-01,12,2024
H13,2023-01-01/2023-01-31,380,380,0.6603570580482483,0.0559572614729404,0.3643215000629425,0.0359777137637138,0.0771243944764137,0.0462587401270866,100.0,2023-01-01,1,2023
H13,2023-02-01/2023-02-28,380,380,0.6156250834465027,0.0674292668700218,0.3525737226009369,0.0438118055462837,0.0420363172888755,0.0530446246266365,100.0,2023-02-01,2,2023
H13,2023-03-01/2023-03-31,380,380,0.5954706072807312,0.0577288307249546,0.3872596621513366,0.0440478958189487,0.0523980222642421,0.0427083112299442,100.0,2023-03-01,3,2023
H13,2023-04-01/2023-04-30,380,380,0.6007094383239746,0.0569261871278286,0.3875046074390411,0.041708581149578,0.0530334673821926,0.0420823916792869,100.0,2023-04-01,4,2023
H13,2023-05-01/2023-05-31,380,380,0.5732204914093018,0.0516652874648571,0.3794333338737488,0.0400144830346107,0.0138088827952742,0.0346533693373203,100.0,2023-05-01,5,2023
H13,2023-06-01/2023-06-30,380,380,0.5655050873756409,0.0509162731468677,0.3648528754711151,0.0380140952765941,0.0084651801735162,0.033840112388134,100.0,2023-06-01,6,2023
H13,2023-07-01/2023-07-31,380,380,0.8098554015159607,0.0295955445617437,0.6037371754646301,0.0433663763105869,0.2505809962749481,0.0409800298511981,100.0,2023-07-01,7,2023
H13,2023-08-01/2023-08-31,0,380,0.78009033203125,,0.5442027747631073,,0.2037459090352058,,0.0,2023-08-01,8,2023
H13,2023-09-01/2023-09-30,380,380,0.7503252625465393,0.0412903539836406,0.4846683740615845,0.0391571782529354,0.1569108217954635,0.0502223074436187,100.0,2023-09-01,9,2023
H13,2023-10-01/2023-10-31,380,380,0.8465772867202759,0.0263751074671745,0.3263095021247864,0.0239502619951963,0.2590335607528686,0.0327137522399425,100.0,2023-10-01,10,2023
H13,2023-11-01/2023-11-30,380,380,0.7407592535018921,0.0394961312413215,0.4504834711551666,0.0359063185751438,0.1779555231332779,0.0368199348449707,100.0,2023-11-01,11,2023
H13,2023-12-01/2023-12-31,380,380,0.7705368995666504,0.0498156584799289,0.4211404621601105,0.0329652987420558,0.1949433237314224,0.0400799848139286,100.0,2023-12-01,12,2023
H13,2024-01-01/2024-01-31,380,380,0.7424975037574768,0.0522638596594333,0.4166287183761596,0.0335753560066223,0.1654767543077469,0.0382938645780086,100.0,2024-01-01,1,2024
H13,2024-02-01/2024-02-29,380,380,0.7088912129402161,0.0514373406767845,0.4132378697395324,0.0334154516458511,0.1390064656734466,0.0362893752753734,100.0,2024-02-01,2,2024
H13,2024-03-01/2024-03-31,380,380,0.711188554763794,0.0647994130849838,0.4718908965587616,0.0479039959609508,0.1874948143959045,0.0452906638383865,100.0,2024-03-01,3,2024
H13,2024-04-01/2024-04-30,380,380,0.7058279514312744,0.0633169636130333,0.490252286195755,0.0496762357652187,0.1819927990436554,0.0469101555645465,100.0,2024-04-01,4,2024
H13,2024-05-01/2024-05-31,380,380,0.6820976138114929,0.0674752816557884,0.477154940366745,0.0472622700035572,0.1563998162746429,0.0395339019596576,100.0,2024-05-01,5,2024
H13,2024-06-01/2024-06-30,380,380,0.6773725748062134,0.064784325659275,0.4800565242767334,0.0462222769856452,0.1524332016706466,0.0369373932480812,100.0,2024-06-01,6,2024
H13,2024-07-01/2024-07-31,380,380,0.7297316193580627,0.0368440747261047,0.5181275010108948,0.0324329026043415,0.1942406892776489,0.0340343564748764,100.0,2024-07-01,7,2024
H13,2024-08-01/2024-08-31,0,380,0.7571631669998169,,0.49581439793109894,,0.19860259443521494,,0.0,2024-08-01,8,2024
H13,2024-09-01/2024-09-30,380,380,0.784594714641571,0.0418091751635074,0.4735012948513031,0.0352697260677814,0.202964499592781,0.0341473817825317,100.0,2024-09-01,9,2024
H13,2024-10-01/2024-10-31,380,380,0.755670428276062,0.0362696759402751,0.4534297287464142,0.0350576713681221,0.198083609342575,0.0330037288367748,100.0,2024-10-01,10,2024
H13,2024-11-01/2024-11-30,380,380,0.8028793931007385,0.0441148392856121,0.4575188755989074,0.0339089855551719,0.2626723945140838,0.0400879867374897,100.0,2024-11-01,11,2024
H13,2024-12-01/2024-12-31,380,380,0.8121524453163147,0.0532942898571491,0.4713987708091736,0.0396722666919231,0.2936750054359436,0.0518608577549457,100.0,2024-12-01,12,2024
H14,2023-01-01/2023-01-31,380,380,0.4630732536315918,0.0530372969806194,0.2467655539512634,0.0294471308588981,-0.1078448817133903,0.0354573056101799,100.0,2023-01-01,1,2023
H14,2023-02-01/2023-02-28,380,380,0.4178893268108368,0.056503027677536,0.2308610677719116,0.0311572961509227,-0.1391100287437439,0.0379813574254512,100.0,2023-02-01,2,2023
H14,2023-03-01/2023-03-31,380,380,0.4290342330932617,0.0491603948175907,0.270022451877594,0.0326638109982013,-0.1043737530708313,0.0318087935447692,100.0,2023-03-01,3,2023
H14,2023-04-01/2023-04-30,380,380,0.4401429295539856,0.049822349101305,0.2779215574264526,0.0329635068774223,-0.0921697616577148,0.0305641833692789,100.0,2023-04-01,4,2023
H14,2023-05-01/2023-05-31,380,380,0.4120067358016968,0.0464138388633728,0.2705858647823334,0.0324344933032989,-0.1096076369285583,0.0298734046518802,100.0,2023-05-01,5,2023
H14,2023-06-01/2023-06-30,380,380,0.4033349752426147,0.044370662420988,0.2631049752235412,0.0300129614770412,-0.1133036091923713,0.0274682156741619,100.0,2023-06-01,6,2023
H14,2023-07-01/2023-07-31,380,380,0.645289957523346,0.0377606712281703,0.4481435716152191,0.039577379822731,0.0674910172820091,0.035869937390089,100.0,2023-07-01,7,2023
H14,2023-08-01/2023-08-31,0,380,0.7403633296489716,,0.564560666680336,,0.2059991620481014,,0.0,2023-08-01,8,2023
H14,2023-09-01/2023-09-30,380,380,0.8354367017745972,0.0261945035308599,0.6809777617454529,0.0484546981751918,0.3445073068141937,0.0384041182696819,100.0,2023-09-01,9,2023
H14,2023-10-01/2023-10-31,380,380,0.4867233335971832,0.0603002570569515,0.1710184216499328,0.0280492193996906,-0.0794045329093933,0.0526773929595947,100.0,2023-10-01,10,2023
H14,2023-11-01/2023-11-30,380,380,0.5210887789726257,0.0660247802734375,0.2991506457328796,0.0468124262988567,-0.0623636245727539,0.0587558858096599,100.0,2023-11-01,11,2023
H14,2023-12-01/2023-12-31,380,380,0.5621617436408997,0.0723415911197662,0.3019481897354126,0.0438465476036071,-0.0417689234018325,0.0577315390110015,100.0,2023-12-01,12,2023
H14,2024-01-01/2024-01-31,380,380,0.5560462474822998,0.0630452260375022,0.3094087839126587,0.0395346358418464,-0.0428027994930744,0.0489522702991962,100.0,2024-01-01,1,2024
H14,2024-02-01/2024-02-29,380,380,0.5892235040664673,0.0469241514801979,0.361844927072525,0.0311564281582832,0.0171737670898437,0.0342472083866596,100.0,2024-02-01,2,2024
H14,2024-03-01/2024-03-31,380,380,0.5279572606086731,0.0723159909248352,0.3508142232894897,0.0515667423605918,0.004054179880768,0.0512655228376388,100.0,2024-03-01,3,2024
H14,2024-04-01/2024-04-30,380,380,0.5131931304931641,0.0704100281000137,0.3499365448951721,0.0528607293963432,-0.0143804801627993,0.0508384630084037,100.0,2024-04-01,4,2024
H14,2024-05-01/2024-05-31,380,380,0.5046591758728027,0.0697733238339424,0.3398690521717071,0.0475418828427791,-0.0136098368093371,0.0404383055865764,100.0,2024-05-01,5,2024
H14,2024-06-01/2024-06-30,380,380,0.5048463344573975,0.0638425946235656,0.3465858995914459,0.0428996384143829,-0.00028560787905,0.0353501886129379,100.0,2024-06-01,6,2024
H14,2024-07-01/2024-07-31,380,380,0.6387819051742554,0.0450207293033599,0.4351843595504761,0.0385153293609619,0.0783589035272598,0.0346757993102073,100.0,2024-07-01,7,2024
H14,2024-08-01/2024-08-31,0,380,0.7054330110549927,,0.4920107126235962,,0.17281436175107956,,0.0,2024-08-01,8,2024
H14,2024-09-01/2024-09-30,380,380,0.77208411693573,0.0725660845637321,0.5488370656967163,0.0774520486593246,0.2672698199748993,0.0732335895299911,100.0,2024-09-01,9,2024
H14,2024-10-01/2024-10-31,380,380,0.7325294613838196,0.050151739269495,0.4970502257347107,0.0511493235826492,0.2325358390808105,0.0484643392264843,100.0,2024-10-01,10,2024
H14,2024-11-01/2024-11-30,380,380,0.6342118978500366,0.0797368437051773,0.3575106561183929,0.0585513785481452,0.0711972117424011,0.074586421251297,100.0,2024-11-01,11,2024
H14,2024-12-01/2024-12-31,380,380,0.6432626843452454,0.0725383907556533,0.3702624142169952,0.0497535467147827,0.0890349671244621,0.066274270415306,100.0,2024-12-01,12,2024
H15,2023-01-01/2023-01-31,380,380,0.3983741700649261,0.0556078404188156,0.205877810716629,0.0346137061715126,-0.1377450674772262,0.0495662726461887,100.0,2023-01-01,1,2023
H15,2023-02-01/2023-02-28,380,380,0.3768412470817566,0.0536612123250961,0.2022011429071426,0.0334482826292514,-0.1470698565244674,0.0461132526397705,100.0,2023-02-01,2,2023
H15,2023-03-01/2023-03-31,380,380,0.3382430374622345,0.0444198511540889,0.2037317007780075,0.0312194675207138,-0.1523684412240982,0.0430923402309417,100.0,2023-03-01,3,2023
H15,2023-04-01/2023-04-30,380,380,0.3352517783641815,0.0439535118639469,0.2012096941471099,0.0311553254723548,-0.1528517454862594,0.0427577346563339,100.0,2023-04-01,4,2023
H15,2023-05-01/2023-05-31,380,380,0.339953064918518,0.0467306077480316,0.2040271311998367,0.0297109447419643,-0.1663206964731216,0.035552367568016,100.0,2023-05-01,5,2023
H15,2023-06-01/2023-06-30,380,380,0.3470224738121032,0.0472669787704944,0.205704391002655,0.0306422188878059,-0.1596173495054245,0.0372910387814044,100.0,2023-06-01,6,2023
H15,2023-07-01/2023-07-31,380,380,0.6850340366363525,0.0732825025916099,0.481863409280777,0.0958530828356742,0.1366257071495056,0.0675430744886398,100.0,2023-07-01,7,2023
H15,2023-08-01/2023-08-31,0,380,0.6467486917972565,,0.4350714087486267,,0.0886849537491798,,0.0,2023-08-01,8,2023
H15,2023-09-01/2023-09-30,380,380,0.6084633469581604,0.0505707189440727,0.3882794082164764,0.0493708290159702,0.040744200348854,0.0567884594202041,100.0,2023-09-01,9,2023
H15,2023-10-01/2023-10-31,380,380,0.5291558504104614,0.065235786139965,0.1800622195005417,0.0316300578415393,-0.09488195925951,0.0660900622606277,100.0,2023-10-01,10,2023
H15,2023-11-01/2023-11-30,380,380,0.455252081155777,0.0632858723402023,0.2460737079381942,0.043875902891159,-0.1148831844329834,0.0610500089824199,100.0,2023-11-01,11,2023
H15,2023-12-01/2023-12-31,380,380,0.5107214450836182,0.0617266520857811,0.2654562592506408,0.0493764691054821,-0.064626432955265,0.0564488433301448,100.0,2023-12-01,12,2023
H15,2024-01-01/2024-01-31,380,380,0.4303147196769714,0.0651525482535362,0.224740982055664,0.0394466631114482,-0.1141891852021217,0.0552179999649524,100.0,2024-01-01,1,2024
H15,2024-02-01/2024-02-29,380,380,0.3952500224113464,0.0560292191803455,0.2195498347282409,0.0368276238441467,-0.1209898963570594,0.0484903268516063,100.0,2024-02-01,2,2024
H15,2024-03-01/2024-03-31,380,380,0.4070830047130584,0.0696567967534065,0.2482458800077438,0.0472155176103115,-0.0884124860167503,0.0564839281141757,100.0,2024-03-01,3,2024
H15,2024-04-01/2024-04-30,380,380,0.3895274102687835,0.0686923190951347,0.2419856488704681,0.0471136383712291,-0.1108373776078224,0.0561459027230739,100.0,2024-04-01,4,2024
H15,2024-05-01/2024-05-31,380,380,0.4039852023124695,0.0684912130236625,0.2604468762874603,0.0473309569060802,-0.0720121264457702,0.0516071319580078,100.0,2024-05-01,5,2024
H15,2024-06-01/2024-06-30,380,380,0.4235624969005584,0.064717449247837,0.2793580293655395,0.0470849424600601,-0.0459485724568367,0.0513632334768772,100.0,2024-06-01,6,2024
H15,2024-07-01/2024-07-31,380,380,0.5825405716896057,0.0582267194986343,0.3650031983852386,0.057246908545494,0.0571017451584339,0.0468102134764194,100.0,2024-07-01,7,2024
H15,2024-08-01/2024-08-31,0,380,0.6089567542076111,,0.377400130033493,,0.0786586683243513,,0.0,2024-08-01,8,2024
H15,2024-09-01/2024-09-30,380,380,0.6353729367256165,0.0663363113999366,0.3897970616817474,0.0635022819042205,0.1002155914902687,0.0675582662224769,100.0,2024-09-01,9,2024
H15,2024-10-01/2024-10-31,380,380,0.6402423977851868,0.0601207390427589,0.3942633867263794,0.0564762316644191,0.1348860114812851,0.0606032013893127,100.0,2024-10-01,10,2024
H15,2024-11-01/2024-11-30,380,380,0.5178983211517334,0.0764117613434791,0.2737407386302948,0.0504111312329769,-0.0212729703634977,0.0567568317055702,100.0,2024-11-01,11,2024
H15,2024-12-01/2024-12-31,380,380,0.4959331452846527,0.0812265798449516,0.2624872028827667,0.0521388426423072,-0.0393229499459266,0.061463039368391,100.0,2024-12-01,12,2024
H16,2023-01-01/2023-01-31,380,380,0.4599246680736542,0.0768514946103096,0.2445433586835861,0.0566622391343116,-0.0995037704706192,0.0741388127207756,100.0,2023-01-01,1,2023
H16,2023-02-01/2023-02-28,380,380,0.3303568065166473,0.0505227148532867,0.1739769428968429,0.0307480432093143,-0.1917912513017654,0.0499901808798313,100.0,2023-02-01,2,2023
H16,2023-03-01/2023-03-31,380,380,0.243446946144104,0.0317236967384815,0.1342441886663437,0.0178725197911262,-0.2505793571472168,0.0310035049915313,100.0,2023-03-01,3,2023
H16,2023-04-01/2023-04-30,380,380,0.2461681514978408,0.0324627384543418,0.1366672962903976,0.0185213144868612,-0.2428479641675949,0.0333091393113136,100.0,2023-04-01,4,2023
H16,2023-05-01/2023-05-31,380,380,0.2302789390087127,0.0339470170438289,0.1282102614641189,0.0198320802301168,-0.2729341983795166,0.0320735499262809,100.0,2023-05-01,5,2023
H16,2023-06-01/2023-06-30,380,380,0.2336009442806244,0.0332343876361846,0.1280113309621811,0.0186209678649902,-0.2714686691761017,0.0311290901154279,100.0,2023-06-01,6,2023
H16,2023-07-01/2023-07-31,380,380,0.7049830555915833,0.0717124789953231,0.5148630142211914,0.1017871275544166,0.1086194366216659,0.0923058241605758,100.0,2023-07-01,7,2023
H16,2023-08-01/2023-08-31,0,380,0.7034772336483002,,0.5056971460580826,,0.1333428099751472,,0.0,2023-08-01,8,2023
H16,2023-09-01/2023-09-30,380,380,0.7019714117050171,0.0662910640239715,0.4965312778949737,0.0689465627074241,0.1580661833286285,0.0657383874058723,100.0,2023-09-01,9,2023
H16,2023-10-01/2023-10-31,380,380,0.6856834292411804,0.0656381770968437,0.1983003169298172,0.0321250893175601,0.1202222555875778,0.0647545754909515,100.0,2023-10-01,10,2023
H16,2023-11-01/2023-11-30,380,380,0.5960358381271362,0.0927148461341857,0.3575333058834076,0.0810939446091651,0.0194442979991436,0.0959261134266853,100.0,2023-11-01,11,2023
H16,2023-12-01/2023-12-31,380,380,0.6315839290618896,0.0830155834555625,0.3474081456661224,0.0772397518157959,0.0186751224100589,0.0822574272751808,100.0,2023-12-01,12,2023
H16,2024-01-01/2024-01-31,380,380,0.4314138293266296,0.0719291940331459,0.2418431490659713,0.047046210616827,-0.1046590209007263,0.0661827400326728,100.0,2024-01-01,1,2024
H16,2024-02-01/2024-02-29,380,380,0.370332270860672,0.0521742738783359,0.2008577436208725,0.034799974411726,-0.1702829450368881,0.0572502315044403,100.0,2024-02-01,2,2024
H16,2024-03-01/2024-03-31,380,380,0.2871445417404175,0.0357616953551769,0.1632211655378341,0.0243672598153352,-0.2051346600055694,0.0421940125524997,100.0,2024-03-01,3,2024
H16,2024-04-01/2024-04-30,380,380,0.2551847696304321,0.0323681943118572,0.1506896615028381,0.022513685747981,-0.2295812517404556,0.0394795164465904,100.0,2024-04-01,4,2024
H16,2024-05-01/2024-05-31,380,380,0.203773021697998,0.0291505642235279,0.1255108416080474,0.0188299864530563,-0.2252655029296875,0.0352764502167701,100.0,2024-05-01,5,2024
H16,2024-06-01/2024-06-30,380,380,0.1995737999677658,0.0320884361863136,0.1270194947719574,0.0215316396206617,-0.2126139402389526,0.0366128385066986,100.0,2024-06-01,6,2024
H16,2024-07-01/2024-07-31,380,380,0.6700432896614075,0.0833211094141006,0.4677447974681854,0.1008858531713485,0.0633810237050056,0.0986844599246978,100.0,2024-07-01,7,2024
H16,2024-08-01/2024-08-31,0,380,0.6762106716632843,,0.46539556980133057,,0.0959757901728153,,0.0,2024-08-01,8,2024
H16,2024-09-01/2024-09-30,380,380,0.6823780536651611,0.1033201813697815,0.4630463421344757,0.1017314493656158,0.128570556640625,0.1059019863605499,100.0,2024-09-01,9,2024
H16,2024-10-01/2024-10-31,380,380,0.6813532114028931,0.0860799700021743,0.465310662984848,0.0866961553692817,0.1581918150186538,0.0923026353120803,100.0,2024-10-01,10,2024
H16,2024-11-01/2024-11-30,380,380,0.4461268484592438,0.1424282640218734,0.2326420247554779,0.0862312093377113,-0.1337907016277313,0.1154208406805992,100.0,2024-11-01,11,2024
H16,2024-12-01/2024-12-31,380,380,0.4273206293582916,0.0890408903360366,0.2206968665122985,0.0518998466432094,-0.1539530754089355,0.0795554369688034,100.0,2024-12-01,12,2024
H17,2023-01-01/2023-01-31,380,380,0.530669629573822,0.0476504564285278,0.3006677627563476,0.0433323942124843,-0.0243397615849971,0.0522538013756275,100.0,2023-01-01,1,2023
H17,2023-02-01/2023-02-28,380,380,0.3906851410865783,0.0501669198274612,0.2228273451328277,0.0259533170610666,-0.1117095351219177,0.0400602743029594,100.0,2023-02-01,2,2023
H17,2023-03-01/2023-03-31,380,380,0.3054869472980499,0.0391532145440578,0.1776393353939056,0.0259463731199502,-0.1941341608762741,0.0344584770500659,100.0,2023-03-01,3,2023
H17,2023-04-01/2023-04-30,380,380,0.3062603175640106,0.03911904245615,0.1806459724903106,0.025465440005064,-0.1866955608129501,0.0340264588594436,100.0,2023-04-01,4,2023
H17,2023-05-01/2023-05-31,380,380,0.2813876867294311,0.0270425286144018,0.1624472141265869,0.0162812918424606,-0.2370365411043167,0.0234198309481143,100.0,2023-05-01,5,2023
H17,2023-06-01/2023-06-30,380,380,0.282642513513565,0.0253946483135223,0.1597695350646972,0.0148200821131467,-0.2359137535095214,0.0224198438227176,100.0,2023-06-01,6,2023
H17,2023-07-01/2023-07-31,380,380,0.7267816066741943,0.0547550208866596,0.5506064891815186,0.0735950767993927,0.1418228298425674,0.0593965388834476,100.0,2023-07-01,7,2023
H17,2023-08-01/2023-08-31,0,380,0.6292824447154999,,0.4343905597925186,,0.02959123253822324,,0.0,2023-08-01,8,2023
H17,2023-09-01/2023-09-30,380,380,0.5317832827568054,0.0531804487109184,0.3181746304035187,0.0425117947161197,-0.0826403647661209,0.0459564141929149,100.0,2023-09-01,9,2023
H17,2023-10-01/2023-10-31,380,380,0.6642594337463379,0.0442200005054473,0.2641378343105316,0.0220591779798269,0.0020655111875385,0.0421705357730388,100.0,2023-10-01,10,2023
H17,2023-11-01/2023-11-30,380,380,0.4867612421512604,0.0368579514324665,0.2663743197917938,0.0331536792218685,-0.1229443028569221,0.039560467004776,100.0,2023-11-01,11,2023
H17,2023-12-01/2023-12-31,380,380,0.5180616974830627,0.0424102209508419,0.2509770393371582,0.0358899235725402,-0.1241515204310417,0.0466568507254123,100.0,2023-12-01,12,2023
H17,2024-01-01/2024-01-31,380,380,0.4021242260932922,0.032914325594902,0.2064989358186721,0.0195987503975629,-0.1753785163164138,0.0354407802224159,100.0,2024-01-01,1,2024
H17,2024-02-01/2024-02-29,380,380,0.4558598697185516,0.0421936772763729,0.2451452016830444,0.03538428992033,-0.1357225477695465,0.0453392229974269,100.0,2024-02-01,2,2024
H17,2024-03-01/2024-03-31,380,380,0.4290476441383362,0.0435392223298549,0.2473825961351394,0.0333495214581489,-0.1164535731077194,0.0420487597584724,100.0,2024-03-01,3,2024
H17,2024-04-01/2024-04-30,380,380,0.396613746881485,0.0414475984871387,0.2349896132946014,0.0310740862041711,-0.145802229642868,0.0396867357194423,100.0,2024-04-01,4,2024
H17,2024-05-01/2024-05-31,380,380,0.2918521165847778,0.0321814157068729,0.1868096143007278,0.0192811358720064,-0.1619800329208374,0.0326376892626285,100.0,2024-05-01,5,2024
H17,2024-06-01/2024-06-30,380,380,0.3043238222599029,0.0326867029070854,0.1956966370344162,0.019948910921812,-0.1514312475919723,0.03293402120471,100.0,2024-06-01,6,2024
H17,2024-07-01/2024-07-31,345,380,0.5989223122596741,0.0585762038826942,0.4491141438484192,0.068774327635765,0.0494804754853248,0.0538535192608833,90.8,2024-07-01,7,2024
H17,2024-08-01/2024-08-31,0,380,0.5914048850536346,,0.40552057325839996,,0.027116596465930298,,0.0,2024-08-01,8,2024
H17,2024-09-01/2024-09-30,380,380,0.5838874578475952,0.0878353863954544,0.3619270026683807,0.0797720625996589,0.0047527174465358,0.0872733071446418,100.0,2024-09-01,9,2024
H17,2024-10-01/2024-10-31,380,380,0.5961331725120544,0.06476691365242,0.3764150440692901,0.0647341310977935,0.0296438485383987,0.06589887291193,100.0,2024-10-01,10,2024
H17,2024-11-01/2024-11-30,380,380,0.6470648646354675,0.0513525195419788,0.3766953349113464,0.054352656006813,0.0600554309785366,0.053997553884983,100.0,2024-11-01,11,2024
H17,2024-12-01/2024-12-31,380,380,0.5534224510192871,0.0501447133719921,0.309402585029602,0.0425609648227691,0.0045348592102527,0.0530631244182586,100.0,2024-12-01,12,2024
H18,2023-01-01/2023-01-31,380,380,0.4739999175071716,0.1191393733024597,0.2511816918849945,0.0775530710816383,-0.0447285063564777,0.0700513795018196,100.0,2023-01-01,1,2023
H18,2023-02-01/2023-02-28,378,380,0.3424240052700043,0.0888880342245101,0.1843588650226593,0.0521930865943431,-0.1381810158491134,0.0502686537802219,99.5,2023-02-01,2,2023
H18,2023-03-01/2023-03-31,380,380,0.2690308094024658,0.0686966329813003,0.149038940668106,0.0413933880627155,-0.1971805393695831,0.0470962449908256,100.0,2023-03-01,3,2023
H18,2023-04-01/2023-04-30,380,380,0.2704412639141083,0.0697094872593879,0.1493259370326995,0.0419492274522781,-0.1876235157251358,0.0482683219015598,100.0,2023-04-01,4,2023
H18,2023-05-01/2023-05-31,380,380,0.2722412347793579,0.0797435939311981,0.1495732516050338,0.0498081594705581,-0.2108637392520904,0.0544621832668781,100.0,2023-05-01,5,2023
H18,2023-06-01/2023-06-30,380,380,0.2724708616733551,0.0838920697569847,0.147103413939476,0.0501351580023765,-0.2064971923828125,0.0537509471178054,100.0,2023-06-01,6,2023
H18,2023-07-01/2023-07-31,380,380,0.6942241191864014,0.154269590973854,0.5303082466125488,0.1492088437080383,0.162149503827095,0.0946418568491935,100.0,2023-07-01,7,2023
H18,2023-08-01/2023-08-31,0,380,0.6552562415599823,,0.4736559987068176,,0.1218452081084251,,0.0,2023-08-01,8,2023
H18,2023-09-01/2023-09-30,380,380,0.6162883639335632,0.1678332239389419,0.4170037508010864,0.1437526047229766,0.0815409123897552,0.1256493330001831,100.0,2023-09-01,9,2023
H18,2023-10-01/2023-10-31,362,380,0.5489435791969299,0.1001792848110199,0.1917154341936111,0.0497204661369323,-0.0800875276327133,0.1079364269971847,95.3,2023-10-01,10,2023
H18,2023-11-01/2023-11-30,380,380,0.4788854420185089,0.1106882765889167,0.2671116590499878,0.0742391794919967,-0.0649816468358039,0.0990626290440559,100.0,2023-11-01,11,2023
H18,2023-12-01/2023-12-31,380,380,0.5455693006515503,0.1369794160127639,0.2808370292186737,0.0907244607806205,-0.0171943698078393,0.0779793038964271,100.0,2023-12-01,12,2023
H18,2024-01-01/2024-01-31,380,380,0.4813279509544372,0.1486596465110778,0.2584530115127563,0.0994715988636016,-0.035945039242506,0.0835433602333068,100.0,2024-01-01,1,2024
H18,2024-02-01/2024-02-29,380,380,0.4167360663414001,0.1242278814315795,0.2201121300458908,0.0760275423526763,-0.097086526453495,0.0597808212041854,100.0,2024-02-01,2,2024
H18,2024-03-01/2024-03-31,380,380,0.329991728067398,0.0878813788294792,0.1928685307502746,0.0586508363485336,-0.1190660372376442,0.0521219559013843,100.0,2024-03-01,3,2024
H18,2024-04-01/2024-04-30,380,380,0.3063205182552337,0.087133415043354,0.1840044856071472,0.0598883256316185,-0.1394331455230713,0.052438098937273,100.0,2024-04-01,4,2024
H18,2024-05-01/2024-05-31,380,380,0.2930388748645782,0.0952160283923149,0.1813304275274276,0.0653139427304267,-0.1233325153589248,0.0538586042821407,100.0,2024-05-01,5,2024
H18,2024-06-01/2024-06-30,380,380,0.2962100505828857,0.0996325612068176,0.187232494354248,0.0699798092246055,-0.1177057698369026,0.0548068284988403,100.0,2024-06-01,6,2024
H18,2024-07-01/2024-07-31,271,380,0.5808817148208618,0.0895494893193245,0.4316300749778747,0.103400282561779,0.0779854208230972,0.0672984570264816,71.3,2024-07-01,7,2024
H18,2024-08-01/2024-08-31,0,380,0.6397497057914734,,0.4525535851716995,,0.12796384841203684,,0.0,2024-08-01,8,2024
H18,2024-09-01/2024-09-30,380,380,0.698617696762085,0.1608102619647979,0.4734770953655243,0.1356142461299896,0.1779422760009765,0.1119439452886581,100.0,2024-09-01,9,2024
H18,2024-10-01/2024-10-31,380,380,0.6657668948173523,0.1599791795015335,0.4471687376499176,0.1356244683265686,0.1651658564805984,0.1156689971685409,100.0,2024-10-01,10,2024
H18,2024-11-01/2024-11-30,370,380,0.5237473249435425,0.0995220839977264,0.26884925365448,0.0699301213026046,-0.0485329255461692,0.0877218768000602,97.4,2024-11-01,11,2024
H18,2024-12-01/2024-12-31,380,380,0.4952630400657654,0.1111335530877113,0.245926097035408,0.0693738162517547,-0.0647286623716354,0.0769188702106475,100.0,2024-12-01,12,2024
H19,2023-01-01/2023-01-31,380,380,0.4020892381668091,0.1054146438837051,0.1982388943433761,0.0599100515246391,-0.1257160156965255,0.0823802053928375,100.0,2023-01-01,1,2023
H19,2023-02-01/2023-02-28,380,380,0.3529715836048126,0.0765612870454788,0.1804620027542114,0.0392675660550594,-0.1563725769519806,0.0566688142716884,100.0,2023-02-01,2,2023
H19,2023-03-01/2023-03-31,380,380,0.3081356883049011,0.0569483563303947,0.1752110123634338,0.0335229001939296,-0.1683692336082458,0.0429902523756027,100.0,2023-03-01,3,2023
H19,2023-04-01/2023-04-30,380,380,0.3172819018363952,0.0585089474916458,0.1771206706762313,0.0331942215561866,-0.1642162650823593,0.0430703498423099,100.0,2023-04-01,4,2023
H19,2023-05-01/2023-05-31,380,380,0.3353080451488495,0.0573464408516883,0.1965869516134262,0.0351246632635593,-0.1507978290319442,0.0396542660892009,100.0,2023-05-01,5,2023
H19,2023-06-01/2023-06-30,380,380,0.341849148273468,0.0572185367345809,0.1977754086256027,0.03345712646842,-0.1392738372087478,0.0383511073887348,100.0,2023-06-01,6,2023
H19,2023-07-01/2023-07-31,380,380,0.5855146050453186,0.0918843001127243,0.363417387008667,0.0743338018655777,0.0563870891928672,0.0645216032862663,100.0,2023-07-01,7,2023
H19,2023-08-01/2023-08-31,0,380,0.5567623376846313,,0.34125617146492004,,0.027865594514878453,,0.0,2023-08-01,8,2023
H19,2023-09-01/2023-09-30,380,380,0.5280100703239441,0.0949793308973312,0.3190949559211731,0.0723121538758277,-0.0006559001631103,0.0767623037099838,100.0,2023-09-01,9,2023
H19,2023-10-01/2023-10-31,380,380,0.5887325406074524,0.1169776692986488,0.1925726234912872,0.0489810705184936,-0.0006527963560074,0.0985536053776741,100.0,2023-10-01,10,2023
H19,2023-11-01/2023-11-30,380,380,0.5030451416969299,0.1074717417359352,0.2743127644062042,0.0681122615933418,-0.0266578625887632,0.0867470949888229,100.0,2023-11-01,11,2023
H19,2023-12-01/2023-12-31,380,380,0.5563281774520874,0.0995156019926071,0.2804658114910126,0.0553727187216281,0.0195708479732275,0.0846656188368797,100.0,2023-12-01,12,2023
H19,2024-01-01/2024-01-31,380,380,0.4856225550174713,0.0900388434529304,0.2506846487522125,0.0510645769536495,-0.0322724804282188,0.0805796310305595,100.0,2024-01-01,1,2024
H19,2024-02-01/2024-02-29,380,380,0.4073521196842193,0.1004593744874,0.2126725912094116,0.0658810958266258,-0.0970854386687278,0.0952617451548576,100.0,2024-02-01,2,2024
H19,2024-03-01/2024-03-31,380,380,0.3768460750579834,0.0830778256058693,0.2113981544971466,0.0537828058004379,-0.1011639833450317,0.0810466930270195,100.0,2024-03-01,3,2024
H19,2024-04-01/2024-04-30,380,380,0.358793705701828,0.0799143090844154,0.2071228176355362,0.052831944078207,-0.122949868440628,0.0787981897592544,100.0,2024-04-01,4,2024
H19,2024-05-01/2024-05-31,380,380,0.3525819778442383,0.0720996111631393,0.2080943435430526,0.0456240884959697,-0.1136203557252883,0.0584518276154994,100.0,2024-05-01,5,2024
H19,2024-06-01/2024-06-30,380,380,0.359326422214508,0.0691592916846275,0.2144214063882827,0.0442695468664169,-0.106495589017868,0.0525987520813941,100.0,2024-06-01,6,2024
H19,2024-07-01/2024-07-31,20,380,0.4761173129081726,0.0575875416398048,0.3283872306346893,0.0569959618151187,0.0936374738812446,0.1004354208707809,5.3,2024-07-01,7,2024
H19,2024-08-01/2024-08-31,0,380,0.562000185251236,,0.3555909544229507,,0.1109627597033977,,0.0,2024-08-01,8,2024
H19,2024-09-01/2024-09-30,380,380,0.6478830575942993,0.1116427183151245,0.3827946782112121,0.1070354804396629,0.1282880455255508,0.0968060120940208,100.0,2024-09-01,9,2024
H19,2024-10-01/2024-10-31,380,380,0.6135275959968567,0.1143585219979286,0.364017516374588,0.0825284942984581,0.1221151128411293,0.0803087279200553,100.0,2024-10-01,10,2024
H19,2024-11-01/2024-11-30,380,380,0.5721708536148071,0.1047116890549659,0.2998774945735931,0.0624999478459358,0.0529130436480045,0.0861381515860557,100.0,2024-11-01,11,2024
H19,2024-12-01/2024-12-31,380,380,0.4997531771659851,0.1146412566304206,0.2613966166973114,0.0606363527476787,0.0086715696379542,0.0855434089899063,100.0,2024-12-01,12,2024
H2,2023-01-01/2023-01-31,380,380,0.3273327350616455,0.1011397764086723,0.2050432711839676,0.043270044028759,-0.0517302677035331,0.0786400064826011,100.0,2023-01-01,1,2023
H2,2023-02-01/2023-02-28,376,380,0.2850777506828308,0.0887636989355087,0.172104611992836,0.0357141830027103,-0.1107056811451911,0.0862083211541175,98.9,2023-02-01,2,2023
H2,2023-03-01/2023-03-31,380,380,0.2652077376842499,0.0755193084478378,0.1663780808448791,0.0341031216084957,-0.1334464401006698,0.0749371722340583,100.0,2023-03-01,3,2023
H2,2023-04-01/2023-04-30,380,380,0.2685745060443878,0.0800575986504554,0.1681348234415054,0.0362119115889072,-0.126751035451889,0.0728475227952003,100.0,2023-04-01,4,2023
H2,2023-05-01/2023-05-31,380,380,0.2656160891056061,0.1105040460824966,0.1758859306573867,0.0727292448282241,-0.140346422791481,0.1001451164484024,100.0,2023-05-01,5,2023
H2,2023-06-01/2023-06-30,380,380,0.2738438546657562,0.1094073504209518,0.175984114408493,0.0687518790364265,-0.1356074959039688,0.1001622676849365,100.0,2023-06-01,6,2023
H2,2023-07-01/2023-07-31,380,380,0.5161806344985962,0.1492662131786346,0.3684197664260864,0.113158643245697,0.0301916152238845,0.0692727863788604,100.0,2023-07-01,7,2023
H2,2023-08-01/2023-08-31,0,380,0.5410098731517792,,0.40141521394252777,,0.0688976235687732,,0.0,2023-08-01,8,2023
H2,2023-09-01/2023-09-30,380,380,0.5658391118049622,0.1702460050582885,0.4344106614589691,0.1196722686290741,0.1076036319136619,0.0692219510674476,100.0,2023-09-01,9,2023
H2,2023-10-01/2023-10-31,359,380,0.5030062198638916,0.1153537482023239,0.2042946070432663,0.0352403484284877,-0.0250905733555555,0.071085512638092,94.5,2023-10-01,10,2023
H2,2023-11-01/2023-11-30,380,380,0.5836503505706787,0.1654512733221054,0.39300736784935,0.1042108088731765,0.0955393314361572,0.0725646689534187,100.0,2023-11-01,11,2023
H2,2023-12-01/2023-12-31,380,380,0.442230224609375,0.1256992220878601,0.2776392102241516,0.0604825764894485,-0.014516812749207,0.0842897966504097,100.0,2023-12-01,12,2023
H2,2024-01-01/2024-01-31,380,380,0.409547209739685,0.1099462285637855,0.2572387158870697,0.0488380901515483,-0.0316381379961967,0.0765724778175354,100.0,2024-01-01,1,2024
H2,2024-02-01/2024-02-29,380,380,0.3548227548599243,0.1127757802605629,0.2216884344816208,0.0513338893651962,-0.0731328427791595,0.066350020468235,100.0,2024-02-01,2,2024
H2,2024-03-01/2024-03-31,380,380,0.270933598279953,0.07764483243227,0.1790966987609863,0.0338896699249744,-0.101847194135189,0.0750879123806953,100.0,2024-03-01,3,2024
H2,2024-04-01/2024-04-30,380,380,0.2444404363632202,0.0748854354023933,0.168001189827919,0.0355452224612236,-0.126302883028984,0.0737897455692291,100.0,2024-04-01,4,2024
H2,2024-05-01/2024-05-31,380,380,0.2268305122852325,0.1007474809885025,0.1519463658332824,0.056518830358982,-0.1197538450360298,0.0760555043816566,100.0,2024-05-01,5,2024
H2,2024-06-01/2024-06-30,380,380,0.2556450963020324,0.1089006066322326,0.1758299022912979,0.0659288242459297,-0.0945921018719673,0.0762570798397064,100.0,2024-06-01,6,2024
H2,2024-07-01/2024-07-31,380,380,0.6125003099441528,0.1651487499475479,0.4848162531852722,0.1362682580947876,0.1509238630533218,0.0762482360005378,100.0,2024-07-01,7,2024
H2,2024-08-01/2024-08-31,0,380,0.5612599849700928,,0.42829643189907074,,0.10129023343324656,,0.0,2024-08-01,8,2024
H2,2024-09-01/2024-09-30,380,380,0.5100196599960327,0.1529141217470169,0.3717766106128692,0.1434205025434494,0.0516566038131713,0.1096764206886291,100.0,2024-09-01,9,2024
H2,2024-10-01/2024-10-31,380,380,0.5721731781959534,0.1650725454092025,0.4139436483383178,0.1282803565263748,0.1231765747070312,0.0792540237307548,100.0,2024-10-01,10,2024
H2,2024-11-01/2024-11-30,376,380,0.4220581948757171,0.1289767622947693,0.2526040971279144,0.0841066911816597,-0.0540439002215862,0.1089958250522613,98.9,2024-11-01,11,2024
H2,2024-12-01/2024-12-31,380,380,0.4339270293712616,0.1302170157432556,0.2531519830226898,0.076489433646202,-0.0482135266065597,0.117017388343811,100.0,2024-12-01,12,2024
H20,2023-01-01/2023-01-31,380,380,0.389611005783081,0.1122442781925201,0.210344135761261,0.0779362693428993,-0.0880212485790252,0.0932721197605133,100.0,2023-01-01,1,2023
H20,2023-02-01/2023-02-28,380,380,0.3165480494499206,0.0845772698521614,0.1789805293083191,0.0556702092289924,-0.1213953495025634,0.0753873437643051,100.0,2023-02-01,2,2023
H20,2023-03-01/2023-03-31,380,380,0.2678366005420685,0.0660685449838638,0.1636173874139785,0.0441969595849514,-0.1452909260988235,0.0584904998540878,100.0,2023-03-01,3,2023
H20,2023-04-01/2023-04-30,380,380,0.2738084197044372,0.0654357969760894,0.1647916138172149,0.0428292006254196,-0.1444669663906097,0.0575392544269561,100.0,2023-04-01,4,2023
H20,2023-05-01/2023-05-31,380,380,0.2659542560577392,0.063013345003128,0.1662849932909011,0.0410736687481403,-0.1491538733243942,0.0471384674310684,100.0,2023-05-01,5,2023
H20,2023-06-01/2023-06-30,380,380,0.2738116681575775,0.0636633783578872,0.1672501564025879,0.0408572368323802,-0.1444768458604812,0.0502390265464782,100.0,2023-06-01,6,2023
H20,2023-07-01/2023-07-31,380,380,0.5411825180053711,0.1312191188335418,0.3511390388011932,0.1149270832538604,0.041433148086071,0.0877147391438484,100.0,2023-07-01,7,2023
H20,2023-08-01/2023-08-31,0,380,0.5632179379463196,,0.3799231499433517,,0.07082616537809369,,0.0,2023-08-01,8,2023
H20,2023-09-01/2023-09-30,380,380,0.5852533578872681,0.1532295495271682,0.4087072610855102,0.1386781334877014,0.1002191826701164,0.1208469420671463,100.0,2023-09-01,9,2023
H20,2023-10-01/2023-10-31,380,380,0.5887043476104736,0.1452908813953399,0.2019536942243576,0.0697151571512222,0.0571099519729614,0.1102553457021713,100.0,2023-10-01,10,2023
H20,2023-11-01/2023-11-30,380,380,0.5021086931228638,0.1231491714715957,0.3036556839942932,0.0944750532507896,0.0104920854791998,0.0871847569942474,100.0,2023-11-01,11,2023
H20,2023-12-01/2023-12-31,380,380,0.5063937306404114,0.1083644926548004,0.2693657279014587,0.0699069648981094,-0.0087131112813949,0.0705762952566146,100.0,2023-12-01,12,2023
H20,2024-01-01/2024-01-31,380,380,0.4322350025177002,0.0981411859393119,0.2356756180524826,0.0586508437991142,-0.0583716742694377,0.0638585463166236,100.0,2024-01-01,1,2024
H20,2024-02-01/2024-02-29,380,380,0.3945864737033844,0.0955908372998237,0.2232492119073867,0.0611713528633117,-0.0793025344610214,0.0627864748239517,100.0,2024-02-01,2,2024
H20,2024-03-01/2024-03-31,380,380,0.3433514237403869,0.0883465409278869,0.2110370397567749,0.0590116344392299,-0.0876891463994979,0.0567455142736434,100.0,2024-03-01,3,2024
H20,2024-04-01/2024-04-30,380,380,0.3221549093723297,0.0846970081329345,0.2017029821872711,0.0576442591845989,-0.111820101737976,0.0563944987952709,100.0,2024-04-01,4,2024
H20,2024-05-01/2024-05-31,380,380,0.2831362783908844,0.085413284599781,0.1859936565160751,0.0620964579284191,-0.1029346287250518,0.0600936226546764,100.0,2024-05-01,5,2024
H20,2024-06-01/2024-06-30,380,380,0.2884295880794525,0.0882410332560539,0.1924251317977905,0.06611018627882,-0.0946419090032577,0.0596738494932651,100.0,2024-06-01,6,2024
H20,2024-07-01/2024-07-31,0,380,0.4190787076950073,,0.28559117515881854,,-0.0035495162010192732,,0.0,2024-07-01,7,2024
H20,2024-08-01/2024-08-31,0,380,0.5497278273105621,,0.37875721851984656,,0.08754287660121915,,0.0,2024-08-01,8,2024
H20,2024-09-01/2024-09-30,380,380,0.6803769469261169,0.147505298256874,0.4719232618808746,0.1363056153059005,0.1786352694034576,0.1059971004724502,100.0,2024-09-01,9,2024
H20,2024-10-01/2024-10-31,380,380,0.6281576752662659,0.1500755548477172,0.4220355749130249,0.1277441680431366,0.1470710337162017,0.1025946214795112,100.0,2024-10-01,10,2024
H20,2024-11-01/2024-11-30,380,380,0.519192099571228,0.1310195326805114,0.2933230698108673,0.0904542282223701,0.0055170566774904,0.0951269343495369,100.0,2024-11-01,11,2024
H20,2024-12-01/2024-12-31,380,380,0.4666854739189148,0.1116009280085563,0.2611826360225677,0.0778658986091613,-0.0201206132769584,0.0836081430315971,100.0,2024-12-01,12,2024
H21,2023-01-01/2023-01-31,380,380,0.4072613418102264,0.0546607002615928,0.2228985279798507,0.0352823212742805,-0.1324410438537597,0.0410070158541202,100.0,2023-01-01,1,2023
H21,2023-02-01/2023-02-28,380,380,0.3281914293766022,0.0448927693068981,0.1845231056213379,0.0268355794250965,-0.1768084913492202,0.0313691012561321,100.0,2023-02-01,2,2023
H21,2023-03-01/2023-03-31,380,380,0.3008116781711578,0.038244254887104,0.1868234276771545,0.0257252529263496,-0.1668987721204757,0.0279310215264558,100.0,2023-03-01,3,2023
H21,2023-04-01/2023-04-30,380,380,0.3132928609848022,0.0395359471440315,0.192963495850563,0.0259934458881616,-0.1637845188379287,0.0300775878131389,100.0,2023-04-01,4,2023
H21,2023-05-01/2023-05-31,380,380,0.3422787189483642,0.0388052053749561,0.2215936332941055,0.0259574614465236,-0.1352054327726364,0.021723074838519,100.0,2023-05-01,5,2023
H21,2023-06-01/2023-06-30,380,380,0.34340301156044,0.0362291857600212,0.2172021120786667,0.0235214419662952,-0.1357876360416412,0.0205128509551286,100.0,2023-06-01,6,2023
H21,2023-07-01/2023-07-31,380,380,0.5568243861198425,0.0417610220611095,0.3558152019977569,0.0374530181288719,-0.0081546157598495,0.0362815372645854,100.0,2023-07-01,7,2023
H21,2023-08-01/2023-08-31,0,380,0.6263732612133026,,0.4266622364521026,,0.082898810505867,,0.0,2023-08-01,8,2023
H21,2023-09-01/2023-09-30,380,380,0.6959221363067627,0.061181154102087,0.4975092709064483,0.0685603842139244,0.1739522367715835,0.0595269910991191,100.0,2023-09-01,9,2023
H21,2023-10-01/2023-10-31,380,380,0.4628525078296661,0.046297650784254,0.1665424108505249,0.0205459129065275,-0.131181538105011,0.0403833128511905,100.0,2023-10-01,10,2023
H21,2023-11-01/2023-11-30,380,380,0.4959689378738403,0.051531970500946,0.2832416594028473,0.0380869209766387,-0.0790416523814201,0.0410945639014244,100.0,2023-11-01,11,2023
H21,2023-12-01/2023-12-31,380,380,0.4457325041294098,0.0672993212938308,0.2284304499626159,0.0411142818629741,-0.1308490633964538,0.0501827485859394,100.0,2023-12-01,12,2023
H21,2024-01-01/2024-01-31,380,380,0.4290573894977569,0.0612173452973365,0.2286621928215026,0.0363714210689067,-0.1306584775447845,0.0414437241852283,100.0,2024-01-01,1,2024
H21,2024-02-01/2024-02-29,380,380,0.457654058933258,0.0557170733809471,0.260259747505188,0.0353723466396331,-0.0873124301433563,0.0354242250323295,100.0,2024-02-01,2,2024
H21,2024-03-01/2024-03-31,380,380,0.4128535985946655,0.0617048144340515,0.251841127872467,0.0391001589596271,-0.1025385409593582,0.0355997197329998,100.0,2024-03-01,3,2024
H21,2024-04-01/2024-04-30,380,380,0.3911744654178619,0.060989286750555,0.2442354708909988,0.03931600227952,-0.1244446486234664,0.0340868048369884,100.0,2024-04-01,4,2024
H21,2024-05-01/2024-05-31,380,380,0.3688686192035675,0.0586827769875526,0.2349284887313842,0.0358465686440467,-0.1129342317581176,0.0276097599416971,100.0,2024-05-01,5,2024
H21,2024-06-01/2024-06-30,380,380,0.3833872675895691,0.0551888793706893,0.2463939040899276,0.0343403592705726,-0.0928991511464119,0.0262583140283823,100.0,2024-06-01,6,2024
H21,2024-07-01/2024-07-31,380,380,0.499482125043869,0.0485514737665653,0.3483323752880096,0.0513696335256099,0.003015715861693,0.0383460819721221,100.0,2024-07-01,7,2024
H21,2024-08-01/2024-08-31,0,380,0.596663698554039,,0.3957837224006653,,0.07917737413663414,,0.0,2024-08-01,8,2024
H21,2024-09-01/2024-09-30,380,380,0.693845272064209,0.0446030646562576,0.4432350695133209,0.0449487678706646,0.1553390324115753,0.0381102189421653,100.0,2024-09-01,9,2024
H21,2024-10-01/2024-10-31,380,380,0.5215526223182678,0.0612833574414253,0.3041108250617981,0.0422237738966941,0.0023835299070924,0.0425920374691486,100.0,2024-10-01,10,2024
H21,2024-11-01/2024-11-30,380,380,0.4722632169723511,0.0695796385407447,0.2421537488698959,0.0421229153871536,-0.1026300564408302,0.0501205287873744,100.0,2024-11-01,11,2024
H21,2024-12-01/2024-12-31,380,380,0.4640392959117889,0.0645584911108017,0.2472657412290573,0.0398707129061222,-0.0874956101179122,0.0458508059382438,100.0,2024-12-01,12,2024
H22,2023-01-01/2023-01-31,380,380,0.3584290742874145,0.0297536477446556,0.1967007666826248,0.0215329825878143,-0.1506890505552292,0.0291118752211332,100.0,2023-01-01,1,2023
H22,2023-02-01/2023-02-28,380,380,0.2977038621902466,0.0296676252037286,0.1680022776126861,0.0186176486313343,-0.1916747391223907,0.0202198456972837,100.0,2023-02-01,2,2023
H22,2023-03-01/2023-03-31,380,380,0.2698487639427185,0.0292716361582279,0.1703165173530578,0.0196388326585292,-0.1842635124921798,0.0176078211516141,100.0,2023-03-01,3,2023
H22,2023-04-01/2023-04-30,380,380,0.2797794640064239,0.0313064977526664,0.1758826375007629,0.021040741354227,-0.1708331108093261,0.0193583909422159,100.0,2023-04-01,4,2023
H22,2023-05-01/2023-05-31,380,380,0.3587980568408966,0.0397492460906505,0.2365833222866058,0.0272162165492773,-0.1117296889424324,0.0201522782444953,100.0,2023-05-01,5,2023
H22,2023-06-01/2023-06-30,380,380,0.3555079400539398,0.0393614955246448,0.2299743890762329,0.0269503314048051,-0.1110972240567207,0.0198621060699224,100.0,2023-06-01,6,2023
H22,2023-07-01/2023-07-31,380,380,0.5616716742515564,0.0484652519226074,0.3820486068725586,0.0464863628149032,0.0140370847657322,0.0390697009861469,100.0,2023-07-01,7,2023
H22,2023-08-01/2023-08-31,0,380,0.5676978230476379,,0.38414880633354187,,0.035095127765089204,,0.0,2023-08-01,8,2023
H22,2023-09-01/2023-09-30,380,380,0.5737239718437195,0.0321663506329059,0.3862490057945251,0.028553619980812,0.0561531707644462,0.024332158267498,100.0,2023-09-01,9,2023
H22,2023-10-01/2023-10-31,380,380,0.5389499068260193,0.0623649396002292,0.2149429768323898,0.0280773863196373,-0.0721944943070411,0.0542152486741542,100.0,2023-10-01,10,2023
H22,2023-11-01/2023-11-30,380,380,0.5088939666748047,0.034393660724163,0.2970971763134002,0.0266146194189786,-0.0507813319563865,0.0284212362021207,100.0,2023-11-01,11,2023
H22,2023-12-01/2023-12-31,380,380,0.3729341924190521,0.049379389733076,0.1860131323337555,0.0266933366656303,-0.1777854710817337,0.0339112877845764,100.0,2023-12-01,12,2023
H22,2024-01-01/2024-01-31,380,380,0.3490560352802276,0.0386814959347248,0.1818912476301193,0.0222890023142099,-0.187982827425003,0.028629308566451,100.0,2024-01-01,1,2024
H22,2024-02-01/2024-02-29,380,380,0.3263378441333771,0.0339394807815551,0.1826304197311401,0.0208012834191322,-0.187598779797554,0.0237545315176248,100.0,2024-02-01,2,2024
H22,2024-03-01/2024-03-31,380,380,0.3310982584953308,0.0407974496483802,0.2036057263612747,0.0261234268546104,-0.1527576893568039,0.0252056047320365,100.0,2024-03-01,3,2024
H22,2024-04-01/2024-04-30,380,380,0.3176685273647308,0.0390962846577167,0.2022256106138229,0.0258003771305084,-0.1673993170261383,0.0243438687175512,100.0,2024-04-01,4,2024
H22,2024-05-01/2024-05-31,380,380,0.3393421471118927,0.0418961383402347,0.2288912981748581,0.0268471390008926,-0.1154044941067695,0.021362105384469,100.0,2024-05-01,5,2024
H22,2024-06-01/2024-06-30,380,380,0.3605772256851196,0.0448589585721492,0.244155079126358,0.0286517553031444,-0.108056329190731,0.0245244707912206,100.0,2024-06-01,6,2024
H22,2024-07-01/2024-07-31,270,380,0.4660446643829345,0.0371333509683609,0.3368576169013977,0.0286237467080354,-0.0520450882613658,0.0348026454448699,71.1,2024-07-01,7,2024
H22,2024-08-01/2024-08-31,0,380,0.5489530861377716,,0.3695342540740967,,0.01385938934981825,,0.0,2024-08-01,8,2024
H22,2024-09-01/2024-09-30,380,380,0.6318615078926086,0.0469898581504821,0.4022108912467956,0.0414166152477264,0.0797638669610023,0.0396742150187492,100.0,2024-09-01,9,2024
H22,2024-10-01/2024-10-31,380,380,0.6526575684547424,0.0504855327308177,0.4153183102607727,0.0491483509540557,0.1328115016222,0.0434031970798969,100.0,2024-10-01,10,2024
H22,2024-11-01/2024-11-30,380,380,0.4058771729469299,0.0546663179993629,0.1981379836797714,0.0278402585536241,-0.1529186517000198,0.0359272137284278,100.0,2024-11-01,11,2024
H22,2024-12-01/2024-12-31,380,380,0.3889229893684387,0.0490292496979236,0.2074524909257888,0.0273042544722557,-0.1274478584527969,0.0359438583254814,100.0,2024-12-01,12,2024
H23,2023-01-01/2023-01-31,380,380,0.4671101570129394,0.0730606690049171,0.265403538942337,0.0468075312674045,-0.0708181634545326,0.0532694645226001,100.0,2023-01-01,1,2023
H23,2023-02-01/2023-02-28,380,380,0.4102253913879394,0.0713737457990646,0.2401386499404907,0.0468524880707263,-0.1093107759952545,0.053180243819952,100.0,2023-02-01,2,2023
H23,2023-03-01/2023-03-31,380,380,0.3633724153041839,0.0589885525405406,0.2370774447917938,0.0430089943110942,-0.1236861050128936,0.0428345538675785,100.0,2023-03-01,3,2023
H23,2023-04-01/2023-04-30,380,380,0.3559113442897796,0.0570915564894676,0.228625401854515,0.040652297437191,-0.1286424100399017,0.0380033999681472,100.0,2023-04-01,4,2023
H23,2023-05-01/2023-05-31,380,380,0.3667089641094208,0.0514577776193618,0.2467444241046905,0.0400348082184791,-0.1171733066439628,0.0361674278974533,100.0,2023-05-01,5,2023
H23,2023-06-01/2023-06-30,380,380,0.3715037405490875,0.052483644336462,0.2432671934366226,0.0394492819905281,-0.1134754344820976,0.0368349254131317,100.0,2023-06-01,6,2023
H23,2023-07-01/2023-07-31,380,380,0.5244279503822327,0.0484159365296363,0.3309246003627777,0.0388249196112155,-0.0445513576269149,0.0327250286936759,100.0,2023-07-01,7,2023
H23,2023-08-01/2023-08-31,0,380,0.6270433366298676,,0.4273441582918167,,0.07214175909757614,,0.0,2023-08-01,8,2023
H23,2023-09-01/2023-09-30,380,380,0.7296587228775024,0.0531065575778484,0.5237637162208557,0.0568211562931537,0.1888348758220672,0.0467734783887863,100.0,2023-09-01,9,2023
H23,2023-10-01/2023-10-31,380,380,0.5575446486473083,0.0617778524756431,0.1918303370475769,0.0284141805022954,0.0111610805615782,0.0528140999376773,100.0,2023-10-01,10,2023
H23,2023-11-01/2023-11-30,380,380,0.539241373538971,0.0723290517926216,0.3321954905986786,0.0541749335825443,0.0039073065854609,0.0541433282196521,100.0,2023-11-01,11,2023
H23,2023-12-01/2023-12-31,380,380,0.542695939540863,0.0903180465102195,0.3067373633384704,0.0585549250245094,-0.0041509363800287,0.0654870271682739,100.0,2023-12-01,12,2023
H23,2024-01-01/2024-01-31,380,380,0.5187796950340271,0.0828692391514778,0.2916405200958252,0.0518845841288566,-0.0448624715209007,0.0585162825882434,100.0,2024-01-01,1,2024
H23,2024-02-01/2024-02-29,380,380,0.5376178026199341,0.0758083909749984,0.3269539177417755,0.0533515773713588,-0.0108755258843302,0.0561708025634288,100.0,2024-02-01,2,2024
H23,2024-03-01/2024-03-31,380,380,0.4805053770542145,0.0864307209849357,0.3119857311248779,0.0621460452675819,-0.0156303774565458,0.0615130737423896,100.0,2024-03-01,3,2024
H23,2024-04-01/2024-04-30,380,380,0.459706038236618,0.0842730700969696,0.3055713176727295,0.061895702034235,-0.0377798527479171,0.0601810738444328,100.0,2024-04-01,4,2024
H23,2024-05-01/2024-05-31,380,380,0.4005952179431915,0.0716970041394233,0.2764507830142975,0.0517654381692409,-0.0502095781266689,0.0456063821911811,100.0,2024-05-01,5,2024
H23,2024-06-01/2024-06-30,380,380,0.4088918566703796,0.0708081945776939,0.289122998714447,0.0529962666332721,-0.0369641594588756,0.0434324666857719,100.0,2024-06-01,6,2024
H23,2024-07-01/2024-07-31,0,380,0.47901425758997596,,0.3266643484433492,,0.0020398025711377624,,0.0,2024-07-01,7,2024
H23,2024-08-01/2024-08-31,0,380,0.5491366585095723,,0.36420569817225135,,0.041043764601151125,,0.0,2024-08-01,8,2024
H23,2024-09-01/2024-09-30,380,380,0.6192590594291687,0.0727319791913032,0.4017470479011535,0.0605778284370899,0.0800477266311645,0.0639145821332931,100.0,2024-09-01,9,2024
H23,2024-10-01/2024-10-31,380,380,0.6006876230239868,0.0911622121930122,0.3801473081111908,0.0648144632577896,0.0747870057821273,0.0589593052864074,100.0,2024-10-01,10,2024
H23,2024-11-01/2024-11-30,380,380,0.5618575215339661,0.0947792157530784,0.3357326686382293,0.0654831379652023,0.0171253867447376,0.0664291754364967,100.0,2024-11-01,11,2024
H23,2024-12-01/2024-12-31,380,380,0.5596718192100525,0.0983250513672828,0.3277414739131927,0.065239131450653,0.0243650507181882,0.0710389912128448,100.0,2024-12-01,12,2024
H24,2023-01-01/2023-01-31,380,380,0.595815896987915,0.0954855009913444,0.3092429637908935,0.0385298132896423,0.0678198337554931,0.0564065873622894,100.0,2023-01-01,1,2023
H24,2023-02-01/2023-02-28,380,380,0.6056597828865051,0.1138528361916542,0.34260094165802,0.0559618137776851,0.0935042351484298,0.0730512142181396,100.0,2023-02-01,2,2023
H24,2023-03-01/2023-03-31,380,380,0.5633891820907593,0.1088375449180603,0.367231160402298,0.0693994164466857,0.0680367797613143,0.0693206340074539,100.0,2023-03-01,3,2023
H24,2023-04-01/2023-04-30,380,380,0.5753653049468994,0.108413852751255,0.3727031648159027,0.0687170475721359,0.0761850625276565,0.0619990900158882,100.0,2023-04-01,4,2023
H24,2023-05-01/2023-05-31,380,380,0.5056790709495544,0.1089860647916793,0.34599769115448,0.0744132697582244,0.021566092967987,0.0498960465192794,100.0,2023-05-01,5,2023
H24,2023-06-01/2023-06-30,380,380,0.4895646870136261,0.1004504784941673,0.3262011706829071,0.0665271058678627,0.0126822972670197,0.0448086559772491,100.0,2023-06-01,6,2023
H24,2023-07-01/2023-07-31,380,380,0.661740779876709,0.0975277945399284,0.4758726358413696,0.0808097571134567,0.1350033432245254,0.063849039375782,100.0,2023-07-01,7,2023
H24,2023-08-01/2023-08-31,0,380,0.6840380430221558,,0.4884849488735199,,0.15152638405561444,,0.0,2023-08-01,8,2023
H24,2023-09-01/2023-09-30,380,380,0.7063353061676025,0.1215891167521476,0.5010972619056702,0.0921703949570655,0.1680494248867035,0.0683932453393936,100.0,2023-09-01,9,2023
H24,2023-10-01/2023-10-31,380,380,0.7136552333831787,0.1021078303456306,0.304191917181015,0.0497593320906162,0.0974209830164909,0.0627976357936859,100.0,2023-10-01,10,2023
H24,2023-11-01/2023-11-30,380,380,0.6166181564331055,0.1119020655751228,0.3511612713336944,0.0624462999403476,0.0653073638677597,0.0576122850179672,100.0,2023-11-01,11,2023
H24,2023-12-01/2023-12-31,380,380,0.6471606492996216,0.1115926131606102,0.393582671880722,0.0832587704062461,0.0530703328549861,0.0817287638783454,100.0,2023-12-01,12,2023
H24,2024-01-01/2024-01-31,380,380,0.416357934474945,0.0564429089426994,0.2623498737812042,0.0357392206788063,-0.0751319900155067,0.0349098518490791,100.0,2024-01-01,1,2024
H24,2024-02-01/2024-02-29,380,380,0.349169373512268,0.0444806702435016,0.2284111082553863,0.0311622135341167,-0.1140489503741264,0.0284042619168758,100.0,2024-02-01,2,2024
H24,2024-03-01/2024-03-31,380,380,0.34311643242836,0.0507040917873382,0.2338843941688537,0.0347570888698101,-0.0732418447732925,0.0251893252134323,100.0,2024-03-01,3,2024
H24,2024-04-01/2024-04-30,380,380,0.3224159777164459,0.0457276180386543,0.2254591137170791,0.0333736091852188,-0.0969628319144249,0.0254848860204219,100.0,2024-04-01,4,2024
H24,2024-05-01/2024-05-31,380,380,0.3608673810958862,0.0701459795236587,0.2594750523567199,0.0504413023591041,-0.0186292864382267,0.0307635609060525,100.0,2024-05-01,5,2024
H24,2024-06-01/2024-06-30,380,380,0.3602194488048553,0.0643538311123848,0.2611519694328308,0.0458630472421646,-0.0119010144844651,0.0285204593092203,100.0,2024-06-01,6,2024
H24,2024-07-01/2024-07-31,0,380,0.4904787540435791,,0.36264655987421673,,0.07256076174477737,,0.0,2024-07-01,7,2024
H24,2024-08-01/2024-08-31,0,380,0.6207380592823029,,0.46414115031560266,,0.15702253797401983,,0.0,2024-08-01,8,2024
H24,2024-09-01/2024-09-30,380,380,0.7509973645210266,0.1198303550481796,0.5656357407569885,0.1397963762283325,0.2414843142032623,0.1306252032518386,100.0,2024-09-01,9,2024
H24,2024-10-01/2024-10-31,380,380,0.7228460907936096,0.0845114216208458,0.5079265236854553,0.0740884095430374,0.1884117126464843,0.0470069386065006,100.0,2024-10-01,10,2024
H24,2024-11-01/2024-11-30,380,380,0.6866505146026611,0.0753586366772651,0.4185717105865478,0.0545253418385982,0.1244129985570907,0.0450635589659214,100.0,2024-11-01,11,2024
H24,2024-12-01/2024-12-31,380,380,0.5911948084831238,0.0650616288185119,0.3500029742717743,0.0407781451940536,0.0789022669196128,0.0378518067300319,100.0,2024-12-01,12,2024
H25,2023-01-01/2023-01-31,380,380,0.6195411086082458,0.0935339257121086,0.3180015981197357,0.0821895897388458,0.0286477897316217,0.1003143712878227,100.0,2023-01-01,1,2023
H25,2023-02-01/2023-02-28,380,380,0.5128750205039978,0.0994787588715553,0.2713743448257446,0.0885965004563331,-0.0400024317204952,0.1240551993250846,100.0,2023-02-01,2,2023
H25,2023-03-01/2023-03-31,380,380,0.45139279961586,0.1393595486879348,0.2707931995391845,0.1174961850047111,-0.0649955198168754,0.1465149223804474,100.0,2023-03-01,3,2023
H25,2023-04-01/2023-04-30,380,380,0.4631569385528564,0.1432475298643112,0.2730135917663574,0.118414968252182,-0.0614581927657127,0.1466952711343765,100.0,2023-04-01,4,2023
H25,2023-05-01/2023-05-31,380,380,0.4450720548629761,0.1327948719263076,0.2732444107532501,0.115471713244915,-0.0822005569934845,0.1407990902662277,100.0,2023-05-01,5,2023
H25,2023-06-01/2023-06-30,380,380,0.4459072351455688,0.1281654834747314,0.2656967639923095,0.1072123572230339,-0.083352580666542,0.134234145283699,100.0,2023-06-01,6,2023
H25,2023-07-01/2023-07-31,380,380,0.7637615203857422,0.063746765255928,0.5453266501426697,0.0724901184439659,0.2042810469865799,0.0538557060062885,100.0,2023-07-01,7,2023
H25,2023-08-01/2023-08-31,0,380,0.7459726631641388,,0.5245893895626068,,0.1904616057872772,,0.0,2023-08-01,8,2023
H25,2023-09-01/2023-09-30,380,380,0.7281838059425354,0.0950886979699134,0.503852128982544,0.0979126989841461,0.1766421645879745,0.1076914593577385,100.0,2023-09-01,9,2023
H25,2023-10-01/2023-10-31,380,380,0.8435044288635254,0.0700447633862495,0.3079292774200439,0.051617793738842,0.2581968605518341,0.0575658567249774,100.0,2023-10-01,10,2023
H25,2023-11-01/2023-11-30,380,380,0.682053804397583,0.0840305909514427,0.4108558595180511,0.0592048913240432,0.1119927689433097,0.0836430639028549,100.0,2023-11-01,11,2023
H25,2023-12-01/2023-12-31,380,380,0.7512807846069336,0.079314574599266,0.4061991274356842,0.0912064388394355,0.1465015262365341,0.0903182849287986,100.0,2023-12-01,12,2023
H25,2024-01-01/2024-01-31,380,380,0.4721041917800903,0.052563015371561,0.2427163422107696,0.0479614809155464,-0.1211844384670257,0.052474170923233,100.0,2024-01-01,1,2024
H25,2024-02-01/2024-02-29,380,380,0.3715118765830993,0.0472486242651939,0.2025897353887558,0.0413891859352588,-0.1731095612049102,0.0583509057760238,100.0,2024-02-01,2,2024
H25,2024-03-01/2024-03-31,380,380,0.3150133788585663,0.0298202633857727,0.1843020617961883,0.0399788543581962,-0.1765203177928924,0.0632893666625022,100.0,2024-03-01,3,2024
H25,2024-04-01/2024-04-30,380,380,0.2991018295288086,0.0342592224478721,0.183364138007164,0.0449639819562435,-0.1887275725603103,0.0640743225812912,100.0,2024-04-01,4,2024
H25,2024-05-01/2024-05-31,380,380,0.2989822626113891,0.0552537254989147,0.1890026628971099,0.0566614307463169,-0.147287517786026,0.0836771801114082,100.0,2024-05-01,5,2024
H25,2024-06-01/2024-06-30,380,380,0.3188247382640838,0.0730921924114227,0.2045449465513229,0.0725393742322921,-0.126052126288414,0.1008307859301567,100.0,2024-06-01,6,2024
H25,2024-07-01/2024-07-31,0,380,0.4707946379979451,,0.3314621150493622,,-0.007013683517773969,,0.0,2024-07-01,7,2024
H25,2024-08-01/2024-08-31,0,380,0.6227645377318064,,0.45837928354740143,,0.11202475925286606,,0.0,2024-08-01,8,2024
H25,2024-09-01/2024-09-30,380,380,0.7747344374656677,0.1047348305583,0.5852964520454407,0.116590179502964,0.2310632020235061,0.1159624308347702,100.0,2024-09-01,9,2024
H25,2024-10-01/2024-10-31,380,380,0.8141916394233704,0.0690022408962249,0.6152464747428894,0.0683406665921211,0.300109714269638,0.0548139326274395,100.0,2024-10-01,10,2024
H25,2024-11-01/2024-11-30,380,380,0.6622806787490845,0.0817438885569572,0.3625185489654541,0.0475837141275405,0.0589704699814319,0.062160924077034,100.0,2024-11-01,11,2024
H25,2024-12-01/2024-12-31,380,380,0.5767431855201721,0.059157844632864,0.2827370464801788,0.0346947833895683,-0.0399116352200508,0.047459952533245,100.0,2024-12-01,12,2024
H26,2023-01-01/2023-01-31,380,380,0.5204624533653259,0.152112603187561,0.280493289232254,0.1005273088812828,0.0009997183224186,0.111119769513607,100.0,2023-01-01,1,2023
H26,2023-02-01/2023-02-28,380,380,0.4397885799407959,0.1325476914644241,0.2370858192443847,0.0807199478149414,-0.0475953593850135,0.0968840569257736,100.0,2023-02-01,2,2023
H26,2023-03-01/2023-03-31,380,380,0.3752282261848449,0.1181752756237983,0.222287505865097,0.0786713659763336,-0.0910466760396957,0.0871523842215538,100.0,2023-03-01,3,2023
H26,2023-04-01/2023-04-30,380,380,0.3724209368228912,0.1128450110554695,0.2209039330482483,0.0763030126690864,-0.0989067703485488,0.0819499716162681,100.0,2023-04-01,4,2023
H26,2023-05-01/2023-05-31,380,380,0.3823186457157135,0.092472031712532,0.2327126711606979,0.0653387308120727,-0.0992580205202102,0.0788318440318107,100.0,2023-05-01,5,2023
H26,2023-06-01/2023-06-30,380,380,0.3802106380462646,0.0950633212924003,0.2269272804260254,0.0660203546285629,-0.1023299098014831,0.0830032974481582,100.0,2023-06-01,6,2023
H26,2023-07-01/2023-07-31,380,380,0.671448290348053,0.1387015432119369,0.4671293199062347,0.1456604897975921,0.1508834064006805,0.0823598951101303,100.0,2023-07-01,7,2023
H26,2023-08-01/2023-08-31,0,380,0.6536588370800018,,0.45219884812831873,,0.14108928292989725,,0.0,2023-08-01,8,2023
H26,2023-09-01/2023-09-30,380,380,0.6358693838119507,0.1004422307014465,0.4372683763504028,0.0954373851418495,0.131295159459114,0.064246580004692,100.0,2023-09-01,9,2023
H26,2023-10-01/2023-10-31,380,380,0.6732607483863831,0.0956589579582214,0.1978042274713516,0.039811335504055,0.1352716088294983,0.0905144140124321,100.0,2023-10-01,10,2023
H26,2023-11-01/2023-11-30,380,380,0.6227850317955017,0.096867449581623,0.3848162293434143,0.0794554054737091,0.0992137640714645,0.119717501103878,100.0,2023-11-01,11,2023
H26,2023-12-01/2023-12-31,380,380,0.6396332383155823,0.0988390669226646,0.3489371538162231,0.0752570927143096,0.1004753708839416,0.0995753109455108,100.0,2023-12-01,12,2023
H26,2024-01-01/2024-01-31,380,380,0.5487448573112488,0.1148242503404617,0.3047159314155578,0.0731428861618042,0.0334223397076129,0.1163527816534042,100.0,2024-01-01,1,2024
H26,2024-02-01/2024-02-29,380,380,0.5104144215583801,0.0991380363702774,0.2821957170963287,0.0612206868827343,0.0046106339432299,0.1219321563839912,100.0,2024-02-01,2,2024
H26,2024-03-01/2024-03-31,380,380,0.4382791519165039,0.0900520756840705,0.2662358283996582,0.062081940472126,-0.0187845826148986,0.1211194023489952,100.0,2024-03-01,3,2024
H26,2024-04-01/2024-04-30,380,380,0.4123980104923248,0.0887615829706192,0.2597793638706207,0.063382551074028,-0.0463372245430946,0.1164659485220909,100.0,2024-04-01,4,2024
H26,2024-05-01/2024-05-31,380,380,0.3935789465904236,0.109112299978733,0.25677689909935,0.0759882181882858,-0.0316513925790786,0.1119837388396263,100.0,2024-05-01,5,2024
H26,2024-06-01/2024-06-30,380,380,0.3881632685661316,0.1060388386249542,0.2588059306144714,0.0750230476260185,-0.0276977382600307,0.1102708727121353,100.0,2024-06-01,6,2024
H26,2024-07-01/2024-07-31,380,380,0.6495532393455505,0.0628675371408462,0.4846792221069336,0.0751932114362716,0.1599817276000976,0.0938931182026863,100.0,2024-07-01,7,2024
H26,2024-08-01/2024-08-31,0,380,0.6790432929992676,,0.4727412760257721,,0.18073455989360804,,0.0,2024-08-01,8,2024
H26,2024-09-01/2024-09-30,380,380,0.7085333466529846,0.0730282142758369,0.4608033299446106,0.0675403773784637,0.2014873921871185,0.0828248038887977,100.0,2024-09-01,9,2024
H26,2024-10-01/2024-10-31,380,380,0.7099341750144958,0.0812550410628318,0.4675308167934418,0.0721279680728912,0.219265341758728,0.0769479200243949,100.0,2024-10-01,10,2024
H26,2024-11-01/2024-11-30,380,380,0.6414724588394165,0.1416138708591461,0.3707358837127685,0.1069843992590904,0.1144980415701866,0.1885918229818344,100.0,2024-11-01,11,2024
H26,2024-12-01/2024-12-31,380,380,0.6047592163085938,0.1471258252859115,0.3425767123699188,0.1029967665672302,0.0971799418330192,0.1910010427236557,100.0,2024-12-01,12,2024
H27,2023-01-01/2023-01-31,380,380,0.4801555871963501,0.0663022026419639,0.2740384042263031,0.0581750012934207,-0.067064493894577,0.0637781918048858,100.0,2023-01-01,1,2023
H27,2023-02-01/2023-02-28,380,380,0.3950576484203338,0.0692557394504547,0.2174585610628128,0.0500540733337402,-0.1319047957658767,0.0580461211502552,100.0,2023-02-01,2,2023
H27,2023-03-01/2023-03-31,380,380,0.2333864271640777,0.025730412453413,0.137742131948471,0.0182003937661647,-0.2286254614591598,0.0318170934915542,100.0,2023-03-01,3,2023
H27,2023-04-01/2023-04-30,380,380,0.2410796284675598,0.0273783206939697,0.1407994925975799,0.019143471494317,-0.2259375303983688,0.0330075956881046,100.0,2023-04-01,4,2023
H27,2023-05-01/2023-05-31,380,380,0.2424934804439544,0.034372691065073,0.1399752497673034,0.0201652664691209,-0.2550577521324157,0.0276665929704904,100.0,2023-05-01,5,2023
H27,2023-06-01/2023-06-30,380,380,0.247522622346878,0.0325260758399963,0.140112429857254,0.0180232878774404,-0.2515542209148407,0.026299525052309,100.0,2023-06-01,6,2023
H27,2023-07-01/2023-07-31,380,380,0.7552955746650696,0.0930882170796394,0.5961218476295471,0.1133312359452247,0.1797907799482345,0.0847365334630012,100.0,2023-07-01,7,2023
H27,2023-08-01/2023-08-31,0,380,0.6836729347705841,,0.5087817758321762,,0.1148043684661388,,0.0,2023-08-01,8,2023
H27,2023-09-01/2023-09-30,380,380,0.6120502948760986,0.086177222430706,0.4214417040348053,0.070489652454853,0.0498179569840431,0.068090446293354,100.0,2023-09-01,9,2023
H27,2023-10-01/2023-10-31,372,380,0.661794900894165,0.0928099378943443,0.1738578677177429,0.0292899888008832,0.1386852413415908,0.0762453973293304,97.9,2023-10-01,10,2023
H27,2023-11-01/2023-11-30,380,380,0.5250067710876465,0.0749305263161659,0.3057208955287933,0.0517970472574234,-0.0517391897737979,0.0649101808667182,100.0,2023-11-01,11,2023
H27,2023-12-01/2023-12-31,380,380,0.6412097811698914,0.1004345342516899,0.3765531182289123,0.0954220220446586,0.0443353988230228,0.0884134620428085,100.0,2023-12-01,12,2023
H27,2024-01-01/2024-01-31,380,380,0.4417193830013275,0.0624564848840236,0.2675126492977142,0.0543137267231941,-0.0677549466490745,0.0638771578669548,100.0,2024-01-01,1,2024
H27,2024-02-01/2024-02-29,380,380,0.361547440290451,0.059084054082632,0.2070183157920837,0.0427992641925811,-0.1542151272296905,0.0498561523854732,100.0,2024-02-01,2,2024
H27,2024-03-01/2024-03-31,380,380,0.2873149812221527,0.0524848327040672,0.1713657230138778,0.0351315103471279,-0.1857248395681381,0.037850484251976,100.0,2024-03-01,3,2024
H27,2024-04-01/2024-04-30,380,380,0.2579867243766784,0.0486282221972942,0.1597000658512115,0.0338020510971546,-0.2090817093849182,0.0347328037023544,100.0,2024-04-01,4,2024
H27,2024-05-01/2024-05-31,380,380,0.2201693654060363,0.0382355377078056,0.1406431347131729,0.0258837789297103,-0.1985858380794525,0.0299456883221864,100.0,2024-05-01,5,2024
H27,2024-06-01/2024-06-30,380,380,0.2129738181829452,0.0356757640838623,0.1459200978279113,0.0272695105522871,-0.1771484017372131,0.0354764647781848,100.0,2024-06-01,6,2024
H27,2024-07-01/2024-07-31,0,380,0.37699885169665015,,0.26585362354914344,,-0.07412547866503397,,0.0,2024-07-01,7,2024
H27,2024-08-01/2024-08-31,0,380,0.541023885210355,,0.38578714927037555,,0.028897444407145173,,0.0,2024-08-01,8,2024
H27,2024-09-01/2024-09-30,380,380,0.7050489187240601,0.1088388413190841,0.5057206749916077,0.0938607603311538,0.1319203674793243,0.0741879343986511,100.0,2024-09-01,9,2024
H27,2024-10-01/2024-10-31,380,380,0.7406246662139893,0.1049607396125793,0.553585946559906,0.0966456159949302,0.2207570523023605,0.0632929056882858,100.0,2024-10-01,10,2024
H27,2024-11-01/2024-11-30,380,380,0.3915101587772369,0.0897475406527519,0.1962099522352218,0.048940822482109,-0.1809103488922119,0.0834070593118667,100.0,2024-11-01,11,2024
H27,2024-12-01/2024-12-31,380,380,0.4172657132148742,0.0616250745952129,0.2129081338644027,0.0368087366223335,-0.1786529570817947,0.0630581676959991,100.0,2024-12-01,12,2024
H28,2023-01-01/2023-01-31,380,380,0.6223466396331787,0.155908316373825,0.3611891865730285,0.1101546734571456,0.1153777241706848,0.12199717015028,100.0,2023-01-01,1,2023
H28,2023-02-01/2023-02-28,372,380,0.5634717345237732,0.1658920347690582,0.3390175104141235,0.1073814108967781,0.0796325728297233,0.1061828210949897,97.9,2023-02-01,2,2023
H28,2023-03-01/2023-03-31,364,380,0.4952343106269836,0.1621196120977401,0.3224855363368988,0.1107364073395729,0.0447652153670787,0.108641929924488,95.8,2023-03-01,3,2023
H28,2023-04-01/2023-04-30,372,380,0.4898827672004699,0.1696305871009826,0.315229594707489,0.1163323000073432,0.0348454304039478,0.116465263068676,97.9,2023-04-01,4,2023
H28,2023-05-01/2023-05-31,372,380,0.4442754089832306,0.1526927947998047,0.2939679622650146,0.1089294776320457,-0.0203624349087476,0.0964778289198875,97.9,2023-05-01,5,2023
H28,2023-06-01/2023-06-30,376,380,0.4295034110546112,0.1569272428750991,0.2739757001399994,0.1045203730463981,-0.0290544666349887,0.0951680094003677,98.9,2023-06-01,6,2023
H28,2023-07-01/2023-07-31,378,380,0.7326574325561523,0.1789228767156601,0.5332505702972412,0.178605318069458,0.2238704562187194,0.1280189752578735,99.5,2023-07-01,7,2023
H28,2023-08-01/2023-08-31,0,380,0.7432006597518921,,0.5478294491767883,,0.23224477469921107,,0.0,2023-08-01,8,2023
H28,2023-09-01/2023-09-30,380,380,0.7537438869476318,0.1307958662509918,0.5624083280563354,0.1484221965074539,0.2406190931797027,0.11945541203022,100.0,2023-09-01,9,2023
H28,2023-10-01/2023-10-31,360,380,0.6601020097732544,0.1062255054712295,0.200847715139389,0.0412370860576629,0.165546178817749,0.0720660462975502,94.7,2023-10-01,10,2023
H28,2023-11-01/2023-11-30,380,380,0.6054821610450745,0.1533345282077789,0.3734214305877685,0.1147708669304847,0.0757216066122055,0.1057914942502975,100.0,2023-11-01,11,2023
H28,2023-12-01/2023-12-31,380,380,0.7119771838188171,0.1420516371726989,0.4273074567317962,0.1299810409545898,0.1594595611095428,0.1246178671717643,100.0,2023-12-01,12,2023
H28,2024-01-01/2024-01-31,368,380,0.5478865504264832,0.1295262575149536,0.3310558199882507,0.0918435603380203,0.0505503118038177,0.0977945029735565,96.8,2024-01-01,1,2024
H28,2024-02-01/2024-02-29,368,380,0.5723989605903625,0.1482664942741394,0.3517967164516449,0.1027521565556526,0.0585754550993442,0.1007044687867164,96.8,2024-02-01,2,2024
H28,2024-03-01/2024-03-31,376,380,0.5175793170928955,0.1606236547231674,0.3275385797023773,0.1106129437685012,0.0390634573996067,0.0990807563066482,98.9,2024-03-01,3,2024
H28,2024-04-01/2024-04-30,376,380,0.4836634695529938,0.1559652686119079,0.3177121877670288,0.1114227697253227,0.0126125244423747,0.0967053771018982,98.9,2024-04-01,4,2024
H28,2024-05-01/2024-05-31,380,380,0.3553307652473449,0.1317723244428634,0.2472278326749801,0.0937237292528152,-0.0311103016138076,0.085224412381649,100.0,2024-05-01,5,2024
H28,2024-06-01/2024-06-30,376,380,0.3652292191982269,0.124855563044548,0.2562044262886047,0.0919006541371345,-0.020634239539504,0.0937922894954681,98.9,2024-06-01,6,2024
H28,2024-07-01/2024-07-31,270,380,0.666077196598053,0.154923141002655,0.5020666718482971,0.1620657593011856,0.1592115014791488,0.1162968873977661,71.1,2024-07-01,7,2024
H28,2024-08-01/2024-08-31,0,380,0.6297332942485809,,0.4398844540119171,,0.11733565852046005,,0.0,2024-08-01,8,2024
H28,2024-09-01/2024-09-30,376,380,0.5933893918991089,0.1378146260976791,0.3777022361755371,0.1083586886525154,0.0754598155617713,0.1242493987083435,98.9,2024-09-01,9,2024
H28,2024-10-01/2024-10-31,380,380,0.6747663617134094,0.1408302336931228,0.4493685364723205,0.1186194568872451,0.1586557030677795,0.1103579774498939,100.0,2024-10-01,10,2024
H28,2024-11-01/2024-11-30,380,380,0.5626280903816223,0.1347836703062057,0.3211356103420257,0.0915939062833786,0.0403217934072017,0.0946423038840293,100.0,2024-11-01,11,2024
H28,2024-12-01/2024-12-31,380,380,0.5544898509979248,0.1521375477313995,0.3499870598316192,0.1125619634985923,0.0867542251944542,0.1078773438930511,100.0,2024-12-01,12,2024
H29,2023-01-01/2023-01-31,380,380,0.5316700339317322,0.0884748995304107,0.32743039727211,0.0550762750208377,0.0350786596536636,0.0471559800207614,100.0,2023-01-01,1,2023
H29,2023-02-01/2023-02-28,380,380,0.4497993886470794,0.0737830251455307,0.2786399126052856,0.043187603354454,-0.0262049492448568,0.0373686626553535,100.0,2023-02-01,2,2023
H29,2023-03-01/2023-03-31,380,380,0.4424065947532654,0.0751418992877006,0.2930355072021484,0.0461871027946472,-0.0383442491292953,0.0323877073824405,100.0,2023-03-01,3,2023
H29,2023-04-01/2023-04-30,380,380,0.4472588896751404,0.0771393179893493,0.2977693080902099,0.0468851178884506,-0.028156230226159,0.0314277969300746,100.0,2023-04-01,4,2023
H29,2023-05-01/2023-05-31,380,380,0.4595839381217956,0.0775891169905662,0.3218468129634857,0.0498125255107879,-0.0319120846688747,0.0260808579623699,100.0,2023-05-01,5,2023
H29,2023-06-01/2023-06-30,380,380,0.4375019967556,0.0790084227919578,0.2966993749141693,0.0490995645523071,-0.0405251234769821,0.0241694133728742,100.0,2023-06-01,6,2023
H29,2023-07-01/2023-07-31,380,380,0.599738359451294,0.0801397413015365,0.3962837755680084,0.0514174625277519,0.1032948419451713,0.0375629886984825,100.0,2023-07-01,7,2023
H29,2023-08-01/2023-08-31,58,380,0.4431671798229217,0.0096838315948843,0.4636066555976867,0.0155919101089239,0.2583798766136169,0.0049943989142775,15.3,2023-08-01,8,2023
H29,2023-09-01/2023-09-30,380,380,0.6098992824554443,0.0753111541271209,0.4305607080459595,0.0483732409775257,0.131119430065155,0.0321467034518718,100.0,2023-09-01,9,2023
H29,2023-10-01/2023-10-31,346,380,0.5807960033416748,0.0642838776111602,0.1539815962314605,0.0224547199904918,0.0998333394527435,0.0415842421352863,91.1,2023-10-01,10,2023
H29,2023-11-01/2023-11-30,380,380,0.5471017956733704,0.0881166607141494,0.338136225938797,0.0528640858829021,0.0430326648056507,0.0451790392398834,100.0,2023-11-01,11,2023
H29,2023-12-01/2023-12-31,380,380,0.6991397142410278,0.1036148741841316,0.4310377538204193,0.0646750703454017,0.1900345236063003,0.0527146756649017,100.0,2023-12-01,12,2023
H29,2024-01-01/2024-01-31,380,380,0.7025783061981201,0.1070680245757103,0.4513148963451385,0.0666740611195564,0.1984594017267227,0.0493558123707771,100.0,2024-01-01,1,2024
H29,2024-02-01/2024-02-29,380,380,0.6234856843948364,0.1029614210128784,0.4052615463733673,0.0636054575443267,0.1456906348466873,0.0461211465299129,100.0,2024-02-01,2,2024
H29,2024-03-01/2024-03-31,380,380,0.5634943246841431,0.1030798703432083,0.4008999466896057,0.0690786316990852,0.1344705820083618,0.0485950112342834,100.0,2024-03-01,3,2024
H29,2024-04-01/2024-04-30,380,380,0.5515202283859253,0.1000593826174736,0.4030339419841766,0.0715810060501098,0.1190211623907089,0.05060825496912,100.0,2024-04-01,4,2024
H29,2024-05-01/2024-05-31,380,380,0.5384559035301208,0.0970851257443428,0.4130149781703949,0.0705685541033744,0.1369321048259735,0.0418852157890796,100.0,2024-05-01,5,2024
H29,2024-06-01/2024-06-30,380,380,0.5149861574172974,0.0946788787841796,0.4062666296958923,0.072745181620121,0.1298060417175293,0.0407790057361125,100.0,2024-06-01,6,2024
H29,2024-07-01/2024-07-31,380,380,0.6750300526618958,0.1428551524877548,0.6084479093551636,0.0921935588121414,0.2449253648519516,0.075308658182621,100.0,2024-07-01,7,2024
H29,2024-08-01/2024-08-31,0,380,0.6488137543201447,,0.5046396106481552,,0.18221175298094744,,0.0,2024-08-01,8,2024
H29,2024-09-01/2024-09-30,380,380,0.6225974559783936,0.1001835763454437,0.4008313119411468,0.0556261613965034,0.1194981411099433,0.0445769168436527,100.0,2024-09-01,9,2024
H29,2024-10-01/2024-10-31,380,380,0.6661936640739441,0.0948801189661026,0.4290349185466766,0.0555680617690086,0.1405925005674362,0.0426383092999458,100.0,2024-10-01,10,2024
H29,2024-11-01/2024-11-30,380,380,0.7430657744407654,0.1140637844800949,0.4625885784626007,0.0685116276144981,0.2164012342691421,0.0578978396952152,100.0,2024-11-01,11,2024
H29,2024-12-01/2024-12-31,380,380,0.6461729407310486,0.1073632761836052,0.4113856256008148,0.0645254105329513,0.1649103015661239,0.057713434100151,100.0,2024-12-01,12,2024
H3,2023-01-01/2023-01-31,380,380,0.5712469220161438,0.0818191841244697,0.3053791522979736,0.0628691390156745,0.0323793068528175,0.081673577427864,100.0,2023-01-01,1,2023
H3,2023-02-01/2023-02-28,380,380,0.4487517476081848,0.0934520065784454,0.2352500557899475,0.0652161091566085,-0.0737736672163009,0.0841258987784385,100.0,2023-02-01,2,2023
H3,2023-03-01/2023-03-31,380,380,0.3406029939651489,0.0934045985341072,0.1905238926410675,0.0659206509590148,-0.1488577425479889,0.0819785520434379,100.0,2023-03-01,3,2023
H3,2023-04-01/2023-04-30,380,380,0.3397980630397796,0.0928044617176055,0.1898194551467895,0.0675022602081298,-0.1478552818298339,0.0801971480250358,100.0,2023-04-01,4,2023
H3,2023-05-01/2023-05-31,380,380,0.3189882636070251,0.1105207875370979,0.1825679987668991,0.0795972645282745,-0.1810948997735977,0.0954619348049163,100.0,2023-05-01,5,2023
H3,2023-06-01/2023-06-30,380,380,0.3194623589515686,0.1053686216473579,0.1786365956068039,0.0743542835116386,-0.1832465082406997,0.0910191684961319,100.0,2023-06-01,6,2023
H3,2023-07-01/2023-07-31,380,380,0.691454291343689,0.0925701409578323,0.4751451313495636,0.113108679652214,0.1205964237451553,0.1015357002615928,100.0,2023-07-01,7,2023
H3,2023-08-01/2023-08-31,0,380,0.6941604018211365,,0.4665645807981491,,0.1356178298592567,,0.0,2023-08-01,8,2023
H3,2023-09-01/2023-09-30,380,380,0.696866512298584,0.0981999263167381,0.4579840302467346,0.1049638539552688,0.1506392359733581,0.0993121266365051,100.0,2023-09-01,9,2023
H3,2023-10-01/2023-10-31,380,380,0.665534257888794,0.0772931054234504,0.2265236973762512,0.0452802143990993,0.0531054995954036,0.0787921547889709,100.0,2023-10-01,10,2023
H3,2023-11-01/2023-11-30,380,380,0.7011122107505798,0.0791995152831077,0.4236637055873871,0.0954273268580436,0.1403645724058151,0.0886498540639877,100.0,2023-11-01,11,2023
H3,2023-12-01/2023-12-31,380,380,0.6764316558837891,0.0824441537261009,0.3676877915859222,0.076311208307743,0.1044236049056053,0.0891433134675026,100.0,2023-12-01,12,2023
H3,2024-01-01/2024-01-31,380,380,0.5498426556587219,0.0939784944057464,0.2924708127975464,0.0694454833865165,0.0064024096354842,0.0869417116045951,100.0,2024-01-01,1,2024
H3,2024-02-01/2024-02-29,380,380,0.4603960216045379,0.1077395752072334,0.243416279554367,0.0768841430544853,-0.0749541223049163,0.0977078974246978,100.0,2024-02-01,2,2024
H3,2024-03-01/2024-03-31,380,380,0.3671008348464966,0.1164385303854942,0.2099174559116363,0.0844469517469406,-0.1162685602903366,0.0962312594056129,100.0,2024-03-01,3,2024
H3,2024-04-01/2024-04-30,380,380,0.3356449604034424,0.1156619265675544,0.1988813728094101,0.0841289684176445,-0.1419473737478256,0.0958280563354492,100.0,2024-04-01,4,2024
H3,2024-05-01/2024-05-31,380,380,0.2883263528347015,0.1210212334990501,0.1753644049167633,0.0847784727811813,-0.1509725600481033,0.091957576572895,100.0,2024-05-01,5,2024
H3,2024-06-01/2024-06-30,380,380,0.2913430333137512,0.1236088275909423,0.1808046102523803,0.0877867862582206,-0.141513705253601,0.0934009179472923,100.0,2024-06-01,6,2024
H3,2024-07-01/2024-07-31,380,380,0.6263226866722107,0.0894922688603401,0.4368254542350769,0.1056659147143364,0.073219247162342,0.1018368378281593,100.0,2024-07-01,7,2024
H3,2024-08-01/2024-08-31,0,380,0.7082979381084442,,0.49224311113357544,,0.16636366024613375,,0.0,2024-08-01,8,2024
H3,2024-09-01/2024-09-30,380,380,0.7902731895446777,0.0762038007378578,0.547660768032074,0.0959078893065452,0.2595080733299255,0.0810835361480712,100.0,2024-09-01,9,2024
H3,2024-10-01/2024-10-31,380,380,0.7376128435134888,0.0955547839403152,0.4916179478168487,0.1064014211297035,0.2235731780529022,0.0972403660416603,100.0,2024-10-01,10,2024
H3,2024-11-01/2024-11-30,380,380,0.704863965511322,0.0811507403850555,0.419389009475708,0.0943426266312599,0.1594866961240768,0.0895500928163528,100.0,2024-11-01,11,2024
H3,2024-12-01/2024-12-31,380,380,0.6252397894859314,0.1012155041098594,0.3476930260658264,0.0882611870765686,0.0806219205260276,0.1032628715038299,100.0,2024-12-01,12,2024
H30,2023-01-01/2023-01-31,380,380,0.614279568195343,0.0693893209099769,0.3720074594020843,0.0432842150330543,0.1073204204440116,0.0490150526165962,100.0,2023-01-01,1,2023
H30,2023-02-01/2023-02-28,380,380,0.5106995701789856,0.0789856314659118,0.3088574409484863,0.0472703650593757,0.04673682898283,0.05263377353549,100.0,2023-02-01,2,2023
H30,2023-03-01/2023-03-31,380,380,0.4538117349147796,0.0730030611157417,0.2944255769252777,0.0500558502972126,0.0165708400309085,0.0536359436810016,100.0,2023-03-01,3,2023
H30,2023-04-01/2023-04-30,380,380,0.456643283367157,0.0772077813744545,0.2952025532722473,0.0514510609209537,0.0198511872440576,0.0513106621801853,100.0,2023-04-01,4,2023
H30,2023-05-01/2023-05-31,380,380,0.4764557778835296,0.0722786858677864,0.3173682987689972,0.0517195500433445,0.0134804295375943,0.0562654212117195,100.0,2023-05-01,5,2023
H30,2023-06-01/2023-06-30,380,380,0.4647108316421509,0.0726088061928749,0.3016404509544372,0.0492399521172046,0.0115601895377039,0.053408209234476,100.0,2023-06-01,6,2023
H30,2023-07-01/2023-07-31,380,380,0.7854806780815125,0.0475987680256366,0.576590895652771,0.0631886720657348,0.2526761293411255,0.0378263853490352,100.0,2023-07-01,7,2023
H30,2023-08-01/2023-08-31,0,380,0.7549965083599091,,0.5578390061855316,,0.2426292598247528,,0.0,2023-08-01,8,2023
H30,2023-09-01/2023-09-30,380,380,0.7245123386383057,0.0918103009462356,0.5390871167182922,0.1015624403953552,0.2325823903083801,0.0969122126698494,100.0,2023-09-01,9,2023
H30,2023-10-01/2023-10-31,372,380,0.5123984217643738,0.0777974352240562,0.1901450604200363,0.0320949032902717,0.0859689563512802,0.044041484594345,97.9,2023-10-01,10,2023
H30,2023-11-01/2023-11-30,380,380,0.6836448311805725,0.0744169503450393,0.4539502561092376,0.0607378892600536,0.147316113114357,0.0515920184552669,100.0,2023-11-01,11,2023
H30,2023-12-01/2023-12-31,380,380,0.6374638080596924,0.0940495431423187,0.3765317499637604,0.0559238009154796,0.1130057051777839,0.0768936797976493,100.0,2023-12-01,12,2023
H30,2024-01-01/2024-01-31,380,380,0.636618435382843,0.0865772292017936,0.3837097287178039,0.0535015724599361,0.0994520857930183,0.0716240480542182,100.0,2024-01-01,1,2024
H30,2024-02-01/2024-02-29,380,380,0.5832660794258118,0.0711895078420639,0.3622917532920837,0.0402149297297,0.0671741142868995,0.0527305044233799,100.0,2024-02-01,2,2024
H30,2024-03-01/2024-03-31,380,380,0.5497749447822571,0.0788069814443588,0.3640100955963135,0.0509113818407058,0.0710976123809814,0.0596391558647155,100.0,2024-03-01,3,2024
H30,2024-04-01/2024-04-30,380,380,0.5318288803100586,0.0780673548579216,0.3639147579669952,0.0550991520285606,0.0518133081495761,0.062898650765419,100.0,2024-04-01,4,2024
H30,2024-05-01/2024-05-31,380,380,0.5136011838912964,0.0826890766620636,0.3686161637306213,0.0554382614791393,0.0769415497779846,0.0535249598324298,100.0,2024-05-01,5,2024
H30,2024-06-01/2024-06-30,380,380,0.521789014339447,0.0824499055743217,0.3747976124286651,0.0562494359910488,0.083324521780014,0.0515700578689575,100.0,2024-06-01,6,2024
H30,2024-07-01/2024-07-31,380,380,0.7562172412872314,0.0431382060050964,0.5632467269897461,0.0508553907275199,0.2226268351078033,0.0431009419262409,100.0,2024-07-01,7,2024
H30,2024-08-01/2024-08-31,0,380,0.7153725922107697,,0.49123843014240265,,0.16649230197072024,,0.0,2024-08-01,8,2024
H30,2024-09-01/2024-09-30,380,380,0.6745279431343079,0.0599991679191589,0.4192301332950592,0.0400549322366714,0.1103577688336372,0.0494251362979412,100.0,2024-09-01,9,2024
H30,2024-10-01/2024-10-31,380,380,0.6360577940940857,0.0696151033043861,0.3851120471954345,0.0423318035900592,0.0976839885115623,0.0551410019397735,100.0,2024-10-01,10,2024
H30,2024-11-01/2024-11-30,380,380,0.7434906959533691,0.0623534098267555,0.4633392691612243,0.0466025061905384,0.205784410238266,0.0541196726262569,100.0,2024-11-01,11,2024
H30,2024-12-01/2024-12-31,380,380,0.6619323492050171,0.0748553201556205,0.4458706974983215,0.0583451800048351,0.1888139396905899,0.0660978108644485,100.0,2024-12-01,12,2024
H31,2023-01-01/2023-01-31,380,380,0.6536134481430054,0.0805852711200714,0.3852281272411346,0.0518727749586105,0.1556991040706634,0.0386402383446693,100.0,2023-01-01,1,2023
H31,2023-02-01/2023-02-28,380,380,0.5920049548149109,0.0844212248921394,0.3600223660469055,0.0531790219247341,0.128972589969635,0.0409561358392238,100.0,2023-02-01,2,2023
H31,2023-03-01/2023-03-31,380,380,0.5587573647499084,0.0802344232797622,0.3811562657356262,0.0582821033895015,0.1268447190523147,0.043839119374752,100.0,2023-03-01,3,2023
H31,2023-04-01/2023-04-30,380,380,0.5727691054344177,0.0781473070383071,0.3912551403045654,0.0553962253034114,0.1374496072530746,0.0386422649025917,100.0,2023-04-01,4,2023
H31,2023-05-01/2023-05-31,380,380,0.5696628093719482,0.0803243219852447,0.3997385799884796,0.0597614645957946,0.116499587893486,0.0404314994812011,100.0,2023-05-01,5,2023
H31,2023-06-01/2023-06-30,380,380,0.5639106631278992,0.0733610317111015,0.3891934752464294,0.053565863519907,0.121970385313034,0.0362726636230945,100.0,2023-06-01,6,2023
H31,2023-07-01/2023-07-31,380,380,0.7206464409828186,0.0654324293136596,0.4864257872104645,0.0549988746643066,0.2290034890174865,0.0430356599390506,100.0,2023-07-01,7,2023
H31,2023-08-01/2023-08-31,235,380,0.4565857052803039,0.021105283871293,0.4378306567668915,0.0235924310982227,0.2596250474452972,0.0113685335963964,61.8,2023-08-01,8,2023
H31,2023-09-01/2023-09-30,380,380,0.5963184833526611,0.063193455338478,0.3744838535785675,0.0335255227982997,0.0873067751526832,0.0205046702176332,100.0,2023-09-01,9,2023
H31,2023-10-01/2023-10-31,366,380,0.5621484518051147,0.067003034055233,0.1688668131828308,0.0274502765387296,0.1284431517124176,0.0496404692530632,96.3,2023-10-01,10,2023
H31,2023-11-01/2023-11-30,380,380,0.6426181793212891,0.0755125507712364,0.397459328174591,0.0512386783957481,0.1515839993953704,0.0385124273598194,100.0,2023-11-01,11,2023
H31,2023-12-01/2023-12-31,380,380,0.7757030129432678,0.074848935008049,0.4510766267776489,0.0518378019332885,0.2528726458549499,0.0441470555961132,100.0,2023-12-01,12,2023
H31,2024-01-01/2024-01-31,380,380,0.7610087990760803,0.0762435793876648,0.4607427418231964,0.0523843951523304,0.2582091391086578,0.0408419705927372,100.0,2024-01-01,1,2024
H31,2024-02-01/2024-02-29,380,380,0.6812901496887207,0.0809448882937431,0.4207574129104614,0.0533733256161212,0.1997797340154647,0.0398988910019397,100.0,2024-02-01,2,2024
H31,2024-03-01/2024-03-31,380,380,0.645842432975769,0.0849082469940185,0.4286639094352722,0.0556178651750087,0.212372750043869,0.0425625368952751,100.0,2024-03-01,3,2024
H31,2024-04-01/2024-04-30,380,380,0.6380614042282104,0.0819252952933311,0.4423010647296905,0.0594364255666732,0.2002391368150711,0.0455597899854183,100.0,2024-04-01,4,2024
H31,2024-05-01/2024-05-31,380,380,0.6446937322616577,0.0883578509092331,0.4645250737667084,0.0645408630371093,0.2160360664129257,0.044496364891529,100.0,2024-05-01,5,2024
H31,2024-06-01/2024-06-30,380,380,0.6537805199623108,0.0889327824115753,0.4748885333538055,0.0647297576069831,0.2169770449399948,0.0437576957046985,100.0,2024-06-01,6,2024
H31,2024-07-01/2024-07-31,380,380,0.7122825980186462,0.0598904639482498,0.5132514238357544,0.047005794942379,0.2370894849300384,0.0363073050975799,100.0,2024-07-01,7,2024
H31,2024-08-01/2024-08-31,0,380,0.7126210629940033,,0.4647763520479202,,0.2120236381888389,,0.0,2024-08-01,8,2024
H31,2024-09-01/2024-09-30,380,380,0.7129595279693604,0.074888989329338,0.416301280260086,0.037594374269247,0.1869577914476394,0.0344024896621704,100.0,2024-09-01,9,2024
H31,2024-10-01/2024-10-31,380,380,0.6729512214660645,0.0699529498815536,0.3893145620822906,0.0352484360337257,0.1787557303905487,0.0329123958945274,100.0,2024-10-01,10,2024
H31,2024-11-01/2024-11-30,380,380,0.7167046666145325,0.0722605437040329,0.4038406908512115,0.0423691049218177,0.2059708088636398,0.0368081219494342,100.0,2024-11-01,11,2024
H31,2024-12-01/2024-12-31,380,380,0.7280324697494507,0.0865281745791435,0.4350700676441192,0.054717980325222,0.2516972124576568,0.047792162746191,100.0,2024-12-01,12,2024
H32,2023-01-01/2023-01-31,380,380,0.6111372709274292,0.1119535565376281,0.3266249895095825,0.0550067797303199,0.1029154732823371,0.0693324953317642,100.0,2023-01-01,1,2023
H32,2023-02-01/2023-02-28,380,380,0.5847463607788086,0.1106648817658424,0.3328447341918945,0.0611154623329639,0.115032859146595,0.0745205283164978,100.0,2023-02-01,2,2023
H32,2023-03-01/2023-03-31,380,380,0.5639215707778931,0.1378494650125503,0.3850548863410949,0.1158383637666702,0.1204359158873558,0.1152046993374824,100.0,2023-03-01,3,2023
H32,2023-04-01/2023-04-30,380,380,0.5720908045768738,0.1421961337327957,0.3892432451248169,0.1187649071216583,0.1257101446390152,0.1145001128315925,100.0,2023-04-01,4,2023
H32,2023-05-01/2023-05-31,380,380,0.5965495705604553,0.1549101769924163,0.4216866791248321,0.1355757564306259,0.1325017511844635,0.1324534565210342,100.0,2023-05-01,5,2023
H32,2023-06-01/2023-06-30,380,380,0.5898270606994629,0.1511222273111343,0.4040672183036804,0.126679465174675,0.1330221146345138,0.1321684122085571,100.0,2023-06-01,6,2023
H32,2023-07-01/2023-07-31,380,380,0.7725526690483093,0.0759631469845771,0.553790271282196,0.0827346965670585,0.2772276997566223,0.0813215225934982,100.0,2023-07-01,7,2023
H32,2023-08-01/2023-08-31,380,380,0.5485289692878723,0.0471645407378673,0.5228407382965088,0.0557023398578166,0.3100286424160003,0.0345333404839038,100.0,2023-08-01,8,2023
H32,2023-09-01/2023-09-30,380,380,0.7485198378562927,0.0864480510354042,0.5123476386070251,0.0602018013596534,0.2423996776342392,0.0542177930474281,100.0,2023-09-01,9,2023
H32,2023-10-01/2023-10-31,380,380,0.7655226588249207,0.1056070253252983,0.2536953091621399,0.0549109540879726,0.2228216081857681,0.0988610088825225,100.0,2023-10-01,10,2023
H32,2023-11-01/2023-11-30,380,380,0.7454919219017029,0.0890834629535675,0.4513615667819977,0.0559068731963634,0.229561761021614,0.0597913414239883,100.0,2023-11-01,11,2023
H32,2023-12-01/2023-12-31,380,380,0.7636770009994507,0.0909197479486465,0.4040490686893463,0.0520813502371311,0.2252929359674453,0.0628668665885925,100.0,2023-12-01,12,2023
H32,2024-01-01/2024-01-31,380,380,0.6855632662773132,0.1113239973783493,0.3584310710430145,0.0519941970705986,0.1480625718832016,0.0607983246445655,100.0,2024-01-01,1,2024
H32,2024-02-01/2024-02-29,380,380,0.6106781959533691,0.1087791472673416,0.3345809280872345,0.0549217537045478,0.1191900223493576,0.072548896074295,100.0,2024-02-01,2,2024
H32,2024-03-01/2024-03-31,380,380,0.6333330869674683,0.1486719399690628,0.4226450026035309,0.1211376711726188,0.1686822921037674,0.1188922077417373,100.0,2024-03-01,3,2024
H32,2024-04-01/2024-04-30,380,380,0.6086513996124268,0.1472774893045425,0.4198504090309143,0.1247577220201492,0.1477957069873809,0.1215963438153266,100.0,2024-04-01,4,2024
H32,2024-05-01/2024-05-31,380,380,0.5937280058860779,0.1694773882627487,0.4171506464481354,0.1324359476566314,0.1491173356771469,0.1224308460950851,100.0,2024-05-01,5,2024
H32,2024-06-01/2024-06-30,380,380,0.6054360866546631,0.1748391091823578,0.4290555417537689,0.1388491690158844,0.1631323397159576,0.1298398077487945,100.0,2024-06-01,6,2024
H32,2024-07-01/2024-07-31,380,380,0.730851411819458,0.0891949012875557,0.5583000779151917,0.0807062163949012,0.2649320065975189,0.0851699337363243,100.0,2024-07-01,7,2024
H32,2024-08-01/2024-08-31,0,380,0.7657620310783386,,0.5319646894931793,,0.2647424042224884,,0.0,2024-08-01,8,2024
H32,2024-09-01/2024-09-30,380,380,0.8006726503372192,0.0754784420132637,0.505629301071167,0.0489834398031234,0.2645528018474579,0.0462065041065216,100.0,2024-09-01,9,2024
H32,2024-10-01/2024-10-31,380,380,0.7560244798660278,0.1013673692941665,0.4617782235145569,0.0624636560678482,0.2454662472009658,0.0620172806084156,100.0,2024-10-01,10,2024
H32,2024-11-01/2024-11-30,380,380,0.7177200317382812,0.1146941184997558,0.382624089717865,0.0612799599766731,0.1913033127784729,0.0773785561323165,100.0,2024-11-01,11,2024
H32,2024-12-01/2024-12-31,380,380,0.6984327435493469,0.1175649389624595,0.3650284111499786,0.0561333633959293,0.2013148814439773,0.0845736041665077,100.0,2024-12-01,12,2024
H33,2023-01-01/2023-01-31,380,380,0.820554256439209,0.0292123742401599,0.397751897573471,0.0198216494172811,0.295311689376831,0.0275163277983665,100.0,2023-01-01,1,2023
H33,2023-02-01/2023-02-28,380,380,0.8169987797737122,0.0386115834116935,0.4531280398368835,0.0264053121209144,0.3257936835289001,0.0395520813763141,100.0,2023-02-01,2,2023
H33,2023-03-01/2023-03-31,380,380,0.7975239753723145,0.0675850585103035,0.5381482839584351,0.0423006787896156,0.3170150518417358,0.0549648888409137,100.0,2023-03-01,3,2023
H33,2023-04-01/2023-04-30,380,380,0.8047598600387573,0.0765610784292221,0.5364121198654175,0.045866210013628,0.3080154955387115,0.0540201254189014,100.0,2023-04-01,4,2023
H33,2023-05-01/2023-05-31,380,380,0.8083330392837524,0.0759949535131454,0.5458531379699707,0.0548239536583423,0.2765963673591614,0.0641522780060768,100.0,2023-05-01,5,2023
H33,2023-06-01/2023-06-30,380,380,0.8001593351364136,0.0758936256170272,0.5235953330993652,0.0524063445627689,0.2740786373615265,0.062121357768774,100.0,2023-06-01,6,2023
H33,2023-07-01/2023-07-31,380,380,0.818255603313446,0.0580477938055992,0.5262411236763,0.0423038490116596,0.2748271226882934,0.0601090751588344,100.0,2023-07-01,7,2023
H33,2023-08-01/2023-08-31,380,380,0.642384946346283,0.0178104564547538,0.5384307503700256,0.0225792583078145,0.3297967612743377,0.0258854795247316,100.0,2023-08-01,8,2023
H33,2023-09-01/2023-09-30,380,380,0.8453669548034668,0.0285059120506048,0.5382627248764038,0.0256204735487699,0.2982445657253265,0.0340126901865005,100.0,2023-09-01,9,2023
H33,2023-10-01/2023-10-31,376,380,0.7710434794425964,0.1700350791215896,0.2177201509475708,0.0476334393024444,0.2719833254814148,0.1060015484690666,98.9,2023-10-01,10,2023
H33,2023-11-01/2023-11-30,380,380,0.8222119808197021,0.0527656190097332,0.4556871652603149,0.0416992120444774,0.2519028186798095,0.0557383187115192,100.0,2023-11-01,11,2023
H33,2023-12-01/2023-12-31,380,380,0.872642457485199,0.0464157983660697,0.4468156397342682,0.037995308637619,0.3039182722568512,0.0490170381963253,100.0,2023-12-01,12,2023
H33,2024-01-01/2024-01-31,380,380,0.8511964678764343,0.0471972525119781,0.422420471906662,0.0318002663552761,0.2588649094104767,0.0482467971742153,100.0,2024-01-01,1,2024
H33,2024-02-01/2024-02-29,380,380,0.7563629150390625,0.0550521276891231,0.3869968354701996,0.0231149885803461,0.2272103130817413,0.0490280464291572,100.0,2024-02-01,2,2024
H33,2024-03-01/2024-03-31,380,380,0.8243456482887268,0.0590966865420341,0.5375294089317322,0.0514224208891391,0.3190235495567322,0.0594007410109043,100.0,2024-03-01,3,2024
H33,2024-04-01/2024-04-30,380,380,0.812911331653595,0.058322612196207,0.5612680315971375,0.0542877726256847,0.316245824098587,0.0630033984780311,100.0,2024-04-01,4,2024
H33,2024-05-01/2024-05-31,380,380,0.8145772814750671,0.0887132212519645,0.5516605377197266,0.0591811910271644,0.2741867899894714,0.060553178191185,100.0,2024-05-01,5,2024
H33,2024-06-01/2024-06-30,380,380,0.8177090287208557,0.0824873447418212,0.5595222115516663,0.0575320795178413,0.2724060416221618,0.0564005523920059,100.0,2024-06-01,6,2024
H33,2024-07-01/2024-07-31,380,380,0.8460133075714111,0.0314177274703979,0.6309532523155212,0.0375208333134651,0.3208466470241546,0.0452518537640571,100.0,2024-07-01,7,2024
H33,2024-08-01/2024-08-31,0,380,0.8707111775875092,,0.6014215648174286,,0.330478310585022,,0.0,2024-08-01,8,2024
H33,2024-09-01/2024-09-30,380,380,0.8954090476036072,0.0344763845205307,0.5718898773193359,0.0400209091603755,0.3401099741458893,0.0451901406049728,100.0,2024-09-01,9,2024
H33,2024-10-01/2024-10-31,380,380,0.8846653699874878,0.0322653464972972,0.5650561451911926,0.0364600196480751,0.355665922164917,0.045138094574213,100.0,2024-10-01,10,2024
H33,2024-11-01/2024-11-30,380,380,0.8690608143806458,0.050793819129467,0.4940215349197387,0.0535147823393344,0.3146110475063324,0.0659524202346801,100.0,2024-11-01,11,2024
H33,2024-12-01/2024-12-31,380,380,0.8506342768669128,0.0549784116446971,0.4774160981178283,0.0547271072864532,0.3282284438610077,0.0681684389710426,100.0,2024-12-01,12,2024
H34,2023-01-01/2023-01-31,380,380,0.70887690782547,0.1330912411212921,0.3505699634552002,0.0470254980027675,0.1860166490077972,0.082144409418106,100.0,2023-01-01,1,2023
H34,2023-02-01/2023-02-28,380,380,0.7024286985397339,0.1585491597652435,0.3963342308998108,0.0802608504891395,0.2167558819055557,0.1189541146159172,100.0,2023-02-01,2,2023
H34,2023-03-01/2023-03-31,380,380,0.6881329417228699,0.1924705058336258,0.469208151102066,0.1363155394792556,0.2256937325000763,0.1474192589521408,100.0,2023-03-01,3,2023
H34,2023-04-01/2023-04-30,380,380,0.685929000377655,0.1963237673044204,0.45679372549057,0.1320833414793014,0.2109685540199279,0.1360488682985305,100.0,2023-04-01,4,2023
H34,2023-05-01/2023-05-31,380,380,0.6862691640853882,0.2333978563547134,0.4784879982471466,0.1677410900592804,0.2181571424007415,0.1519402265548706,100.0,2023-05-01,5,2023
H34,2023-06-01/2023-06-30,380,380,0.6833857297897339,0.2240005135536193,0.4560369253158569,0.1520676016807556,0.2150274515151977,0.1449703425168991,100.0,2023-06-01,6,2023
H34,2023-07-01/2023-07-31,380,380,0.8021624684333801,0.0892089828848838,0.5522522926330566,0.076211892068386,0.2894541323184967,0.0746389552950859,100.0,2023-07-01,7,2023
H34,2023-08-01/2023-08-31,380,380,0.6301325559616089,0.0360830090939998,0.5437617301940918,0.0562695413827896,0.3412502110004425,0.0327843464910984,100.0,2023-08-01,8,2023
H34,2023-09-01/2023-09-30,380,380,0.825033962726593,0.0712820068001747,0.5626318454742432,0.0678441002964973,0.3069094717502594,0.0519983880221843,100.0,2023-09-01,9,2023
H34,2023-10-01/2023-10-31,320,380,0.5612794160842896,0.1467767655849456,0.2309904545545578,0.0762373656034469,0.1769431978464126,0.1061403974890708,84.2,2023-10-01,10,2023
H34,2023-11-01/2023-11-30,380,380,0.7920589447021484,0.0796703994274139,0.4862804710865021,0.0602418556809425,0.2756379842758178,0.0476159416139125,100.0,2023-11-01,11,2023
H34,2023-12-01/2023-12-31,380,380,0.8257856965065002,0.0921172350645065,0.4478380680084228,0.0587268956005573,0.2815516591072082,0.0631038919091224,100.0,2023-12-01,12,2023
H34,2024-01-01/2024-01-31,380,380,0.7098819017410278,0.0868319198489189,0.3721810579299927,0.0465759895741939,0.1199506446719169,0.0500562861561775,100.0,2024-01-01,1,2024
H34,2024-02-01/2024-02-29,380,380,0.6283405423164368,0.0796010121703147,0.3436703383922577,0.0356598533689975,0.076456032693386,0.0442227311432361,100.0,2024-02-01,2,2024
H34,2024-03-01/2024-03-31,380,380,0.6674896478652954,0.1325198411941528,0.4380549490451813,0.0873946696519851,0.1600549668073654,0.0735827162861824,100.0,2024-03-01,3,2024
H34,2024-04-01/2024-04-30,380,380,0.6556403636932373,0.132053792476654,0.4492157399654388,0.0933018773794174,0.150820106267929,0.0760890319943428,100.0,2024-04-01,4,2024
H34,2024-05-01/2024-05-31,380,380,0.6144651770591736,0.1629304885864257,0.4241188764572143,0.1065040230751037,0.1279269754886627,0.0743380486965179,100.0,2024-05-01,5,2024
H34,2024-06-01/2024-06-30,380,380,0.6244574189186096,0.1697041392326355,0.434111624956131,0.1136904209852218,0.1418722718954086,0.0796589776873588,100.0,2024-06-01,6,2024
H34,2024-07-01/2024-07-31,30,380,0.7284769415855408,0.1121201813220977,0.5120226740837097,0.1143720299005508,0.2027874737977981,0.1072381809353828,7.9,2024-07-01,7,2024
H34,2024-08-01/2024-08-31,0,380,0.7823312878608704,,0.5246725082397461,,0.2403350844979286,,0.0,2024-08-01,8,2024
H34,2024-09-01/2024-09-30,380,380,0.8361856341362,0.0810027718544006,0.5373223423957825,0.064609982073307,0.2778826951980591,0.0490084365010261,100.0,2024-09-01,9,2024
H34,2024-10-01/2024-10-31,380,380,0.8485156297683716,0.0619194097816944,0.561603844165802,0.0565258935093879,0.3230446279048919,0.0405278168618679,100.0,2024-10-01,10,2024
H34,2024-11-01/2024-11-30,380,380,0.8084869980812073,0.1001720651984214,0.4632086455821991,0.070852592587471,0.2656105756759643,0.0633209943771362,100.0,2024-11-01,11,2024
H34,2024-12-01/2024-12-31,380,380,0.7391850352287292,0.113420270383358,0.4116568267345428,0.0677191242575645,0.2319886684417724,0.0793125852942466,100.0,2024-12-01,12,2024
H35,2023-01-01/2023-01-31,380,380,0.4447123110294342,0.0628485530614852,0.2669971287250519,0.037397064268589,0.0088001377880573,0.0375007800757885,100.0,2023-01-01,1,2023
H35,2023-02-01/2023-02-28,380,380,0.3821291327476501,0.0599304065108299,0.2323054522275924,0.0351548194885253,-0.0316490642726421,0.0361426621675491,100.0,2023-02-01,2,2023
H35,2023-03-01/2023-03-31,380,380,0.3651091456413269,0.0593047961592674,0.2377376407384872,0.0398437678813934,-0.0382438860833644,0.0383417904376983,100.0,2023-03-01,3,2023
H35,2023-04-01/2023-04-30,380,380,0.3755306005477905,0.0650234445929527,0.2449319064617157,0.0440333411097526,-0.0259131733328104,0.0408060662448406,100.0,2023-04-01,4,2023
H35,2023-05-01/2023-05-31,380,380,0.3817362785339355,0.0640007406473159,0.2545547485351562,0.0455928482115268,-0.0378434732556343,0.0428271517157554,100.0,2023-05-01,5,2023
H35,2023-06-01/2023-06-30,380,380,0.3789796531200409,0.0641103014349937,0.2477382868528366,0.0446222051978111,-0.0356996990740299,0.0432308204472065,100.0,2023-06-01,6,2023
H35,2023-07-01/2023-07-31,380,380,0.8166478276252747,0.0388202220201492,0.6461159586906433,0.0537380501627922,0.3012812733650207,0.0339764356613159,100.0,2023-07-01,7,2023
H35,2023-08-01/2023-08-31,276,380,0.4806797802448272,0.0166064519435167,0.5056204199790955,0.0261650048196315,0.2711637318134308,0.0121732745319604,72.6,2023-08-01,8,2023
H35,2023-09-01/2023-09-30,380,380,0.5634070038795471,0.0455127246677875,0.3749883472919464,0.0358189977705478,0.070919468998909,0.0388635136187076,100.0,2023-09-01,9,2023
H35,2023-10-01/2023-10-31,380,380,0.6035354733467102,0.0674546808004379,0.1892890483140945,0.0402757339179515,0.0340945608913898,0.0646758303046226,100.0,2023-10-01,10,2023
H35,2023-11-01/2023-11-30,380,380,0.709291398525238,0.0555899925529956,0.4881545603275299,0.054121010005474,0.1690766215324401,0.0403709039092063,100.0,2023-11-01,11,2023
H35,2023-12-01/2023-12-31,380,380,0.5888004302978516,0.0691576227545738,0.3342863917350769,0.0436231344938278,0.0401858426630497,0.0499176979064941,100.0,2023-12-01,12,2023
H35,2024-01-01/2024-01-31,380,380,0.5608691573143005,0.0664662420749664,0.3276489675045013,0.0428893007338047,0.0246380325406789,0.04424799233675,100.0,2024-01-01,1,2024
H35,2024-02-01/2024-02-29,380,380,0.5142545104026794,0.0521691255271434,0.3185450136661529,0.0315961688756942,0.0161359943449497,0.0301131419837474,100.0,2024-02-01,2,2024
H35,2024-03-01/2024-03-31,380,380,0.4717536866664886,0.0662054345011711,0.3163564205169678,0.0439906828105449,0.0139096081256866,0.0396855808794498,100.0,2024-03-01,3,2024
H35,2024-04-01/2024-04-30,380,380,0.4593381285667419,0.0652576461434364,0.3170296549797058,0.0458104871213436,-0.0028729357291013,0.0415259823203086,100.0,2024-04-01,4,2024
H35,2024-05-01/2024-05-31,380,380,0.4399797618389129,0.0645597279071807,0.3181417882442474,0.0452697500586509,0.0230507291853427,0.0346173532307148,100.0,2024-05-01,5,2024
H35,2024-06-01/2024-06-30,380,380,0.4437521398067474,0.0629613995552063,0.3211243450641632,0.0445920079946517,0.0302981324493885,0.0341364294290542,100.0,2024-06-01,6,2024
H35,2024-07-01/2024-07-31,368,380,0.5333015322685242,0.0547770857810974,0.3817270994186401,0.0441906079649925,0.0179553609341382,0.0462779067456722,96.8,2024-07-01,7,2024
H35,2024-08-01/2024-08-31,0,380,0.5670564770698547,,0.3749756515026092,,0.0618977202102541,,0.0,2024-08-01,8,2024
H35,2024-09-01/2024-09-30,380,380,0.6008114218711853,0.0442350208759307,0.3682242035865783,0.027070315554738,0.10584007948637,0.0258369874209165,100.0,2024-09-01,9,2024
H35,2024-10-01/2024-10-31,380,380,0.6895254254341125,0.0518398098647594,0.4405234754085541,0.0397234670817852,0.1953815817832946,0.0339280888438224,100.0,2024-10-01,10,2024
H35,2024-11-01/2024-11-30,380,380,0.6215283274650574,0.0685795918107032,0.3452402353286743,0.0435759760439395,0.0995937958359718,0.0487472712993621,100.0,2024-11-01,11,2024
H35,2024-12-01/2024-12-31,380,380,0.6636643409729004,0.0796523615717887,0.3983214497566223,0.0562223456799984,0.152228832244873,0.0561730563640594,100.0,2024-12-01,12,2024
H36,2023-01-01/2023-01-31,380,380,0.3917839527130127,0.0814292579889297,0.2419324815273285,0.0523080043494701,-0.0272010900080204,0.0319328643381595,100.0,2023-01-01,1,2023
H36,2023-02-01/2023-02-28,380,380,0.3254658877849579,0.0712954327464103,0.1905461400747299,0.0416418947279453,-0.0554575026035308,0.0270324051380157,100.0,2023-02-01,2,2023
H36,2023-03-01/2023-03-31,380,380,0.3076304495334625,0.0769358351826667,0.1925613731145858,0.0488186627626419,-0.0604444816708564,0.0313687399029731,100.0,2023-03-01,3,2023
H36,2023-04-01/2023-04-30,380,380,0.3212454915046692,0.0810055360198021,0.2016447633504867,0.0519546084105968,-0.0479065626859664,0.0330992303788661,100.0,2023-04-01,4,2023
H36,2023-05-01/2023-05-31,380,380,0.3279412388801574,0.0772794932126998,0.2111873626708984,0.0519150458276271,-0.0684171169996261,0.030978912487626,100.0,2023-05-01,5,2023
H36,2023-06-01/2023-06-30,380,380,0.3285396695137024,0.0747939199209213,0.2093460708856582,0.048321034759283,-0.0616959631443023,0.0278539005666971,100.0,2023-06-01,6,2023
H36,2023-07-01/2023-07-31,380,380,0.6896855235099792,0.0493027903139591,0.4561615288257599,0.0525385439395904,0.1939769983291626,0.0330291762948036,100.0,2023-07-01,7,2023
H36,2023-08-01/2023-08-31,380,380,0.4864839315414428,0.0514480359852314,0.3765342831611633,0.051237303763628,0.1824488788843155,0.0318607725203037,100.0,2023-08-01,8,2023
H36,2023-09-01/2023-09-30,380,380,0.3201564848423004,0.0551072210073471,0.2008472681045532,0.0320906452834606,-0.051235381513834,0.0160368382930755,100.0,2023-09-01,9,2023
H36,2023-10-01/2023-10-31,364,380,0.511838972568512,0.0647075027227401,0.1886285245418548,0.0413557551801204,0.0756821632385253,0.048510055989027,95.8,2023-10-01,10,2023
H36,2023-11-01/2023-11-30,380,380,0.5449920296669006,0.0828002095222473,0.3493267595767975,0.0602469481527805,0.0992391109466552,0.0353997163474559,100.0,2023-11-01,11,2023
H36,2023-12-01/2023-12-31,380,380,0.5727961659431458,0.0797352716326713,0.3289844095706939,0.0548872761428356,0.0862576961517334,0.0387857556343078,100.0,2023-12-01,12,2023
H36,2024-01-01/2024-01-31,380,380,0.5264738202095032,0.0862487107515335,0.3215322494506836,0.0564486198127269,0.082707904279232,0.03448086977005,100.0,2024-01-01,1,2024
H36,2024-02-01/2024-02-29,380,380,0.4750238955020904,0.0720409750938415,0.2930075824260711,0.0474168509244918,0.0529691353440284,0.0293458774685859,100.0,2024-02-01,2,2024
H36,2024-03-01/2024-03-31,380,380,0.4680081009864807,0.0831513032317161,0.3102158904075622,0.0582676343619823,0.0783350989222526,0.0374877117574214,100.0,2024-03-01,3,2024
H36,2024-04-01/2024-04-30,380,380,0.4585234820842743,0.0793034955859184,0.3103055953979492,0.0596910268068313,0.0615467578172683,0.0403443276882171,100.0,2024-04-01,4,2024
H36,2024-05-01/2024-05-31,380,380,0.3800601065158844,0.0837006717920303,0.2674430906772613,0.0621816664934158,0.0384359136223793,0.038098257035017,100.0,2024-05-01,5,2024
H36,2024-06-01/2024-06-30,380,380,0.3610540330410003,0.0795067772269249,0.2669546902179718,0.0587696842849254,0.0379634015262126,0.032019454985857,100.0,2024-06-01,6,2024
H36,2024-07-01/2024-07-31,292,380,0.5704211592674255,0.0604663342237472,0.365323007106781,0.056455910205841,0.0991856455802917,0.0389448851346969,76.8,2024-07-01,7,2024
H36,2024-08-01/2024-08-31,0,380,0.5452232658863068,,0.34685415029525757,,0.09375682845711705,,0.0,2024-08-01,8,2024
H36,2024-09-01/2024-09-30,380,380,0.520025372505188,0.0769366547465324,0.3283852934837341,0.0516088530421257,0.0883280113339424,0.0343229621648788,100.0,2024-09-01,9,2024
H36,2024-10-01/2024-10-31,380,380,0.4522004723548889,0.0600193329155445,0.2808664441108703,0.0363132618367672,0.0045661511830985,0.0222571492195129,100.0,2024-10-01,10,2024
H36,2024-11-01/2024-11-30,380,380,0.5515715479850769,0.0779901668429374,0.3191604316234588,0.0477443672716617,0.070803016424179,0.0384039841592311,100.0,2024-11-01,11,2024
H36,2024-12-01/2024-12-31,380,380,0.5385611653327942,0.0872234553098678,0.3213314712047577,0.0577713176608085,0.082043319940567,0.0509959273040294,100.0,2024-12-01,12,2024
H37,2023-01-01/2023-01-31,380,380,0.6801177263259888,0.1094248592853546,0.3422056436538696,0.0330030769109725,0.1649147868156433,0.0537687800824642,100.0,2023-01-01,1,2023
H37,2023-02-01/2023-02-28,380,380,0.6961683034896851,0.1441014558076858,0.4173257946968078,0.0833380073308944,0.2248136848211288,0.1026086583733558,100.0,2023-02-01,2,2023
H37,2023-03-01/2023-03-31,380,380,0.6870989203453064,0.1390155702829361,0.4765442013740539,0.0917200297117233,0.2316279709339141,0.0938311666250228,100.0,2023-03-01,3,2023
H37,2023-04-01/2023-04-30,380,380,0.6995654702186584,0.1411971300840377,0.4791713654994964,0.0888843983411789,0.2298245429992675,0.0857874825596809,100.0,2023-04-01,4,2023
H37,2023-05-01/2023-05-31,380,380,0.7108965516090393,0.1329472810029983,0.4948909282684326,0.0857803374528884,0.2135043293237686,0.0852644741535186,100.0,2023-05-01,5,2023
H37,2023-06-01/2023-06-30,380,380,0.7028154730796814,0.131244495511055,0.474014014005661,0.0771801173686981,0.2108049094676971,0.0790556371212005,100.0,2023-06-01,6,2023
H37,2023-07-01/2023-07-31,380,380,0.7564117312431335,0.0905806124210357,0.4968588948249817,0.0549198351800441,0.2318670004606247,0.0654081553220748,100.0,2023-07-01,7,2023
H37,2023-08-01/2023-08-31,380,380,0.6044893860816956,0.0511456802487373,0.4983304440975189,0.0381702184677124,0.2633503973484039,0.0367996506392955,100.0,2023-08-01,8,2023
H37,2023-09-01/2023-09-30,380,380,0.7607729434967041,0.1139026656746864,0.4676312208175659,0.0550028532743454,0.220609039068222,0.0682208016514778,100.0,2023-09-01,9,2023
H37,2023-10-01/2023-10-31,380,380,0.8242543935775757,0.0996025055646896,0.1771440654993057,0.0358011834323406,0.2431200295686721,0.0642838478088378,100.0,2023-10-01,10,2023
H37,2023-11-01/2023-11-30,380,380,0.7234514951705933,0.09092678129673,0.3836034536361694,0.0319483317434787,0.1668057441711425,0.0454841330647468,100.0,2023-11-01,11,2023
H37,2023-12-01/2023-12-31,380,380,0.785538911819458,0.1068484783172607,0.3676505386829376,0.0337768159806728,0.2173442393541336,0.0550608560442924,100.0,2023-12-01,12,2023
H37,2024-01-01/2024-01-31,380,380,0.74370276927948,0.1159428283572197,0.3483301401138305,0.0312417801469564,0.1748890131711959,0.0552705340087413,100.0,2024-01-01,1,2024
H37,2024-02-01/2024-02-29,380,380,0.6333466172218323,0.0920872315764427,0.3407086133956909,0.0328739993274211,0.160917654633522,0.0603372566401958,100.0,2024-02-01,2,2024
H37,2024-03-01/2024-03-31,380,380,0.7049049139022827,0.1207884475588798,0.4627485573291778,0.0720561519265174,0.2307507991790771,0.0737166926264762,100.0,2024-03-01,3,2024
H37,2024-04-01/2024-04-30,380,380,0.6968097686767578,0.1155888438224792,0.4784729778766632,0.0781267881393432,0.225156620144844,0.0792528763413429,100.0,2024-04-01,4,2024
H37,2024-05-01/2024-05-31,380,380,0.7115072011947632,0.1378230303525924,0.5032640099525452,0.0815835818648338,0.2269083857536316,0.0667477548122406,100.0,2024-05-01,5,2024
H37,2024-06-01/2024-06-30,380,380,0.718172550201416,0.1407572627067566,0.520114004611969,0.087390162050724,0.2409085780382156,0.0680408924818039,100.0,2024-06-01,6,2024
H37,2024-07-01/2024-07-31,380,380,0.8023326396942139,0.0817730948328971,0.5958776473999023,0.0629411712288856,0.3000062108039856,0.0591733679175376,100.0,2024-07-01,7,2024
H37,2024-08-01/2024-08-31,0,380,0.8104508817195892,,0.55159592628479,,0.2863505929708481,,0.0,2024-08-01,8,2024
H37,2024-09-01/2024-09-30,380,380,0.8185691237449646,0.1118073910474777,0.5073142051696777,0.0586518011987209,0.2726949751377105,0.064791165292263,100.0,2024-09-01,9,2024
H37,2024-10-01/2024-10-31,380,380,0.801360011100769,0.1068981885910034,0.4875946938991546,0.0578633099794387,0.2661348581314087,0.0744033977389335,100.0,2024-10-01,10,2024
H37,2024-11-01/2024-11-30,380,380,0.7839704751968384,0.1171072348952293,0.4346981942653656,0.0586220510303974,0.2381881177425384,0.0760966837406158,100.0,2024-11-01,11,2024
H37,2024-12-01/2024-12-31,380,380,0.7211719751358032,0.1136856526136398,0.37446328997612,0.038155198097229,0.1986982822418213,0.0585774816572666,100.0,2024-12-01,12,2024
H38,2023-01-01/2023-01-31,380,380,0.7447044253349304,0.0852390229701995,0.3943299055099487,0.0443816855549812,0.2885297536849975,0.0754894986748695,100.0,2023-01-01,1,2023
H38,2023-02-01/2023-02-28,380,380,0.696744441986084,0.1005302220582962,0.3936410248279571,0.0532530508935451,0.2183404564857483,0.0800734981894493,100.0,2023-02-01,2,2023
H38,2023-03-01/2023-03-31,380,380,0.6990772485733032,0.0917143821716308,0.474467784166336,0.0665362849831581,0.2245040535926818,0.0775000602006912,100.0,2023-03-01,3,2023
H38,2023-04-01/2023-04-30,380,380,0.7126738429069519,0.0924267172813415,0.4821943640708923,0.0654086917638778,0.228364959359169,0.0719619914889335,100.0,2023-04-01,4,2023
H38,2023-05-01/2023-05-31,380,380,0.735720157623291,0.0856384858489036,0.5205631256103516,0.068434789776802,0.2316428869962692,0.0755313634872436,100.0,2023-05-01,5,2023
H38,2023-06-01/2023-06-30,380,380,0.7319828867912292,0.0851563662290573,0.5068052411079407,0.0631158798933029,0.2360479235649109,0.0713949277997016,100.0,2023-06-01,6,2023
H38,2023-07-01/2023-07-31,380,380,0.780352771282196,0.0686063170433044,0.5308021306991577,0.0568797476589679,0.2540950775146484,0.0758753716945648,100.0,2023-07-01,7,2023
H38,2023-08-01/2023-08-31,380,380,0.5628768801689148,0.0363724157214164,0.5349594354629517,0.0383464731276035,0.2821884453296661,0.0338179804384708,100.0,2023-08-01,8,2023
H38,2023-09-01/2023-09-30,380,380,0.7587661147117615,0.0736426189541816,0.4701006114482879,0.0454105213284492,0.2157796770334243,0.0585175156593322,100.0,2023-09-01,9,2023
H38,2023-10-01/2023-10-31,380,380,0.8204443454742432,0.0770326480269432,0.234856441617012,0.050405990332365,0.2123596519231796,0.0772784873843193,100.0,2023-10-01,10,2023
H38,2023-11-01/2023-11-30,380,380,0.7267793416976929,0.0801637843251228,0.3833798766136169,0.0441614128649234,0.1751434057950973,0.0665201917290687,100.0,2023-11-01,11,2023
H38,2023-12-01/2023-12-31,380,380,0.8188560009002686,0.0673061609268188,0.3814781606197357,0.0323203690350055,0.2513312399387359,0.0571136996150016,100.0,2023-12-01,12,2023
H38,2024-01-01/2024-01-31,380,380,0.7148234844207764,0.088683933019638,0.3446776866912842,0.0369575098156929,0.1421477496623993,0.0531780757009983,100.0,2024-01-01,1,2024
H38,2024-02-01/2024-02-29,380,380,0.647464394569397,0.0670759305357933,0.3434008955955505,0.0316456370055675,0.1447805315256118,0.0500143989920616,100.0,2024-02-01,2,2024
H38,2024-03-01/2024-03-31,380,380,0.707404375076294,0.0781505033373832,0.46560800075531,0.0560047104954719,0.2285266667604446,0.0591833181679248,100.0,2024-03-01,3,2024
H38,2024-04-01/2024-04-30,380,380,0.6955502033233643,0.0749086514115333,0.4775389730930328,0.0584848038852214,0.2215914726257324,0.0620217956602573,100.0,2024-04-01,4,2024
H38,2024-05-01/2024-05-31,380,380,0.7281686067581177,0.0873785465955734,0.5091793537139893,0.061677198857069,0.2369005680084228,0.0584681294858455,100.0,2024-05-01,5,2024
H38,2024-06-01/2024-06-30,380,380,0.7330310940742493,0.0937664657831192,0.5289377570152283,0.0682904720306396,0.2564863860607147,0.0601696036756038,100.0,2024-06-01,6,2024
H38,2024-07-01/2024-07-31,380,380,0.8086619973182678,0.0454865619540214,0.6036555767059326,0.044458158314228,0.327597051858902,0.0423308052122592,100.0,2024-07-01,7,2024
H38,2024-08-01/2024-08-31,0,380,0.8162952065467834,,0.5426731407642365,,0.29052576422691345,,0.0,2024-08-01,8,2024
H38,2024-09-01/2024-09-30,380,380,0.8239284157752991,0.066756471991539,0.4816907048225403,0.0372024774551391,0.2534544765949249,0.0393456108868122,100.0,2024-09-01,9,2024
H38,2024-10-01/2024-10-31,380,380,0.7991046905517578,0.0645485669374466,0.453001469373703,0.0319086089730262,0.2479316294193267,0.0419800654053688,100.0,2024-10-01,10,2024
H38,2024-11-01/2024-11-30,380,380,0.7992778420448303,0.0673679560422897,0.3985811769962311,0.029523542150855,0.2335596233606338,0.0369030870497226,100.0,2024-11-01,11,2024
H38,2024-12-01/2024-12-31,380,380,0.7568047642707825,0.0796917602419853,0.378401905298233,0.0364186912775039,0.2775291204452514,0.0600719787180423,100.0,2024-12-01,12,2024
H39,2023-01-01/2023-01-31,380,380,0.6595480442047119,0.0427882596850395,0.412683755159378,0.0328948162496089,0.1243253126740455,0.0330075658857822,100.0,2023-01-01,1,2023
H39,2023-02-01/2023-02-28,380,380,0.6728003025054932,0.0464931912720203,0.4267052114009857,0.0340567491948604,0.1277053952217102,0.033397376537323,100.0,2023-02-01,2,2023
H39,2023-03-01/2023-03-31,380,380,0.639144241809845,0.0529541447758674,0.4198451042175293,0.0400808751583099,0.0916924923658371,0.038898903876543,100.0,2023-03-01,3,2023
H39,2023-04-01/2023-04-30,380,380,0.6356312036514282,0.0548548325896263,0.4169807136058807,0.0398991480469703,0.0954584926366806,0.038413792848587,100.0,2023-04-01,4,2023
H39,2023-05-01/2023-05-31,380,380,0.6360960006713867,0.0547709092497825,0.4269038140773773,0.0422242507338523,0.077198714017868,0.0407055988907814,100.0,2023-05-01,5,2023
H39,2023-06-01/2023-06-30,380,380,0.6344135999679565,0.0512750633060932,0.4128702282905578,0.0378774628043174,0.0742463842034339,0.0393618419766426,100.0,2023-06-01,6,2023
H39,2023-07-01/2023-07-31,380,380,0.6367804408073425,0.0325053520500659,0.4512834250926971,0.0227779820561409,0.0974131301045417,0.0284357760101556,100.0,2023-07-01,7,2023
H39,2023-08-01/2023-08-31,380,380,0.4831450879573822,0.0134719908237457,0.4803023636341095,0.0156840998679399,0.2189226895570755,0.0101279336959123,100.0,2023-08-01,8,2023
H39,2023-09-01/2023-09-30,380,380,0.85721355676651,0.0261513032019138,0.6384928822517395,0.0385713391005992,0.3442040681838989,0.0297534354031085,100.0,2023-09-01,9,2023
H39,2023-10-01/2023-10-31,380,380,0.7215158343315125,0.040480937808752,0.3234574496746063,0.0338150113821029,0.1497589647769928,0.0407357476651668,100.0,2023-10-01,10,2023
H39,2023-11-01/2023-11-30,380,380,0.7680418491363525,0.0353987254202365,0.5612083673477173,0.0400291644036769,0.2327469289302826,0.0278081875294446,100.0,2023-11-01,11,2023
H39,2023-12-01/2023-12-31,380,380,0.8157526850700378,0.0257878508418798,0.5211697816848755,0.0308883022516965,0.2318699955940246,0.0244615245610475,100.0,2023-12-01,12,2023
H39,2024-01-01/2024-01-31,380,380,0.7216886878013611,0.0493571124970912,0.4522543251514435,0.0360893793404102,0.1531611829996109,0.0307613927870988,100.0,2024-01-01,1,2024
H39,2024-02-01/2024-02-29,380,380,0.6941297054290771,0.0463142395019531,0.4359531700611114,0.0333079062402248,0.1183233186602592,0.0276939421892166,100.0,2024-02-01,2,2024
H39,2024-03-01/2024-03-31,380,380,0.7263271808624268,0.0485867261886596,0.4881956875324249,0.0363447777926921,0.1880012452602386,0.0316668301820755,100.0,2024-03-01,3,2024
H39,2024-04-01/2024-04-30,380,380,0.6501792669296265,0.0494239218533039,0.4780189394950866,0.0371367000043392,0.1443237513303756,0.0305318012833595,100.0,2024-04-01,4,2024
H39,2024-05-01/2024-05-31,380,380,0.6912144422531128,0.0567476898431777,0.5133131146430969,0.0420537069439888,0.2012930214405059,0.0300431624054908,100.0,2024-05-01,5,2024
H39,2024-06-01/2024-06-30,380,380,0.6613962650299072,0.0634443163871765,0.4845724701881408,0.0466851964592933,0.17250956594944,0.0317613258957862,100.0,2024-06-01,6,2024
H39,2024-07-01/2024-07-31,380,380,0.788510799407959,0.0323857069015502,0.5982786417007446,0.0329163558781147,0.2478856742382049,0.0278326403349638,100.0,2024-07-01,7,2024
H39,2024-08-01/2024-08-31,0,380,0.8357810974121094,,0.6070525944232941,,0.31465874612331385,,0.0,2024-08-01,8,2024
H39,2024-09-01/2024-09-30,380,380,0.8830513954162598,0.0256406273692846,0.6158265471458435,0.0487229414284229,0.3814318180084228,0.0369883887469768,100.0,2024-09-01,9,2024
H39,2024-10-01/2024-10-31,380,380,0.6166244745254517,0.0414700359106063,0.3797262907028198,0.0156263317912817,0.120748683810234,0.0203245803713798,100.0,2024-10-01,10,2024
H39,2024-11-01/2024-11-30,380,380,0.7462114095687866,0.0443813316524028,0.4530395865440368,0.0395811200141906,0.2205938696861267,0.0355478562414646,100.0,2024-11-01,11,2024
H39,2024-12-01/2024-12-31,380,380,0.8329415321350098,0.0354397445917129,0.5384540557861328,0.0392721518874168,0.3176986277103424,0.034598808735609,100.0,2024-12-01,12,2024
H4,2023-01-01/2023-01-31,380,380,0.4587094783782959,0.0685572177171707,0.2427320033311844,0.0357585027813911,-0.0809732005000114,0.0413944944739341,100.0,2023-01-01,1,2023
H4,2023-02-01/2023-02-28,380,380,0.409981906414032,0.06373231112957,0.2128845602273941,0.0356353223323822,-0.1425123363733291,0.037049576640129,100.0,2023-02-01,2,2023
H4,2023-03-01/2023-03-31,380,380,0.4033072292804718,0.0776796638965606,0.2359403669834137,0.0550728775560855,-0.1328178793191909,0.0546756349503994,100.0,2023-03-01,3,2023
H4,2023-04-01/2023-04-30,380,380,0.4144238829612732,0.0776783153414726,0.2455530613660812,0.0551579669117927,-0.1234706565737724,0.0541685335338115,100.0,2023-04-01,4,2023
H4,2023-05-01/2023-05-31,380,380,0.3994065821170807,0.0767179504036903,0.2444819957017898,0.058570273220539,-0.1364116966724395,0.0576451122760772,100.0,2023-05-01,5,2023
H4,2023-06-01/2023-06-30,380,380,0.3888444602489471,0.0685027763247489,0.2348517924547195,0.0498276576399803,-0.1413471698760986,0.0475256107747554,100.0,2023-06-01,6,2023
H4,2023-07-01/2023-07-31,380,380,0.721923291683197,0.0507797114551067,0.5132913589477539,0.0572770498692989,0.1522886902093887,0.0492923445999622,100.0,2023-07-01,7,2023
H4,2023-08-01/2023-08-31,0,380,0.6340604722499847,,0.42186297476291656,,0.0642104484140873,,0.0,2023-08-01,8,2023
H4,2023-09-01/2023-09-30,380,380,0.5461976528167725,0.0936358943581581,0.3304345905780792,0.0761449933052063,-0.0238677933812141,0.0916033089160919,100.0,2023-09-01,9,2023
H4,2023-10-01/2023-10-31,380,380,0.6156263947486877,0.0892515480518341,0.2146757245063781,0.0370741672813892,0.0006507914513349,0.0740910992026329,100.0,2023-10-01,10,2023
H4,2023-11-01/2023-11-30,380,380,0.5957509279251099,0.0899508818984031,0.3504188060760498,0.0695710554718971,0.0302173718810081,0.0901543200016021,100.0,2023-11-01,11,2023
H4,2023-12-01/2023-12-31,380,380,0.5974332094192505,0.0842861607670784,0.3204124867916107,0.0561831071972847,0.0181718617677688,0.0629305243492126,100.0,2023-12-01,12,2023
H4,2024-01-01/2024-01-31,380,380,0.5677332878112793,0.0842741057276725,0.3114146292209625,0.0634012594819068,-0.0078003895469009,0.0708238184452056,100.0,2024-01-01,1,2024
H4,2024-02-01/2024-02-29,380,380,0.5543193817138672,0.091218426823616,0.3249521851539612,0.0754700899124145,-0.0042613549157977,0.0828441008925437,100.0,2024-02-01,2,2024
H4,2024-03-01/2024-03-31,380,380,0.5636303424835205,0.1098292246460914,0.3596639931201935,0.0937301218509674,0.0424525402486324,0.1031679660081863,100.0,2024-03-01,3,2024
H4,2024-04-01/2024-04-30,380,380,0.521192193031311,0.1055769845843315,0.3418785035610199,0.0903750658035278,-0.0007196338265202,0.097751073539257,100.0,2024-04-01,4,2024
H4,2024-05-01/2024-05-31,380,380,0.4402680099010467,0.0961550027132034,0.286471962928772,0.0769381746649742,-0.0457644648849964,0.0804068520665168,100.0,2024-05-01,5,2024
H4,2024-06-01/2024-06-30,380,380,0.4474331140518188,0.0958799943327903,0.2947381734848022,0.0775483921170234,-0.036754835397005,0.0777133852243423,100.0,2024-06-01,6,2024
H4,2024-07-01/2024-07-31,380,380,0.5340906977653503,0.0835625454783439,0.3515316545963287,0.0671159774065017,-0.0074155046604573,0.0631075054407119,100.0,2024-07-01,7,2024
H4,2024-08-01/2024-08-31,0,380,0.5894567668437958,,0.3539057224988937,,0.02347775851376355,,0.0,2024-08-01,8,2024
H4,2024-09-01/2024-09-30,380,380,0.6448228359222412,0.096226654946804,0.3562797904014587,0.088725209236145,0.0543710216879844,0.0990134552121162,100.0,2024-09-01,9,2024
H4,2024-10-01/2024-10-31,380,380,0.6136231422424316,0.090959645807743,0.3461805582046509,0.073748841881752,0.0677637308835983,0.0826086476445198,100.0,2024-10-01,10,2024
H4,2024-11-01/2024-11-30,380,380,0.6581923365592957,0.0815282091498375,0.3623285293579101,0.0558308809995651,0.1143847927451133,0.0597816184163093,100.0,2024-11-01,11,2024
H4,2024-12-01/2024-12-31,380,380,0.647126317024231,0.0861618667840957,0.3581458628177643,0.0640960559248924,0.1164851412177085,0.0721194893121719,100.0,2024-12-01,12,2024
H40,2023-01-01/2023-01-31,380,380,0.8036080002784729,0.0699714198708534,0.4254951179027557,0.038554348051548,0.3382419049739837,0.0536398999392986,100.0,2023-01-01,1,2023
H40,2023-02-01/2023-02-28,380,380,0.7644981145858765,0.0853344947099685,0.418057769536972,0.0418921709060668,0.2932719588279724,0.0662892907857894,100.0,2023-02-01,2,2023
H40,2023-03-01/2023-03-31,380,380,0.7792913913726807,0.0813942477107048,0.5317757725715637,0.058067463338375,0.3263496458530426,0.0616258904337883,100.0,2023-03-01,3,2023
H40,2023-04-01/2023-04-30,380,380,0.7834623456001282,0.0853097662329673,0.5302661657333374,0.0582275167107582,0.3204013705253601,0.0564958006143569,100.0,2023-04-01,4,2023
H40,2023-05-01/2023-05-31,380,380,0.8057022094726562,0.0765306577086448,0.5674673318862915,0.0577732920646667,0.3228777348995209,0.0546018332242965,100.0,2023-05-01,5,2023
H40,2023-06-01/2023-06-30,380,380,0.7975457310676575,0.0800177827477455,0.5413916110992432,0.0551698543131351,0.3188984096050262,0.0502018257975578,100.0,2023-06-01,6,2023
H40,2023-07-01/2023-07-31,380,380,0.8291586637496948,0.0551879703998565,0.5638985633850098,0.0514888316392898,0.3346112072467804,0.0536940619349479,100.0,2023-07-01,7,2023
H40,2023-08-01/2023-08-31,380,380,0.5567160248756409,0.0251263659447431,0.5396723747253418,0.0319960676133632,0.324097990989685,0.0222239177674055,100.0,2023-08-01,8,2023
H40,2023-09-01/2023-09-30,380,380,0.8233076333999634,0.0622471459209919,0.522214949131012,0.0484896562993526,0.3055132031440735,0.0525450035929679,100.0,2023-09-01,9,2023
H40,2023-10-01/2023-10-31,380,380,0.8882991075515747,0.0502860099077224,0.2667398452758789,0.0424135588109493,0.3041730523109436,0.0556850433349609,100.0,2023-10-01,10,2023
H40,2023-11-01/2023-11-30,380,380,0.8020800948143005,0.0647744536399841,0.4314526319503784,0.0444785319268703,0.2562518417835235,0.0520774349570274,100.0,2023-11-01,11,2023
H40,2023-12-01/2023-12-31,380,380,0.8562607765197754,0.0494267679750919,0.4268130958080292,0.0388223342597484,0.3105250000953674,0.0441322028636932,100.0,2023-12-01,12,2023
H40,2024-01-01/2024-01-31,380,380,0.74327152967453,0.068312294781208,0.3681097030639648,0.0311109013855457,0.1536701619625091,0.0343042947351932,100.0,2024-01-01,1,2024
H40,2024-02-01/2024-02-29,380,380,0.6707703471183777,0.060568943619728,0.3526171147823334,0.031208598986268,0.1482241153717041,0.0354859605431556,100.0,2024-02-01,2,2024
H40,2024-03-01/2024-03-31,380,380,0.7482248544692993,0.0727658569812774,0.4985531568527221,0.0609532296657562,0.2508305311203003,0.0504079572856426,100.0,2024-03-01,3,2024
H40,2024-04-01/2024-04-30,380,380,0.7320309281349182,0.0665295049548149,0.5079014897346497,0.0584729276597499,0.2409087121486663,0.0478790923953056,100.0,2024-04-01,4,2024
H40,2024-05-01/2024-05-31,380,380,0.7553225159645081,0.0716781169176101,0.5208699107170105,0.0508339218795299,0.237070083618164,0.0339942835271358,100.0,2024-05-01,5,2024
H40,2024-06-01/2024-06-30,380,380,0.771457850933075,0.0748822763562202,0.5375867486000061,0.0544876940548419,0.2464949190616607,0.0328982695937156,100.0,2024-06-01,6,2024
H40,2024-07-01/2024-07-31,380,380,0.8045925498008728,0.0396129451692104,0.5794428586959839,0.0446168445050716,0.2871095240116119,0.028172954916954,100.0,2024-07-01,7,2024
H40,2024-08-01/2024-08-31,0,380,0.8146287500858307,,0.5325294733047485,,0.2603594362735748,,0.0,2024-08-01,8,2024
H40,2024-09-01/2024-09-30,380,380,0.8246649503707886,0.0637806728482246,0.4856160879135132,0.046340174973011,0.2336093485355377,0.0474148392677307,100.0,2024-09-01,9,2024
H40,2024-10-01/2024-10-31,380,380,0.8208345174789429,0.0527247451245784,0.4714195728302002,0.0361017249524593,0.2472113221883773,0.0413506776094436,100.0,2024-10-01,10,2024
H40,2024-11-01/2024-11-30,380,380,0.812650740146637,0.0573313273489475,0.4123144447803497,0.035945575684309,0.220850259065628,0.0412214882671833,100.0,2024-11-01,11,2024
H40,2024-12-01/2024-12-31,380,380,0.7902171611785889,0.0765056386590004,0.4013921320438385,0.0443788170814514,0.2389504015445709,0.0489824265241622,100.0,2024-12-01,12,2024
H41,2023-01-01/2023-01-31,380,380,0.4815452992916107,0.1501469165086746,0.2882940769195556,0.0856955498456955,0.0382606610655784,0.1064795330166816,100.0,2023-01-01,1,2023
H41,2023-02-01/2023-02-28,376,380,0.4008344411849975,0.1366052776575088,0.2431932985782623,0.0758222341537475,-0.008824111893773,0.0944366604089737,98.9,2023-02-01,2,2023
H41,2023-03-01/2023-03-31,380,380,0.3664586842060089,0.1317149698734283,0.2381402999162674,0.0831873938441276,-0.036833893507719,0.0891202911734581,100.0,2023-03-01,3,2023
H41,2023-04-01/2023-04-30,380,380,0.3681699335575104,0.132570743560791,0.2395946830511093,0.0834413766860961,-0.0343291722238063,0.0928031727671623,100.0,2023-04-01,4,2023
H41,2023-05-01/2023-05-31,376,380,0.4132380485534668,0.1478429436683654,0.2798800468444824,0.1041813641786575,-0.0284177139401435,0.0991721227765083,98.9,2023-05-01,5,2023
H41,2023-06-01/2023-06-30,380,380,0.4071085155010223,0.1458847373723983,0.269334614276886,0.0981290116906166,-0.0314695499837398,0.0993766188621521,100.0,2023-06-01,6,2023
H41,2023-07-01/2023-07-31,372,380,0.5091521739959717,0.1221344694495201,0.3293540775775909,0.0916165336966514,0.0155448094010353,0.0875874459743499,97.9,2023-07-01,7,2023
H41,2023-08-01/2023-08-31,337,380,0.4800169765949249,0.0558923184871673,0.472373217344284,0.0672627761960029,0.1994375735521316,0.0465182289481163,88.7,2023-08-01,8,2023
H41,2023-09-01/2023-09-30,380,380,0.5213074684143066,0.1413626670837402,0.3531119525432586,0.1034668087959289,0.0532059483230114,0.0918248444795608,100.0,2023-09-01,9,2023
H41,2023-10-01/2023-10-31,374,380,0.6096194386482239,0.1098126545548439,0.2068033665418625,0.0604602023959159,0.0523896664381027,0.0989063754677772,98.4,2023-10-01,10,2023
H41,2023-11-01/2023-11-30,376,380,0.5932953357696533,0.1615562587976455,0.3893390893936157,0.1136102154850959,0.1222230494022369,0.1124108433723449,98.9,2023-11-01,11,2023
H41,2023-12-01/2023-12-31,380,380,0.6326987147331238,0.1434664726257324,0.3754364848136902,0.102951742708683,0.1280934512615203,0.1211348921060562,100.0,2023-12-01,12,2023
H41,2024-01-01/2024-01-31,376,380,0.535991370677948,0.1473891586065292,0.3156541883945465,0.0834627896547317,0.0459559261798858,0.1037213131785392,98.9,2024-01-01,1,2024
H41,2024-02-01/2024-02-29,376,380,0.5179139971733093,0.1703260093927383,0.3205035328865051,0.1056738048791885,0.0513561591506004,0.1018455103039741,98.9,2024-02-01,2,2024
H41,2024-03-01/2024-03-31,380,380,0.5002340078353882,0.1781613677740097,0.3285176753997803,0.1184379979968071,0.0724272280931472,0.1172882094979286,100.0,2024-03-01,3,2024
H41,2024-04-01/2024-04-30,376,380,0.4813264608383178,0.172315314412117,0.329240471124649,0.118712805211544,0.057861354202032,0.1072750613093376,98.9,2024-04-01,4,2024
H41,2024-05-01/2024-05-31,380,380,0.4068281352519989,0.1628945171833038,0.285291314125061,0.1114128306508064,0.0284246895462274,0.1145652458071708,100.0,2024-05-01,5,2024
H41,2024-06-01/2024-06-30,380,380,0.4153859317302704,0.1678304374217987,0.2918435633182525,0.1150064170360565,0.0336468555033206,0.1090100780129432,100.0,2024-06-01,6,2024
H41,2024-07-01/2024-07-31,380,380,0.6336931586265564,0.1940679252147674,0.467120885848999,0.1807776689529419,0.1561804711818695,0.1444569081068039,100.0,2024-07-01,7,2024
H41,2024-08-01/2024-08-31,0,380,0.6516168713569641,,0.45055101811885834,,0.15656714886426926,,0.0,2024-08-01,8,2024
H41,2024-09-01/2024-09-30,380,380,0.6695405840873718,0.1943512111902237,0.4339811503887176,0.1558837741613388,0.156953826546669,0.1512822210788726,100.0,2024-09-01,9,2024
H41,2024-10-01/2024-10-31,380,380,0.6385563611984253,0.192680537700653,0.4194011986255646,0.1585185825824737,0.1526964604854583,0.1722836196422577,100.0,2024-10-01,10,2024
H41,2024-11-01/2024-11-30,376,380,0.5729919075965881,0.1499288082122802,0.3314915895462036,0.0907171443104744,0.1011370792984962,0.1187437549233436,98.9,2024-11-01,11,2024
H41,2024-12-01/2024-12-31,380,380,0.5053406357765198,0.1661293655633926,0.3023190200328827,0.097555011510849,0.0722925290465354,0.1292192488908767,100.0,2024-12-01,12,2024
H42,2023-01-01/2023-01-31,380,380,0.3259927034378052,0.0620154477655887,0.2007974982261657,0.0398741476237773,-0.0382069237530231,0.0324429906904697,100.0,2023-01-01,1,2023
H42,2023-02-01/2023-02-28,380,380,0.2474774569272995,0.0422813631594181,0.1520957946777343,0.0243988391011953,-0.1006718277931213,0.0303204040974378,100.0,2023-02-01,2,2023
H42,2023-03-01/2023-03-31,380,380,0.2004394084215164,0.0330592691898345,0.1341350376605987,0.0210799481719732,-0.122459776699543,0.0281042233109474,100.0,2023-03-01,3,2023
H42,2023-04-01/2023-04-30,380,380,0.2041214853525161,0.0315137021243572,0.1369812935590744,0.0204171407967805,-0.1104963198304176,0.0256717298179864,100.0,2023-04-01,4,2023
H42,2023-05-01/2023-05-31,380,380,0.2270586043596267,0.0343047305941581,0.1575879603624344,0.0232791006565094,-0.0931256711483001,0.021310755982995,100.0,2023-05-01,5,2023
H42,2023-06-01/2023-06-30,380,380,0.2188108414411544,0.0303073041141033,0.14936463534832,0.0201441347599029,-0.0956054255366325,0.0242020580917596,100.0,2023-06-01,6,2023
H42,2023-07-01/2023-07-31,380,380,0.596520185470581,0.0735310837626457,0.4149753749370575,0.0697577893733978,0.153604969382286,0.0485631115734577,100.0,2023-07-01,7,2023
H42,2023-08-01/2023-08-31,100,380,0.5130015015602112,0.0208692643791437,0.553320050239563,0.0342403538525104,0.3016264140605926,0.015724804252386,26.3,2023-08-01,8,2023
H42,2023-09-01/2023-09-30,380,380,0.592943549156189,0.0858489498496055,0.4523982107639313,0.0760535150766372,0.153313934803009,0.0475073233246803,100.0,2023-09-01,9,2023
H42,2023-10-01/2023-10-31,380,380,0.4711450636386871,0.0522671081125736,0.1777124851942062,0.0257658679038286,-0.0412152186036109,0.0414360724389553,100.0,2023-10-01,10,2023
H42,2023-11-01/2023-11-30,380,380,0.5918792486190796,0.0716272145509719,0.4024932086467743,0.0560326538980007,0.0935303121805191,0.0288132950663566,100.0,2023-11-01,11,2023
H42,2023-12-01/2023-12-31,380,380,0.3973601460456848,0.0361788868904113,0.2173109501600265,0.0208038222044706,-0.0911905765533447,0.036165215075016,100.0,2023-12-01,12,2023
H42,2024-01-01/2024-01-31,380,380,0.4663841724395752,0.0640846267342567,0.2778899371623993,0.0463619008660316,-0.0300143267959356,0.0433881245553493,100.0,2024-01-01,1,2024
H42,2024-02-01/2024-02-29,380,380,0.3776696026325226,0.0558749735355377,0.2357661128044128,0.037609577178955,-0.0643146559596061,0.0378871001303195,100.0,2024-02-01,2,2024
H42,2024-03-01/2024-03-31,380,380,0.3336817324161529,0.0430179052054882,0.2228539735078811,0.0284657962620258,-0.0713301673531532,0.0283992402255535,100.0,2024-03-01,3,2024
H42,2024-04-01/2024-04-30,380,380,0.3029430210590362,0.0385234728455543,0.2044286280870437,0.0260103289037942,-0.1048749238252639,0.0262392666190862,100.0,2024-04-01,4,2024
H42,2024-05-01/2024-05-31,380,380,0.2823476195335388,0.0381054170429706,0.196063756942749,0.0258891377598047,-0.0910748839378357,0.0234006382524967,100.0,2024-05-01,5,2024
H42,2024-06-01/2024-06-30,380,380,0.2676031291484833,0.0332867316901683,0.1863121390342712,0.0221416484564542,-0.0959349274635315,0.0222140122205019,100.0,2024-06-01,6,2024
H42,2024-07-01/2024-07-31,380,380,0.5453712344169617,0.0674401000142097,0.3895740807056427,0.065291590988636,0.0644930005073547,0.0538702979683876,100.0,2024-07-01,7,2024
H42,2024-08-01/2024-08-31,0,380,0.576007068157196,,0.39788538217544556,,0.0767007134854793,,0.0,2024-08-01,8,2024
H42,2024-09-01/2024-09-30,380,380,0.6066429018974304,0.0655721426010131,0.4061966836452484,0.0503326840698719,0.0889084264636039,0.0350299663841724,100.0,2024-09-01,9,2024
H42,2024-10-01/2024-10-31,380,380,0.5627981424331665,0.0519003570079803,0.38530233502388,0.0388288386166095,0.0471525862812995,0.0353294871747493,100.0,2024-10-01,10,2024
H42,2024-11-01/2024-11-30,380,380,0.638255774974823,0.0761466175317764,0.4011173844337463,0.0639842599630355,0.0870282649993896,0.0552011094987392,100.0,2024-11-01,11,2024
H42,2024-12-01/2024-12-31,380,380,0.4742493033409118,0.0487348362803459,0.2883671820163727,0.0324320010840892,-0.0222026389092206,0.0336791686713695,100.0,2024-12-01,12,2024
H43,2023-01-01/2023-01-31,380,380,0.3457189500331878,0.1302723139524459,0.2173394411802292,0.0810961425304412,-0.0056201834231615,0.0298554543405771,100.0,2023-01-01,1,2023
H43,2023-02-01/2023-02-28,380,380,0.2577320337295532,0.0986419916152954,0.1632755398750305,0.0595362782478332,-0.0548660978674888,0.0352265089750289,100.0,2023-02-01,2,2023
H43,2023-03-01/2023-03-31,380,380,0.2412630170583725,0.0807362869381904,0.1697117388248443,0.0553027652204036,-0.0624858848750591,0.03318902105093,100.0,2023-03-01,3,2023
H43,2023-04-01/2023-04-30,380,380,0.2440743148326873,0.0794566348195076,0.1717963367700576,0.0537598170340061,-0.0497308745980262,0.0334255509078502,100.0,2023-04-01,4,2023
H43,2023-05-01/2023-05-31,380,380,0.2604120671749115,0.0726897045969963,0.1823764145374298,0.0485937669873237,-0.0527653656899929,0.044700626283884,100.0,2023-05-01,5,2023
H43,2023-06-01/2023-06-30,380,380,0.2695015966892242,0.0705594047904014,0.1858285218477249,0.045935746282339,-0.0506119579076767,0.0451067760586738,100.0,2023-06-01,6,2023
H43,2023-07-01/2023-07-31,380,380,0.6064792275428772,0.1581388562917709,0.4551834762096405,0.1587109118700027,0.161247506737709,0.109271690249443,100.0,2023-07-01,7,2023
H43,2023-08-01/2023-08-31,106,380,0.5039947032928467,0.0260280072689056,0.5331408977508545,0.0385317280888557,0.2773720324039459,0.0222473833709955,27.9,2023-08-01,8,2023
H43,2023-09-01/2023-09-30,380,380,0.5091941952705383,0.1069463640451431,0.3830589950084686,0.0874615609645843,0.0786088332533836,0.0358131900429725,100.0,2023-09-01,9,2023
H43,2023-10-01/2023-10-31,380,380,0.4331130087375641,0.0728630647063255,0.1855410933494568,0.0401121713221073,-0.0368048511445522,0.0567020326852798,100.0,2023-10-01,10,2023
H43,2023-11-01/2023-11-30,380,380,0.5268197059631348,0.1112893745303154,0.3612486124038696,0.0856416076421737,0.0437539145350456,0.0570269748568534,100.0,2023-11-01,11,2023
H43,2023-12-01/2023-12-31,380,380,0.4352880716323852,0.0660115852952003,0.2649476230144501,0.0445580631494522,-0.0378698594868183,0.0481386445462703,100.0,2023-12-01,12,2023
H43,2024-01-01/2024-01-31,380,380,0.4675554037094116,0.1115254312753677,0.2992449402809143,0.0729242116212844,-0.004286746494472,0.052788283675909,100.0,2024-01-01,1,2024
H43,2024-02-01/2024-02-29,380,380,0.4043931365013122,0.0843706727027893,0.2670745551586151,0.0553948171436786,-0.0232206303626298,0.0328180752694606,100.0,2024-02-01,2,2024
H43,2024-03-01/2024-03-31,380,380,0.3699700534343719,0.0740285217761993,0.2601054012775421,0.0488678403198719,-0.0220045559108257,0.032043132930994,100.0,2024-03-01,3,2024
H43,2024-04-01/2024-04-30,380,380,0.3580204546451568,0.0733011662960052,0.2555971145629883,0.0497818887233734,-0.044223628938198,0.0339955165982246,100.0,2024-04-01,4,2024
H43,2024-05-01/2024-05-31,380,380,0.3038600981235504,0.0672509595751762,0.2178529798984527,0.0440411865711212,-0.0502082183957099,0.0378405079245567,100.0,2024-05-01,5,2024
H43,2024-06-01/2024-06-30,380,380,0.2946716845035553,0.0616340190172195,0.2177817970514297,0.0422583073377609,-0.0447523109614849,0.0352811738848686,100.0,2024-06-01,6,2024
H43,2024-07-01/2024-07-31,380,380,0.6335010528564453,0.0797336474061012,0.4964268803596496,0.0796933323144912,0.1313004493713379,0.048148114234209,100.0,2024-07-01,7,2024
H43,2024-08-01/2024-08-31,0,380,0.5790520310401917,,0.4245202094316482,,0.08136027492582795,,0.0,2024-08-01,8,2024
H43,2024-09-01/2024-09-30,380,380,0.524603009223938,0.1080911830067634,0.3526135385036468,0.0868891105055809,0.031420100480318,0.0887456610798835,100.0,2024-09-01,9,2024
H43,2024-10-01/2024-10-31,380,380,0.5550715923309326,0.0839174166321754,0.3771680295467376,0.0701632276177406,0.0628792643547058,0.0480097569525241,100.0,2024-10-01,10,2024
H43,2024-11-01/2024-11-30,380,380,0.5138323307037354,0.0749487951397895,0.3165867924690246,0.0490237027406692,0.0097522484138607,0.0443202331662178,100.0,2024-11-01,11,2024
H43,2024-12-01/2024-12-31,380,380,0.4660089910030365,0.0664217695593833,0.2965267598628998,0.0430145859718322,0.0024774854537099,0.0378304161131382,100.0,2024-12-01,12,2024
H44,2023-01-01/2023-01-31,380,380,0.6338689923286438,0.0455100424587726,0.3489246964454651,0.0265649352222681,0.0715931355953216,0.030952651053667,100.0,2023-01-01,1,2023
H44,2023-02-01/2023-02-28,380,380,0.6467509865760803,0.0616034716367721,0.3600373864173889,0.038082830607891,0.0892328470945358,0.0384781062602996,100.0,2023-02-01,2,2023
H44,2023-03-01/2023-03-31,380,380,0.5658411383628845,0.0530954450368881,0.3598091602325439,0.0395629107952117,0.0456756390631198,0.0303901527076959,100.0,2023-03-01,3,2023
H44,2023-04-01/2023-04-30,380,380,0.5788911581039429,0.050328642129898,0.3680682182312011,0.0339680090546608,0.0599079094827175,0.0296880546957254,100.0,2023-04-01,4,2023
H44,2023-05-01/2023-05-31,380,380,0.5864555835723877,0.0472501292824745,0.3951340019702911,0.0367348790168762,0.0502089448273181,0.0239391941577196,100.0,2023-05-01,5,2023
H44,2023-06-01/2023-06-30,380,380,0.5866146087646484,0.044800654053688,0.3864434957504272,0.0313629396259784,0.0452177040278911,0.0229557491838932,100.0,2023-06-01,6,2023
H44,2023-07-01/2023-07-31,380,380,0.6415246725082397,0.0287423990666866,0.4090947210788727,0.0238434914499521,0.0200668890029191,0.0270100310444831,100.0,2023-07-01,7,2023
H44,2023-08-01/2023-08-31,349,380,0.4448573589324951,0.0159809067845344,0.4352728426456451,0.016793992370367,0.1675965040922165,0.0095091303810477,91.8,2023-08-01,8,2023
H44,2023-09-01/2023-09-30,380,380,0.6265424489974976,0.0375237353146076,0.3776046633720398,0.0246983617544174,0.0052438988350331,0.0328280180692672,100.0,2023-09-01,9,2023
H44,2023-10-01/2023-10-31,380,380,0.666037380695343,0.0387134179472923,0.2245565354824066,0.0189976599067449,0.0018203330691903,0.0270934272557497,100.0,2023-10-01,10,2023
H44,2023-11-01/2023-11-30,380,380,0.6564956903457642,0.0519373342394828,0.3766763806343078,0.0369851402938365,0.0630581229925155,0.035890556871891,100.0,2023-11-01,11,2023
H44,2023-12-01/2023-12-31,380,380,0.7503246068954468,0.0495196692645549,0.4105162322521209,0.035549696534872,0.1592187285423278,0.040666677057743,100.0,2023-12-01,12,2023
H44,2024-01-01/2024-01-31,380,380,0.7480034828186035,0.0532290749251842,0.4167417287826538,0.0321559570729732,0.1618684828281402,0.0354123041033744,100.0,2024-01-01,1,2024
H44,2024-02-01/2024-02-29,380,380,0.7274919152259827,0.0514710769057273,0.4301206767559051,0.0352608300745487,0.1466703116893768,0.029023315757513,100.0,2024-02-01,2,2024
H44,2024-03-01/2024-03-31,380,380,0.6597362160682678,0.0566596277058124,0.4029362797737121,0.0346597842872142,0.1102922558784484,0.0328811779618263,100.0,2024-03-01,3,2024
H44,2024-04-01/2024-04-30,380,380,0.6365431547164917,0.0527149923145771,0.4094713628292084,0.0350336506962776,0.0974769964814186,0.0350099354982376,100.0,2024-04-01,4,2024
H44,2024-05-01/2024-05-31,380,380,0.6472121477127075,0.0597012899816036,0.4367212355136871,0.0391664132475853,0.1203417927026748,0.0290903951972723,100.0,2024-05-01,5,2024
H44,2024-06-01/2024-06-30,380,380,0.6599843502044678,0.0644759461283683,0.4396321475505829,0.0458203256130218,0.1129614561796188,0.0292366724461317,100.0,2024-06-01,6,2024
H44,2024-07-01/2024-07-31,372,380,0.7907114624977112,0.030682748183608,0.5939722657203674,0.0371871069073677,0.2670488357543945,0.031842466443777,97.9,2024-07-01,7,2024
H44,2024-08-01/2024-08-31,0,380,0.7803446650505066,,0.5178243964910507,,0.21319726109504694,,0.0,2024-08-01,8,2024
H44,2024-09-01/2024-09-30,380,380,0.769977867603302,0.0525699295103549,0.441676527261734,0.0348720960319042,0.1593456864356994,0.0306248255074024,100.0,2024-09-01,9,2024
H44,2024-10-01/2024-10-31,380,380,0.7035385370254517,0.0543221905827522,0.3969041109085083,0.0331166982650756,0.1133461967110633,0.0316426679491996,100.0,2024-10-01,10,2024
H44,2024-11-01/2024-11-30,380,380,0.7505716681480408,0.0692650005221366,0.4234159290790558,0.0541317835450172,0.1830130070447921,0.053312212228775,100.0,2024-11-01,11,2024
H44,2024-12-01/2024-12-31,380,380,0.7595515847206116,0.0754740238189697,0.4443938732147217,0.0543186590075492,0.2298958003520965,0.0620495155453681,100.0,2024-12-01,12,2024
H45,2023-01-01/2023-01-31,380,380,0.4081675410270691,0.1124411895871162,0.265994131565094,0.0803738236427307,-0.0112305087968707,0.0898478850722312,100.0,2023-01-01,1,2023
H45,2023-02-01/2023-02-28,380,380,0.3008643388748169,0.0977317318320274,0.1928895264863968,0.0632920935750007,-0.0842348262667656,0.0644740462303161,100.0,2023-02-01,2,2023
H45,2023-03-01/2023-03-31,380,380,0.2511799335479736,0.0662046894431114,0.1640446782112121,0.0395056344568729,-0.1259299665689468,0.0470750592648983,100.0,2023-03-01,3,2023
H45,2023-04-01/2023-04-30,380,380,0.2553788721561432,0.064603567123413,0.1667442172765731,0.0380874648690223,-0.1209216639399528,0.0468844026327133,100.0,2023-04-01,4,2023
H45,2023-05-01/2023-05-31,380,380,0.234307587146759,0.0699490159749984,0.1537546217441558,0.0404319465160369,-0.1604788154363632,0.0401214882731437,100.0,2023-05-01,5,2023
H45,2023-06-01/2023-06-30,380,380,0.2465891987085342,0.0720482692122459,0.1568356305360794,0.0392592437565326,-0.1556229442358017,0.0391138717532157,100.0,2023-06-01,6,2023
H45,2023-07-01/2023-07-31,378,380,0.5019168853759766,0.229517713189125,0.3708349466323852,0.2295238524675369,0.0430027395486831,0.1775612831115722,99.5,2023-07-01,7,2023
H45,2023-08-01/2023-08-31,297,380,0.405757337808609,0.0652031749486923,0.4130008518695831,0.0814713686704635,0.1398282200098037,0.0433701984584331,78.2,2023-08-01,8,2023
H45,2023-09-01/2023-09-30,380,380,0.5934387445449829,0.2294902950525283,0.4714087247848511,0.2173768728971481,0.1478267014026641,0.1604396402835846,100.0,2023-09-01,9,2023
H45,2023-10-01/2023-10-31,374,380,0.5767889022827148,0.1550230532884597,0.2473946213722229,0.0847513005137443,0.027566710487008,0.1032724156975746,98.4,2023-10-01,10,2023
H45,2023-11-01/2023-11-30,380,380,0.4647234976291656,0.161808431148529,0.3129644989967346,0.1250332593917846,0.0113275768235325,0.0883424133062362,100.0,2023-11-01,11,2023
H45,2023-12-01/2023-12-31,380,380,0.4526633024215698,0.1135444715619087,0.2768572270870209,0.0864483192563057,-0.0226406063884496,0.0735758915543556,100.0,2023-12-01,12,2023
H45,2024-01-01/2024-01-31,380,380,0.4246562719345093,0.1299080401659011,0.2722413241863251,0.0952167436480522,-0.0325767807662487,0.0677459314465522,100.0,2024-01-01,1,2024
H45,2024-02-01/2024-02-29,380,380,0.405352771282196,0.1463568061590194,0.2665203213691711,0.10384501516819,-0.0227633100003004,0.0695121809840202,100.0,2024-02-01,2,2024
H45,2024-03-01/2024-03-31,380,380,0.3017810881137848,0.0945663452148437,0.2023696154356002,0.0626685693860054,-0.0736655220389366,0.0470464266836643,100.0,2024-03-01,3,2024
H45,2024-04-01/2024-04-30,380,380,0.2713928520679474,0.0838887095451355,0.1883323639631271,0.0589698739349842,-0.0971362963318824,0.0449568592011928,100.0,2024-04-01,4,2024
H45,2024-05-01/2024-05-31,380,380,0.2337703853845596,0.0801165848970413,0.1731528788805008,0.0597321651875972,-0.0773814991116523,0.04890963062644,100.0,2024-05-01,5,2024
H45,2024-06-01/2024-06-30,380,380,0.2444341331720352,0.0928550958633422,0.1790650486946106,0.0688554868102073,-0.0737001597881317,0.0522650890052318,100.0,2024-06-01,6,2024
H45,2024-07-01/2024-07-31,380,380,0.5094262361526489,0.1398814767599105,0.3717673718929291,0.1297536194324493,0.0275225080549716,0.0896838903427124,100.0,2024-07-01,7,2024
H45,2024-08-01/2024-08-31,0,380,0.6078054308891296,,0.47141946852207184,,0.13331105746328825,,0.0,2024-08-01,8,2024
H45,2024-09-01/2024-09-30,380,380,0.7061846256256104,0.2326441556215286,0.5710715651512146,0.2430530786514282,0.2390996068716049,0.195182129740715,100.0,2024-09-01,9,2024
H45,2024-10-01/2024-10-31,380,380,0.4776440262794494,0.1367644518613815,0.3453662395477295,0.1234635263681411,0.0219420567154884,0.1236656084656715,100.0,2024-10-01,10,2024
H45,2024-11-01/2024-11-30,380,380,0.530670166015625,0.1607029885053634,0.3327112793922424,0.128564715385437,0.0373152457177639,0.1238015964627265,100.0,2024-11-01,11,2024
H45,2024-12-01/2024-12-31,380,380,0.4432672560214996,0.1532939225435257,0.2852589190006256,0.0950175151228904,0.008719534613192,0.0797098726034164,100.0,2024-12-01,12,2024
H46,2023-01-01/2023-01-31,380,380,0.4738891124725342,0.1183807477355003,0.3033685982227325,0.0885385200381279,-0.0009101378382183,0.1001481115818023,100.0,2023-01-01,1,2023
H46,2023-02-01/2023-02-28,380,380,0.4237810969352722,0.0957494676113128,0.2675379812717438,0.0637611374258995,-0.0470577403903007,0.0739029720425605,100.0,2023-02-01,2,2023
H46,2023-03-01/2023-03-31,380,380,0.3296654224395752,0.080828882753849,0.2109449356794357,0.0520606413483619,-0.1170573979616165,0.0606211349368095,100.0,2023-03-01,3,2023
H46,2023-04-01/2023-04-30,380,380,0.3311481177806854,0.0840162485837936,0.2123445272445678,0.0532850846648216,-0.1093723475933075,0.0599758327007293,100.0,2023-04-01,4,2023
H46,2023-05-01/2023-05-31,380,380,0.3282464742660522,0.0920323356986045,0.207985520362854,0.0644580200314521,-0.143188014626503,0.0640043839812278,100.0,2023-05-01,5,2023
H46,2023-06-01/2023-06-30,380,380,0.3379873931407928,0.0915978476405143,0.2090189456939697,0.0629561468958854,-0.1380431354045868,0.0650183409452438,100.0,2023-06-01,6,2023
H46,2023-07-01/2023-07-31,380,380,0.7261195182800293,0.1932558715343475,0.5934013724327087,0.1967396736145019,0.2361391633749008,0.1360570639371872,100.0,2023-07-01,7,2023
H46,2023-08-01/2023-08-31,340,380,0.4800162315368652,0.0414978414773941,0.497344970703125,0.0553603619337081,0.1940696686506271,0.0323951505124568,89.5,2023-08-01,8,2023
H46,2023-09-01/2023-09-30,380,380,0.7319566607475281,0.1624894738197326,0.5868143439292908,0.1518180966377258,0.2480435371398925,0.0901162773370742,100.0,2023-09-01,9,2023
H46,2023-10-01/2023-10-31,376,380,0.7390462756156921,0.1037652045488357,0.3335434794425964,0.0645752698183059,0.1441081166267395,0.0619836077094078,98.9,2023-10-01,10,2023
H46,2023-11-01/2023-11-30,380,380,0.5322515964508057,0.1602048426866531,0.3559866547584533,0.1228971481323242,0.0673196166753768,0.094117984175682,100.0,2023-11-01,11,2023
H46,2023-12-01/2023-12-31,380,380,0.5554264783859253,0.1543862372636795,0.3472402393817901,0.1153375208377838,0.0462341979146003,0.1047266721725463,100.0,2023-12-01,12,2023
H46,2024-01-01/2024-01-31,380,380,0.4924123585224151,0.1407454460859298,0.3111442625522613,0.0995895415544509,0.0075492411851882,0.0802559331059455,100.0,2024-01-01,1,2024
H46,2024-02-01/2024-02-29,380,380,0.4726618826389313,0.1269297897815704,0.3058565557003021,0.086284227669239,-0.0029663124587386,0.0590509139001369,100.0,2024-02-01,2,2024
H46,2024-03-01/2024-03-31,380,380,0.3757583200931549,0.1081687286496162,0.2564318478107452,0.0728430822491645,-0.0525885224342346,0.0598515979945659,100.0,2024-03-01,3,2024
H46,2024-04-01/2024-04-30,380,380,0.3407346606254577,0.1062975600361824,0.2442950159311294,0.0769108384847641,-0.064969390630722,0.0607996545732021,100.0,2024-04-01,4,2024
H46,2024-05-01/2024-05-31,380,380,0.3147338926792145,0.1168748810887336,0.2282871007919311,0.0867960155010223,-0.0444542132318019,0.0577220991253852,100.0,2024-05-01,5,2024
H46,2024-06-01/2024-06-30,380,380,0.3217730224132538,0.1195634081959724,0.2307049036026001,0.0879268050193786,-0.0469835996627807,0.056072924286127,100.0,2024-06-01,6,2024
H46,2024-07-01/2024-07-31,380,380,0.5830974578857422,0.0730505883693695,0.4290764927864074,0.0614115111529827,0.0460600405931472,0.0568536967039108,100.0,2024-07-01,7,2024
H46,2024-08-01/2024-08-31,0,380,0.7003718316555023,,0.5424064695835114,,0.18152283877134318,,0.0,2024-08-01,8,2024
H46,2024-09-01/2024-09-30,380,380,0.8176462054252625,0.1199508979916572,0.6557364463806152,0.1557757556438446,0.3169856369495392,0.1110677346587181,100.0,2024-09-01,9,2024
H46,2024-10-01/2024-10-31,380,380,0.5651622414588928,0.1100977137684822,0.422502726316452,0.0860185399651527,0.0731113627552986,0.092967614531517,100.0,2024-10-01,10,2024
H46,2024-11-01/2024-11-30,380,380,0.5440620183944702,0.1023952886462211,0.3198805153369903,0.079765185713768,0.013565712608397,0.091952808201313,100.0,2024-11-01,11,2024
H46,2024-12-01/2024-12-31,380,380,0.6310452222824097,0.1070953160524368,0.3977145552635193,0.0832534506916999,0.1032843440771102,0.0754213854670524,100.0,2024-12-01,12,2024
H47,2023-01-01/2023-01-31,380,380,0.5989677906036377,0.0641020610928535,0.3622307479381561,0.0433084443211555,0.0719130784273147,0.051469936966896,100.0,2023-01-01,1,2023
H47,2023-02-01/2023-02-28,380,380,0.5496481657028198,0.0694389417767524,0.3380350172519684,0.049199778586626,0.0269936043769121,0.0545959286391735,100.0,2023-02-01,2,2023
H47,2023-03-01/2023-03-31,380,380,0.4667840301990509,0.0771116241812706,0.3020716905593872,0.0552122928202152,-0.0286081079393625,0.0537450350821018,100.0,2023-03-01,3,2023
H47,2023-04-01/2023-04-30,380,380,0.4723427891731262,0.0802877396345138,0.3030860424041748,0.0564214363694191,-0.0256004128605127,0.0526806861162185,100.0,2023-04-01,4,2023
H47,2023-05-01/2023-05-31,380,380,0.4906523525714874,0.0776770859956741,0.3250555098056793,0.0580928213894367,-0.0297506153583526,0.0517063774168491,100.0,2023-05-01,5,2023
H47,2023-06-01/2023-06-30,380,380,0.4897144138813019,0.0770349577069282,0.318046361207962,0.0571996495127677,-0.0270784646272659,0.052236933261156,100.0,2023-06-01,6,2023
H47,2023-07-01/2023-07-31,380,380,0.788942813873291,0.0761896073818206,0.6278786063194275,0.0878930538892746,0.262858897447586,0.0671732798218727,100.0,2023-07-01,7,2023
H47,2023-08-01/2023-08-31,380,380,0.5133593082427979,0.0203033052384853,0.5255719423294067,0.0209236945956945,0.2158318161964416,0.0176642090082168,100.0,2023-08-01,8,2023
H47,2023-09-01/2023-09-30,380,380,0.8183905482292175,0.0329422242939472,0.6213249564170837,0.0561824925243854,0.2905879020690918,0.0428001955151557,100.0,2023-09-01,9,2023
H47,2023-10-01/2023-10-31,380,380,0.8148558139801025,0.0269575659185647,0.3340884149074554,0.0343056805431842,0.2063648402690887,0.0429142117500305,100.0,2023-10-01,10,2023
H47,2023-11-01/2023-11-30,380,380,0.6903246641159058,0.0710931122303009,0.4561353921890259,0.0664947852492332,0.1624589413404464,0.0612384490668773,100.0,2023-11-01,11,2023
H47,2023-12-01/2023-12-31,380,380,0.7176083326339722,0.0657262951135635,0.4410752058029175,0.0592930391430854,0.1517065614461898,0.0596605464816093,100.0,2023-12-01,12,2023
H47,2024-01-01/2024-01-31,380,380,0.6203780174255371,0.0775652155280113,0.3725880682468414,0.0511474758386611,0.0648138746619224,0.054530706256628,100.0,2024-01-01,1,2024
H47,2024-02-01/2024-02-29,380,380,0.592923641204834,0.0628418400883674,0.3749486804008484,0.0439071878790855,0.0498928278684616,0.0433318130671978,100.0,2024-02-01,2,2024
H47,2024-03-01/2024-03-31,380,380,0.528619647026062,0.0751305371522903,0.3684612810611725,0.0549499094486236,0.0330535881221294,0.0456021353602409,100.0,2024-03-01,3,2024
H47,2024-04-01/2024-04-30,380,380,0.5051893591880798,0.074920080602169,0.3685324490070343,0.0594848617911338,0.0311229135841131,0.0476741753518581,100.0,2024-04-01,4,2024
H47,2024-05-01/2024-05-31,380,380,0.4849711656570434,0.103534385561943,0.355404257774353,0.0809345990419387,0.0406082980334758,0.0589246153831481,100.0,2024-05-01,5,2024
H47,2024-06-01/2024-06-30,380,380,0.4868660271167755,0.1033995226025581,0.3521725237369537,0.0804258584976196,0.034104935824871,0.0569480769336223,100.0,2024-06-01,6,2024
H47,2024-07-01/2024-07-31,380,380,0.6593379974365234,0.0494203008711338,0.4862582683563232,0.0499838180840015,0.0900419652462005,0.0430806279182434,100.0,2024-07-01,7,2024
H47,2024-08-01/2024-08-31,0,380,0.7498734891414642,,0.5460150837898254,,0.19770160317420954,,0.0,2024-08-01,8,2024
H47,2024-09-01/2024-09-30,380,380,0.840408980846405,0.0254583787173032,0.6057718992233276,0.0587806329131126,0.3053612411022186,0.0379099436104297,100.0,2024-09-01,9,2024
H47,2024-10-01/2024-10-31,380,380,0.6463461518287659,0.065831534564495,0.4481219351291656,0.0766902789473533,0.1322600543498993,0.0647878274321556,100.0,2024-10-01,10,2024
H47,2024-11-01/2024-11-30,380,380,0.6028258204460144,0.0992282852530479,0.3479245603084564,0.0774680227041244,0.0750657469034195,0.0890676751732826,100.0,2024-11-01,11,2024
H47,2024-12-01/2024-12-31,380,380,0.7194671034812927,0.0776123628020286,0.4424284398555755,0.0580571815371513,0.1821503341197967,0.0783077254891395,100.0,2024-12-01,12,2024
H48,2023-01-01/2023-01-31,380,380,0.3371540307998657,0.1070721223950386,0.2064947783946991,0.0646885782480239,-0.0065127247944474,0.0502333641052246,100.0,2023-01-01,1,2023
H48,2023-02-01/2023-02-28,380,380,0.2601823210716247,0.1049811989068985,0.1657251417636871,0.0650322362780571,-0.0553010553121566,0.0487819835543632,100.0,2023-02-01,2,2023
H48,2023-03-01/2023-03-31,380,380,0.2327504158020019,0.0909184888005256,0.1580906212329864,0.0615154504776001,-0.0672729760408401,0.0432069860398769,100.0,2023-03-01,3,2023
H48,2023-04-01/2023-04-30,380,380,0.2158562541007995,0.09467813372612,0.1480307579040527,0.0631412118673324,-0.0736042931675911,0.0438077226281166,100.0,2023-04-01,4,2023
H48,2023-05-01/2023-05-31,380,380,0.2153283208608627,0.1016644984483718,0.1507936120033264,0.0707262381911277,-0.0767430737614631,0.0489206053316593,100.0,2023-05-01,5,2023
H48,2023-06-01/2023-06-30,380,380,0.2141140252351761,0.0997767224907875,0.1470443308353424,0.0682313218712806,-0.0732949674129486,0.0470401681959629,100.0,2023-06-01,6,2023
H48,2023-07-01/2023-07-31,380,380,0.5312749147415161,0.1212930604815483,0.3543426394462585,0.1203174516558647,0.0979108735918998,0.0956315994262695,100.0,2023-07-01,7,2023
H48,2023-08-01/2023-08-31,376,380,0.4571821391582489,0.043028961867094,0.4326487183570862,0.0505422800779342,0.2080864608287811,0.0314728952944278,98.9,2023-08-01,8,2023
H48,2023-09-01/2023-09-30,380,380,0.5506437420845032,0.1232607886195182,0.406163215637207,0.1055961921811103,0.1492578834295272,0.0726905241608619,100.0,2023-09-01,9,2023
H48,2023-10-01/2023-10-31,380,380,0.4927795827388763,0.1268719136714935,0.1946296542882919,0.0580901429057121,0.0155063392594456,0.0857092961668968,100.0,2023-10-01,10,2023
H48,2023-11-01/2023-11-30,380,380,0.5579754114151001,0.1057815328240394,0.3698830008506775,0.0832282081246376,0.1068621799349784,0.066405639052391,100.0,2023-11-01,11,2023
H48,2023-12-01/2023-12-31,380,380,0.4396721422672272,0.1113924533128738,0.2449846416711807,0.070294864475727,-0.0313361659646034,0.0844401270151138,100.0,2023-12-01,12,2023
H48,2024-01-01/2024-01-31,380,380,0.4621278345584869,0.086910992860794,0.2785297334194183,0.0580959059298038,-0.0007977523491717,0.0629218742251396,100.0,2024-01-01,1,2024
H48,2024-02-01/2024-02-29,380,380,0.4129963219165802,0.0898057147860527,0.2554907202720642,0.0629524290561676,-0.0264643914997577,0.0650087594985961,100.0,2024-02-01,2,2024
H48,2024-03-01/2024-03-31,380,380,0.3249951303005218,0.0881811901926994,0.2209599912166595,0.0626405999064445,-0.0472633615136146,0.0531637519598007,100.0,2024-03-01,3,2024
H48,2024-04-01/2024-04-30,380,380,0.2914267182350158,0.0855005905032157,0.2029568254947662,0.0666892006993293,-0.0795533433556556,0.0589001290500164,100.0,2024-04-01,4,2024
H48,2024-05-01/2024-05-31,380,380,0.2770886421203613,0.0862378105521202,0.1997233778238296,0.0658747106790542,-0.0547018535435199,0.053523052483797,100.0,2024-05-01,5,2024
H48,2024-06-01/2024-06-30,380,380,0.2834495007991791,0.0824827179312706,0.209759846329689,0.0612799935042858,-0.0416997447609901,0.0463626459240913,100.0,2024-06-01,6,2024
H48,2024-07-01/2024-07-31,380,380,0.6380277872085571,0.1212910711765289,0.5025820136070251,0.1296366751194,0.1610814481973648,0.0790806412696838,100.0,2024-07-01,7,2024
H48,2024-08-01/2024-08-31,0,380,0.5305093079805374,,0.3902912437915802,,0.10656641423702236,,0.0,2024-08-01,8,2024
H48,2024-09-01/2024-09-30,380,380,0.4229908287525177,0.1742883026599884,0.2780004739761352,0.1318811923265457,0.0520513802766799,0.1067935973405838,100.0,2024-09-01,9,2024
H48,2024-10-01/2024-10-31,380,380,0.5117347240447998,0.0962494015693664,0.3466344773769378,0.0745739191770553,0.109241284430027,0.046797975897789,100.0,2024-10-01,10,2024
H48,2024-11-01/2024-11-30,380,380,0.441282719373703,0.0906495079398155,0.2638306319713592,0.0531012266874313,0.0283672716468572,0.0355382226407527,100.0,2024-11-01,11,2024
H48,2024-12-01/2024-12-31,380,380,0.3916052579879761,0.1302031576633453,0.2387268096208572,0.0807103440165519,0.0072031142190098,0.0712116435170173,100.0,2024-12-01,12,2024
H49,2023-01-01/2023-01-31,380,380,0.8692463636398315,0.0502537004649639,0.5090845823287964,0.0566693693399429,0.4031804203987121,0.0406914763152599,100.0,2023-01-01,1,2023
H49,2023-02-01/2023-02-28,380,380,0.8416985869407654,0.0560477636754512,0.4957776069641113,0.0560314692556858,0.3593144118785858,0.0446279868483543,100.0,2023-02-01,2,2023
H49,2023-03-01/2023-03-31,380,380,0.7484170198440552,0.073973923921585,0.4739972949028015,0.0564133636653423,0.2664915025234222,0.0458859503269195,100.0,2023-03-01,3,2023
H49,2023-04-01/2023-04-30,380,380,0.762134850025177,0.0706205070018768,0.4866282939910888,0.0542135946452617,0.2784311473369598,0.041890975087881,100.0,2023-04-01,4,2023
H49,2023-05-01/2023-05-31,380,380,0.771041214466095,0.0668199658393859,0.5385609865188599,0.0560297444462776,0.2690741419792175,0.0400209389626979,100.0,2023-05-01,5,2023
H49,2023-06-01/2023-06-30,380,380,0.760119616985321,0.0717877745628357,0.5101467967033386,0.0543571896851062,0.2594510316848755,0.0387599132955074,100.0,2023-06-01,6,2023
H49,2023-07-01/2023-07-31,377,380,0.7990491986274719,0.0422480516135692,0.5610681176185608,0.0452495738863945,0.2741762697696686,0.0314636267721653,99.2,2023-07-01,7,2023
H49,2023-08-01/2023-08-31,377,380,0.5405241250991821,0.0235865525901317,0.5075012445449829,0.0314003676176071,0.279285192489624,0.0157754700630903,99.2,2023-08-01,8,2023
H49,2023-09-01/2023-09-30,380,380,0.6418246030807495,0.0574616119265556,0.3881365656852722,0.0398609451949596,0.027742164209485,0.0328385345637798,100.0,2023-09-01,9,2023
H49,2023-10-01/2023-10-31,380,380,0.7261898517608643,0.0470669865608215,0.2556189298629761,0.0270127784460783,0.0899959951639175,0.0326761603355407,100.0,2023-10-01,10,2023
H49,2023-11-01/2023-11-30,380,380,0.6993920803070068,0.0439280495047569,0.4223939478397369,0.0415796414017677,0.1503571420907974,0.0348863713443279,100.0,2023-11-01,11,2023
H49,2023-12-01/2023-12-31,380,380,0.7774618268013,0.0461467839777469,0.4345121681690216,0.0380409657955169,0.224798247218132,0.0437631346285343,100.0,2023-12-01,12,2023
H49,2024-01-01/2024-01-31,380,380,0.7726417779922485,0.0564549304544925,0.4462449848651886,0.0407436154782772,0.2350452989339828,0.0393132418394088,100.0,2024-01-01,1,2024
H49,2024-02-01/2024-02-29,380,380,0.7455735206604004,0.061542559415102,0.4474649429321289,0.0460969619452953,0.2077996730804443,0.0347039178013801,100.0,2024-02-01,2,2024
H49,2024-03-01/2024-03-31,380,380,0.6529374718666077,0.067562885582447,0.4093188643455505,0.0412783026695251,0.1575506180524826,0.0297404751181602,100.0,2024-03-01,3,2024
H49,2024-04-01/2024-04-30,380,380,0.641551673412323,0.0620739161968231,0.4213762879371643,0.0414483472704887,0.1493339538574218,0.0302821639925241,100.0,2024-04-01,4,2024
H49,2024-05-01/2024-05-31,380,380,0.6397589445114136,0.0563329979777336,0.4357708096504211,0.0364039875566959,0.1514884382486343,0.0290907453745603,100.0,2024-05-01,5,2024
H49,2024-06-01/2024-06-30,380,380,0.6501458287239075,0.0601276196539402,0.4413104951381683,0.0440649129450321,0.1403140276670456,0.02888935059309,100.0,2024-06-01,6,2024
H49,2024-07-01/2024-07-31,232,380,0.6833202838897705,0.0389926135540008,0.5131463408470154,0.0456489846110343,0.1745491325855255,0.0306633524596691,61.1,2024-07-01,7,2024
H49,2024-08-01/2024-08-31,0,380,0.7210751473903656,,0.4765046238899231,,0.1801955327391624,,0.0,2024-08-01,8,2024
H49,2024-09-01/2024-09-30,380,380,0.7588300108909607,0.0654637888073921,0.4398629069328308,0.0564124174416065,0.1858419328927993,0.0358920581638813,100.0,2024-09-01,9,2024
H49,2024-10-01/2024-10-31,380,380,0.7004881501197815,0.0581372715532779,0.393634557723999,0.0427323654294014,0.145890787243843,0.0308514144271612,100.0,2024-10-01,10,2024
H49,2024-11-01/2024-11-30,380,380,0.7362192273139954,0.0874411687254905,0.4166616201400757,0.0621375143527984,0.2333802431821823,0.0432057119905948,100.0,2024-11-01,11,2024
H49,2024-12-01/2024-12-31,380,380,0.7479474544525146,0.0733082219958305,0.4127817749977112,0.0463059060275554,0.2568084299564361,0.0426305755972862,100.0,2024-12-01,12,2024
H5,2023-01-01/2023-01-31,380,380,0.4169456362724304,0.072133757174015,0.2293491512537002,0.0422499068081378,-0.1030917540192604,0.0537645891308784,100.0,2023-01-01,1,2023
H5,2023-02-01/2023-02-28,380,380,0.3986003398895263,0.0655219554901123,0.2239280343055725,0.0389752425253391,-0.1259709000587463,0.0490224286913871,100.0,2023-02-01,2,2023
H5,2023-03-01/2023-03-31,380,380,0.3869620859622955,0.0655306056141853,0.238536849617958,0.0450141169130802,-0.1242608502507209,0.0520734451711177,100.0,2023-03-01,3,2023
H5,2023-04-01/2023-04-30,380,380,0.3913250565528869,0.0642477571964263,0.2432355731725692,0.0440600551664829,-0.1183976605534553,0.0497459545731544,100.0,2023-04-01,4,2023
H5,2023-05-01/2023-05-31,380,380,0.3710047602653503,0.0609031878411769,0.237974002957344,0.0427411496639251,-0.130851000547409,0.0441774688661098,100.0,2023-05-01,5,2023
H5,2023-06-01/2023-06-30,380,380,0.3748826384544372,0.0585818327963352,0.2355323582887649,0.0414075478911399,-0.1251633167266845,0.0425706356763839,100.0,2023-06-01,6,2023
H5,2023-07-01/2023-07-31,380,380,0.6587386131286621,0.0465638972818851,0.4544577896595001,0.045815460383892,0.0918819233775138,0.0441662147641181,100.0,2023-07-01,7,2023
H5,2023-08-01/2023-08-31,0,380,0.6280711591243744,,0.4239436835050583,,0.0780984759330749,,0.0,2023-08-01,8,2023
H5,2023-09-01/2023-09-30,380,380,0.5974037051200867,0.0901636481285095,0.3934295773506164,0.0861010700464248,0.064315028488636,0.0805325135588646,100.0,2023-09-01,9,2023
H5,2023-10-01/2023-10-31,380,380,0.6295852065086365,0.0963873714208602,0.2330842614173889,0.0465733557939529,0.0460816696286201,0.0820583179593086,100.0,2023-10-01,10,2023
H5,2023-11-01/2023-11-30,380,380,0.6065978407859802,0.0747379511594772,0.3754288554191589,0.0665305703878402,0.0476229600608348,0.0780202001333236,100.0,2023-11-01,11,2023
H5,2023-12-01/2023-12-31,380,380,0.5651361346244812,0.089128777384758,0.3187950253486633,0.0606815628707408,0.0180885624140501,0.0752144232392311,100.0,2023-12-01,12,2023
H5,2024-01-01/2024-01-31,380,380,0.4858324825763702,0.0965514183044433,0.2844243049621582,0.0643515363335609,-0.0291947107762098,0.0770790353417396,100.0,2024-01-01,1,2024
H5,2024-02-01/2024-02-29,380,380,0.4103869795799255,0.0871237441897392,0.2470495104789734,0.0566236898303031,-0.0848657339811325,0.0669198557734489,100.0,2024-02-01,2,2024
H5,2024-03-01/2024-03-31,380,380,0.4448116421699524,0.0800954475998878,0.2889921963214874,0.0565403215587139,-0.0471447855234146,0.0610347874462604,100.0,2024-03-01,3,2024
H5,2024-04-01/2024-04-30,380,380,0.435699462890625,0.0804872214794159,0.2926495969295501,0.0594391673803329,-0.0590198561549186,0.0632629096508026,100.0,2024-04-01,4,2024
H5,2024-05-01/2024-05-31,380,380,0.4349909722805023,0.0819883123040199,0.3000541031360626,0.0600210316479206,-0.0391723923385143,0.0554848946630954,100.0,2024-05-01,5,2024
H5,2024-06-01/2024-06-30,380,380,0.4428205788135528,0.073822908103466,0.3146790266036987,0.0565881915390491,-0.0174595061689615,0.0527900084853172,100.0,2024-06-01,6,2024
H5,2024-07-01/2024-07-31,380,380,0.5565038323402405,0.0573709160089492,0.3992359042167663,0.0527247078716754,0.0351038016378879,0.0465871170163154,100.0,2024-07-01,7,2024
H5,2024-08-01/2024-08-31,0,380,0.5844587981700897,,0.3778436630964279,,0.02951519843190905,,0.0,2024-08-01,8,2024
H5,2024-09-01/2024-09-30,380,380,0.612413763999939,0.071676917374134,0.3564514219760895,0.0566069334745407,0.0239265952259302,0.0671037882566452,100.0,2024-09-01,9,2024
H5,2024-10-01/2024-10-31,380,380,0.6222028136253357,0.0659966692328453,0.3721784949302673,0.0528343357145786,0.0781880244612693,0.0602643005549907,100.0,2024-10-01,10,2024
H5,2024-11-01/2024-11-30,380,380,0.620882511138916,0.0711605027318,0.3498246371746063,0.0499870330095291,0.0689496770501136,0.0542105846107006,100.0,2024-11-01,11,2024
H5,2024-12-01/2024-12-31,380,380,0.6073712110519409,0.0742923766374588,0.3460411727428436,0.048994280397892,0.0680213049054145,0.0560185983777046,100.0,2024-12-01,12,2024
H50,2023-01-01/2023-01-31,380,380,0.8721237182617188,0.0329975970089435,0.4945546984672546,0.0440110191702842,0.4034025371074676,0.0323618426918983,100.0,2023-01-01,1,2023
H50,2023-02-01/2023-02-28,380,380,0.8040676712989807,0.051556397229433,0.4173353910446167,0.0371156111359596,0.269446462392807,0.0370803624391555,100.0,2023-02-01,2,2023
H50,2023-03-01/2023-03-31,380,380,0.7879365682601929,0.0649252235889434,0.5181617140769958,0.0510735847055912,0.31276336312294,0.0512639284133911,100.0,2023-03-01,3,2023
H50,2023-04-01/2023-04-30,380,380,0.8031666874885559,0.0612169206142425,0.5312773585319519,0.0479202158749103,0.3248064815998077,0.0458764508366584,100.0,2023-04-01,4,2023
H50,2023-05-01/2023-05-31,380,380,0.7859541773796082,0.0633666515350341,0.5489765405654907,0.0511916875839233,0.2939527034759521,0.0467148870229721,100.0,2023-05-01,5,2023
H50,2023-06-01/2023-06-30,380,380,0.7973989248275757,0.0603659972548484,0.5412606596946716,0.0468730479478836,0.3046532571315765,0.042787991464138,100.0,2023-06-01,6,2023
H50,2023-07-01/2023-07-31,352,380,0.7821975946426392,0.0676153451204299,0.5632663369178772,0.0582246035337448,0.3292523622512817,0.0310992076992988,92.6,2023-07-01,7,2023
H50,2023-08-01/2023-08-31,380,380,0.6752166152000427,0.0153102641925215,0.5811488628387451,0.0174522064626216,0.344823807477951,0.0117178969085216,100.0,2023-08-01,8,2023
H50,2023-09-01/2023-09-30,380,380,0.8472738265991211,0.0295576713979244,0.525113582611084,0.0309827141463756,0.3188615441322326,0.0295555163174867,100.0,2023-09-01,9,2023
H50,2023-10-01/2023-10-31,380,380,0.89169842004776,0.0275014042854309,0.3191814124584198,0.0218915380537509,0.3108933866024017,0.0324520356953144,100.0,2023-10-01,10,2023
H50,2023-11-01/2023-11-30,380,380,0.8580732941627502,0.0273937322199344,0.4667446315288543,0.0335031412541866,0.3165002465248108,0.0293995048850774,100.0,2023-11-01,11,2023
H50,2023-12-01/2023-12-31,380,380,0.8845621347427368,0.0287081189453601,0.4374935030937195,0.0331269204616546,0.3547635674476623,0.0325297750532627,100.0,2023-12-01,12,2023
H50,2024-01-01/2024-01-31,380,380,0.7766943573951721,0.0453554652631282,0.3838065564632416,0.0318238213658332,0.1949169784784317,0.035712219774723,100.0,2024-01-01,1,2024
H50,2024-02-01/2024-02-29,380,380,0.6653246283531189,0.0436896905303001,0.3539008200168609,0.0252079498022794,0.1675373017787933,0.030331328511238,100.0,2024-02-01,2,2024
H50,2024-03-01/2024-03-31,380,380,0.6867331862449646,0.0589609593152999,0.4377652108669281,0.0497239828109741,0.2024636715650558,0.0423416458070278,100.0,2024-03-01,3,2024
H50,2024-04-01/2024-04-30,380,380,0.6768109202384949,0.057553544640541,0.4528077840805053,0.0507421121001243,0.2005758583545684,0.0449275560677051,100.0,2024-04-01,4,2024
H50,2024-05-01/2024-05-31,380,380,0.7030255198478699,0.0650222599506378,0.4855900704860687,0.0515831597149372,0.1972307115793228,0.0428369343280792,100.0,2024-05-01,5,2024
H50,2024-06-01/2024-06-30,380,380,0.7258708477020264,0.0628127232193946,0.5090745687484741,0.0514572970569133,0.2162689417600631,0.0394018590450286,100.0,2024-06-01,6,2024
H50,2024-07-01/2024-07-31,4,380,0.7572479844093323,0.0145036661997437,0.5175527334213257,0.0258363932371139,0.2653346955776214,0.0225102584809064,1.1,2024-07-01,7,2024
H50,2024-08-01/2024-08-31,0,380,0.8049498200416565,,0.5198892951011658,,0.26856234669685364,,0.0,2024-08-01,8,2024
H50,2024-09-01/2024-09-30,380,380,0.8526516556739807,0.0414437726140022,0.5222258567810059,0.0452307537198066,0.2717899978160858,0.0419190376996994,100.0,2024-09-01,9,2024
H50,2024-10-01/2024-10-31,380,380,0.8480232357978821,0.0379035398364067,0.517960786819458,0.0406278148293495,0.2996205687522888,0.0395202934741973,100.0,2024-10-01,10,2024
H50,2024-11-01/2024-11-30,380,380,0.8385120630264282,0.0431501306593418,0.4628014862537384,0.0450037308037281,0.2793712019920349,0.0442497991025447,100.0,2024-11-01,11,2024
H50,2024-12-01/2024-12-31,380,380,0.6855892539024353,0.0448513329029083,0.372390478849411,0.031865332275629,0.1138369515538215,0.0388983860611915,100.0,2024-12-01,12,2024
H51,2023-01-01/2023-01-31,380,380,0.8111721873283386,0.096537709236145,0.4330032467842102,0.0529068112373352,0.3681699931621551,0.0795994699001312,100.0,2023-01-01,1,2023
H51,2023-02-01/2023-02-28,380,380,0.8331103920936584,0.0988101437687873,0.5053285956382751,0.0722733214497566,0.40046226978302,0.0946733653545379,100.0,2023-02-01,2,2023
H51,2023-03-01/2023-03-31,380,380,0.7790612578392029,0.1018615663051605,0.5183732509613037,0.0709622800350189,0.3221842050552368,0.0862981602549552,100.0,2023-03-01,3,2023
H51,2023-04-01/2023-04-30,380,380,0.7935225367546082,0.10217946767807,0.5247926115989685,0.0711016282439231,0.3198861479759216,0.0870598629117012,100.0,2023-04-01,4,2023
H51,2023-05-01/2023-05-31,380,380,0.8099656701087952,0.0911387652158737,0.5820042490959167,0.0738516077399253,0.3305835723876953,0.0843254551291465,100.0,2023-05-01,5,2023
H51,2023-06-01/2023-06-30,380,380,0.81749427318573,0.100267969071865,0.5724722743034363,0.0765963122248649,0.3400063216686249,0.0840250700712204,100.0,2023-06-01,6,2023
H51,2023-07-01/2023-07-31,380,380,0.8268603682518005,0.0696010962128639,0.615401029586792,0.0654008835554122,0.3562832474708557,0.0679590478539466,100.0,2023-07-01,7,2023
H51,2023-08-01/2023-08-31,379,380,0.6175207495689392,0.0424843393266201,0.5544865727424622,0.0319681577384471,0.3417301177978515,0.02470806799829,99.7,2023-08-01,8,2023
H51,2023-09-01/2023-09-30,380,380,0.8188799619674683,0.0902279466390609,0.512638509273529,0.0567161180078983,0.2947829067707062,0.0673419013619422,100.0,2023-09-01,9,2023
H51,2023-10-01/2023-10-31,380,380,0.863558828830719,0.0899970084428787,0.296927273273468,0.0347201190888881,0.2757595777511596,0.0669415220618248,100.0,2023-10-01,10,2023
H51,2023-11-01/2023-11-30,380,380,0.8340519070625305,0.0996408686041832,0.4400391280651092,0.0523005090653896,0.2719815373420715,0.0670617297291755,100.0,2023-11-01,11,2023
H51,2023-12-01/2023-12-31,380,380,0.8512235879898071,0.0898099169135093,0.4151697158813476,0.0515677817165851,0.3079306185245514,0.0700311064720153,100.0,2023-12-01,12,2023
H51,2024-01-01/2024-01-31,380,380,0.8211228251457214,0.0762150660157203,0.4023786187171936,0.0361931957304477,0.2545710802078247,0.0425036698579788,100.0,2024-01-01,1,2024
H51,2024-02-01/2024-02-29,380,380,0.7096782326698303,0.0588998980820179,0.3559596538543701,0.025428369641304,0.1609775424003601,0.027550846338272,100.0,2024-02-01,2,2024
H51,2024-03-01/2024-03-31,380,380,0.735956609249115,0.0893346965312957,0.4839363396167755,0.0667600408196449,0.2409215867519378,0.0595856457948684,100.0,2024-03-01,3,2024
H51,2024-04-01/2024-04-30,380,380,0.7220006585121155,0.0843936949968338,0.5023655295372009,0.0674192234873771,0.2394641488790512,0.061425007879734,100.0,2024-04-01,4,2024
H51,2024-05-01/2024-05-31,380,380,0.7921399474143982,0.0921211093664169,0.5511006116867065,0.0614416077733039,0.282186359167099,0.0504373461008071,100.0,2024-05-01,5,2024
H51,2024-06-01/2024-06-30,380,380,0.7955335378646851,0.0851746425032615,0.5699247121810913,0.0623918026685714,0.2891479432582855,0.045269850641489,100.0,2024-06-01,6,2024
H51,2024-07-01/2024-07-31,379,380,0.6235907673835754,0.0503832660615444,0.5742348432540894,0.0534611828625202,0.3054437041282654,0.0308163482695817,99.7,2024-07-01,7,2024
H51,2024-08-01/2024-08-31,0,380,0.7423471212387085,,0.5399061143398285,,0.29245345294475555,,0.0,2024-08-01,8,2024
H51,2024-09-01/2024-09-30,380,380,0.8611034750938416,0.0519711971282959,0.5055773854255676,0.0380938872694969,0.2794632017612457,0.0354406759142875,100.0,2024-09-01,9,2024
H51,2024-10-01/2024-10-31,380,380,0.8410578966140747,0.0559538267552852,0.4847361147403717,0.0399168245494365,0.2843679189682007,0.0380056463181972,100.0,2024-10-01,10,2024
H51,2024-11-01/2024-11-30,380,380,0.8203853964805603,0.0706065222620964,0.4006609320640564,0.0423921905457973,0.234029084444046,0.0462224744260311,100.0,2024-11-01,11,2024
H51,2024-12-01/2024-12-31,380,380,0.7938645482063293,0.0608098581433296,0.3811061680316925,0.0395492911338806,0.2828322649002075,0.0470777340233325,100.0,2024-12-01,12,2024
H52,2023-01-01/2023-01-31,380,380,0.6139346361160278,0.1001365184783935,0.3683142066001892,0.0676913782954216,0.1078249663114547,0.086098276078701,100.0,2023-01-01,1,2023
H52,2023-02-01/2023-02-28,380,380,0.535551905632019,0.0930065959692001,0.3269969522953033,0.0593236908316612,0.0449693128466606,0.0712332651019096,100.0,2023-02-01,2,2023
H52,2023-03-01/2023-03-31,376,380,0.4815805852413177,0.0774590298533439,0.3149728178977966,0.0518598221242427,0.003182933665812,0.0529467537999153,98.9,2023-03-01,3,2023
H52,2023-04-01/2023-04-30,380,380,0.4823684692382812,0.0839475467801094,0.3144708573818207,0.0605241768062114,0.0031269555911421,0.0750104039907455,100.0,2023-04-01,4,2023
H52,2023-05-01/2023-05-31,380,380,0.4747890532016754,0.0933586657047271,0.3213065862655639,0.0699416026473045,-0.0183463543653488,0.0691472589969635,100.0,2023-05-01,5,2023
H52,2023-06-01/2023-06-30,380,380,0.469020813703537,0.0954425483942031,0.3105812966823578,0.0656434148550033,-0.0135582853108644,0.0563082471489906,100.0,2023-06-01,6,2023
H52,2023-07-01/2023-07-31,380,380,0.599926233291626,0.0770267248153686,0.4125391840934753,0.0706172138452529,0.054501574486494,0.0706468969583511,100.0,2023-07-01,7,2023
H52,2023-08-01/2023-08-31,241,380,0.4340105354785919,0.0353100709617137,0.4183474481105804,0.0419736541807651,0.1949404776096344,0.0295558515936136,63.4,2023-08-01,8,2023
H52,2023-09-01/2023-09-30,380,380,0.6755216717720032,0.0966119319200515,0.4572571516036987,0.1058626398444175,0.1183044761419296,0.1115254610776901,100.0,2023-09-01,9,2023
H52,2023-10-01/2023-10-31,380,380,0.6671549081802368,0.0750838443636894,0.2373894602060318,0.0394860543310642,0.05342573300004,0.078465349972248,100.0,2023-10-01,10,2023
H52,2023-11-01/2023-11-30,376,380,0.6518809795379639,0.105100430548191,0.3855303525924682,0.0707518309354782,0.0923338308930397,0.0655415877699852,98.9,2023-11-01,11,2023
H52,2023-12-01/2023-12-31,380,380,0.721549928188324,0.0840575322508812,0.4085209965705871,0.0674214661121368,0.1644874364137649,0.0896876156330108,100.0,2023-12-01,12,2023
H52,2024-01-01/2024-01-31,380,380,0.6929402947425842,0.0977833196520805,0.4067729711532593,0.0758170932531356,0.1487102061510086,0.0842020809650421,100.0,2024-01-01,1,2024
H52,2024-02-01/2024-02-29,380,380,0.6375107765197754,0.0971743836998939,0.377168208360672,0.0670505911111831,0.1028071865439415,0.0839323103427887,100.0,2024-02-01,2,2024
H52,2024-03-01/2024-03-31,380,380,0.5583297610282898,0.098801851272583,0.3548390567302704,0.0653870478272438,0.068730928003788,0.0696012377738952,100.0,2024-03-01,3,2024
H52,2024-04-01/2024-04-30,380,380,0.5286629796028137,0.1017024666070938,0.3461050689220428,0.0669632032513618,0.0410317853093147,0.0641225054860115,100.0,2024-04-01,4,2024
H52,2024-05-01/2024-05-31,380,380,0.4517728984355926,0.1004815772175788,0.3143250644207001,0.0681530460715293,0.0165952257812023,0.0633372440934181,100.0,2024-05-01,5,2024
H52,2024-06-01/2024-06-30,380,380,0.4584245681762695,0.1024102866649627,0.3164984881877899,0.0707059204578399,0.0125162135809659,0.0727294906973838,100.0,2024-06-01,6,2024
H52,2024-07-01/2024-07-31,372,380,0.4841497242450714,0.0580533258616924,0.441103458404541,0.0639333724975586,0.11599101126194,0.0426749400794506,97.9,2024-07-01,7,2024
H52,2024-08-01/2024-08-31,0,380,0.5681493729352951,,0.4185498207807541,,0.11102635413408275,,0.0,2024-08-01,8,2024
H52,2024-09-01/2024-09-30,380,380,0.6521490216255188,0.0904177203774452,0.3959961831569671,0.0726392120122909,0.1060616970062255,0.0858436003327369,100.0,2024-09-01,9,2024
H52,2024-10-01/2024-10-31,380,380,0.6417820453643799,0.0905652791261673,0.3890204131603241,0.0711842775344848,0.1157541647553443,0.0823413431644439,100.0,2024-10-01,10,2024
H52,2024-11-01/2024-11-30,380,380,0.6843194961547852,0.1081362068653106,0.4004904627799988,0.077597290277481,0.1607749611139297,0.0962081626057624,100.0,2024-11-01,11,2024
H52,2024-12-01/2024-12-31,380,380,0.6984952688217163,0.1178588792681694,0.4134501516819,0.0787477418780326,0.1963811218738556,0.1019993051886558,100.0,2024-12-01,12,2024
H53,2023-01-01/2023-01-31,380,380,0.5886836647987366,0.1361099332571029,0.3348104059696197,0.0828967243432998,0.1136914119124412,0.0792686566710472,100.0,2023-01-01,1,2023
H53,2023-02-01/2023-02-28,380,380,0.5610061883926392,0.1352092027664184,0.32975634932518,0.0827694907784462,0.087146870791912,0.0712122544646263,100.0,2023-02-01,2,2023
H53,2023-03-01/2023-03-31,380,380,0.5115587115287781,0.1250596195459365,0.3276335000991821,0.0799410343170166,0.052710834890604,0.0567253455519676,100.0,2023-03-01,3,2023
H53,2023-04-01/2023-04-30,380,380,0.512944757938385,0.1338075250387191,0.3279025256633758,0.0856965258717536,0.0560618340969085,0.056967481970787,100.0,2023-04-01,4,2023
H53,2023-05-01/2023-05-31,380,380,0.5558277368545532,0.1270116418600082,0.3802107274532318,0.0899336338043212,0.0728322193026542,0.0574681870639324,100.0,2023-05-01,5,2023
H53,2023-06-01/2023-06-30,380,380,0.5381342172622681,0.1299692094326019,0.3568045496940613,0.0870755091309547,0.0670809671282768,0.0547827705740928,100.0,2023-06-01,6,2023
H53,2023-07-01/2023-07-31,380,380,0.673045814037323,0.103590153157711,0.4621914029121399,0.0842338129878044,0.1335704773664474,0.0523379184305667,100.0,2023-07-01,7,2023
H53,2023-08-01/2023-08-31,172,380,0.4188206791877746,0.0129329478368163,0.415297120809555,0.016665318980813,0.2100259810686111,0.0102698793634772,45.3,2023-08-01,8,2023
H53,2023-09-01/2023-09-30,380,380,0.632016122341156,0.1105269640684127,0.3992467820644378,0.0685694962739944,0.0826389715075492,0.0456021055579185,100.0,2023-09-01,9,2023
H53,2023-10-01/2023-10-31,375,380,0.7093583941459656,0.086627259850502,0.2521496415138244,0.0370226018130779,0.1227108165621757,0.0584769509732723,98.7,2023-10-01,10,2023
H53,2023-11-01/2023-11-30,380,380,0.6522172093391418,0.1021458208560943,0.3671576380729675,0.06594168394804,0.1048182621598243,0.0674787983298301,100.0,2023-11-01,11,2023
H53,2023-12-01/2023-12-31,380,380,0.7119334936141968,0.1134299337863922,0.386692613363266,0.0792930945754051,0.1695017367601394,0.0914522930979728,100.0,2023-12-01,12,2023
H53,2024-01-01/2024-01-31,380,380,0.6802111864089966,0.1167554929852485,0.3705763220787048,0.0775174349546432,0.1372689753770828,0.0818847194314003,100.0,2024-01-01,1,2024
H53,2024-02-01/2024-02-29,380,380,0.601037859916687,0.1255066990852356,0.3447180092334747,0.0793554410338401,0.0790675804018974,0.0728711560368537,100.0,2024-02-01,2,2024
H53,2024-03-01/2024-03-31,380,380,0.5686560273170471,0.1053436771035194,0.3559134304523468,0.0624952428042888,0.0835754498839378,0.0417097583413124,100.0,2024-03-01,3,2024
H53,2024-04-01/2024-04-30,380,380,0.5525449514389038,0.0990302115678787,0.3589994013309479,0.0633844435214996,0.0675284564495086,0.041297897696495,100.0,2024-04-01,4,2024
H53,2024-05-01/2024-05-31,380,380,0.562690258026123,0.1181162521243095,0.3858540952205658,0.0782008692622184,0.0825094059109687,0.0435848571360111,100.0,2024-05-01,5,2024
H53,2024-06-01/2024-06-30,380,380,0.560929536819458,0.1224399283528328,0.3873545527458191,0.0838601440191268,0.0913529470562934,0.0464912913739681,100.0,2024-06-01,6,2024
H53,2024-07-01/2024-07-31,347,380,0.5136287212371826,0.0372379869222641,0.4906720817089081,0.0819344222545623,0.1945507228374481,0.0252648442983627,91.3,2024-07-01,7,2024
H53,2024-08-01/2024-08-31,0,380,0.6088847517967224,,0.4526442438364029,,0.17017712444067,,0.0,2024-08-01,8,2024
H53,2024-09-01/2024-09-30,380,380,0.7041407823562622,0.093235932290554,0.4146164059638977,0.0619450397789478,0.1458035260438919,0.0587566532194614,100.0,2024-09-01,9,2024
H53,2024-10-01/2024-10-31,380,380,0.7304897904396057,0.0861838012933731,0.4516855776309967,0.0664184093475341,0.2106678187847137,0.0573829524219036,100.0,2024-10-01,10,2024
H53,2024-11-01/2024-11-30,380,380,0.7021580934524536,0.1138958036899566,0.4020609855651855,0.0817951112985611,0.1844059973955154,0.0826415568590164,100.0,2024-11-01,11,2024
H53,2024-12-01/2024-12-31,380,380,0.720800518989563,0.1145565882325172,0.4190453886985779,0.0877721086144447,0.2253590226173401,0.0873910635709762,100.0,2024-12-01,12,2024
H54,2023-01-01/2023-01-31,380,380,0.611030638217926,0.1439401060342788,0.3579329550266266,0.0921716466546058,0.1259883344173431,0.1416719704866409,100.0,2023-01-01,1,2023
H54,2023-02-01/2023-02-28,380,380,0.5354713797569275,0.1778555512428283,0.317586600780487,0.1141463816165924,0.053494744002819,0.168696254491806,100.0,2023-02-01,2,2023
H54,2023-03-01/2023-03-31,380,380,0.4690184891223907,0.1698283106088638,0.2985727488994598,0.1212605237960815,0.0004639223916456,0.1537938416004181,100.0,2023-03-01,3,2023
H54,2023-04-01/2023-04-30,380,380,0.4842127859592438,0.1796645224094391,0.3096119463443756,0.1268141567707061,0.0208607576787471,0.1621096134185791,100.0,2023-04-01,4,2023
H54,2023-05-01/2023-05-31,380,380,0.4649616777896881,0.172356441617012,0.3112184703350067,0.1321411281824112,-0.0073625864461064,0.1508545130491256,100.0,2023-05-01,5,2023
H54,2023-06-01/2023-06-30,380,380,0.47628054022789,0.1763440519571304,0.310813307762146,0.1271444112062454,0.0039558010175824,0.152381420135498,100.0,2023-06-01,6,2023
H54,2023-07-01/2023-07-31,380,380,0.6636625528335571,0.0786647573113441,0.4630033373832702,0.0685993060469627,0.1370649933815002,0.0786852091550827,100.0,2023-07-01,7,2023
H54,2023-08-01/2023-08-31,106,380,0.4320934116840362,0.0171056725084781,0.4268659949302673,0.0246045906096696,0.1935052275657653,0.0163438413292169,27.9,2023-08-01,8,2023
H54,2023-09-01/2023-09-30,380,380,0.5939128398895264,0.0692698508501052,0.3865145742893219,0.0565277934074401,0.0541208870708942,0.0531042367219924,100.0,2023-09-01,9,2023
H54,2023-10-01/2023-10-31,380,380,0.5866001844406128,0.0933732613921165,0.204316109418869,0.034120112657547,-0.0135648073628544,0.0704540088772773,100.0,2023-10-01,10,2023
H54,2023-11-01/2023-11-30,380,380,0.5981625914573669,0.0661482214927673,0.359389454126358,0.0482605621218681,0.0600006766617298,0.0593322850763797,100.0,2023-11-01,11,2023
H54,2023-12-01/2023-12-31,380,380,0.6515858769416809,0.0955170392990112,0.3631083369255066,0.0670003071427345,0.109890304505825,0.0896935015916824,100.0,2023-12-01,12,2023
H54,2024-01-01/2024-01-31,380,380,0.5726017951965332,0.1356296688318252,0.3152001500129699,0.0804266184568405,0.0440445207059383,0.1139022856950759,100.0,2024-01-01,1,2024
H54,2024-02-01/2024-02-29,380,380,0.5401269197463989,0.1321937888860702,0.3165793716907501,0.0779212713241577,0.0235588252544403,0.1013868153095245,100.0,2024-02-01,2,2024
H54,2024-03-01/2024-03-31,380,380,0.5070666074752808,0.1149791926145553,0.3218195140361786,0.0706478133797645,0.027667298913002,0.0811052173376083,100.0,2024-03-01,3,2024
H54,2024-04-01/2024-04-30,380,380,0.4888679981231689,0.112279012799263,0.3201813399791717,0.0740245953202247,0.0079992348328232,0.0825244858860969,100.0,2024-04-01,4,2024
H54,2024-05-01/2024-05-31,380,380,0.4633668065071106,0.1259859651327133,0.324116051197052,0.0860346257686615,0.0248652808368206,0.0804217606782913,100.0,2024-05-01,5,2024
H54,2024-06-01/2024-06-30,380,380,0.47288578748703,0.1331567466259002,0.3336257636547088,0.0901721119880676,0.032136958092451,0.0787566900253295,100.0,2024-06-01,6,2024
H54,2024-07-01/2024-07-31,380,380,0.5552148222923279,0.0784753486514091,0.4672229886054992,0.0651038512587547,0.1127892732620239,0.0485068932175636,100.0,2024-07-01,7,2024
H54,2024-08-01/2024-08-31,0,380,0.6020724773406982,,0.432674840092659,,0.10154558345675466,,0.0,2024-08-01,8,2024
H54,2024-09-01/2024-09-30,380,380,0.6489301323890686,0.0934704095125198,0.3981266915798187,0.0736235678195953,0.0903018936514854,0.0664702579379081,100.0,2024-09-01,9,2024
H54,2024-10-01/2024-10-31,380,380,0.5436977744102478,0.120469219982624,0.3243116438388824,0.0677203238010406,0.0460221208631992,0.0812784880399704,100.0,2024-10-01,10,2024
H54,2024-11-01/2024-11-30,380,380,0.6384072303771973,0.1125551611185073,0.3758335411548614,0.0787389650940895,0.1203373968601226,0.0967102348804473,100.0,2024-11-01,11,2024
H54,2024-12-01/2024-12-31,380,380,0.5983909964561462,0.1295617669820785,0.3494375944137573,0.0818312913179397,0.1161691471934318,0.1120704486966133,100.0,2024-12-01,12,2024
H55,2023-01-01/2023-01-31,380,380,0.4368111193180084,0.1640726029872894,0.2799969613552093,0.1226233392953872,-0.0123013574630022,0.1468906104564666,100.0,2023-01-01,1,2023
H55,2023-02-01/2023-02-28,380,380,0.3860056400299072,0.1187068149447441,0.2379264384508133,0.0795292854309082,-0.0628191530704498,0.1156822964549064,100.0,2023-02-01,2,2023
H55,2023-03-01/2023-03-31,380,380,0.297221302986145,0.1019224151968956,0.187608852982521,0.0635417848825454,-0.1232688128948211,0.0920103192329406,100.0,2023-03-01,3,2023
H55,2023-04-01/2023-04-30,380,380,0.3027026951313019,0.1143521144986152,0.1907413154840469,0.0713318884372711,-0.1119801551103591,0.1071713715791702,100.0,2023-04-01,4,2023
H55,2023-05-01/2023-05-31,380,380,0.2914409041404724,0.0946480259299278,0.186904564499855,0.0664630010724067,-0.1391517668962478,0.0931639522314071,100.0,2023-05-01,5,2023
H55,2023-06-01/2023-06-30,380,380,0.3095327615737915,0.11048124730587,0.195476233959198,0.0733165219426155,-0.1244114637374877,0.0954375118017196,100.0,2023-06-01,6,2023
H55,2023-07-01/2023-07-31,375,380,0.3483658134937286,0.1533078253269195,0.2210583239793777,0.1101822778582573,-0.0704010650515556,0.1045219749212265,98.7,2023-07-01,7,2023
H55,2023-08-01/2023-08-31,0,380,0.4607170671224594,,0.3244514837861061,,0.018274914473295198,,0.0,2023-08-01,8,2023
H55,2023-09-01/2023-09-30,380,380,0.5730683207511902,0.1674068123102188,0.4278446435928345,0.1740669012069702,0.106950893998146,0.1735922843217849,100.0,2023-09-01,9,2023
H55,2023-10-01/2023-10-31,380,380,0.572038471698761,0.1723857671022415,0.2251739501953125,0.0860841050744056,0.0386854037642478,0.1629800796508789,100.0,2023-10-01,10,2023
H55,2023-11-01/2023-11-30,380,380,0.5354128479957581,0.1539092510938644,0.3462922275066376,0.1258644610643386,0.0474539101123809,0.1494352668523788,100.0,2023-11-01,11,2023
H55,2023-12-01/2023-12-31,380,380,0.4964726865291595,0.1256698966026306,0.2908700704574585,0.0887971594929695,0.0021778582595288,0.1215780228376388,100.0,2023-12-01,12,2023
H55,2024-01-01/2024-01-31,375,380,0.4366213381290436,0.133259579539299,0.257009357213974,0.0890566036105156,-0.0269521530717611,0.1118592843413353,98.7,2024-01-01,1,2024
H55,2024-02-01/2024-02-29,375,380,0.4100081324577331,0.1278167366981506,0.25725257396698,0.0872319713234901,-0.0374596156179904,0.0997389033436775,98.7,2024-02-01,2,2024
H55,2024-03-01/2024-03-31,380,380,0.3289960622787475,0.0948476344347,0.2149723619222641,0.0612083375453949,-0.0649369135499,0.0848823189735412,100.0,2024-03-01,3,2024
H55,2024-04-01/2024-04-30,380,380,0.3060595095157623,0.0895092040300369,0.2041369378566742,0.0590271055698394,-0.0922697335481643,0.0719057098031044,100.0,2024-04-01,4,2024
H55,2024-05-01/2024-05-31,380,380,0.2678025662899017,0.0847851037979126,0.1849341541528701,0.0578141175210475,-0.084549531340599,0.0717213079333305,100.0,2024-05-01,5,2024
H55,2024-06-01/2024-06-30,380,380,0.2732085883617401,0.0908897817134857,0.1895715445280075,0.0639241933822631,-0.0801957920193672,0.0771664530038833,100.0,2024-06-01,6,2024
H55,2024-07-01/2024-07-31,375,380,0.5381965041160583,0.1429944485425949,0.4462844133377075,0.146119549870491,0.0925734639167785,0.1114250943064689,98.7,2024-07-01,7,2024
H55,2024-08-01/2024-08-31,0,380,0.5651508271694183,,0.42906390130519867,,0.0944910384714603,,0.0,2024-08-01,8,2024
H55,2024-09-01/2024-09-30,376,380,0.5921051502227783,0.1632758826017379,0.4118433892726898,0.1544764041900634,0.0964086130261421,0.1509787738323211,98.9,2024-09-01,9,2024
H55,2024-10-01/2024-10-31,380,380,0.5400391817092896,0.183974951505661,0.3751566410064697,0.1683771312236786,0.0783653333783149,0.1645924001932144,100.0,2024-10-01,10,2024
H55,2024-11-01/2024-11-30,375,380,0.5284092426300049,0.1411381810903549,0.3276643455028534,0.1091233044862747,0.0429353192448616,0.1219641417264938,98.7,2024-11-01,11,2024
H55,2024-12-01/2024-12-31,380,380,0.4611711204051971,0.1236465647816658,0.2904936969280243,0.0840348675847053,0.0195048097521066,0.1093250885605812,100.0,2024-12-01,12,2024
H56,2023-01-01/2023-01-31,380,380,0.4349428415298462,0.0843984484672546,0.2732435464859009,0.0790627226233482,-0.0219545233994722,0.1166777163743972,100.0,2023-01-01,1,2023
H56,2023-02-01/2023-02-28,368,380,0.3830223977565765,0.0863560289144516,0.2405487149953842,0.0626689568161964,-0.050571721047163,0.0884794667363166,96.8,2023-02-01,2,2023
H56,2023-03-01/2023-03-31,368,380,0.3164419531822204,0.0896797254681587,0.2016188651323318,0.0551532208919525,-0.0933722034096717,0.0911474153399467,96.8,2023-03-01,3,2023
H56,2023-04-01/2023-04-30,356,380,0.3202109038829803,0.0802168175578117,0.2038771212100982,0.048402402549982,-0.078890636563301,0.0710852965712547,93.7,2023-04-01,4,2023
H56,2023-05-01/2023-05-31,368,380,0.2558759152889251,0.1012565195560455,0.1642030328512191,0.0532065965235233,-0.1414718776941299,0.0742779597640037,96.8,2023-05-01,5,2023
H56,2023-06-01/2023-06-30,376,380,0.2581046819686889,0.0939604192972183,0.1569208651781082,0.0579955168068409,-0.1396880596876144,0.0620089285075664,98.9,2023-06-01,6,2023
H56,2023-07-01/2023-07-31,368,380,0.5580868124961853,0.1166135519742965,0.3959057927131653,0.098609909415245,0.0448451973497867,0.0761903151869773,96.8,2023-07-01,7,2023
H56,2023-08-01/2023-08-31,180,380,0.3457756042480469,0.0181477051228284,0.3711301684379577,0.0221279729157686,0.1224104240536689,0.0133879659697413,47.4,2023-08-01,8,2023
H56,2023-09-01/2023-09-30,368,380,0.5651180744171143,0.1286702156066894,0.4219464063644409,0.1135181933641433,0.0928224921226501,0.0883672758936882,96.8,2023-09-01,9,2023
H56,2023-10-01/2023-10-31,360,380,0.4390666484832763,0.0650653839111328,0.1738053262233734,0.038141194730997,-0.0743236318230629,0.0675856694579124,94.7,2023-10-01,10,2023
H56,2023-11-01/2023-11-30,356,380,0.5273423194885254,0.0782543867826461,0.3509557843208313,0.0682418942451477,0.0290633719414472,0.0756862685084343,93.7,2023-11-01,11,2023
H56,2023-12-01/2023-12-31,380,380,0.5759854912757874,0.1264607906341552,0.3679276406764984,0.1127412617206573,0.0556467697024345,0.134297490119934,100.0,2023-12-01,12,2023
H56,2024-01-01/2024-01-31,368,380,0.45295450091362,0.1124836429953575,0.2872937619686126,0.0797886326909065,-0.0095913242548704,0.1093045994639396,96.8,2024-01-01,1,2024
H56,2024-02-01/2024-02-29,364,380,0.2969114184379577,0.087305948138237,0.1976190656423568,0.0515052899718284,-0.0856786668300628,0.0941611006855964,95.8,2024-02-01,2,2024
H56,2024-03-01/2024-03-31,368,380,0.3408227562904358,0.0965609475970268,0.2347889393568039,0.0654460415244102,-0.0586768016219139,0.1040772646665573,96.8,2024-03-01,3,2024
H56,2024-04-01/2024-04-30,360,380,0.3291533887386322,0.065491497516632,0.2272213399410247,0.0494096428155899,-0.077420450747013,0.0681113451719284,94.7,2024-04-01,4,2024
H56,2024-05-01/2024-05-31,376,380,0.2532413899898529,0.0995859205722808,0.1791049093008041,0.0700374394655227,-0.0871512442827224,0.0958511605858802,98.9,2024-05-01,5,2024
H56,2024-06-01/2024-06-30,372,380,0.2483472526073455,0.1340842843055725,0.1846140772104263,0.0678840950131416,-0.0900943800806999,0.1208802834153175,97.9,2024-06-01,6,2024
H56,2024-07-01/2024-07-31,302,380,0.420707494020462,0.0746483728289604,0.3553827106952667,0.050440177321434,-0.0094258170574903,0.0319756008684635,79.5,2024-07-01,7,2024
H56,2024-08-01/2024-08-31,0,380,0.4859912544488907,,0.3653434067964554,,0.029558145441114896,,0.0,2024-08-01,8,2024
H56,2024-09-01/2024-09-30,368,380,0.5512750148773193,0.1382497996091842,0.375304102897644,0.1254163086414337,0.0685421079397201,0.1314031928777694,96.8,2024-09-01,9,2024
H56,2024-10-01/2024-10-31,360,380,0.5519524812698364,0.0872664973139762,0.3682713508605957,0.0768042802810669,0.0578763633966445,0.0842378586530685,94.7,2024-10-01,10,2024
H56,2024-11-01/2024-11-30,368,380,0.5357338190078735,0.0962174907326698,0.3286113440990448,0.0838438645005226,0.0217046663165092,0.1001156941056251,96.8,2024-11-01,11,2024
H56,2024-12-01/2024-12-31,380,380,0.5600654482841492,0.1013180688023567,0.3449186980724334,0.0996594130992889,0.0564848408102989,0.1216103285551071,100.0,2024-12-01,12,2024
H57,2023-01-01/2023-01-31,380,380,0.5582735538482666,0.1006215885281562,0.3197526037693023,0.0657106712460517,0.0683463886380195,0.1015749424695968,100.0,2023-01-01,1,2023
H57,2023-02-01/2023-02-28,380,380,0.4839816391468048,0.1112488955259323,0.2933863401412964,0.0744849219918251,0.0288789607584476,0.1050739362835884,100.0,2023-02-01,2,2023
H57,2023-03-01/2023-03-31,380,380,0.3990845382213592,0.1324716359376907,0.259988009929657,0.1017767563462257,-0.0270904898643493,0.1209658086299896,100.0,2023-03-01,3,2023
H57,2023-04-01/2023-04-30,380,380,0.3977806568145752,0.1383351236581802,0.2593826353549957,0.1054701432585716,-0.025149056687951,0.1209833398461341,100.0,2023-04-01,4,2023
H57,2023-05-01/2023-05-31,380,380,0.3860403001308441,0.1404455304145813,0.2607496082782745,0.1159416809678077,-0.059519525617361,0.1334524303674698,100.0,2023-05-01,5,2023
H57,2023-06-01/2023-06-30,380,380,0.3902705907821655,0.1358329951763153,0.2561057507991791,0.1106761619448661,-0.06013685464859,0.1339907646179199,100.0,2023-06-01,6,2023
H57,2023-07-01/2023-07-31,380,380,0.731870174407959,0.063483715057373,0.5398048758506775,0.0909826532006263,0.1891260892152786,0.0960167869925499,100.0,2023-07-01,7,2023
H57,2023-08-01/2023-08-31,155,380,0.4365673959255218,0.0507181584835052,0.4461501538753509,0.0560863427817821,0.2094182223081588,0.0381015948951244,40.8,2023-08-01,8,2023
H57,2023-09-01/2023-09-30,380,380,0.6245930194854736,0.1006347760558128,0.4174555838108063,0.08284492790699,0.0730863884091377,0.1006849333643913,100.0,2023-09-01,9,2023
H57,2023-10-01/2023-10-31,380,380,0.6602124571800232,0.1221205219626426,0.2471686750650406,0.0567479990422725,0.0578614436089992,0.1224878132343292,100.0,2023-10-01,10,2023
H57,2023-11-01/2023-11-30,380,380,0.5967042446136475,0.1278111934661865,0.3554531335830688,0.0905814319849014,0.0603215359151363,0.1154320761561393,100.0,2023-11-01,11,2023
H57,2023-12-01/2023-12-31,380,380,0.579763650894165,0.1461282819509506,0.31020587682724,0.0883955880999565,0.0312275234609842,0.1281655132770538,100.0,2023-12-01,12,2023
H57,2024-01-01/2024-01-31,380,380,0.5196598768234253,0.1245066970586776,0.2827233672142029,0.0700151994824409,-0.0066285044886171,0.108238473534584,100.0,2024-01-01,1,2024
H57,2024-02-01/2024-02-29,380,380,0.4276645183563232,0.1055420935153961,0.2442220449447631,0.0595356449484825,-0.0625781118869781,0.0925056710839271,100.0,2024-02-01,2,2024
H57,2024-03-01/2024-03-31,380,380,0.4282487630844116,0.1183030381798744,0.2784335613250732,0.0895113423466682,-0.0261486079543828,0.1094012483954429,100.0,2024-03-01,3,2024
H57,2024-04-01/2024-04-30,380,380,0.4076536893844604,0.1170205399394035,0.2721778154373169,0.0914488062262535,-0.047400202602148,0.1055709272623062,100.0,2024-04-01,4,2024
H57,2024-05-01/2024-05-31,380,380,0.3846482932567596,0.1446572691202163,0.2675348818302154,0.1122932583093643,-0.0360148698091506,0.1146455183625221,100.0,2024-05-01,5,2024
H57,2024-06-01/2024-06-30,380,380,0.3727840185165405,0.1481250375509262,0.2621425092220306,0.1140945106744766,-0.0383174046874046,0.1155837699770927,100.0,2024-06-01,6,2024
H57,2024-07-01/2024-07-31,352,380,0.4519325196743011,0.1168889105319976,0.3682022094726562,0.08376345038414,0.0149327656254172,0.0794825404882431,92.6,2024-07-01,7,2024
H57,2024-08-01/2024-08-31,0,380,0.5423416048288345,,0.3837049156427383,,0.048222574871033395,,0.0,2024-08-01,8,2024
H57,2024-09-01/2024-09-30,380,380,0.6327506899833679,0.1291379034519195,0.3992076218128204,0.101479060947895,0.0815123841166496,0.1183643639087677,100.0,2024-09-01,9,2024
H57,2024-10-01/2024-10-31,380,380,0.7046910524368286,0.0879350006580352,0.4595488607883453,0.0817048102617263,0.1711045354604721,0.0922554954886436,100.0,2024-10-01,10,2024
H57,2024-11-01/2024-11-30,380,380,0.6344724297523499,0.1092906445264816,0.3755941689014435,0.0806860476732254,0.1108232587575912,0.1062439829111099,100.0,2024-11-01,11,2024
H57,2024-12-01/2024-12-31,380,380,0.6026893854141235,0.1007251515984535,0.3471560776233673,0.0688316226005554,0.101027987897396,0.092965118587017,100.0,2024-12-01,12,2024
H58,2023-01-01/2023-01-31,380,380,0.4083498418331146,0.1026542410254478,0.2316188067197799,0.041904579848051,-0.0659805089235305,0.0646768733859062,100.0,2023-01-01,1,2023
H58,2023-02-01/2023-02-28,380,380,0.3455506861209869,0.0609457343816757,0.1875127255916595,0.022591995075345,-0.1232867762446403,0.0311272703111171,100.0,2023-02-01,2,2023
H58,2023-03-01/2023-03-31,380,380,0.3000141084194183,0.0308032687753438,0.1742600351572036,0.022430820390582,-0.1623864769935608,0.0263870190829038,100.0,2023-03-01,3,2023
H58,2023-04-01/2023-04-30,380,380,0.3025585114955902,0.0336625315248966,0.1743886470794677,0.0256129186600446,-0.1572286635637283,0.0287798289209604,100.0,2023-04-01,4,2023
H58,2023-05-01/2023-05-31,380,380,0.3166686296463012,0.0517413802444934,0.1857159286737442,0.0283137541264295,-0.1639497876167297,0.0396827012300491,100.0,2023-05-01,5,2023
H58,2023-06-01/2023-06-30,380,380,0.3225318193435669,0.0523524805903434,0.1849644929170608,0.0282925944775342,-0.1600986719131469,0.0408976711332798,100.0,2023-06-01,6,2023
H58,2023-07-01/2023-07-31,380,380,0.6884515285491943,0.0883311480283737,0.5207013487815857,0.0880348905920982,0.1706409454345703,0.0709802657365799,100.0,2023-07-01,7,2023
H58,2023-08-01/2023-08-31,0,380,0.6358843445777893,,0.46137839555740356,,0.11687139049172401,,0.0,2023-08-01,8,2023
H58,2023-09-01/2023-09-30,380,380,0.5833171606063843,0.1114195063710212,0.4020554423332214,0.0857520550489425,0.0631018355488777,0.0977381393313407,100.0,2023-09-01,9,2023
H58,2023-10-01/2023-10-31,380,380,0.6630120873451233,0.0892790779471397,0.2636669874191284,0.0426542200148105,0.0508200004696846,0.08928132802248,100.0,2023-10-01,10,2023
H58,2023-11-01/2023-11-30,380,380,0.6960425972938538,0.0544645972549915,0.4575985968112945,0.0499204844236373,0.1338280737400055,0.060693334788084,100.0,2023-11-01,11,2023
H58,2023-12-01/2023-12-31,380,380,0.4200940728187561,0.1411277949810028,0.2252590209245681,0.0659556090831756,-0.1084240898489952,0.0950395688414573,100.0,2023-12-01,12,2023
H58,2024-01-01/2024-01-31,380,380,0.4201382994651794,0.0773719847202301,0.2283694148063659,0.029216093942523,-0.1226535364985466,0.0467352457344532,100.0,2024-01-01,1,2024
H58,2024-02-01/2024-02-29,380,380,0.4034032821655273,0.0500327125191688,0.2309209257364273,0.0296078566461801,-0.1207360923290252,0.034397754818201,100.0,2024-02-01,2,2024
H58,2024-03-01/2024-03-31,380,380,0.3401482701301574,0.0319779254496097,0.2091894000768661,0.0296262577176094,-0.1231425032019615,0.041417371481657,100.0,2024-03-01,3,2024
H58,2024-04-01/2024-04-30,380,380,0.311411052942276,0.0297821890562772,0.1997380256652832,0.0309850629419088,-0.1506896913051605,0.0383235141634941,100.0,2024-04-01,4,2024
H58,2024-05-01/2024-05-31,380,380,0.3123705089092254,0.0465856231749057,0.2132890820503235,0.0305297132581472,-0.1007594540715217,0.0436332896351814,100.0,2024-05-01,5,2024
H58,2024-06-01/2024-06-30,380,380,0.3154354691505432,0.0454370379447937,0.2157328575849533,0.0313121378421783,-0.095389574766159,0.0452270582318306,100.0,2024-06-01,6,2024
H58,2024-07-01/2024-07-31,380,380,0.651692271232605,0.0764558687806129,0.4873060584068298,0.0700869485735893,0.1129762455821037,0.0795895010232925,100.0,2024-07-01,7,2024
H58,2024-08-01/2024-08-31,0,380,0.5997601449489594,,0.41623145341873163,,0.04480827786028385,,0.0,2024-08-01,8,2024
H58,2024-09-01/2024-09-30,380,380,0.5478280186653137,0.1400077044963836,0.3451568484306335,0.1135098338127136,-0.023359689861536,0.1310091614723205,100.0,2024-09-01,9,2024
H58,2024-10-01/2024-10-31,380,380,0.6494842767715454,0.0983757898211479,0.4334526360034942,0.0918202772736549,0.0991536974906921,0.1003803610801696,100.0,2024-10-01,10,2024
H58,2024-11-01/2024-11-30,380,380,0.5702704191207886,0.0775642842054367,0.3198834955692291,0.0496599376201629,0.0126891313120722,0.069214716553688,100.0,2024-11-01,11,2024
H58,2024-12-01/2024-12-31,380,380,0.5867816805839539,0.0511511862277984,0.3360750377178192,0.0463590919971466,0.03284153342247,0.0384502038359642,100.0,2024-12-01,12,2024
H59,2023-01-01/2023-01-31,380,380,0.413200169801712,0.0755212008953094,0.2071612924337387,0.0500934645533561,-0.1072829216718673,0.06039335206151,100.0,2023-01-01,1,2023
H59,2023-02-01/2023-02-28,380,380,0.3481135368347168,0.0706368386745452,0.1783361732959747,0.0429073423147201,-0.1514255851507187,0.0550955533981323,100.0,2023-02-01,2,2023
H59,2023-03-01/2023-03-31,380,380,0.2751170694828033,0.0378811247646808,0.1572006791830063,0.0261932667344808,-0.1821393221616745,0.0351183265447616,100.0,2023-03-01,3,2023
H59,2023-04-01/2023-04-30,380,380,0.283012181520462,0.0395376048982143,0.1607369482517242,0.0273661985993385,-0.1733217388391494,0.0370358973741531,100.0,2023-04-01,4,2023
H59,2023-05-01/2023-05-31,380,380,0.2891704440116882,0.0479937903583049,0.1691445857286453,0.0273986905813217,-0.1694626212120056,0.0336123332381248,100.0,2023-05-01,5,2023
H59,2023-06-01/2023-06-30,380,380,0.2830469012260437,0.0490035787224769,0.1621219366788864,0.0265864320099353,-0.1749309748411178,0.0316370613873004,100.0,2023-06-01,6,2023
H59,2023-07-01/2023-07-31,380,380,0.6790095567703247,0.0882924422621727,0.4862100780010223,0.1147006228566169,0.1412443220615387,0.0841139182448387,100.0,2023-07-01,7,2023
H59,2023-08-01/2023-08-31,374,380,0.5066983103752136,0.0320012159645557,0.5342699885368347,0.0487121045589447,0.267489343881607,0.0234616193920373,98.4,2023-08-01,8,2023
H59,2023-09-01/2023-09-30,380,380,0.6573708057403564,0.1414835602045059,0.4716817736625671,0.1455632746219635,0.1452431827783584,0.1527712047100067,100.0,2023-09-01,9,2023
H59,2023-10-01/2023-10-31,380,380,0.6919775605201721,0.0685756877064704,0.2515528202056885,0.0576444454491138,0.0736525356769561,0.0736878588795661,100.0,2023-10-01,10,2023
H59,2023-11-01/2023-11-30,380,380,0.6797335743904114,0.0735231637954711,0.4505425691604614,0.0928627029061317,0.154080793261528,0.0732828676700592,100.0,2023-11-01,11,2023
H59,2023-12-01/2023-12-31,380,380,0.6102285981178284,0.0825239270925521,0.3163905441761017,0.0835341066122055,0.0094672441482543,0.0948567017912864,100.0,2023-12-01,12,2023
H59,2024-01-01/2024-01-31,380,380,0.4201819896697998,0.0618147999048233,0.2215603142976761,0.0432927906513214,-0.1230892091989517,0.0641851350665092,100.0,2024-01-01,1,2024
H59,2024-02-01/2024-02-29,380,380,0.4537227153778076,0.06610107421875,0.2519046068191528,0.0567452944815158,-0.1092269718647003,0.0662712156772613,100.0,2024-02-01,2,2024
H59,2024-03-01/2024-03-31,380,380,0.3744002878665924,0.0472725927829742,0.2212330400943756,0.039972323924303,-0.1297241747379303,0.0532554984092712,100.0,2024-03-01,3,2024
H59,2024-04-01/2024-04-30,380,380,0.3389177918434143,0.0433755069971084,0.2065789103507995,0.037157479673624,-0.1602746993303299,0.0500931069254875,100.0,2024-04-01,4,2024
H59,2024-05-01/2024-05-31,380,380,0.2967181205749511,0.0460176542401313,0.1932580471038818,0.031418390572071,-0.1386308073997497,0.0461256243288517,100.0,2024-05-01,5,2024
H59,2024-06-01/2024-06-30,380,380,0.3080802261829376,0.0498423650860786,0.2037774175405502,0.0348052717745304,-0.122657835483551,0.047768011689186,100.0,2024-06-01,6,2024
H59,2024-07-01/2024-07-31,103,380,0.7590929865837097,0.0425967276096344,0.5811479687690735,0.0674853101372718,0.2196525633335113,0.0440218746662139,27.1,2024-07-01,7,2024
H59,2024-08-01/2024-08-31,0,380,0.8027120530605316,,0.6250067055225372,,0.26131884753704065,,0.0,2024-08-01,8,2024
H59,2024-09-01/2024-09-30,380,380,0.8463311195373535,0.0324710719287395,0.668865442276001,0.0545006170868873,0.30298513174057,0.0447873882949352,100.0,2024-09-01,9,2024
H59,2024-10-01/2024-10-31,380,380,0.7829432487487793,0.0580346994102001,0.5993475317955017,0.089642159640789,0.275355726480484,0.0648092851042747,100.0,2024-10-01,10,2024
H59,2024-11-01/2024-11-30,380,380,0.6619769334793091,0.0784107074141502,0.3810538947582245,0.0845742896199226,0.0708944648504257,0.0922518372535705,100.0,2024-11-01,11,2024
H59,2024-12-01/2024-12-31,380,380,0.4093292355537414,0.0657361671328544,0.2595694959163666,0.0394948497414588,-0.0609096735715866,0.0628349930047988,100.0,2024-12-01,12,2024
H6,2023-01-01/2023-01-31,380,380,0.3539847135543823,0.0680654123425483,0.1876183301210403,0.0411779507994651,-0.1336509138345718,0.050733096897602,100.0,2023-01-01,1,2023
H6,2023-02-01/2023-02-28,380,380,0.3234650492668152,0.0650043040513992,0.1782109141349792,0.0396133475005626,-0.1535502076148986,0.0445953644812107,100.0,2023-02-01,2,2023
H6,2023-03-01/2023-03-31,380,380,0.2636080682277679,0.0642581656575203,0.1583198010921478,0.0433336719870567,-0.1818954050540924,0.0450835488736629,100.0,2023-03-01,3,2023
H6,2023-04-01/2023-04-30,380,380,0.2598575055599212,0.063563585281372,0.1583038419485092,0.0419787280261516,-0.1727022677659988,0.04582304880023,100.0,2023-04-01,4,2023
H6,2023-05-01/2023-05-31,380,380,0.2680735886096954,0.0558159165084362,0.1618515253067016,0.038702305406332,-0.1868853121995926,0.0381787344813346,100.0,2023-05-01,5,2023
H6,2023-06-01/2023-06-30,380,380,0.2715415954589844,0.0544574931263923,0.1616774201393127,0.0369349122047424,-0.1815825551748275,0.0366697385907173,100.0,2023-06-01,6,2023
H6,2023-07-01/2023-07-31,380,380,0.5556290745735168,0.0831791087985038,0.3560522794723511,0.0805102810263633,0.0363962389528751,0.0691420063376426,100.0,2023-07-01,7,2023
H6,2023-08-01/2023-08-31,0,380,0.5397225320339203,,0.34139789640903473,,0.01910037786001335,,0.0,2023-08-01,8,2023
H6,2023-09-01/2023-09-30,380,380,0.5238159894943237,0.0910441726446151,0.3267435133457184,0.0727233812212944,0.0018045167671516,0.0683426260948181,100.0,2023-09-01,9,2023
H6,2023-10-01/2023-10-31,380,380,0.6295053362846375,0.0715746358036995,0.2272972166538238,0.0386991426348686,0.0393727794289588,0.0589286424219608,100.0,2023-10-01,10,2023
H6,2023-11-01/2023-11-30,380,380,0.4180069267749786,0.0868892669677734,0.2335670888423919,0.054693054407835,-0.1010632365942001,0.0598151534795761,100.0,2023-11-01,11,2023
H6,2023-12-01/2023-12-31,380,380,0.4281805455684662,0.0871166214346885,0.2202144265174865,0.0530751124024391,-0.1159319654107093,0.0623948760330677,100.0,2023-12-01,12,2023
H6,2024-01-01/2024-01-31,380,380,0.4126069843769073,0.0881812945008277,0.2258088290691375,0.0585763901472091,-0.113597959280014,0.0648722201585769,100.0,2024-01-01,1,2024
H6,2024-02-01/2024-02-29,380,380,0.3934435248374939,0.0772872343659401,0.2307762205600738,0.0561023540794849,-0.1008127704262733,0.0648139864206314,100.0,2024-02-01,2,2024
H6,2024-03-01/2024-03-31,380,380,0.3037551045417785,0.0805365890264511,0.1844242513179779,0.0543262809514999,-0.1474934369325637,0.0581204667687416,100.0,2024-03-01,3,2024
H6,2024-04-01/2024-04-30,380,380,0.2850866913795471,0.0813643932342529,0.1776956915855407,0.0561657287180423,-0.1688148826360702,0.059501476585865,100.0,2024-04-01,4,2024
H6,2024-05-01/2024-05-31,380,380,0.2907307744026184,0.0792420729994773,0.1852770745754242,0.0538526251912117,-0.1449912786483764,0.0546228103339672,100.0,2024-05-01,5,2024
H6,2024-06-01/2024-06-30,380,380,0.2954963743686676,0.0765202790498733,0.1931605637073516,0.0537717528641223,-0.1265765130519867,0.056033831089735,100.0,2024-06-01,6,2024
H6,2024-07-01/2024-07-31,380,380,0.4086796045303345,0.0677087679505348,0.2866565883159637,0.0540814958512783,-0.0638398975133895,0.0509805083274841,100.0,2024-07-01,7,2024
H6,2024-08-01/2024-08-31,0,380,0.4668307304382324,,0.2922471910715103,,-0.02630653884261845,,0.0,2024-08-01,8,2024
H6,2024-09-01/2024-09-30,380,380,0.5249818563461304,0.1053812876343727,0.2978377938270569,0.087611123919487,0.0112268198281526,0.0909384936094284,100.0,2024-09-01,9,2024
H6,2024-10-01/2024-10-31,380,380,0.4678762257099151,0.107202798128128,0.2729343473911285,0.0784893780946731,-0.0130393430590629,0.0907311737537384,100.0,2024-10-01,10,2024
H6,2024-11-01/2024-11-30,380,380,0.4528429806232452,0.0943952351808548,0.2441756576299667,0.0564906261861324,-0.049972977489233,0.0623547360301017,100.0,2024-11-01,11,2024
H6,2024-12-01/2024-12-31,380,380,0.4749841094017029,0.0916674509644508,0.2541369199752807,0.0569194853305816,-0.0252947211265563,0.0635334476828575,100.0,2024-12-01,12,2024
H60,2023-01-01/2023-01-31,380,380,0.5661873817443848,0.0589095316827297,0.306624174118042,0.0306750647723674,0.0177417173981666,0.0430215299129486,100.0,2023-01-01,1,2023
H60,2023-02-01/2023-02-28,380,380,0.5305145382881165,0.0874080434441566,0.2948115766048431,0.0496493279933929,-0.0113328145816922,0.0611517429351806,100.0,2023-02-01,2,2023
H60,2023-03-01/2023-03-31,380,380,0.4891095757484436,0.0945761874318122,0.3014473617076874,0.0637185871601104,-0.0383725836873054,0.0639349743723869,100.0,2023-03-01,3,2023
H60,2023-04-01/2023-04-30,380,380,0.4847208857536316,0.0999751761555671,0.298584908246994,0.0684921368956565,-0.0377118252217769,0.0657159984111785,100.0,2023-04-01,4,2023
H60,2023-05-01/2023-05-31,380,380,0.4739906787872314,0.0932419374585151,0.3105423748493194,0.0729128271341323,-0.0581353642046451,0.0686592981219291,100.0,2023-05-01,5,2023
H60,2023-06-01/2023-06-30,380,380,0.4588797390460968,0.09050764888525,0.2914066612720489,0.069421499967575,-0.0679818540811538,0.0671547502279281,100.0,2023-06-01,6,2023
H60,2023-07-01/2023-07-31,380,380,0.7258120775222778,0.0271013546735048,0.524966299533844,0.0352254137396812,0.1561809778213501,0.0328308939933776,100.0,2023-07-01,7,2023
H60,2023-08-01/2023-08-31,0,380,0.7326995134353638,,0.5119304656982422,,0.15936694294214243,,0.0,2023-08-01,8,2023
H60,2023-09-01/2023-09-30,380,380,0.7395869493484497,0.0328209325671196,0.4988946318626404,0.040749967098236,0.1625529080629348,0.0389005690813064,100.0,2023-09-01,9,2023
H60,2023-10-01/2023-10-31,380,380,0.653649091720581,0.0598749667406082,0.2285015136003494,0.0258609373122453,0.0345396324992179,0.0525671541690826,100.0,2023-10-01,10,2023
H60,2023-11-01/2023-11-30,380,380,0.7211162447929382,0.0457037314772605,0.44129678606987,0.0388888344168663,0.1554036289453506,0.0448089390993118,100.0,2023-11-01,11,2023
H60,2023-12-01/2023-12-31,380,380,0.682449996471405,0.0784016400575637,0.3630574941635132,0.0503590330481529,0.1000777781009674,0.0706663504242897,100.0,2023-12-01,12,2023
H60,2024-01-01/2024-01-31,380,380,0.6802144646644592,0.0922332778573036,0.3742887079715729,0.0624526776373386,0.0903942435979843,0.081010416150093,100.0,2024-01-01,1,2024
H60,2024-02-01/2024-02-29,380,380,0.6669623255729675,0.096702441573143,0.3921559751033783,0.0730049461126327,0.0876561030745506,0.0870110839605331,100.0,2024-02-01,2,2024
H60,2024-03-01/2024-03-31,380,380,0.5480270981788635,0.1157250851392746,0.3434213399887085,0.0827289894223213,0.0332801230251789,0.0894578620791435,100.0,2024-03-01,3,2024
H60,2024-04-01/2024-04-30,380,380,0.5121644735336304,0.1129611209034919,0.3272514939308166,0.0812000930309295,-0.0031238368246704,0.0842708572745323,100.0,2024-04-01,4,2024
H60,2024-05-01/2024-05-31,380,380,0.4818075597286224,0.1134278923273086,0.3348870873451233,0.0908068493008613,0.0008526507299393,0.0853540673851966,100.0,2024-05-01,5,2024
H60,2024-06-01/2024-06-30,380,380,0.4909180402755737,0.1153881698846817,0.3414528667926788,0.0931778103113174,0.0042985491454601,0.0856913551688194,100.0,2024-06-01,6,2024
H60,2024-07-01/2024-07-31,380,380,0.7139681577682495,0.0386603139340877,0.5623553395271301,0.042184580117464,0.1876140385866165,0.0392777100205421,100.0,2024-07-01,7,2024
H60,2024-08-01/2024-08-31,0,380,0.6981753408908844,,0.4783179759979248,,0.13748566061258316,,0.0,2024-08-01,8,2024
H60,2024-09-01/2024-09-30,380,380,0.6823825240135193,0.0671066120266914,0.3942806124687195,0.0677279680967331,0.0873572826385498,0.064677245914936,100.0,2024-09-01,9,2024
H60,2024-10-01/2024-10-31,380,380,0.6941585540771484,0.0655041560530662,0.4117069542407989,0.0509916618466377,0.1340555548667907,0.0518019832670688,100.0,2024-10-01,10,2024
H60,2024-11-01/2024-11-30,380,380,0.7630454897880554,0.0847775414586067,0.4295578002929687,0.0549171902239322,0.225494772195816,0.0901964828372001,100.0,2024-11-01,11,2024
H60,2024-12-01/2024-12-31,380,380,0.7305596470832825,0.1109400317072868,0.4123779833316803,0.0786975398659706,0.2077751606702804,0.1187160164117813,100.0,2024-12-01,12,2024
H61,2023-01-01/2023-01-31,380,380,0.5080059766769409,0.0542219318449497,0.2658623158931732,0.0432365499436855,-0.0639306455850601,0.0618667677044868,100.0,2023-01-01,1,2023
H61,2023-02-01/2023-02-28,380,380,0.3427217900753021,0.0431506969034671,0.2004976123571396,0.0192869808524847,-0.1403911262750625,0.0406478233635425,100.0,2023-02-01,2,2023
H61,2023-03-01/2023-03-31,380,380,0.3389641344547272,0.0473872311413288,0.208055317401886,0.0357930362224578,-0.1545211374759674,0.0422130674123764,100.0,2023-03-01,3,2023
H61,2023-04-01/2023-04-30,380,380,0.3366470038890838,0.0481858290731906,0.2064763307571411,0.0362367406487464,-0.1527711600065231,0.0444549955427646,100.0,2023-04-01,4,2023
H61,2023-05-01/2023-05-31,380,380,0.3018632233142853,0.044065948575735,0.1808854788541793,0.0292134657502174,-0.205134704709053,0.0322849005460739,100.0,2023-05-01,5,2023
H61,2023-06-01/2023-06-30,380,380,0.3042583763599396,0.0435745939612388,0.1776680052280426,0.0276043247431516,-0.2062198370695114,0.0317226909101009,100.0,2023-06-01,6,2023
H61,2023-07-01/2023-07-31,380,380,0.7407109141349792,0.0434861667454242,0.565767765045166,0.0616650655865669,0.1618724018335342,0.0502785667777061,100.0,2023-07-01,7,2023
H61,2023-08-01/2023-08-31,0,380,0.7417235374450684,,0.541103720664978,,0.17917549610137934,,0.0,2023-08-01,8,2023
H61,2023-09-01/2023-09-30,380,380,0.7427361607551575,0.036071091890335,0.51643967628479,0.0421302989125251,0.1964785903692245,0.0386784225702285,100.0,2023-09-01,9,2023
H61,2023-10-01/2023-10-31,380,380,0.5846969485282898,0.0748351961374282,0.1973101496696472,0.0348836556077003,-0.0749379768967628,0.0817019790410995,100.0,2023-10-01,10,2023
H61,2023-11-01/2023-11-30,380,380,0.6074894070625305,0.064228355884552,0.3587407171726227,0.0615736357867717,0.0081493910402059,0.0800345167517662,100.0,2023-11-01,11,2023
H61,2023-12-01/2023-12-31,380,380,0.6328989267349243,0.0514066033065319,0.3377512395381927,0.0466945804655551,0.0200020521879196,0.0566693097352981,100.0,2023-12-01,12,2023
H61,2024-01-01/2024-01-31,380,380,0.5572181940078735,0.0565530955791473,0.296851098537445,0.0492494888603687,-0.0386659391224384,0.0588617175817489,100.0,2024-01-01,1,2024
H61,2024-02-01/2024-02-29,380,380,0.4039670825004577,0.0576529912650585,0.2315061092376709,0.0344243682920932,-0.1267175674438476,0.0480371192097663,100.0,2024-02-01,2,2024
H61,2024-03-01/2024-03-31,380,380,0.3644700646400451,0.0418759956955909,0.2200522571802139,0.0332984253764152,-0.1299315392971038,0.0479777529835701,100.0,2024-03-01,3,2024
H61,2024-04-01/2024-04-30,380,380,0.3395283818244934,0.0423252880573272,0.2114758342504501,0.0332914590835571,-0.1551663130521774,0.0443795695900917,100.0,2024-04-01,4,2024
H61,2024-05-01/2024-05-31,380,380,0.3075628876686096,0.0502235777676105,0.1957748830318451,0.0365857891738414,-0.1552363932132721,0.0453723333775997,100.0,2024-05-01,5,2024
H61,2024-06-01/2024-06-30,380,380,0.3024522662162781,0.0490461401641368,0.1941254884004593,0.0354362316429615,-0.1580529659986496,0.0430015809834003,100.0,2024-06-01,6,2024
H61,2024-07-01/2024-07-31,380,380,0.7128247022628784,0.0507265403866767,0.5638784170150757,0.0742291137576103,0.14723502099514,0.0575996115803718,100.0,2024-07-01,7,2024
H61,2024-08-01/2024-08-31,0,380,0.678329199552536,,0.48717375099658966,,0.1004501692950725,,0.0,2024-08-01,8,2024
H61,2024-09-01/2024-09-30,380,380,0.6438336968421936,0.0879175961017608,0.4104690849781036,0.0840963423252105,0.053665317595005,0.0929345935583114,100.0,2024-09-01,9,2024
H61,2024-10-01/2024-10-31,380,380,0.6802428960800171,0.0814648494124412,0.452410489320755,0.0847450420260429,0.1248231753706932,0.0871381610631942,100.0,2024-10-01,10,2024
H61,2024-11-01/2024-11-30,380,380,0.6384979486465454,0.0811036825180053,0.3793327212333679,0.0740542858839035,0.0917128026485443,0.0780519619584083,100.0,2024-11-01,11,2024
H61,2024-12-01/2024-12-31,380,380,0.5275715589523315,0.0657909289002418,0.2887202799320221,0.0479970462620258,-0.0144379939883947,0.0617641359567642,100.0,2024-12-01,12,2024
H62,2023-01-01/2023-01-31,380,380,0.5128562450408936,0.0951259732246398,0.2573282718658447,0.0592803359031677,-0.0447799637913703,0.0799075588583946,100.0,2023-01-01,1,2023
H62,2023-02-01/2023-02-28,380,380,0.489265114068985,0.0945280864834785,0.2559413313865661,0.05547945946455,-0.0518317520618438,0.0743286684155464,100.0,2023-02-01,2,2023
H62,2023-03-01/2023-03-31,380,380,0.4230758249759674,0.079994186758995,0.2452652603387832,0.0495081283152103,-0.0920799076557159,0.0597610175609588,100.0,2023-03-01,3,2023
H62,2023-04-01/2023-04-30,380,380,0.42307049036026,0.0813980028033256,0.2437431663274765,0.0484368242323398,-0.0930513516068458,0.057489238679409,100.0,2023-04-01,4,2023
H62,2023-05-01/2023-05-31,380,380,0.4227837920188904,0.0814116671681404,0.2517229914665222,0.0526890829205513,-0.1055694743990898,0.0597750954329967,100.0,2023-05-01,5,2023
H62,2023-06-01/2023-06-30,380,380,0.4171911478042602,0.0732730478048324,0.2420387715101242,0.0450707003474235,-0.1092757582664489,0.0527198053896427,100.0,2023-06-01,6,2023
H62,2023-07-01/2023-07-31,380,380,0.5371840596199036,0.0734164044260978,0.3146848976612091,0.0626639351248741,-0.0320338681340217,0.0694987773895263,100.0,2023-07-01,7,2023
H62,2023-08-01/2023-08-31,0,380,0.5447290241718292,,0.3198047876358032,,-0.02032533055171365,,0.0,2023-08-01,8,2023
H62,2023-09-01/2023-09-30,380,380,0.5522739887237549,0.0755425989627838,0.3249246776103973,0.0649991109967231,-0.0086167929694056,0.0684722363948822,100.0,2023-09-01,9,2023
H62,2023-10-01/2023-10-31,380,380,0.5974772572517395,0.0925546586513519,0.1919829547405243,0.0451655052602291,-0.0327741652727127,0.0937609001994133,100.0,2023-10-01,10,2023
H62,2023-11-01/2023-11-30,380,380,0.5574312210083008,0.0961131751537323,0.2953956127166748,0.0770194828510284,-0.0207081865519285,0.0984297841787338,100.0,2023-11-01,11,2023
H62,2023-12-01/2023-12-31,380,380,0.6318648457527161,0.1044845506548881,0.3228159546852112,0.0783508569002151,0.0602880381047725,0.1070795580744743,100.0,2023-12-01,12,2023
H62,2024-01-01/2024-01-31,380,380,0.585953414440155,0.1042335703969001,0.300740122795105,0.0719101652503013,0.0247527323663234,0.0947656035423278,100.0,2024-01-01,1,2024
H62,2024-02-01/2024-02-29,380,380,0.4879216253757477,0.1066647619009018,0.254705399274826,0.0655167549848556,-0.0465172119438648,0.0908323228359222,100.0,2024-02-01,2,2024
H62,2024-03-01/2024-03-31,380,380,0.4714018702507019,0.0873382836580276,0.2662401795387268,0.0496731996536254,-0.0383121185004711,0.066329225897789,100.0,2024-03-01,3,2024
H62,2024-04-01/2024-04-30,380,380,0.4525279104709625,0.0831910297274589,0.266177088022232,0.0492464303970336,-0.055075816810131,0.0641058608889579,100.0,2024-04-01,4,2024
H62,2024-05-01/2024-05-31,380,380,0.4517288208007812,0.090228833258152,0.2711320221424103,0.0531297773122787,-0.051312256604433,0.0522979609668254,100.0,2024-05-01,5,2024
H62,2024-06-01/2024-06-30,380,380,0.4585382640361786,0.0959544256329536,0.2844759523868561,0.0603229254484176,-0.0446449927985668,0.0586423389613628,100.0,2024-06-01,6,2024
H62,2024-07-01/2024-07-31,380,380,0.57905513048172,0.0632537379860878,0.3575766980648041,0.0488753244280815,0.0198603682219982,0.050483476370573,100.0,2024-07-01,7,2024
H62,2024-08-01/2024-08-31,0,380,0.5881214141845703,,0.3315655142068863,,0.0058693448081613,,0.0,2024-08-01,8,2024
H62,2024-09-01/2024-09-30,380,380,0.5971876978874207,0.103499487042427,0.3055543303489685,0.0753792151808738,-0.0081216786056756,0.0990960299968719,100.0,2024-09-01,9,2024
H62,2024-10-01/2024-10-31,380,380,0.5914468169212341,0.1027027443051338,0.3133589923381805,0.0771619603037834,0.0189723819494247,0.0990529805421829,100.0,2024-10-01,10,2024
H62,2024-11-01/2024-11-30,380,380,0.6475080251693726,0.0901513993740081,0.345184177160263,0.0695653334259986,0.0737565532326698,0.0897363275289535,100.0,2024-11-01,11,2024
H62,2024-12-01/2024-12-31,380,380,0.6343106031417847,0.0998563542962074,0.3384976983070373,0.0758956968784332,0.0790184512734413,0.0974550917744636,100.0,2024-12-01,12,2024
H63,2023-01-01/2023-01-31,380,380,0.2327387779951095,0.0644575357437133,0.1065729111433029,0.029854567721486,-0.2405727207660675,0.0374911352992057,100.0,2023-01-01,1,2023
H63,2023-02-01/2023-02-28,380,380,0.2013167887926101,0.0451769903302192,0.0986509323120117,0.0211136564612388,-0.2342889755964279,0.0231838058680295,100.0,2023-02-01,2,2023
H63,2023-03-01/2023-03-31,380,380,0.1765328198671341,0.0323329344391822,0.0931901261210441,0.0162577200680971,-0.2373921424150467,0.0184037368744611,100.0,2023-03-01,3,2023
H63,2023-04-01/2023-04-30,380,380,0.1829060167074203,0.0339111797511577,0.0970234796404838,0.0168565120548009,-0.2292870581150055,0.0182195026427507,100.0,2023-04-01,4,2023
H63,2023-05-01/2023-05-31,380,380,0.201510339975357,0.03602871671319,0.1107172518968582,0.019254894927144,-0.2079813927412033,0.0224617663770914,100.0,2023-05-01,5,2023
H63,2023-06-01/2023-06-30,380,380,0.2092370688915252,0.0378177762031555,0.1134102046489715,0.0195555612444877,-0.1998113542795181,0.0236648805439472,100.0,2023-06-01,6,2023
H63,2023-07-01/2023-07-31,380,380,0.3850270807743072,0.1074234917759895,0.1841556280851364,0.0834642350673675,-0.0770288631319999,0.0856696441769599,100.0,2023-07-01,7,2023
H63,2023-08-01/2023-08-31,0,380,0.3902590870857239,,0.20495962351560593,,-0.07182143628597254,,0.0,2023-08-01,8,2023
H63,2023-09-01/2023-09-30,380,380,0.3954910933971405,0.0926559418439865,0.2257636189460754,0.0673669874668121,-0.0666140094399452,0.0581661500036716,100.0,2023-09-01,9,2023
H63,2023-10-01/2023-10-31,380,380,0.4424967765808105,0.070503331720829,0.1294520497322082,0.0311614442616701,-0.0979840829968452,0.0490957759320735,100.0,2023-10-01,10,2023
H63,2023-11-01/2023-11-30,380,380,0.379915326833725,0.0769846588373184,0.2001664042472839,0.050035573542118,-0.0798600614070892,0.055051140487194,100.0,2023-11-01,11,2023
H63,2023-12-01/2023-12-31,380,380,0.3420184552669525,0.0642130523920059,0.1530290246009826,0.0341884307563304,-0.1478603631258011,0.0379443503916263,100.0,2023-12-01,12,2023
H63,2024-01-01/2024-01-31,380,380,0.2839170396327972,0.0543550327420234,0.1302846074104309,0.0273933913558721,-0.191313549876213,0.0308730825781822,100.0,2024-01-01,1,2024
H63,2024-02-01/2024-02-29,380,380,0.2479628324508667,0.0440853424370288,0.1220121085643768,0.0235670767724514,-0.201023980975151,0.0272103864699602,100.0,2024-02-01,2,2024
H63,2024-03-01/2024-03-31,380,380,0.2585431635379791,0.03301452845335,0.1409951746463775,0.0190384984016418,-0.1752899587154388,0.0237812176346778,100.0,2024-03-01,3,2024
H63,2024-04-01/2024-04-30,380,380,0.2291032522916793,0.0319601707160472,0.1281825751066208,0.0191745869815349,-0.2037890404462814,0.0220957640558481,100.0,2024-04-01,4,2024
H63,2024-05-01/2024-05-31,380,380,0.2247782051563263,0.0307797584682703,0.1278437077999115,0.0171204451471567,-0.1909449100494384,0.0222723148763179,100.0,2024-05-01,5,2024
H63,2024-06-01/2024-06-30,380,380,0.261555552482605,0.0414206087589263,0.1552577167749405,0.0248440597206354,-0.1575081199407577,0.0287559498101472,100.0,2024-06-01,6,2024
H63,2024-07-01/2024-07-31,0,380,0.35581547021865845,,0.2117367684841156,,-0.08350277195374169,,0.0,2024-07-01,7,2024
H63,2024-08-01/2024-08-31,0,380,0.4500753879547119,,0.2682158201932907,,-0.009497423966725677,,0.0,2024-08-01,8,2024
H63,2024-09-01/2024-09-30,380,380,0.5443353056907654,0.0809254124760627,0.3246948719024658,0.0714504495263099,0.0645079240202903,0.0637132599949836,100.0,2024-09-01,9,2024
H63,2024-10-01/2024-10-31,380,380,0.5375871062278748,0.0732712745666503,0.3232778310775757,0.0627578496932983,0.0908675268292427,0.0539921149611473,100.0,2024-10-01,10,2024
H63,2024-11-01/2024-11-30,380,380,0.3059103190898895,0.0616204552352428,0.1418635696172714,0.0309610571712255,-0.1947775185108184,0.0404607094824314,100.0,2024-11-01,11,2024
H63,2024-12-01/2024-12-31,380,380,0.2870357036590576,0.0419792756438255,0.1385765671730041,0.0214089769870042,-0.2010853141546249,0.0336673595011234,100.0,2024-12-01,12,2024
H64,2023-01-01/2023-01-31,380,380,0.3764679729938507,0.0571278035640716,0.2225138992071151,0.0343455262482166,-0.1252136081457138,0.0351898781955242,100.0,2023-01-01,1,2023
H64,2023-02-01/2023-02-28,380,380,0.3185863196849823,0.0524167194962501,0.1873721033334732,0.0305688399821519,-0.174373984336853,0.0306316446512937,100.0,2023-02-01,2,2023
H64,2023-03-01/2023-03-31,380,380,0.2748185098171234,0.0416559129953384,0.1675555557012558,0.0259087309241294,-0.2102699130773544,0.0252795107662677,100.0,2023-03-01,3,2023
H64,2023-04-01/2023-04-30,380,380,0.2792756259441376,0.0426322892308235,0.1706235110759735,0.0263702180236578,-0.2017334997653961,0.02618876285851,100.0,2023-04-01,4,2023
H64,2023-05-01/2023-05-31,380,380,0.2585198581218719,0.0376438908278942,0.1574329435825348,0.0223334357142448,-0.237224742770195,0.0215720515698194,100.0,2023-05-01,5,2023
H64,2023-06-01/2023-06-30,380,380,0.2639181911945343,0.0376224480569362,0.1565912067890167,0.0218059923499822,-0.2379454374313354,0.0213975310325622,100.0,2023-06-01,6,2023
H64,2023-07-01/2023-07-31,380,380,0.6648780703544617,0.057305559515953,0.4913669526576996,0.0617909282445907,0.0889373570680618,0.0585254989564418,100.0,2023-07-01,7,2023
H64,2023-08-01/2023-08-31,0,380,0.6741827428340912,,0.4846225380897522,,0.12281268835067745,,0.0,2023-08-01,8,2023
H64,2023-09-01/2023-09-30,380,380,0.6834874153137207,0.0441076159477233,0.4778781235218048,0.0466304905712604,0.1566880196332931,0.0450516119599342,100.0,2023-09-01,9,2023
H64,2023-10-01/2023-10-31,380,380,0.6825545430183411,0.1152323260903358,0.2724643647670746,0.0575639717280864,0.0970908552408218,0.1242086142301559,100.0,2023-10-01,10,2023
H64,2023-11-01/2023-11-30,380,380,0.4473641514778137,0.1145109087228775,0.2985512316226959,0.0658945217728614,-0.0223166961222887,0.0547434240579605,100.0,2023-11-01,11,2023
H64,2023-12-01/2023-12-31,380,380,0.6009983420372009,0.0899322852492332,0.3273080885410309,0.0699348375201225,-0.0135883083567023,0.0923112779855728,100.0,2023-12-01,12,2023
H64,2024-01-01/2024-01-31,380,380,0.3862583339214325,0.0591052137315273,0.2339369058609008,0.0317116864025592,-0.1065644323825836,0.040819201618433,100.0,2024-01-01,1,2024
H64,2024-02-01/2024-02-29,380,380,0.409096211194992,0.0477654002606868,0.2441404312849044,0.0320355929434299,-0.118999995291233,0.0359535440802574,100.0,2024-02-01,2,2024
H64,2024-03-01/2024-03-31,380,380,0.3383056223392486,0.0404460243880748,0.2117577344179153,0.0280375778675079,-0.1455454379320144,0.0313712432980537,100.0,2024-03-01,3,2024
H64,2024-04-01/2024-04-30,380,380,0.3106330931186676,0.0365401804447174,0.1996347904205322,0.0260803811252117,-0.171772688627243,0.0293237287551164,100.0,2024-04-01,4,2024
H64,2024-05-01/2024-05-31,380,380,0.2624763548374176,0.0342765487730503,0.1724852174520492,0.0229243636131286,-0.1755367517471313,0.025568388402462,100.0,2024-05-01,5,2024
H64,2024-06-01/2024-06-30,380,380,0.2670511603355407,0.0399731248617172,0.1759549528360366,0.0264206677675247,-0.1746599525213241,0.0250311698764562,100.0,2024-06-01,6,2024
H64,2024-07-01/2024-07-31,334,380,0.7072453498840332,0.0602638982236385,0.5466846823692322,0.0746487379074096,0.1391085982322693,0.0683086514472961,87.9,2024-07-01,7,2024
H64,2024-08-01/2024-08-31,0,380,0.7647005617618561,,0.5668533444404602,,0.23844127357006073,,0.0,2024-08-01,8,2024
H64,2024-09-01/2024-09-30,380,380,0.822155773639679,0.0323787108063697,0.5870220065116882,0.0548571422696113,0.3377739489078522,0.0440706610679626,100.0,2024-09-01,9,2024
H64,2024-10-01/2024-10-31,380,380,0.789355456829071,0.0338882878422737,0.5503062009811401,0.0502337403595447,0.3298007547855377,0.041959561407566,100.0,2024-10-01,10,2024
H64,2024-11-01/2024-11-30,380,380,0.4238050878047943,0.0707096084952354,0.263316661119461,0.0483284965157508,-0.0660201609134674,0.0551018416881561,100.0,2024-11-01,11,2024
H64,2024-12-01/2024-12-31,380,380,0.346549779176712,0.04808996245265,0.2027849107980728,0.0275499820709228,-0.1137003153562545,0.0369632616639137,100.0,2024-12-01,12,2024
H65,2023-01-01/2023-01-31,380,380,0.5208553671836853,0.0692926570773124,0.3093704283237457,0.0424032807350158,0.0046316054649651,0.0455981567502021,100.0,2023-01-01,1,2023
H65,2023-02-01/2023-02-28,380,380,0.4510645866394043,0.0915655642747879,0.2737481296062469,0.051907729357481,-0.0396317690610885,0.0563596412539482,100.0,2023-02-01,2,2023
H65,2023-03-01/2023-03-31,380,380,0.4045204222202301,0.0865513160824775,0.260054737329483,0.0535069406032562,-0.0762360021471977,0.050910010933876,100.0,2023-03-01,3,2023
H65,2023-04-01/2023-04-30,380,380,0.4104462563991546,0.0920679196715354,0.2622133791446686,0.0557898841798305,-0.0743222087621688,0.0516845248639583,100.0,2023-04-01,4,2023
H65,2023-05-01/2023-05-31,380,380,0.4019219577312469,0.0875741243362426,0.2628792524337768,0.0606115907430648,-0.0971007272601127,0.0594582855701446,100.0,2023-05-01,5,2023
H65,2023-06-01/2023-06-30,380,380,0.4011183977127075,0.0873765051364898,0.256416380405426,0.0571814440190792,-0.0973331555724144,0.0571338236331939,100.0,2023-06-01,6,2023
H65,2023-07-01/2023-07-31,380,380,0.6341760158538818,0.1044748425483703,0.4562191069126129,0.1157439053058624,0.073082610964775,0.0975613594055175,100.0,2023-07-01,7,2023
H65,2023-08-01/2023-08-31,0,380,0.6451729834079742,,0.456308513879776,,0.08362298831343645,,0.0,2023-08-01,8,2023
H65,2023-09-01/2023-09-30,380,380,0.6561699509620667,0.0964899733662605,0.4563979208469391,0.1086481362581253,0.0941633656620979,0.0962863713502883,100.0,2023-09-01,9,2023
H65,2023-10-01/2023-10-31,380,380,0.7088526487350464,0.0517994128167629,0.2815997898578644,0.0223091300576925,0.1001471653580665,0.0438132025301456,100.0,2023-10-01,10,2023
H65,2023-11-01/2023-11-30,380,380,0.6854400634765625,0.0670805126428604,0.4536033272743225,0.0584450364112854,0.1546877771615982,0.0708040818572044,100.0,2023-11-01,11,2023
H65,2023-12-01/2023-12-31,380,380,0.6115151047706604,0.0680925473570823,0.3584498763084411,0.0482991188764572,0.0457045547664165,0.0611662864685058,100.0,2023-12-01,12,2023
H65,2024-01-01/2024-01-31,380,380,0.6249476671218872,0.0775508135557174,0.3787257969379425,0.0549779348075389,0.0590353608131408,0.0600038021802902,100.0,2024-01-01,1,2024
H65,2024-02-01/2024-02-29,380,380,0.5969765782356262,0.0949342399835586,0.3718951642513275,0.0665497630834579,0.0458768345415592,0.0724344030022621,100.0,2024-02-01,2,2024
H65,2024-03-01/2024-03-31,380,380,0.4706336855888366,0.0919378995895385,0.3055898547172546,0.0578391849994659,-0.0095433797687292,0.0556073486804962,100.0,2024-03-01,3,2024
H65,2024-04-01/2024-04-30,380,380,0.4437529742717743,0.0900508463382721,0.2934450507164001,0.0576637387275695,-0.0394686535000801,0.0549735762178897,100.0,2024-04-01,4,2024
H65,2024-05-01/2024-05-31,380,380,0.4077153205871582,0.1059161946177482,0.2855778336524963,0.0716637223958969,-0.0321409180760383,0.0594050139188766,100.0,2024-05-01,5,2024
H65,2024-06-01/2024-06-30,380,380,0.4153075814247131,0.1073313057422638,0.2896751761436462,0.0728809460997581,-0.0308341104537248,0.060408916324377,100.0,2024-06-01,6,2024
H65,2024-07-01/2024-07-31,380,380,0.6733376979827881,0.0442960262298584,0.5921411514282227,0.0654791593551635,0.2149744927883148,0.0409225337207317,100.0,2024-07-01,7,2024
H65,2024-08-01/2024-08-31,0,380,0.6820526719093323,,0.5270709991455078,,0.19234022498130793,,0.0,2024-08-01,8,2024
H65,2024-09-01/2024-09-30,380,380,0.6907676458358765,0.1559110283851623,0.4620008468627929,0.1191460192203521,0.1697059571743011,0.1459862738847732,100.0,2024-09-01,9,2024
H65,2024-10-01/2024-10-31,380,380,0.6535745859146118,0.0701547861099243,0.4320533275604248,0.0481069199740886,0.1364798545837402,0.059473168104887,100.0,2024-10-01,10,2024
H65,2024-11-01/2024-11-30,380,380,0.6442440748214722,0.066896304488182,0.3848649561405182,0.0489941425621509,0.1038232073187828,0.0609461665153503,100.0,2024-11-01,11,2024
H65,2024-12-01/2024-12-31,380,380,0.6011026501655579,0.1036679446697235,0.3654102981090545,0.0677531138062477,0.0822534263134002,0.0808304995298385,100.0,2024-12-01,12,2024
H66,2023-01-01/2023-01-31,380,380,0.5969547629356384,0.0622138008475303,0.3397313952445984,0.0351442657411098,0.0492575801908969,0.027262058109045,100.0,2023-01-01,1,2023
H66,2023-02-01/2023-02-28,380,380,0.5260846018791199,0.0664480701088905,0.3129967153072357,0.0388153605163097,0.0306155513972044,0.034278929233551,100.0,2023-02-01,2,2023
H66,2023-03-01/2023-03-31,380,380,0.4826704263687134,0.0608899854123592,0.3045161366462707,0.0389757864177227,-0.0207686088979244,0.0334280990064144,100.0,2023-03-01,3,2023
H66,2023-04-01/2023-04-30,380,380,0.4949104785919189,0.0506061911582946,0.3095850348472595,0.0322449617087841,-0.0172694511711597,0.0287160109728574,100.0,2023-04-01,4,2023
H66,2023-05-01/2023-05-31,380,380,0.4784163236618042,0.059169914573431,0.3209083676338196,0.0404753126204013,-0.0245160404592752,0.0312925092875957,100.0,2023-05-01,5,2023
H66,2023-06-01/2023-06-30,380,380,0.4747744798660278,0.0481717176735401,0.3112778961658478,0.0323275476694107,-0.0257528852671384,0.0268042813986539,100.0,2023-06-01,6,2023
H66,2023-07-01/2023-07-31,380,380,0.6268137097358704,0.0407956689596176,0.4207617938518524,0.0360376313328743,0.0843587443232536,0.0316162444651126,100.0,2023-07-01,7,2023
H66,2023-08-01/2023-08-31,0,380,0.6907052993774414,,0.47664661705493927,,0.1585068218410015,,0.0,2023-08-01,8,2023
H66,2023-09-01/2023-09-30,380,380,0.7545968890190125,0.0645243972539901,0.5325314402580261,0.0548400953412056,0.2326548993587494,0.0384280979633331,100.0,2023-09-01,9,2023
H66,2023-10-01/2023-10-31,380,380,0.6666509509086609,0.0626336857676506,0.2370574176311493,0.0254050604999065,0.0762218087911605,0.0357903204858303,100.0,2023-10-01,10,2023
H66,2023-11-01/2023-11-30,380,380,0.6808021068572998,0.0606111139059066,0.4120871424674988,0.0424487553536891,0.145968958735466,0.0383316054940223,100.0,2023-11-01,11,2023
H66,2023-12-01/2023-12-31,380,380,0.6573107838630676,0.0699639841914177,0.3775072693824768,0.0458509176969528,0.1101250723004341,0.0462585426867008,100.0,2023-12-01,12,2023
H66,2024-01-01/2024-01-31,380,380,0.6867690086364746,0.0706151872873306,0.4077803492546081,0.045803640037775,0.1295745223760604,0.0412351228296756,100.0,2024-01-01,1,2024
H66,2024-02-01/2024-02-29,380,380,0.6694780588150024,0.0757811591029167,0.4191159009933471,0.051781989634037,0.1210062727332115,0.0428475849330425,100.0,2024-02-01,2,2024
H66,2024-03-01/2024-03-31,380,380,0.5506675243377686,0.0625963881611824,0.3485103845596313,0.0401758700609207,0.0523625314235687,0.0362495519220829,100.0,2024-03-01,3,2024
H66,2024-04-01/2024-04-30,380,380,0.5216352939605713,0.0612729676067829,0.3374817371368408,0.0407023467123508,0.0209686234593391,0.036684401333332,100.0,2024-04-01,4,2024
H66,2024-05-01/2024-05-31,380,380,0.5188550353050232,0.0657323151826858,0.3569182157516479,0.0448754467070102,0.0508223250508308,0.0362260788679122,100.0,2024-05-01,5,2024
H66,2024-06-01/2024-06-30,380,380,0.5276864171028137,0.0610805116593837,0.3671278357505798,0.0423353649675846,0.0557266026735305,0.0341725423932075,100.0,2024-06-01,6,2024
H66,2024-07-01/2024-07-31,368,380,0.6727973222732544,0.0573297403752803,0.5795199275016785,0.0540726967155933,0.2451869249343872,0.0342032462358474,96.8,2024-07-01,7,2024
H66,2024-08-01/2024-08-31,0,380,0.6851526498794556,,0.5006589591503143,,0.19573087245225906,,0.0,2024-08-01,8,2024
H66,2024-09-01/2024-09-30,380,380,0.6975079774856567,0.0705052763223648,0.4217979907989502,0.0448023155331611,0.1462748199701309,0.0347836874425411,100.0,2024-09-01,9,2024
H66,2024-10-01/2024-10-31,380,380,0.6512119770050049,0.067827969789505,0.3895238637924194,0.0391829423606395,0.1435233801603317,0.0338832065463066,100.0,2024-10-01,10,2024
H66,2024-11-01/2024-11-30,380,380,0.7288455963134766,0.0760327205061912,0.4419240951538086,0.0521404072642326,0.2174821496009826,0.0486793555319309,100.0,2024-11-01,11,2024
H66,2024-12-01/2024-12-31,380,380,0.7529927492141724,0.0799435675144195,0.4677714407444,0.0572127066552639,0.2599250376224518,0.0553237125277519,100.0,2024-12-01,12,2024
H67,2023-01-01/2023-01-31,380,380,0.6267166137695312,0.0923758074641227,0.3619091510772705,0.0572000369429588,0.0800222009420394,0.0904349014163017,100.0,2023-01-01,1,2023
H67,2023-02-01/2023-02-28,380,380,0.5668654441833496,0.1186309680342674,0.33355513215065,0.0653383061289787,0.0421814508736133,0.0879997014999389,100.0,2023-02-01,2,2023
H67,2023-03-01/2023-03-31,380,380,0.5070949196815491,0.1118691638112068,0.3210697770118713,0.0690304487943649,-0.0045011932961642,0.078119970858097,100.0,2023-03-01,3,2023
H67,2023-04-01/2023-04-30,380,380,0.515781581401825,0.1140595376491546,0.3237486481666565,0.0707820579409599,0.0032075988128781,0.0740187168121337,100.0,2023-04-01,4,2023
H67,2023-05-01/2023-05-31,380,380,0.4871194064617157,0.1191211715340614,0.3266430795192718,0.0791026502847671,-0.0200785156339406,0.0729460939764976,100.0,2023-05-01,5,2023
H67,2023-06-01/2023-06-30,380,380,0.4820085167884826,0.1126897782087326,0.3139201402664184,0.0721381306648254,-0.0222726222127676,0.0674707889556884,100.0,2023-06-01,6,2023
H67,2023-07-01/2023-07-31,380,380,0.7287507057189941,0.0488576740026474,0.5271074175834656,0.0580279417335987,0.184060662984848,0.0425042994320392,100.0,2023-07-01,7,2023
H67,2023-08-01/2023-08-31,0,380,0.701112687587738,,0.4844580888748169,,0.1552440002560615,,0.0,2023-08-01,8,2023
H67,2023-09-01/2023-09-30,380,380,0.6734746694564819,0.0804307460784912,0.4418087601661682,0.0724421590566635,0.126427337527275,0.0618121437728405,100.0,2023-09-01,9,2023
H67,2023-10-01/2023-10-31,380,380,0.7176100015640259,0.0665404722094535,0.2685509622097015,0.0279683507978916,0.1429812461137771,0.055980272591114,100.0,2023-10-01,10,2023
H67,2023-11-01/2023-11-30,380,380,0.724291205406189,0.0868729203939437,0.4498540759086609,0.0626550912857055,0.1959198862314224,0.0709032714366912,100.0,2023-11-01,11,2023
H67,2023-12-01/2023-12-31,380,380,0.7287676334381104,0.0963594913482666,0.423009842634201,0.0657178834080696,0.1902990639209747,0.0928896442055702,100.0,2023-12-01,12,2023
H67,2024-01-01/2024-01-31,380,380,0.725252091884613,0.1190617829561233,0.4339016675949096,0.0745049193501472,0.1831074804067611,0.0970600545406341,100.0,2024-01-01,1,2024
H67,2024-02-01/2024-02-29,380,380,0.61354660987854,0.1245806366205215,0.3687671720981598,0.0707571059465408,0.0861605629324913,0.086543820798397,100.0,2024-02-01,2,2024
H67,2024-03-01/2024-03-31,380,380,0.5860795378684998,0.1368986517190933,0.3707244992256164,0.0826657190918922,0.0724568590521812,0.0832063779234886,100.0,2024-03-01,3,2024
H67,2024-04-01/2024-04-30,380,380,0.5514358282089233,0.1344105005264282,0.3619601726531982,0.0859309658408165,0.0463997945189476,0.0851635485887527,100.0,2024-04-01,4,2024
H67,2024-05-01/2024-05-31,380,380,0.50780189037323,0.1452962309122085,0.3517370820045471,0.0982144922018051,0.0395849123597145,0.083652876317501,100.0,2024-05-01,5,2024
H67,2024-06-01/2024-06-30,380,380,0.5104572772979736,0.1429955959320068,0.3525737524032593,0.0975360348820686,0.0386919938027858,0.0812636390328407,100.0,2024-06-01,6,2024
H67,2024-07-01/2024-07-31,380,380,0.6057370901107788,0.0807405635714531,0.4890830218791961,0.0648277327418327,0.1763465106487274,0.0522053614258766,100.0,2024-07-01,7,2024
H67,2024-08-01/2024-08-31,0,380,0.655961662530899,,0.4601070284843445,,0.1640013456344604,,0.0,2024-08-01,8,2024
H67,2024-09-01/2024-09-30,380,380,0.7061862349510193,0.0853144526481628,0.4311310350894928,0.0801329091191291,0.1516561806201934,0.0734001398086547,100.0,2024-09-01,9,2024
H67,2024-10-01/2024-10-31,380,380,0.7019807696342468,0.0801376849412918,0.4377439022064209,0.0676135942339897,0.1729694157838821,0.0672270506620407,100.0,2024-10-01,10,2024
H67,2024-11-01/2024-11-30,380,380,0.6801503896713257,0.1001818254590034,0.3943331241607666,0.0597232207655906,0.1426720023155212,0.0707957744598388,100.0,2024-11-01,11,2024
H67,2024-12-01/2024-12-31,380,380,0.6769969463348389,0.1376646608114242,0.3923274278640747,0.0817295759916305,0.1584386080503463,0.1058298200368881,100.0,2024-12-01,12,2024
H68,2023-01-01/2023-01-31,380,380,0.5123447179794312,0.0597645491361618,0.292953610420227,0.0327284932136535,0.0039236485026776,0.0419898517429828,100.0,2023-01-01,1,2023
H68,2023-02-01/2023-02-28,380,380,0.4759658873081207,0.0715101137757301,0.2848777770996094,0.0393453426659107,-0.0121494065970182,0.0423781014978885,100.0,2023-02-01,2,2023
H68,2023-03-01/2023-03-31,380,380,0.4019991755485534,0.0606478862464427,0.2567838132381439,0.0370886698365211,-0.0651723369956016,0.0340948291122913,100.0,2023-03-01,3,2023
H68,2023-04-01/2023-04-30,380,380,0.4066445529460907,0.0642455145716667,0.2594492137432098,0.039477240294218,-0.0582206919789314,0.0353536754846572,100.0,2023-04-01,4,2023
H68,2023-05-01/2023-05-31,380,380,0.4074638783931732,0.0662804394960403,0.2698127329349518,0.0446835979819297,-0.0700350031256675,0.0360536724328994,100.0,2023-05-01,5,2023
H68,2023-06-01/2023-06-30,380,380,0.4012680947780609,0.0600868128240108,0.2604372203350067,0.0387119352817535,-0.0717475935816764,0.0333441607654094,100.0,2023-06-01,6,2023
H68,2023-07-01/2023-07-31,380,380,0.6959822773933411,0.0349898301064968,0.5141541361808777,0.0361714921891689,0.1687609255313873,0.0330421067774295,100.0,2023-07-01,7,2023
H68,2023-08-01/2023-08-31,0,380,0.6491810083389282,,0.46046118438243866,,0.1181774996221065,,0.0,2023-08-01,8,2023
H68,2023-09-01/2023-09-30,380,380,0.6023797392845154,0.0726645141839981,0.4067682325839996,0.0656427219510078,0.0675940737128257,0.0660760104656219,100.0,2023-09-01,9,2023
H68,2023-10-01/2023-10-31,380,380,0.5905386805534363,0.0654922574758529,0.2122285515069961,0.0258432645350694,0.0144581971690058,0.0491008684039115,100.0,2023-10-01,10,2023
H68,2023-11-01/2023-11-30,380,380,0.6495655179023743,0.0662971138954162,0.3956277072429657,0.0438861735165119,0.1042922809720039,0.0468457490205764,100.0,2023-11-01,11,2023
H68,2023-12-01/2023-12-31,380,380,0.6044503450393677,0.0755819380283355,0.3475248515605926,0.0448507592082023,0.0650791749358177,0.0515805818140506,100.0,2023-12-01,12,2023
H68,2024-01-01/2024-01-31,380,380,0.614931583404541,0.0739801675081253,0.3633455336093902,0.0439396016299724,0.0704206451773643,0.0455763004720211,100.0,2024-01-01,1,2024
H68,2024-02-01/2024-02-29,380,380,0.5908567905426025,0.0712008476257324,0.3683520257472992,0.0439771562814712,0.0636340081691742,0.041110161691904,100.0,2024-02-01,2,2024
H68,2024-03-01/2024-03-31,380,380,0.5051753520965576,0.0736538246273994,0.3288356065750122,0.0468133464455604,0.0298410113900899,0.0408651679754257,100.0,2024-03-01,3,2024
H68,2024-04-01/2024-04-30,380,380,0.4830782413482666,0.0710520818829536,0.3224402666091919,0.0472940132021904,0.0032177127432078,0.0404468029737472,100.0,2024-04-01,4,2024
H68,2024-05-01/2024-05-31,380,380,0.4487636387348175,0.0769434198737144,0.3150538504123688,0.053154669702053,0.0043175495229661,0.0394685082137584,100.0,2024-05-01,5,2024
H68,2024-06-01/2024-06-30,380,380,0.4507935047149658,0.0743128657341003,0.3183252811431885,0.0515376105904579,0.0056467424146831,0.0367700569331646,100.0,2024-06-01,6,2024
H68,2024-07-01/2024-07-31,347,380,0.5356164574623108,0.0471028350293636,0.5053524374961853,0.0561064518988132,0.1598682403564453,0.0374459028244018,91.3,2024-07-01,7,2024
H68,2024-08-01/2024-08-31,0,380,0.5690901279449463,,0.43480630218982697,,0.12002467736601825,,0.0,2024-08-01,8,2024
H68,2024-09-01/2024-09-30,380,380,0.6025637984275818,0.0685990825295448,0.3642601668834686,0.0420697219669818,0.0801811143755912,0.0475054755806922,100.0,2024-09-01,9,2024
H68,2024-10-01/2024-10-31,380,380,0.637516438961029,0.0556136891245842,0.3956347703933716,0.046790312975645,0.1234382018446922,0.0466485284268856,100.0,2024-10-01,10,2024
H68,2024-11-01/2024-11-30,380,380,0.6445428729057312,0.0772707909345626,0.36801877617836,0.0440505370497703,0.1154341027140617,0.0507158003747463,100.0,2024-11-01,11,2024
H68,2024-12-01/2024-12-31,380,380,0.65446537733078,0.0997496098279953,0.3787126243114471,0.0571822114288806,0.1372264772653579,0.0688741132616996,100.0,2024-12-01,12,2024
H69,2023-01-01/2023-01-31,380,380,0.7194560766220093,0.0774171575903892,0.4448899924755096,0.0505131743848323,0.2234466224908828,0.0681374073028564,100.0,2023-01-01,1,2023
H69,2023-02-01/2023-02-28,380,380,0.6036394834518433,0.0854998305439949,0.3761820793151855,0.0492705851793289,0.1114662066102027,0.0600611455738544,100.0,2023-02-01,2,2023
H69,2023-03-01/2023-03-31,380,380,0.5527979135513306,0.0724458023905754,0.3616706430912018,0.0456376075744628,0.0713133737444877,0.0518097691237926,100.0,2023-03-01,3,2023
H69,2023-04-01/2023-04-30,380,380,0.5725425481796265,0.0766267552971839,0.3755765855312347,0.0503511019051075,0.0851929113268852,0.0583991631865501,100.0,2023-04-01,4,2023
H69,2023-05-01/2023-05-31,380,380,0.6073132753372192,0.0783522427082061,0.4237973392009735,0.0620286017656326,0.0980645567178726,0.0627882778644561,100.0,2023-05-01,5,2023
H69,2023-06-01/2023-06-30,380,380,0.6018840074539185,0.0797359123826026,0.4088554084300995,0.0604379139840602,0.0975495502352714,0.0661855190992355,100.0,2023-06-01,6,2023
H69,2023-07-01/2023-07-31,380,380,0.7414141297340393,0.0431558340787887,0.5270808935165405,0.0584320984780788,0.1758048385381698,0.0656656324863433,100.0,2023-07-01,7,2023
H69,2023-08-01/2023-08-31,380,380,0.5371333956718445,0.0291930232197046,0.5203750729560852,0.0385993048548698,0.2734729647636413,0.034662015736103,100.0,2023-08-01,8,2023
H69,2023-09-01/2023-09-30,380,380,0.6976019740104675,0.0340806059539318,0.4434994757175445,0.0301741678267717,0.1116480752825737,0.0312309879809618,100.0,2023-09-01,9,2023
H69,2023-10-01/2023-10-31,380,380,0.7509402632713318,0.0492371246218681,0.2626463174819946,0.0238097421824932,0.1305007934570312,0.0414294600486755,100.0,2023-10-01,10,2023
H69,2023-11-01/2023-11-30,380,380,0.7175151705741882,0.0676142796874046,0.4286157786846161,0.0442168936133384,0.1651095300912857,0.0548356361687183,100.0,2023-11-01,11,2023
H69,2023-12-01/2023-12-31,380,380,0.7972246408462524,0.1007082685828208,0.4906081259250641,0.0761999413371086,0.2656156420707702,0.0864485576748848,100.0,2023-12-01,12,2023
H69,2024-01-01/2024-01-31,380,380,0.7830066680908203,0.0819456502795219,0.4838757216930389,0.0611454807221889,0.2433942854404449,0.0738040804862976,100.0,2024-01-01,1,2024
H69,2024-02-01/2024-02-29,380,380,0.72935950756073,0.0976678356528282,0.4510217905044555,0.0624468363821506,0.1827235966920852,0.0706085488200187,100.0,2024-02-01,2,2024
H69,2024-03-01/2024-03-31,380,380,0.6136757135391235,0.0764755234122276,0.3814708888530731,0.0430015884339809,0.0994718447327613,0.0484684519469738,100.0,2024-03-01,3,2024
H69,2024-04-01/2024-04-30,380,380,0.5772953033447266,0.06824292242527,0.3700933754444122,0.0403934717178344,0.068476378917694,0.0470416136085987,100.0,2024-04-01,4,2024
H69,2024-05-01/2024-05-31,380,380,0.586872935295105,0.085066020488739,0.3849511742591858,0.0527549237012863,0.081710398197174,0.0546647757291793,100.0,2024-05-01,5,2024
H69,2024-06-01/2024-06-30,380,380,0.5902298092842102,0.0916592627763748,0.3870686590671539,0.0556336343288421,0.0798524245619773,0.0531295388936996,100.0,2024-06-01,6,2024
H69,2024-07-01/2024-07-31,376,380,0.4803154766559601,0.0468505583703517,0.4720777869224548,0.0349332951009273,0.1390398293733596,0.0197651050984859,98.9,2024-07-01,7,2024
H69,2024-08-01/2024-08-31,0,380,0.6376874893903732,,0.4809326231479645,,0.19044660776853556,,0.0,2024-08-01,8,2024
H69,2024-09-01/2024-09-30,380,380,0.7950595021247864,0.0986460894346237,0.4897874593734741,0.0679942518472671,0.2418533861637115,0.0765904784202575,100.0,2024-09-01,9,2024
H69,2024-10-01/2024-10-31,380,380,0.7842965126037598,0.0833392292261123,0.5071584582328796,0.0538560971617698,0.2665528953075409,0.069417580962181,100.0,2024-10-01,10,2024
H69,2024-11-01/2024-11-30,380,380,0.7477797865867615,0.0854749381542205,0.4575076401233673,0.0545825101435184,0.2061288058757782,0.0726272463798523,100.0,2024-11-01,11,2024
H69,2024-12-01/2024-12-31,380,380,0.7634400129318237,0.0788206309080123,0.470702588558197,0.0587682574987411,0.2366461455821991,0.0788154453039169,100.0,2024-12-01,12,2024
H7,2023-01-01/2023-01-31,380,380,0.4996462762355804,0.0709430798888206,0.2746295630931854,0.0440958142280578,-0.034486498683691,0.0452863723039627,100.0,2023-01-01,1,2023
H7,2023-02-01/2023-02-28,380,380,0.4693965017795563,0.0678388625383377,0.2615505754947662,0.0409249849617481,-0.0633540004491806,0.0407528467476367,100.0,2023-02-01,2,2023
H7,2023-03-01/2023-03-31,380,380,0.4523775577545166,0.0660196766257286,0.2846585810184479,0.0469051785767078,-0.0590060576796531,0.0418050475418567,100.0,2023-03-01,3,2023
H7,2023-04-01/2023-04-30,380,380,0.4531217813491821,0.0657399222254753,0.2868139445781708,0.0482593663036823,-0.058653600513935,0.0424400568008422,100.0,2023-04-01,4,2023
H7,2023-05-01/2023-05-31,380,380,0.4386518001556396,0.06621103733778,0.2849567234516144,0.0476847328245639,-0.0746480226516723,0.0382487922906875,100.0,2023-05-01,5,2023
H7,2023-06-01/2023-06-30,380,380,0.4357792139053345,0.0623796135187149,0.2782252728939056,0.0442914515733718,-0.0762163996696472,0.0369544476270675,100.0,2023-06-01,6,2023
H7,2023-07-01/2023-07-31,380,380,0.6915333867073059,0.0507296882569789,0.4800565242767334,0.0544137172400951,0.1292222291231155,0.043370597064495,100.0,2023-07-01,7,2023
H7,2023-08-01/2023-08-31,0,380,0.6273869276046753,,0.4107615649700165,,0.06499154222547071,,0.0,2023-08-01,8,2023
H7,2023-09-01/2023-09-30,380,380,0.5632404685020447,0.0693665221333503,0.3414666056632995,0.0531891323626041,0.0007608553278259,0.0483779348433017,100.0,2023-09-01,9,2023
H7,2023-10-01/2023-10-31,380,380,0.6970194578170776,0.0665088891983032,0.2569319009780884,0.0336768515408039,0.095763474702835,0.0517926476895809,100.0,2023-10-01,10,2023
H7,2023-11-01/2023-11-30,380,380,0.6373533606529236,0.0614598132669925,0.4015160799026489,0.0532122962176799,0.1031892150640487,0.0494506284594535,100.0,2023-11-01,11,2023
H7,2023-12-01/2023-12-31,380,380,0.6770160794258118,0.0760379582643508,0.3799793422222137,0.0563324429094791,0.1169478446245193,0.0561025515198707,100.0,2023-12-01,12,2023
H7,2024-01-01/2024-01-31,380,380,0.6422813534736633,0.077042743563652,0.3742213547229767,0.0570870116353035,0.0941511988639831,0.054321426898241,100.0,2024-01-01,1,2024
H7,2024-02-01/2024-02-29,380,380,0.5202540755271912,0.081396497786045,0.306963562965393,0.0534086599946022,0.0022623934783041,0.0496586412191391,100.0,2024-02-01,2,2024
H7,2024-03-01/2024-03-31,380,380,0.5355256795883179,0.08189307898283,0.3400647640228271,0.0583608224987983,0.0313018895685672,0.052299253642559,100.0,2024-03-01,3,2024
H7,2024-04-01/2024-04-30,380,380,0.5266441106796265,0.0810628533363342,0.3472545444965362,0.060573261231184,0.0202328786253929,0.0535524934530258,100.0,2024-04-01,4,2024
H7,2024-05-01/2024-05-31,380,380,0.5392402410507202,0.0777941346168518,0.3690998554229736,0.0600132793188095,0.0411315932869911,0.0498287454247474,100.0,2024-05-01,5,2024
H7,2024-06-01/2024-06-30,380,380,0.5278081893920898,0.0735489130020141,0.3690998256206512,0.0575379133224487,0.0464297458529472,0.0455357655882835,100.0,2024-06-01,6,2024
H7,2024-07-01/2024-07-31,380,380,0.6000942587852478,0.0548258870840072,0.4430448114871979,0.0521325580775737,0.0961995497345924,0.0391898676753044,100.0,2024-07-01,7,2024
H7,2024-08-01/2024-08-31,0,380,0.6338905990123749,,0.41118642687797546,,0.09106355533003804,,0.0,2024-08-01,8,2024
H7,2024-09-01/2024-09-30,380,380,0.667686939239502,0.074847787618637,0.379328042268753,0.0609013214707374,0.0859275609254837,0.062371302396059,100.0,2024-09-01,9,2024
H7,2024-10-01/2024-10-31,380,380,0.6632131934165955,0.0725243315100669,0.3835585713386535,0.0575411096215248,0.1269782781600952,0.0575617663562297,100.0,2024-10-01,10,2024
H7,2024-11-01/2024-11-30,380,380,0.6819102764129639,0.0788654834032058,0.3748677372932434,0.0551395453512668,0.1242245137691497,0.0569060742855072,100.0,2024-11-01,11,2024
H7,2024-12-01/2024-12-31,380,380,0.6767092347145081,0.0806804224848747,0.3779352605342865,0.0539692789316177,0.1379185765981674,0.0580270700156688,100.0,2024-12-01,12,2024
H70,2023-01-01/2023-01-31,380,380,0.5030176043510437,0.0530458129942417,0.3142553567886352,0.0369597822427749,0.0141559597104787,0.0452283881604671,100.0,2023-01-01,1,2023
H70,2023-02-01/2023-02-28,380,380,0.3236415386199951,0.0461318716406822,0.2192720472812652,0.0268197115510702,-0.0819124653935432,0.0295940022915601,100.0,2023-02-01,2,2023
H70,2023-03-01/2023-03-31,380,380,0.3123899698257446,0.0409976541996002,0.2110000550746917,0.0269238222390413,-0.1283552944660186,0.0276840087026357,100.0,2023-03-01,3,2023
H70,2023-04-01/2023-04-30,380,380,0.3186295330524444,0.0463612154126167,0.2156320065259933,0.0306605175137519,-0.1181384772062301,0.0309279821813106,100.0,2023-04-01,4,2023
H70,2023-05-01/2023-05-31,380,380,0.3169352114200592,0.0325140580534935,0.2056920975446701,0.0231880377978086,-0.1708258837461471,0.0263977665454149,100.0,2023-05-01,5,2023
H70,2023-06-01/2023-06-30,380,380,0.322533369064331,0.0356663428246974,0.2043521255254745,0.0248547103255987,-0.1685111373662948,0.0294295400381088,100.0,2023-06-01,6,2023
H70,2023-07-01/2023-07-31,380,380,0.7306169867515564,0.0379746407270431,0.5861462354660034,0.0477005876600742,0.1624535769224167,0.0385727658867836,100.0,2023-07-01,7,2023
H70,2023-08-01/2023-08-31,156,380,0.3574638962745666,0.0285536795854568,0.367091417312622,0.0310090258717536,0.1239863187074661,0.022301010787487,41.1,2023-08-01,8,2023
H70,2023-09-01/2023-09-30,380,380,0.7464781403541565,0.0665827617049217,0.5915869474411011,0.0614065341651439,0.1979270130395889,0.04673632979393,100.0,2023-09-01,9,2023
H70,2023-10-01/2023-10-31,380,380,0.6655275225639343,0.0349765345454216,0.2708320021629333,0.0171898584812879,0.042314950376749,0.0265205949544906,100.0,2023-10-01,10,2023
H70,2023-11-01/2023-11-30,380,380,0.6418254971504211,0.0570138022303581,0.430446982383728,0.0444705970585346,0.1040850207209587,0.047236081212759,100.0,2023-11-01,11,2023
H70,2023-12-01/2023-12-31,380,380,0.5967070460319519,0.0499932914972305,0.3549524545669555,0.038647674024105,0.0218771025538444,0.0433384701609611,100.0,2023-12-01,12,2023
H70,2024-01-01/2024-01-31,380,380,0.5685214996337891,0.0429843999445438,0.3501683175563812,0.0312254801392555,0.0200719740241765,0.0305498503148555,100.0,2024-01-01,1,2024
H70,2024-02-01/2024-02-29,380,380,0.4860039949417114,0.0449407175183296,0.2993615269660949,0.0305161494761705,-0.0377900004386901,0.0371729768812656,100.0,2024-02-01,2,2024
H70,2024-03-01/2024-03-31,380,380,0.4120696187019348,0.0327416285872459,0.2650222480297088,0.0217233039438724,-0.0640432387590408,0.0272873882204294,100.0,2024-03-01,3,2024
H70,2024-04-01/2024-04-30,380,380,0.3845489025115967,0.0315849930047988,0.2550461292266845,0.0221758130937814,-0.0905122235417366,0.0264797620475292,100.0,2024-04-01,4,2024
H70,2024-05-01/2024-05-31,380,380,0.2897508442401886,0.0330270826816558,0.21559938788414,0.0229042433202266,-0.0814450979232788,0.0192343704402446,100.0,2024-05-01,5,2024
H70,2024-06-01/2024-06-30,380,380,0.3103730082511902,0.0339870527386665,0.2301866561174392,0.0240581929683685,-0.0725644826889038,0.0185596849769353,100.0,2024-06-01,6,2024
H70,2024-07-01/2024-07-31,160,380,0.4667531847953796,0.0703702494502067,0.5343138575553894,0.0537469387054443,0.1478745937347412,0.0219725407660007,42.1,2024-07-01,7,2024
H70,2024-08-01/2024-08-31,0,380,0.44808313250541687,,0.4072056859731674,,0.05339180864393715,,0.0,2024-08-01,8,2024
H70,2024-09-01/2024-09-30,380,380,0.4294130802154541,0.0847774893045425,0.2800975143909454,0.0657313466072082,-0.0410909764468669,0.0563984774053096,100.0,2024-09-01,9,2024
H70,2024-10-01/2024-10-31,380,380,0.6331504583358765,0.0597236305475235,0.443985104560852,0.0521671697497367,0.0871732831001281,0.0475035831332206,100.0,2024-10-01,10,2024
H70,2024-11-01/2024-11-30,380,380,0.7137843370437622,0.032778687775135,0.4768053889274597,0.0380625426769256,0.180408701300621,0.0350979715585708,100.0,2024-11-01,11,2024
H70,2024-12-01/2024-12-31,380,380,0.4521039426326751,0.0620740167796611,0.2966365218162536,0.0377223789691925,0.0127578442916274,0.0454658828675746,100.0,2024-12-01,12,2024
H71,2023-01-01/2023-01-31,380,380,0.5335108637809753,0.0562378317117691,0.3595634996891022,0.0400736145675182,0.0497765392065048,0.0462481491267681,100.0,2023-01-01,1,2023
H71,2023-02-01/2023-02-28,380,380,0.3776881694793701,0.0378417633473873,0.255568653345108,0.0251425337046384,-0.0522556789219379,0.0337823033332824,100.0,2023-02-01,2,2023
H71,2023-03-01/2023-03-31,380,380,0.3623567223548889,0.0408946424722671,0.2372664660215377,0.0245488472282886,-0.0867296531796455,0.0328077636659145,100.0,2023-03-01,3,2023
H71,2023-04-01/2023-04-30,380,380,0.3698261380195617,0.0423954054713249,0.2421823143959045,0.0253047253936529,-0.0775514617562294,0.0339961536228656,100.0,2023-04-01,4,2023
H71,2023-05-01/2023-05-31,380,380,0.337672472000122,0.0324991233646869,0.2286035567522049,0.0208764374256134,-0.1161380335688591,0.0351843349635601,100.0,2023-05-01,5,2023
H71,2023-06-01/2023-06-30,380,380,0.3378530740737915,0.0353665091097354,0.2206902801990509,0.0217997916042804,-0.1163775920867919,0.0359771884977817,100.0,2023-06-01,6,2023
H71,2023-07-01/2023-07-31,380,380,0.6417645215988159,0.0454716347157955,0.4920569062232971,0.0521184094250202,0.0928328484296798,0.04311528429389,100.0,2023-07-01,7,2023
H71,2023-08-01/2023-08-31,380,380,0.4702188670635223,0.0303554125130176,0.4533334076404571,0.037338800728321,0.1969145685434341,0.0265942886471748,100.0,2023-08-01,8,2023
H71,2023-09-01/2023-09-30,380,380,0.643668532371521,0.0452258586883544,0.4744254946708679,0.0458450093865394,0.1108995452523231,0.0408369116485118,100.0,2023-09-01,9,2023
H71,2023-10-01/2023-10-31,380,380,0.7130058407783508,0.0371711812913417,0.2930648922920227,0.0275293216109275,0.1082324460148811,0.0421111024916172,100.0,2023-10-01,10,2023
H71,2023-11-01/2023-11-30,380,380,0.6202300190925598,0.0593076646327972,0.4151980876922607,0.0497154705226421,0.1048794016242027,0.0511749126017093,100.0,2023-11-01,11,2023
H71,2023-12-01/2023-12-31,380,380,0.4840283989906311,0.0568193756043911,0.2967016994953155,0.0396599434316158,-0.0123405465856194,0.0570967234671115,100.0,2023-12-01,12,2023
H71,2024-01-01/2024-01-31,380,380,0.5468761324882507,0.0612517446279525,0.3579117655754089,0.0476401597261428,0.0361616984009742,0.0552364401519298,100.0,2024-01-01,1,2024
H71,2024-02-01/2024-02-29,380,380,0.456024557352066,0.0418238453567028,0.3109347820281982,0.033020980656147,-0.003125739749521,0.0392870083451271,100.0,2024-02-01,2,2024
H71,2024-03-01/2024-03-31,380,380,0.4381438493728637,0.0397180616855621,0.2973856031894684,0.0303468536585569,-0.008940253406763,0.0395492278039455,100.0,2024-03-01,3,2024
H71,2024-04-01/2024-04-30,380,380,0.411297082901001,0.0405881442129612,0.2863471508026123,0.0300536733120679,-0.0362302139401435,0.0360135063529014,100.0,2024-04-01,4,2024
H71,2024-05-01/2024-05-31,380,380,0.3276673257350921,0.0332476422190666,0.2267535924911499,0.0248326808214187,-0.0709835290908813,0.0397450551390647,100.0,2024-05-01,5,2024
H71,2024-06-01/2024-06-30,380,380,0.3093143999576568,0.0312861613929271,0.2248114943504333,0.024874547496438,-0.0611355639994144,0.0407505519688129,100.0,2024-06-01,6,2024
H71,2024-07-01/2024-07-31,380,380,0.4519491195678711,0.0354505330324173,0.4411682188510895,0.0333643108606338,0.0675267204642295,0.0226982701569795,100.0,2024-07-01,7,2024
H71,2024-08-01/2024-08-31,0,380,0.5759722292423248,,0.47044041752815247,,0.1049483753740787,,0.0,2024-08-01,8,2024
H71,2024-09-01/2024-09-30,380,380,0.6999953389167786,0.0580255575478076,0.4997126162052154,0.0607679933309555,0.1423700302839279,0.0580755658447742,100.0,2024-09-01,9,2024
H71,2024-10-01/2024-10-31,380,380,0.5742128491401672,0.03672506660223,0.424102634191513,0.0372427776455879,0.0825047269463539,0.0439491830766201,100.0,2024-10-01,10,2024
H71,2024-11-01/2024-11-30,380,380,0.4633127450942993,0.0421036779880523,0.2867535650730133,0.0286182332783937,-0.0469688363373279,0.0393976792693138,100.0,2024-11-01,11,2024
H71,2024-12-01/2024-12-31,380,380,0.4902694821357727,0.0498935505747795,0.2909468114376068,0.0308101810514926,-0.0392400808632373,0.043767262250185,100.0,2024-12-01,12,2024
H72,2023-01-01/2023-01-31,380,380,0.3594376444816589,0.1344429105520248,0.2219400554895401,0.0806324705481529,0.0031550934072583,0.0396546125411987,100.0,2023-01-01,1,2023
H72,2023-02-01/2023-02-28,380,380,0.332995057106018,0.1242163628339767,0.20874984562397,0.073310986161232,-0.0146429166197776,0.0488551668822765,100.0,2023-02-01,2,2023
H72,2023-03-01/2023-03-31,380,380,0.2529492080211639,0.0820505917072296,0.1677413880825042,0.0500614866614341,-0.0640602484345436,0.0571505911648273,100.0,2023-03-01,3,2023
H72,2023-04-01/2023-04-30,380,380,0.2581360638141632,0.0798776075243949,0.1722543835639953,0.0485595539212226,-0.0573060326278209,0.0533076152205467,100.0,2023-04-01,4,2023
H72,2023-05-01/2023-05-31,380,380,0.3056325912475586,0.0889265239238739,0.2111266553401947,0.0561861097812652,-0.0341880805790424,0.0493790842592716,100.0,2023-05-01,5,2023
H72,2023-06-01/2023-06-30,380,380,0.3043396472930908,0.0885004252195358,0.2077026516199112,0.0539476200938224,-0.0353286601603031,0.0456185452640056,100.0,2023-06-01,6,2023
H72,2023-07-01/2023-07-31,380,380,0.5643846392631531,0.1472503840923309,0.4376018047332763,0.1512627154588699,0.1086801961064338,0.0743034407496452,100.0,2023-07-01,7,2023
H72,2023-08-01/2023-08-31,380,380,0.4869700670242309,0.0840371325612068,0.3938528001308441,0.0875211507081985,0.161480575799942,0.0388674177229404,100.0,2023-08-01,8,2023
H72,2023-09-01/2023-09-30,380,380,0.4426840841770172,0.1178614497184753,0.3042911291122436,0.078202374279499,0.0086847068741917,0.0325901843607425,100.0,2023-09-01,9,2023
H72,2023-10-01/2023-10-31,366,380,0.6358431577682495,0.1313509792089462,0.2482897192239761,0.0723233520984649,0.1287590116262436,0.0824915543198585,96.3,2023-10-01,10,2023
H72,2023-11-01/2023-11-30,380,380,0.5087639093399048,0.1338745504617691,0.3297472298145294,0.0941395685076713,0.0601643212139606,0.0543480217456817,100.0,2023-11-01,11,2023
H72,2023-12-01/2023-12-31,380,380,0.6183735728263855,0.1310669183731079,0.3996575474739074,0.1060432344675064,0.1460539847612381,0.065248392522335,100.0,2023-12-01,12,2023
H72,2024-01-01/2024-01-31,380,380,0.4679271578788757,0.119945228099823,0.2987129092216491,0.079509750008583,0.0374829992651939,0.0465252436697483,100.0,2024-01-01,1,2024
H72,2024-02-01/2024-02-29,380,380,0.3896215260028839,0.0913945063948631,0.2606785595417022,0.0611090436577796,-0.0023647812195122,0.0338575355708599,100.0,2024-02-01,2,2024
H72,2024-03-01/2024-03-31,380,380,0.3798405826091766,0.0929969325661659,0.2652991116046905,0.0635131821036338,0.0113487634807825,0.0309642534703016,100.0,2024-03-01,3,2024
H72,2024-04-01/2024-04-30,380,380,0.3690969049930572,0.0915763899683952,0.2628034949302673,0.0648905262351036,-0.0092088663950562,0.0297699272632598,100.0,2024-04-01,4,2024
H72,2024-05-01/2024-05-31,380,380,0.3178352415561676,0.0787475630640983,0.2286015748977661,0.0555421337485313,-0.0197142455726861,0.0288066174834966,100.0,2024-05-01,5,2024
H72,2024-06-01/2024-06-30,380,380,0.3041227161884308,0.0797165110707283,0.2217323333024978,0.0574041455984115,-0.0232115294784307,0.0293480362743139,100.0,2024-06-01,6,2024
H72,2024-07-01/2024-07-31,380,380,0.487667053937912,0.1016154512763023,0.3656509518623352,0.0929019823670387,0.0268204268068075,0.0494592562317848,100.0,2024-07-01,7,2024
H72,2024-08-01/2024-08-31,0,380,0.5535902827978134,,0.39147041738033295,,0.08024433534592385,,0.0,2024-08-01,8,2024
H72,2024-09-01/2024-09-30,380,380,0.6195135116577148,0.1365257650613784,0.4172898828983307,0.1191541329026222,0.1336682438850402,0.0919601917266845,100.0,2024-09-01,9,2024
H72,2024-10-01/2024-10-31,380,380,0.673127293586731,0.1548028886318206,0.4833317399024963,0.1488935351371765,0.2211028635501861,0.1171076223254203,100.0,2024-10-01,10,2024
H72,2024-11-01/2024-11-30,380,380,0.574786901473999,0.1287407875061035,0.3639481663703918,0.0896890833973884,0.0616144388914108,0.0646952688694,100.0,2024-11-01,11,2024
H72,2024-12-01/2024-12-31,380,380,0.5884910821914673,0.1257127374410629,0.3861823678016662,0.0948516279458999,0.0788164362311363,0.0751140937209129,100.0,2024-12-01,12,2024
H73,2023-01-01/2023-01-31,380,380,0.4373790621757507,0.0889096036553382,0.2619043588638305,0.0636161565780639,0.0032458135392516,0.0763983353972435,100.0,2023-01-01,1,2023
H73,2023-02-01/2023-02-28,380,380,0.3868001699447632,0.0877101346850395,0.2337276190519333,0.0581340454518795,-0.0296321716159582,0.0640512406826019,100.0,2023-02-01,2,2023
H73,2023-03-01/2023-03-31,380,380,0.3153493106365204,0.0572906844317913,0.2061880826950073,0.0410371534526348,-0.0693167597055435,0.0425887703895568,100.0,2023-03-01,3,2023
H73,2023-04-01/2023-04-30,380,380,0.3124363124370575,0.0534632243216037,0.2043474167585373,0.0387559346854686,-0.0614993758499622,0.0415548086166381,100.0,2023-04-01,4,2023
H73,2023-05-01/2023-05-31,380,380,0.3107555210590362,0.0623393915593624,0.2075973451137542,0.0419595502316951,-0.0766908302903175,0.0474804379045963,100.0,2023-05-01,5,2023
H73,2023-06-01/2023-06-30,380,380,0.3172977566719055,0.0631144121289253,0.207785964012146,0.0421323664486408,-0.0704721510410308,0.0487563572824001,100.0,2023-06-01,6,2023
H73,2023-07-01/2023-07-31,314,380,0.4322754740715027,0.0760939270257949,0.3637620508670807,0.0653616189956665,0.0399483740329742,0.0459562800824642,82.6,2023-07-01,7,2023
H73,2023-08-01/2023-08-31,380,380,0.5152888298034668,0.0651832818984985,0.3943258225917816,0.077676273882389,0.150392398238182,0.051762543618679,100.0,2023-08-01,8,2023
H73,2023-09-01/2023-09-30,380,380,0.6831223368644714,0.0899755135178566,0.5170595049858093,0.094617061316967,0.2224074900150299,0.0607870779931545,100.0,2023-09-01,9,2023
H73,2023-10-01/2023-10-31,380,380,0.8113548159599304,0.0719335675239563,0.3858706951141357,0.0764068886637687,0.2888913452625274,0.079080618917942,100.0,2023-10-01,10,2023
H73,2023-11-01/2023-11-30,380,380,0.5230874419212341,0.1023164838552475,0.3155061304569244,0.0769398435950279,0.0333097837865352,0.0904268473386764,100.0,2023-11-01,11,2023
H73,2023-12-01/2023-12-31,380,380,0.6694828867912292,0.0882923454046249,0.404708981513977,0.0948788076639175,0.1299575120210647,0.0775227919220924,100.0,2023-12-01,12,2023
H73,2024-01-01/2024-01-31,380,380,0.4726136922836303,0.0921236053109169,0.2861911654472351,0.0475395284593105,-0.0076870159246027,0.062999777495861,100.0,2024-01-01,1,2024
H73,2024-02-01/2024-02-29,380,380,0.4343498647212982,0.0693277567625045,0.2772994935512543,0.0480141825973987,-0.0173900499939918,0.044985931366682,100.0,2024-02-01,2,2024
H73,2024-03-01/2024-03-31,380,380,0.3810232579708099,0.0602793805301189,0.2566412985324859,0.045179583132267,-0.027443965896964,0.0351092666387558,100.0,2024-03-01,3,2024
H73,2024-04-01/2024-04-30,380,380,0.3655598759651184,0.0584212392568588,0.2511853277683258,0.0455654300749301,-0.0491821579635143,0.0346487797796726,100.0,2024-04-01,4,2024
H73,2024-05-01/2024-05-31,380,380,0.319877952337265,0.0605426840484142,0.2291910648345947,0.045795302838087,-0.0368434563279151,0.035035166889429,100.0,2024-05-01,5,2024
H73,2024-06-01/2024-06-30,380,380,0.3190062344074249,0.0650023743510246,0.2287022620439529,0.0497954450547695,-0.0338871553540229,0.0377912297844886,100.0,2024-06-01,6,2024
H73,2024-07-01/2024-07-31,380,380,0.599452793598175,0.0887666419148445,0.4752728044986725,0.1103754490613937,0.1270268559455871,0.0613529905676841,100.0,2024-07-01,7,2024
H73,2024-08-01/2024-08-31,0,380,0.6259684562683105,,0.4562700092792511,,0.1304143220186233,,0.0,2024-08-01,8,2024
H73,2024-09-01/2024-09-30,380,380,0.652484118938446,0.0777412354946136,0.4372672140598297,0.0666012912988662,0.1338017880916595,0.0643522813916206,100.0,2024-09-01,9,2024
H73,2024-10-01/2024-10-31,380,380,0.564591646194458,0.1112890243530273,0.3673191368579864,0.0907840430736541,0.0790770277380943,0.0703693553805351,100.0,2024-10-01,10,2024
H73,2024-11-01/2024-11-30,380,380,0.6162726879119873,0.0839900895953178,0.3747394680976867,0.0631641820073127,0.1065803095698356,0.058108989149332,100.0,2024-11-01,11,2024
H73,2024-12-01/2024-12-31,380,380,0.5644323825836182,0.0765870288014411,0.3495262265205383,0.0498910434544086,0.0935257449746131,0.059751808643341,100.0,2024-12-01,12,2024
H74,2023-01-01/2023-01-31,380,380,0.657881498336792,0.0377435311675071,0.4446758031845093,0.0321310311555862,0.1367550045251846,0.0255712419748306,100.0,2023-01-01,1,2023
H74,2023-02-01/2023-02-28,380,380,0.5527872443199158,0.0373596213757991,0.3569116592407226,0.0246838890016078,0.0391520224511623,0.0235176142305135,100.0,2023-02-01,2,2023
H74,2023-03-01/2023-03-31,380,380,0.4807919859886169,0.0420113131403923,0.3205066621303558,0.027884479612112,-0.0171642955392599,0.0225507915019989,100.0,2023-03-01,3,2023
H74,2023-04-01/2023-04-30,380,380,0.4879217147827148,0.0411853455007076,0.3273538053035736,0.027826901525259,-0.0068964078091084,0.023785013705492,100.0,2023-04-01,4,2023
H74,2023-05-01/2023-05-31,380,380,0.4798550605773926,0.0467278771102428,0.3253869116306305,0.0338270850479602,-0.0464831590652465,0.0270526278764009,100.0,2023-05-01,5,2023
H74,2023-06-01/2023-06-30,380,380,0.4763072431087494,0.0433875061571598,0.3123128712177276,0.0300211422145366,-0.0534994676709175,0.0277161747217178,100.0,2023-06-01,6,2023
H74,2023-07-01/2023-07-31,380,380,0.705522894859314,0.0365645177662372,0.5309087038040161,0.0370541289448738,0.1335298418998718,0.0346353910863399,100.0,2023-07-01,7,2023
H74,2023-08-01/2023-08-31,380,380,0.6171798706054688,0.0251872837543487,0.5276070237159729,0.0251867230981588,0.2234077006578445,0.0218990519642829,100.0,2023-08-01,8,2023
H74,2023-09-01/2023-09-30,380,380,0.5804729461669922,0.0255319327116012,0.393492192029953,0.0203663911670446,0.0129067292436957,0.0198553558439016,100.0,2023-09-01,9,2023
H74,2023-10-01/2023-10-31,380,380,0.8326843976974487,0.0349907428026199,0.3375202417373657,0.0529562383890152,0.2671538591384887,0.0606072768568992,100.0,2023-10-01,10,2023
H74,2023-11-01/2023-11-30,380,380,0.7694209814071655,0.0409930199384689,0.5437628626823425,0.0481393672525882,0.2490513920783996,0.0391417518258094,100.0,2023-11-01,11,2023
H74,2023-12-01/2023-12-31,380,380,0.6916412115097046,0.0292239245027303,0.4564575254917145,0.0295491442084312,0.1623858958482742,0.0254252534359693,100.0,2023-12-01,12,2023
H74,2024-01-01/2024-01-31,380,380,0.7078399062156677,0.0396183095872402,0.4817762970924377,0.0357971079647541,0.1650280207395553,0.0289016980677843,100.0,2024-01-01,1,2024
H74,2024-02-01/2024-02-29,380,380,0.6477338075637817,0.0437559001147747,0.4390123784542084,0.033294890075922,0.1125570014119148,0.0273227952420711,100.0,2024-02-01,2,2024
H74,2024-03-01/2024-03-31,380,380,0.4909376502037048,0.031497087329626,0.3636643290519714,0.0241702292114496,0.0573672950267791,0.0189601704478263,100.0,2024-03-01,3,2024
H74,2024-04-01/2024-04-30,380,380,0.4732512533664703,0.0323170013725757,0.3576733767986297,0.0254428666085004,0.0452816896140575,0.0214035343378782,100.0,2024-04-01,4,2024
H74,2024-05-01/2024-05-31,380,380,0.4655792117118835,0.0404578484594821,0.3566244840621948,0.03183114528656,0.0501760393381118,0.0229107327759265,100.0,2024-05-01,5,2024
H74,2024-06-01/2024-06-30,380,380,0.4767091572284698,0.0419226624071598,0.366076648235321,0.0337844751775264,0.0548974201083183,0.0235451981425285,100.0,2024-06-01,6,2024
H74,2024-07-01/2024-07-31,380,380,0.7356950640678406,0.0409061126410961,0.5818610191345215,0.0836981758475303,0.1859158724546432,0.0496282204985618,100.0,2024-07-01,7,2024
H74,2024-08-01/2024-08-31,0,380,0.6696621179580688,,0.4838038980960846,,0.1056044735014438,,0.0,2024-08-01,8,2024
H74,2024-09-01/2024-09-30,380,380,0.6036291718482971,0.0382031388580799,0.3857467770576477,0.025772662833333,0.0252930745482444,0.0273138992488384,100.0,2024-09-01,9,2024
H74,2024-10-01/2024-10-31,380,380,0.7327000498771667,0.0352072902023792,0.4972359836101532,0.0335929617285728,0.166388139128685,0.0324567221105098,100.0,2024-10-01,10,2024
H74,2024-11-01/2024-11-30,380,380,0.7190431356430054,0.0328194424510002,0.448655903339386,0.0284233801066875,0.1490205228328704,0.0288543719798326,100.0,2024-11-01,11,2024
H74,2024-12-01/2024-12-31,380,380,0.7256724834442139,0.0334920436143875,0.4784163236618042,0.0288484767079353,0.1760941296815872,0.0259468108415603,100.0,2024-12-01,12,2024
H75,2023-01-01/2023-01-31,380,380,0.6220820546150208,0.1125026643276214,0.3616353869438171,0.0827991366386413,0.1627657115459442,0.0835254713892936,100.0,2023-01-01,1,2023
H75,2023-02-01/2023-02-28,380,380,0.5507153868675232,0.107797585427761,0.3233587443828583,0.0640435740351677,0.0947499349713325,0.0666472762823104,100.0,2023-02-01,2,2023
H75,2023-03-01/2023-03-31,380,380,0.4976145327091217,0.1106936857104301,0.3163034915924072,0.0701067522168159,0.0511226169764995,0.064798317849636,100.0,2023-03-01,3,2023
H75,2023-04-01/2023-04-30,380,380,0.5075872540473938,0.1145879328250885,0.3235757350921631,0.0729147568345069,0.0581984184682369,0.0654562711715698,100.0,2023-04-01,4,2023
H75,2023-05-01/2023-05-31,380,380,0.5215927958488464,0.1234517246484756,0.3527367413043976,0.087506502866745,0.05198959633708,0.0713934004306793,100.0,2023-05-01,5,2023
H75,2023-06-01/2023-06-30,380,380,0.5198988914489746,0.1263510584831237,0.3435231149196625,0.085067018866539,0.0580069832503795,0.0711008533835411,100.0,2023-06-01,6,2023
H75,2023-07-01/2023-07-31,380,380,0.6771152019500732,0.0855390951037406,0.4594408571720123,0.0807872787117958,0.1559779495000839,0.0681747272610664,100.0,2023-07-01,7,2023
H75,2023-08-01/2023-08-31,380,380,0.5736366510391235,0.0442037768661975,0.4659284949302673,0.0418910831212997,0.2118022143840789,0.0348008312284946,100.0,2023-08-01,8,2023
H75,2023-09-01/2023-09-30,380,380,0.5746327638626099,0.1008177101612091,0.3693880438804626,0.0705926269292831,0.0564753785729408,0.079706847667694,100.0,2023-09-01,9,2023
H75,2023-10-01/2023-10-31,380,380,0.7077080011367798,0.0868769064545631,0.1991316974163055,0.0423196293413639,0.1488769501447677,0.0761085003614425,100.0,2023-10-01,10,2023
H75,2023-11-01/2023-11-30,380,380,0.7094670534133911,0.0968674793839454,0.4328095316886902,0.0703272521495819,0.1895910203456878,0.0551464520394802,100.0,2023-11-01,11,2023
H75,2023-12-01/2023-12-31,380,380,0.709317684173584,0.1160512790083885,0.3966679573059082,0.0781236812472343,0.1958716809749603,0.0793296620249748,100.0,2023-12-01,12,2023
H75,2024-01-01/2024-01-31,380,380,0.6495532989501953,0.1174632906913757,0.3686929047107696,0.0680507570505142,0.1450870484113693,0.0692032799124717,100.0,2024-01-01,1,2024
H75,2024-02-01/2024-02-29,380,380,0.6380394101142883,0.1150982081890106,0.3832143545150757,0.0709891766309738,0.131809800863266,0.0630209669470787,100.0,2024-02-01,2,2024
H75,2024-03-01/2024-03-31,380,380,0.5665271282196045,0.1266729682683944,0.3732010424137115,0.0813029780983924,0.1170436069369316,0.0692664459347724,100.0,2024-03-01,3,2024
H75,2024-04-01/2024-04-30,380,380,0.5554620027542114,0.125056654214859,0.3785535395145416,0.0867080315947532,0.1036868616938591,0.0734343081712722,100.0,2024-04-01,4,2024
H75,2024-05-01/2024-05-31,380,380,0.5186082720756531,0.1315430104732513,0.3653706610202789,0.088605873286724,0.0981640964746475,0.0649200081825256,100.0,2024-05-01,5,2024
H75,2024-06-01/2024-06-30,380,380,0.5052528977394104,0.1253571063280105,0.3577027022838592,0.0860392227768898,0.0879647210240364,0.0603838264942169,100.0,2024-06-01,6,2024
H75,2024-07-01/2024-07-31,380,380,0.7101131081581116,0.0845879912376403,0.544378399848938,0.0793487578630447,0.2207560837268829,0.0591221563518047,100.0,2024-07-01,7,2024
H75,2024-08-01/2024-08-31,0,380,0.6802845597267151,,0.46746765077114105,,0.1835938692092895,,0.0,2024-08-01,8,2024
H75,2024-09-01/2024-09-30,380,380,0.6504560112953186,0.0975348055362701,0.3905569016933441,0.0592828691005706,0.1464316546916961,0.0586894080042839,100.0,2024-09-01,9,2024
H75,2024-10-01/2024-10-31,380,380,0.6626973748207092,0.102066084742546,0.3986642062664032,0.060883343219757,0.1705492287874221,0.0703057646751403,100.0,2024-10-01,10,2024
H75,2024-11-01/2024-11-30,380,380,0.5842069983482361,0.1051923856139183,0.3163566291332245,0.0575497299432754,0.0729596391320228,0.0661839172244072,100.0,2024-11-01,11,2024
H75,2024-12-01/2024-12-31,380,380,0.6330438256263733,0.1022380739450454,0.3447561264038086,0.0575112216174602,0.1355593502521515,0.063423603773117,100.0,2024-12-01,12,2024
H76,2023-01-01/2023-01-31,380,380,0.576448380947113,0.0580238215625286,0.3642928600311279,0.0510067827999591,0.1053204461932182,0.0623456202447414,100.0,2023-01-01,1,2023
H76,2023-02-01/2023-02-28,380,380,0.4341267347335815,0.0467468425631523,0.2699324488639831,0.0301404353231191,-0.0128037864342331,0.0354200974106788,100.0,2023-02-01,2,2023
H76,2023-03-01/2023-03-31,380,380,0.3689973652362823,0.0494044087827205,0.2320837676525116,0.0302739776670932,-0.0688222497701644,0.0340322665870189,100.0,2023-03-01,3,2023
H76,2023-04-01/2023-04-30,380,380,0.3742341697216034,0.0505015105009079,0.2351890206336975,0.0310942791402339,-0.0602487474679946,0.030686305835843,100.0,2023-04-01,4,2023
H76,2023-05-01/2023-05-31,380,380,0.3190077543258667,0.0501458458602428,0.2044605016708374,0.030770219862461,-0.0999514758586883,0.0295823905616998,100.0,2023-05-01,5,2023
H76,2023-06-01/2023-06-30,380,380,0.33714759349823,0.0503429993987083,0.2096576541662216,0.0299892127513885,-0.0928869768977165,0.0289632119238376,100.0,2023-06-01,6,2023
H76,2023-07-01/2023-07-31,0,380,0.42450278997421265,,0.3352027162909508,,0.06511591002345085,,0.0,2023-07-01,7,2023
H76,2023-08-01/2023-08-31,380,380,0.5118579864501953,0.0323149263858795,0.4607477784156799,0.0548976808786392,0.2231187969446182,0.0376873239874839,100.0,2023-08-01,8,2023
H76,2023-09-01/2023-09-30,380,380,0.6992671489715576,0.0587611272931098,0.5123016238212585,0.0676349103450775,0.1966870129108429,0.0439815819263458,100.0,2023-09-01,9,2023
H76,2023-10-01/2023-10-31,380,380,0.794622004032135,0.0629603266716003,0.3548352420330047,0.0481924340128898,0.2160274684429168,0.0594299025833606,100.0,2023-10-01,10,2023
H76,2023-11-01/2023-11-30,380,380,0.6094699501991272,0.0742226615548133,0.4041934907436371,0.0608732737600803,0.0852198749780654,0.0482279434800148,100.0,2023-11-01,11,2023
H76,2023-12-01/2023-12-31,380,380,0.483650803565979,0.0590341761708259,0.2976602911949157,0.0467727333307266,-0.0053914384916424,0.0450300499796867,100.0,2023-12-01,12,2023
H76,2024-01-01/2024-01-31,380,380,0.4078063070774078,0.0510566644370555,0.2541725635528564,0.0362349636852741,-0.0577147118747234,0.0376979745924472,100.0,2024-01-01,1,2024
H76,2024-02-01/2024-02-29,380,380,0.4568570852279663,0.0444331280887126,0.3016010224819183,0.0322622694075107,-0.0219632443040609,0.0339762791991233,100.0,2024-02-01,2,2024
H76,2024-03-01/2024-03-31,380,380,0.4057839512825012,0.0505145713686943,0.2757527828216553,0.0348853915929794,-0.0247434545308351,0.0306234080344438,100.0,2024-03-01,3,2024
H76,2024-04-01/2024-04-30,380,380,0.3777328133583069,0.0492035187780857,0.2620006799697876,0.0349150002002716,-0.0521658137440681,0.0302407052367925,100.0,2024-04-01,4,2024
H76,2024-05-01/2024-05-31,380,380,0.2215045541524887,0.0387245453894138,0.1575347781181335,0.0256334356963634,-0.0786497294902801,0.0264966450631618,100.0,2024-05-01,5,2024
H76,2024-06-01/2024-06-30,380,380,0.1906132698059082,0.0383528918027877,0.1364585608243942,0.0265778731554746,-0.0853264182806015,0.0257051493972539,100.0,2024-06-01,6,2024
H76,2024-07-01/2024-07-31,170,380,0.5375638008117676,0.0368701107800006,0.5000624060630798,0.0504738986492157,0.1512683480978012,0.0305019598454237,44.7,2024-07-01,7,2024
H76,2024-08-01/2024-08-31,0,380,0.6051084697246552,,0.490966334939003,,0.18357416242361066,,0.0,2024-08-01,8,2024
H76,2024-09-01/2024-09-30,380,380,0.6726531386375427,0.0763474330306053,0.4818702638149261,0.084676370024681,0.2158799767494201,0.0545508861541748,100.0,2024-09-01,9,2024
H76,2024-10-01/2024-10-31,380,380,0.7126603126525879,0.073216363787651,0.530120849609375,0.0876577571034431,0.2423545271158218,0.0620859079062938,100.0,2024-10-01,10,2024
H76,2024-11-01/2024-11-30,380,380,0.4743970334529876,0.0835923179984092,0.262958288192749,0.0659160912036895,-0.0183547008782625,0.0694043487310409,100.0,2024-11-01,11,2024
H76,2024-12-01/2024-12-31,380,380,0.5019111037254333,0.0635679215192794,0.3000329732894897,0.0465059243142604,0.0140145979821681,0.0465980470180511,100.0,2024-12-01,12,2024
H77,2023-01-01/2023-01-31,380,380,0.7146156430244446,0.0549082793295383,0.4577828645706177,0.0441405735909938,0.2212623655796051,0.0509778410196304,100.0,2023-01-01,1,2023
H77,2023-02-01/2023-02-28,380,380,0.6110503077507019,0.0674599707126617,0.3828321099281311,0.0475847907364368,0.126107782125473,0.056504238396883,100.0,2023-02-01,2,2023
H77,2023-03-01/2023-03-31,380,380,0.5179540514945984,0.0601189769804477,0.3360364437103271,0.0406526774168014,0.057387251406908,0.0419565141201019,100.0,2023-03-01,3,2023
H77,2023-04-01/2023-04-30,380,380,0.5186893939971924,0.0598101206123828,0.3339518010616302,0.0400197952985763,0.0569397322833538,0.0413056463003158,100.0,2023-04-01,4,2023
H77,2023-05-01/2023-05-31,380,380,0.4847793579101562,0.0667479857802391,0.3206362128257751,0.0449581518769264,0.02640394680202,0.0389659106731414,100.0,2023-05-01,5,2023
H77,2023-06-01/2023-06-30,380,380,0.4885347187519073,0.0625246465206146,0.3157310783863067,0.0408039651811122,0.0315853804349899,0.0399468354880809,100.0,2023-06-01,6,2023
H77,2023-07-01/2023-07-31,53,380,0.7474122047424316,0.0233242865651845,0.5680968761444092,0.0513758398592472,0.2266577631235122,0.0305406190454959,13.9,2023-07-01,7,2023
H77,2023-08-01/2023-08-31,380,380,0.559203028678894,0.0340973958373069,0.4624883532524109,0.0445854924619197,0.2310700416564941,0.0424119494855403,100.0,2023-08-01,8,2023
H77,2023-09-01/2023-09-30,380,380,0.660711944103241,0.0845425426959991,0.4541028439998626,0.0752940475940704,0.1831715703010559,0.0609378069639205,100.0,2023-09-01,9,2023
H77,2023-10-01/2023-10-31,380,380,0.7869888544082642,0.0461364313960075,0.3114244639873504,0.034487634897232,0.2374078035354614,0.0465804375708103,100.0,2023-10-01,10,2023
H77,2023-11-01/2023-11-30,380,380,0.807985782623291,0.0484991930425167,0.5779525637626648,0.054321750998497,0.3076046109199524,0.049855250865221,100.0,2023-11-01,11,2023
H77,2023-12-01/2023-12-31,380,380,0.718998372554779,0.0739234387874603,0.4420305490493774,0.0597949773073196,0.2266785800457,0.0581669397652149,100.0,2023-12-01,12,2023
H77,2024-01-01/2024-01-31,380,380,0.6239046454429626,0.0873616263270378,0.3893941342830658,0.0570429041981697,0.1598134338855743,0.0555275380611419,100.0,2024-01-01,1,2024
H77,2024-02-01/2024-02-29,380,380,0.6056158542633057,0.075187973678112,0.3866836428642273,0.047809824347496,0.1371807754039764,0.0484542921185493,100.0,2024-02-01,2,2024
H77,2024-03-01/2024-03-31,380,380,0.5496434569358826,0.0635857060551643,0.3578507304191589,0.0383679009974002,0.1080056577920913,0.0386189445853233,100.0,2024-03-01,3,2024
H77,2024-04-01/2024-04-30,380,380,0.528616189956665,0.0615300349891185,0.3577659130096435,0.0410805828869342,0.0859678760170936,0.0388677231967449,100.0,2024-04-01,4,2024
H77,2024-05-01/2024-05-31,380,380,0.5027337074279785,0.0740510523319244,0.3471298217773437,0.0494147948920726,0.0846673846244812,0.0373572520911693,100.0,2024-05-01,5,2024
H77,2024-06-01/2024-06-30,380,380,0.4975670278072357,0.0777867287397384,0.3490155935287475,0.0512492433190345,0.0800192207098007,0.0378565900027751,100.0,2024-06-01,6,2024
H77,2024-07-01/2024-07-31,380,380,0.7099538445472717,0.060609120875597,0.6875252723693848,0.0879116728901863,0.270577996969223,0.0497025325894355,100.0,2024-07-01,7,2024
H77,2024-08-01/2024-08-31,0,380,0.754572331905365,,0.6176178753376007,,0.26465949416160583,,0.0,2024-08-01,8,2024
H77,2024-09-01/2024-09-30,380,380,0.7991908192634583,0.0559486225247383,0.5477104783058167,0.0585549362003803,0.2587409913539886,0.0507015213370323,100.0,2024-09-01,9,2024
H77,2024-10-01/2024-10-31,380,380,0.6893975734710693,0.0743812769651413,0.4754379987716675,0.0491162203252315,0.1981163471937179,0.0538970232009887,100.0,2024-10-01,10,2024
H77,2024-11-01/2024-11-30,380,380,0.8025033473968506,0.0653738677501678,0.5550112724304199,0.0790478140115737,0.2898809313774109,0.062700405716896,100.0,2024-11-01,11,2024
H77,2024-12-01/2024-12-31,380,380,0.7917538285255432,0.0721645429730415,0.5348201394081116,0.0700373947620391,0.2810346782207489,0.0623038224875927,100.0,2024-12-01,12,2024
H78,2023-01-01/2023-01-31,380,380,0.6908379793167114,0.0939746424555778,0.4338157773017883,0.0670217871665954,0.2010541558265686,0.0804326012730598,100.0,2023-01-01,1,2023
H78,2023-02-01/2023-02-28,380,380,0.6055219769477844,0.1183011680841445,0.3794042468070984,0.0718643069267273,0.128860667347908,0.0837422385811805,100.0,2023-02-01,2,2023
H78,2023-03-01/2023-03-31,380,380,0.4878605902194977,0.1338516771793365,0.3198429942131042,0.0855339467525482,0.0504376627504825,0.069969855248928,100.0,2023-03-01,3,2023
H78,2023-04-01/2023-04-30,380,380,0.4936273992061615,0.1356444358825683,0.3221809267997741,0.0859426707029342,0.05590445920825,0.0703016817569732,100.0,2023-04-01,4,2023
H78,2023-05-01/2023-05-31,380,380,0.4596746861934662,0.1393415480852127,0.3047581613063812,0.0935691967606544,0.0169126167893409,0.0689985305070877,100.0,2023-05-01,5,2023
H78,2023-06-01/2023-06-30,380,380,0.4667375683784485,0.1360795348882675,0.3030352294445038,0.0876991003751754,0.0255619846284389,0.0655610486865043,100.0,2023-06-01,6,2023
H78,2023-07-01/2023-07-31,220,380,0.6855416893959045,0.1087567955255508,0.5182021856307983,0.1033060029149055,0.1648024767637252,0.0893474146723747,57.9,2023-07-01,7,2023
H78,2023-08-01/2023-08-31,380,380,0.5335432887077332,0.0570801384747028,0.434065967798233,0.0570025853812694,0.1985935270786285,0.0545770414173603,100.0,2023-08-01,8,2023
H78,2023-09-01/2023-09-30,380,380,0.6964525580406189,0.1125634834170341,0.4928328692913055,0.0926296189427375,0.2065346091985702,0.0755608007311821,100.0,2023-09-01,9,2023
H78,2023-10-01/2023-10-31,380,380,0.7506686449050903,0.1037541851401329,0.2997668087482452,0.0541249364614486,0.2005220055580139,0.0944922119379043,100.0,2023-10-01,10,2023
H78,2023-11-01/2023-11-30,380,380,0.7345533967018127,0.1420671343803405,0.5009504556655884,0.1137819439172744,0.2325426936149597,0.1220186576247215,100.0,2023-11-01,11,2023
H78,2023-12-01/2023-12-31,380,380,0.6763365864753723,0.1535369902849197,0.4036445915699005,0.1004745960235595,0.1717080175876617,0.1197752133011818,100.0,2023-12-01,12,2023
H78,2024-01-01/2024-01-31,380,380,0.607463538646698,0.1517820507287979,0.3681342005729675,0.0914832428097724,0.1210149973630905,0.1036831587553024,100.0,2024-01-01,1,2024
H78,2024-02-01/2024-02-29,380,380,0.5728176832199097,0.1427548378705978,0.3568071722984314,0.0845128148794174,0.0941720530390739,0.0939005017280578,100.0,2024-02-01,2,2024
H78,2024-03-01/2024-03-31,380,380,0.5190538167953491,0.1201818361878395,0.335284948348999,0.0694880858063697,0.0736100673675537,0.0719872117042541,100.0,2024-03-01,3,2024
H78,2024-04-01/2024-04-30,380,380,0.4961763918399811,0.1169112846255302,0.3346652388572693,0.0742183178663253,0.0541307367384433,0.0714298412203788,100.0,2024-04-01,4,2024
H78,2024-05-01/2024-05-31,380,380,0.4593867659568786,0.1450154036283493,0.3185276687145233,0.0937957763671875,0.0522097200155258,0.0712471306324005,100.0,2024-05-01,5,2024
H78,2024-06-01/2024-06-30,380,380,0.4569787681102752,0.1496710330247879,0.3184144198894501,0.0984821990132331,0.050728652626276,0.0679364129900932,100.0,2024-06-01,6,2024
H78,2024-07-01/2024-07-31,380,380,0.6027927398681641,0.0986199602484703,0.5512368083000183,0.1179732531309127,0.1909495145082473,0.0838313028216362,100.0,2024-07-01,7,2024
H78,2024-08-01/2024-08-31,0,380,0.6752335429191589,,0.5216692686080933,,0.20350186526775355,,0.0,2024-08-01,8,2024
H78,2024-09-01/2024-09-30,380,380,0.7476743459701538,0.1080740615725517,0.4921017289161682,0.0865985602140426,0.2160542160272598,0.0829737782478332,100.0,2024-09-01,9,2024
H78,2024-10-01/2024-10-31,380,380,0.7150014042854309,0.1052549481391906,0.4756785333156585,0.0766890123486518,0.2093688547611236,0.0776315927505493,100.0,2024-10-01,10,2024
H78,2024-11-01/2024-11-30,380,380,0.7060649394989014,0.1546298265457153,0.4351881444454193,0.1273842900991439,0.1878866702318191,0.1302243918180465,100.0,2024-11-01,11,2024
H78,2024-12-01/2024-12-31,380,380,0.6926227807998657,0.167675495147705,0.4291256666183471,0.1236980631947517,0.1916904300451278,0.1306929737329483,100.0,2024-12-01,12,2024
H79,2023-01-01/2023-01-31,380,380,0.4878425300121307,0.0742052048444747,0.3333955109119415,0.0574165880680084,0.0351426973938941,0.0512850619852542,100.0,2023-01-01,1,2023
H79,2023-02-01/2023-02-28,380,380,0.4167697727680206,0.0659466460347175,0.2774584889411926,0.0441436097025871,-0.016807809472084,0.0393615737557411,100.0,2023-02-01,2,2023
H79,2023-03-01/2023-03-31,380,380,0.3405797779560089,0.0593538247048854,0.2356006056070327,0.0384673364460468,-0.0648723691701889,0.0342520698904991,100.0,2023-03-01,3,2023
H79,2023-04-01/2023-04-30,380,380,0.3402877449989319,0.0603422932326793,0.234767347574234,0.0424250438809394,-0.0585816577076911,0.0344645678997039,100.0,2023-04-01,4,2023
H79,2023-05-01/2023-05-31,380,380,0.3036057353019714,0.0465282723307609,0.2108154743909835,0.0308333449065685,-0.1006519719958305,0.0321916975080966,100.0,2023-05-01,5,2023
H79,2023-06-01/2023-06-30,380,380,0.3049556910991668,0.0497514456510543,0.2072454541921615,0.0320267416536808,-0.0988953560590744,0.0326202288269996,100.0,2023-06-01,6,2023
H79,2023-07-01/2023-07-31,380,380,0.6115207672119141,0.1032954826951026,0.4927138984203338,0.1003208309412002,0.115080140531063,0.0560962259769439,100.0,2023-07-01,7,2023
H79,2023-08-01/2023-08-31,380,380,0.3903030753135681,0.0451336950063705,0.3222469091415405,0.0380043536424636,0.0766245573759079,0.0325518995523452,100.0,2023-08-01,8,2023
H79,2023-09-01/2023-09-30,380,380,0.5115801692008972,0.0801059827208519,0.3745944499969482,0.0558517836034297,0.0340573191642761,0.0388183556497097,100.0,2023-09-01,9,2023
H79,2023-10-01/2023-10-31,380,380,0.5654341578483582,0.0636682286858558,0.2266637235879898,0.0323446542024612,-0.0027632557321339,0.0526583604514598,100.0,2023-10-01,10,2023
H79,2023-11-01/2023-11-30,380,380,0.4517403841018677,0.0628603249788284,0.2959010601043701,0.0461619980633258,-0.0341839641332626,0.050146210938692,100.0,2023-11-01,11,2023
H79,2023-12-01/2023-12-31,380,380,0.6278160214424133,0.0755549147725105,0.4097176492214203,0.0560109950602054,0.1074876189231872,0.0484500490128994,100.0,2023-12-01,12,2023
H79,2024-01-01/2024-01-31,380,380,0.4961220324039459,0.0720428079366684,0.318649560213089,0.0452236235141754,0.0179256442934274,0.0403802171349525,100.0,2024-01-01,1,2024
H79,2024-02-01/2024-02-29,380,380,0.3635472655296325,0.0540177524089813,0.2504537105560303,0.03321098908782,-0.0463862568140029,0.0343168675899505,100.0,2024-02-01,2,2024
H79,2024-03-01/2024-03-31,380,380,0.3826534748077392,0.056983396410942,0.2755687236785888,0.0374788977205753,-0.0183431729674339,0.0272816084325313,100.0,2024-03-01,3,2024
H79,2024-04-01/2024-04-30,380,380,0.3648928105831146,0.051960464566946,0.267691969871521,0.0359168387949466,-0.0466947555541992,0.0261473227292299,100.0,2024-04-01,4,2024
H79,2024-05-01/2024-05-31,380,380,0.3311951160430908,0.0503823459148407,0.2429298609495163,0.0349058881402015,-0.0435152389109134,0.0251455530524253,100.0,2024-05-01,5,2024
H79,2024-06-01/2024-06-30,380,380,0.3343802690505981,0.0485322773456573,0.244552880525589,0.0339163206517696,-0.0412247441709041,0.0253512859344482,100.0,2024-06-01,6,2024
H79,2024-07-01/2024-07-31,380,380,0.4815495908260345,0.0572507344186306,0.4220134615898132,0.0600529313087463,0.0323121137917041,0.0318055860698223,100.0,2024-07-01,7,2024
H79,2024-08-01/2024-08-31,0,380,0.5160593837499619,,0.39290352165699,,0.0359397586435079,,0.0,2024-08-01,8,2024
H79,2024-09-01/2024-09-30,380,380,0.5505691766738892,0.0879034698009491,0.3637935817241668,0.0717247426509857,0.0395674034953117,0.0842354819178581,100.0,2024-09-01,9,2024
H79,2024-10-01/2024-10-31,380,380,0.5322167873382568,0.0592802613973617,0.3652094900608063,0.0445683151483535,0.0465440154075622,0.0460973158478736,100.0,2024-10-01,10,2024
H79,2024-11-01/2024-11-30,380,380,0.5689842700958252,0.0732215270400047,0.3492340743541717,0.0454090163111686,0.0519794598221778,0.0558026805520057,100.0,2024-11-01,11,2024
H79,2024-12-01/2024-12-31,380,380,0.616629421710968,0.0738572925329208,0.3963368833065033,0.0444447100162506,0.1038599535822868,0.0420562885701656,100.0,2024-12-01,12,2024
H8,2023-01-01/2023-01-31,380,380,0.463954895734787,0.0904261395335197,0.2453296482563018,0.0530973337590694,-0.0759948715567588,0.0553249903023242,100.0,2023-01-01,1,2023
H8,2023-02-01/2023-02-28,380,380,0.445727527141571,0.0933790504932403,0.2405273020267486,0.0593995451927185,-0.0904239490628242,0.0618568658828735,100.0,2023-02-01,2,2023
H8,2023-03-01/2023-03-31,380,380,0.4237794578075409,0.1032733395695686,0.2572796642780304,0.0766561925411224,-0.0920555740594863,0.0755045115947723,100.0,2023-03-01,3,2023
H8,2023-04-01/2023-04-30,380,380,0.4237711131572723,0.1030039116740226,0.2566524744033813,0.0759977921843528,-0.089804783463478,0.0746908187866211,100.0,2023-04-01,4,2023
H8,2023-05-01/2023-05-31,380,380,0.414032906293869,0.0943885669112205,0.2593090236186981,0.0700445026159286,-0.1041273921728134,0.0648368224501609,100.0,2023-05-01,5,2023
H8,2023-06-01/2023-06-30,380,380,0.4140746295452118,0.0907116830348968,0.2532799541950226,0.0650717988610267,-0.1044302657246589,0.0612642616033554,100.0,2023-06-01,6,2023
H8,2023-07-01/2023-07-31,380,380,0.6666808128356934,0.090497151017189,0.4558272659778595,0.0875282287597656,0.1107143014669418,0.0683914422988891,100.0,2023-07-01,7,2023
H8,2023-08-01/2023-08-31,0,380,0.6530272662639618,,0.431557297706604,,0.09712173789739606,,0.0,2023-08-01,8,2023
H8,2023-09-01/2023-09-30,380,380,0.6393737196922302,0.1159554198384285,0.4072873294353485,0.093237467110157,0.0835291743278503,0.0854020416736602,100.0,2023-09-01,9,2023
H8,2023-10-01/2023-10-31,380,380,0.7410054802894592,0.0999739319086074,0.2758391201496124,0.0537589862942695,0.1623812168836593,0.0898486822843551,100.0,2023-10-01,10,2023
H8,2023-11-01/2023-11-30,380,380,0.5431399941444397,0.1045998632907867,0.3074478805065155,0.0718832686543464,0.0003667975834105,0.0826338455080986,100.0,2023-11-01,11,2023
H8,2023-12-01/2023-12-31,380,380,0.6190218329429626,0.1207514405250549,0.3265747725963592,0.0778427720069885,0.049060471355915,0.0960282012820243,100.0,2023-12-01,12,2023
H8,2024-01-01/2024-01-31,380,380,0.5916730165481567,0.1172528490424156,0.3246257603168487,0.0831365510821342,0.0355524905025959,0.0951128602027893,100.0,2024-01-01,1,2024
H8,2024-02-01/2024-02-29,380,380,0.5618812441825867,0.1105779260396957,0.3235415518283844,0.085150271654129,0.0181057900190353,0.0947515219449997,100.0,2024-02-01,2,2024
H8,2024-03-01/2024-03-31,380,380,0.5049269795417786,0.1175433844327926,0.3038969337940216,0.0899561867117881,-0.0091372476890683,0.0993077680468559,100.0,2024-03-01,3,2024
H8,2024-04-01/2024-04-30,380,380,0.4893346428871155,0.1199079826474189,0.30551278591156,0.0947726592421531,-0.024490226060152,0.1017997786402702,100.0,2024-04-01,4,2024
H8,2024-05-01/2024-05-31,380,380,0.4935736358165741,0.1193040162324905,0.3168530166149139,0.0937285497784614,-0.0105505194514989,0.097218669950962,100.0,2024-05-01,5,2024
H8,2024-06-01/2024-06-30,380,380,0.4909721314907074,0.1191972941160202,0.3187733590602875,0.0932776555418968,-0.004173909779638,0.0917561948299408,100.0,2024-06-01,6,2024
H8,2024-07-01/2024-07-31,380,380,0.560727596282959,0.0922821164131164,0.4036037921905517,0.0807895585894584,0.0684505850076675,0.0748797208070755,100.0,2024-07-01,7,2024
H8,2024-08-01/2024-08-31,0,380,0.6018286645412445,,0.3815166652202606,,0.07907555997371671,,0.0,2024-08-01,8,2024
H8,2024-09-01/2024-09-30,380,380,0.64292973279953,0.1135585233569145,0.3594295382499695,0.0959226265549659,0.0897005349397659,0.0921352505683898,100.0,2024-09-01,9,2024
H8,2024-10-01/2024-10-31,380,380,0.6073654890060425,0.1209276691079139,0.3479097485542297,0.0920121148228645,0.0864612981677055,0.0917898714542388,100.0,2024-10-01,10,2024
H8,2024-11-01/2024-11-30,380,380,0.6262580156326294,0.1101744249463081,0.328287661075592,0.0669228136539459,0.078203298151493,0.0732529237866401,100.0,2024-11-01,11,2024
H8,2024-12-01/2024-12-31,380,380,0.6237133741378784,0.1142650172114372,0.331728994846344,0.0755216553807258,0.0971410274505615,0.0880946442484855,100.0,2024-12-01,12,2024
H80,2023-01-01/2023-01-31,380,380,0.6973454356193542,0.1062276512384414,0.3641021251678467,0.0582728050649166,0.2051102221012115,0.1002860814332962,100.0,2023-01-01,1,2023
H80,2023-02-01/2023-02-28,380,380,0.6888871192932129,0.1224865764379501,0.3887480199337005,0.0812918618321418,0.2122057825326919,0.1217014864087104,100.0,2023-02-01,2,2023
H80,2023-03-01/2023-03-31,380,380,0.6147263050079346,0.1308280825614929,0.3980562388896942,0.0969659835100174,0.1587716788053512,0.1173412799835205,100.0,2023-03-01,3,2023
H80,2023-04-01/2023-04-30,380,380,0.6143254041671753,0.1333198547363281,0.3987546563148498,0.0980870649218559,0.156612753868103,0.1161746308207511,100.0,2023-04-01,4,2023
H80,2023-05-01/2023-05-31,380,380,0.6122823357582092,0.1325447559356689,0.4202511310577392,0.1030944511294364,0.1449756771326065,0.1101092621684074,100.0,2023-05-01,5,2023
H80,2023-06-01/2023-06-30,380,380,0.6146944761276245,0.1319366246461868,0.4127565920352936,0.0997025147080421,0.1496358066797256,0.1085233986377716,100.0,2023-06-01,6,2023
H80,2023-07-01/2023-07-31,370,380,0.7592592239379883,0.06825652718544,0.5535310506820679,0.0713652521371841,0.2677834928035736,0.0744120180606842,97.4,2023-07-01,7,2023
H80,2023-08-01/2023-08-31,380,380,0.6282342672348022,0.0390092059969902,0.5242109894752502,0.0439966954290866,0.3109031617641449,0.0392667837440967,100.0,2023-08-01,8,2023
H80,2023-09-01/2023-09-30,380,380,0.7824498414993286,0.0652630999684333,0.5128577947616577,0.0622656382620334,0.2643690407276153,0.0651016309857368,100.0,2023-09-01,9,2023
H80,2023-10-01/2023-10-31,380,380,0.8073038458824158,0.0672921761870384,0.2816208899021148,0.0394365452229976,0.2125901877880096,0.0738260298967361,100.0,2023-10-01,10,2023
H80,2023-11-01/2023-11-30,380,380,0.779585599899292,0.0633090659976005,0.4269011914730072,0.0551902875304222,0.2227448672056198,0.0720035657286644,100.0,2023-11-01,11,2023
H80,2023-12-01/2023-12-31,380,380,0.7731513381004333,0.0606699101626873,0.3718431293964386,0.0550351962447166,0.2202511429786682,0.0859040394425392,100.0,2023-12-01,12,2023
H80,2024-01-01/2024-01-31,380,380,0.6989665627479553,0.0894106328487396,0.3349681198596954,0.0522099807858467,0.1406906545162201,0.0916956663131713,100.0,2024-01-01,1,2024
H80,2024-02-01/2024-02-29,380,380,0.6444863080978394,0.075914666056633,0.3218240439891815,0.0420970767736434,0.0992963165044784,0.0786887928843498,100.0,2024-02-01,2,2024
H80,2024-03-01/2024-03-31,380,380,0.6390262842178345,0.1116798296570777,0.3951331675052643,0.0892178490757942,0.1410258263349533,0.1065718680620193,100.0,2024-03-01,3,2024
H80,2024-04-01/2024-04-30,380,380,0.6139006614685059,0.1126209497451782,0.4052843451499939,0.0946062803268432,0.1295698285102844,0.1072941422462463,100.0,2024-04-01,4,2024
H80,2024-05-01/2024-05-31,380,380,0.6091356873512268,0.1326982825994491,0.4125639200210571,0.0998851433396339,0.1279547661542892,0.0992401763796806,100.0,2024-05-01,5,2024
H80,2024-06-01/2024-06-30,380,380,0.621381402015686,0.1306378692388534,0.419938176870346,0.099421814084053,0.1228772699832916,0.0923792719841003,100.0,2024-06-01,6,2024
H80,2024-07-01/2024-07-31,368,380,0.5113322138786316,0.0465085059404373,0.5231257677078247,0.0705764070153236,0.1784009933471679,0.0431937612593174,96.8,2024-07-01,7,2024
H80,2024-08-01/2024-08-31,0,380,0.6679908037185669,,0.5123769044876099,,0.21514146029949185,,0.0,2024-08-01,8,2024
H80,2024-09-01/2024-09-30,380,380,0.8246493935585022,0.0880541577935218,0.501628041267395,0.0734090209007263,0.2518819272518158,0.0757743492722511,100.0,2024-09-01,9,2024
H80,2024-10-01/2024-10-31,380,380,0.7860777974128723,0.1101868227124214,0.4721001088619232,0.0882343202829361,0.2440521270036697,0.0995488464832305,100.0,2024-10-01,10,2024
H80,2024-11-01/2024-11-30,380,380,0.73842453956604,0.1278365403413772,0.3628741502761841,0.0703872442245483,0.1573365032672882,0.0894673243165016,100.0,2024-11-01,11,2024
H80,2024-12-01/2024-12-31,380,380,0.694180965423584,0.1073263809084892,0.3326694965362549,0.0586278103291988,0.1509451270103454,0.0900902301073074,100.0,2024-12-01,12,2024
H81,2023-01-01/2023-01-31,380,380,0.4704210758209228,0.0801406502723693,0.2893429100513458,0.0567813329398632,0.0021907743066549,0.0780837684869766,100.0,2023-01-01,1,2023
H81,2023-02-01/2023-02-28,380,380,0.322813481092453,0.0638794377446174,0.201052650809288,0.0418452471494674,-0.1063149273395538,0.0645710080862045,100.0,2023-02-01,2,2023
H81,2023-03-01/2023-03-31,380,380,0.3166482746601105,0.0464236587285995,0.2034022659063339,0.0284563135355711,-0.1100379526615142,0.0470667295157909,100.0,2023-03-01,3,2023
H81,2023-04-01/2023-04-30,380,380,0.3184556365013122,0.0472463630139827,0.2049881219863891,0.0306943450123071,-0.1053998321294784,0.0568314157426357,100.0,2023-04-01,4,2023
H81,2023-05-01/2023-05-31,380,380,0.2843677401542663,0.0367683321237564,0.1861636489629745,0.0223514195531606,-0.1455209255218505,0.034634955227375,100.0,2023-05-01,5,2023
H81,2023-06-01/2023-06-30,380,380,0.2965217530727386,0.0413903407752513,0.190364271402359,0.0255375709384679,-0.1339978128671646,0.0369059666991233,100.0,2023-06-01,6,2023
H81,2023-07-01/2023-07-31,380,380,0.6757042407989502,0.0487552992999553,0.5450984835624695,0.0608596540987491,0.1552983969449997,0.0499454513192176,100.0,2023-07-01,7,2023
H81,2023-08-01/2023-08-31,380,380,0.5876469016075134,0.0481775514781475,0.5229001641273499,0.068263903260231,0.2474237531423568,0.0451627671718597,100.0,2023-08-01,8,2023
H81,2023-09-01/2023-09-30,380,380,0.6472190618515015,0.0711535736918449,0.4696086943149566,0.0643325746059417,0.1191115751862526,0.0489562563598156,100.0,2023-09-01,9,2023
H81,2023-10-01/2023-10-31,380,380,0.49064701795578,0.0512905940413475,0.1801681071519851,0.0219369288533926,-0.0584378503262996,0.0529899448156356,100.0,2023-10-01,10,2023
H81,2023-11-01/2023-11-30,380,380,0.5818079710006714,0.0658926591277122,0.3789861500263214,0.0569959357380867,0.0665876492857933,0.0572533160448074,100.0,2023-11-01,11,2023
H81,2023-12-01/2023-12-31,380,380,0.4540220499038696,0.0650957226753234,0.2510089576244354,0.0413569696247577,-0.066474936902523,0.0565348044037818,100.0,2023-12-01,12,2023
H81,2024-01-01/2024-01-31,380,380,0.4628123939037323,0.0719525143504142,0.2721337080001831,0.0501048415899276,-0.0383474789559841,0.0595951713621616,100.0,2024-01-01,1,2024
H81,2024-02-01/2024-02-29,380,380,0.471062034368515,0.0656430348753929,0.2842694222927093,0.0450630336999893,-0.0415309742093086,0.0556502416729927,100.0,2024-02-01,2,2024
H81,2024-03-01/2024-03-31,380,380,0.3352870047092438,0.0376519635319709,0.2216075956821441,0.0238531865179538,-0.079223521053791,0.038613948971033,100.0,2024-03-01,3,2024
H81,2024-04-01/2024-04-30,380,380,0.3162694275379181,0.0338689424097538,0.215718999505043,0.0231449306011199,-0.1002335101366043,0.0352399200201034,100.0,2024-04-01,4,2024
H81,2024-05-01/2024-05-31,380,380,0.2765647172927856,0.0330527015030384,0.1942027062177658,0.0216898266226053,-0.090617187321186,0.0278833750635385,100.0,2024-05-01,5,2024
H81,2024-06-01/2024-06-30,380,380,0.2754822671413421,0.0305387284606695,0.195462018251419,0.0219061654061079,-0.0888138189911842,0.0319997891783714,100.0,2024-06-01,6,2024
H81,2024-07-01/2024-07-31,224,380,0.3605459034442901,0.0320424698293209,0.4072117805480957,0.0415524952113628,0.0867252424359321,0.0166874770075082,58.9,2024-07-01,7,2024
H81,2024-08-01/2024-08-31,0,380,0.578500047326088,,0.52508345246315,,0.18490845337510106,,0.0,2024-08-01,8,2024
H81,2024-09-01/2024-09-30,380,380,0.7964541912078857,0.0797635689377784,0.6429551243782043,0.0850266888737678,0.28309166431427,0.0574223846197128,100.0,2024-09-01,9,2024
H81,2024-10-01/2024-10-31,380,380,0.5077934265136719,0.0823404341936111,0.3435997664928436,0.0695597678422927,0.0160026773810386,0.0841788575053215,100.0,2024-10-01,10,2024
H81,2024-11-01/2024-11-30,380,380,0.6158538460731506,0.0502682588994503,0.3757399022579193,0.0442243255674839,0.0672868192195892,0.0521291531622409,100.0,2024-11-01,11,2024
H81,2024-12-01/2024-12-31,380,380,0.5720711350440979,0.0486871786415576,0.3370932340621948,0.043497297912836,0.0365591831505298,0.0556847192347049,100.0,2024-12-01,12,2024
H82,2023-01-01/2023-01-31,380,380,0.5030824542045593,0.0779577195644378,0.3329549431800842,0.0582882314920425,0.0688032358884811,0.0529593490064144,100.0,2023-01-01,1,2023
H82,2023-02-01/2023-02-28,380,380,0.3698790669441223,0.0681567043066024,0.2483419328927993,0.0509587414562702,-0.0204091481864452,0.0571721643209457,100.0,2023-02-01,2,2023
H82,2023-03-01/2023-03-31,380,380,0.2834720313549042,0.0509478077292442,0.198982834815979,0.0368522480130195,-0.0749366879463195,0.0406896136701107,100.0,2023-03-01,3,2023
H82,2023-04-01/2023-04-30,380,380,0.2836166024208069,0.0539452135562896,0.2004327476024627,0.0379424951970577,-0.0672153457999229,0.0408672876656055,100.0,2023-04-01,4,2023
H82,2023-05-01/2023-05-31,380,380,0.2368437498807907,0.0490908212959766,0.1675737649202346,0.033027496188879,-0.1327439397573471,0.0384077690541744,100.0,2023-05-01,5,2023
H82,2023-06-01/2023-06-30,380,380,0.2440925389528274,0.0530030503869056,0.1693407893180847,0.0338108763098716,-0.1298517137765884,0.0397983863949775,100.0,2023-06-01,6,2023
H82,2023-07-01/2023-07-31,380,380,0.6463912725448608,0.1058393642306327,0.5343649387359619,0.0928514823317527,0.1311169266700744,0.0520369671285152,100.0,2023-07-01,7,2023
H82,2023-08-01/2023-08-31,380,380,0.5509001612663269,0.0761734396219253,0.5039283633232117,0.0796405002474784,0.2215729802846908,0.0459018014371395,100.0,2023-08-01,8,2023
H82,2023-09-01/2023-09-30,380,380,0.4133538603782654,0.1724313199520111,0.3050447702407837,0.1366680264472961,0.0130021395161747,0.0966093465685844,100.0,2023-09-01,9,2023
H82,2023-10-01/2023-10-31,380,380,0.4457109272480011,0.1122290343046188,0.1778517514467239,0.054080594331026,-0.0190675519406795,0.06734499335289,100.0,2023-10-01,10,2023
H82,2023-11-01/2023-11-30,380,380,0.498619794845581,0.1213843524456024,0.3427059650421142,0.0898710265755653,0.0603907033801078,0.058342557400465,100.0,2023-11-01,11,2023
H82,2023-12-01/2023-12-31,380,380,0.3606535196304321,0.1024970114231109,0.2206263691186905,0.0670449361205101,-0.0432595089077949,0.0648126751184463,100.0,2023-12-01,12,2023
H82,2024-01-01/2024-01-31,380,380,0.3209720551967621,0.0968191027641296,0.201985090970993,0.0624469369649887,-0.0685640722513198,0.0569862760603427,100.0,2024-01-01,1,2024
H82,2024-02-01/2024-02-29,380,380,0.3311468064785003,0.0911440700292587,0.2183923423290252,0.0575698390603065,-0.0613361708819866,0.0503627657890319,100.0,2024-02-01,2,2024
H82,2024-03-01/2024-03-31,380,380,0.286010205745697,0.062504194676876,0.1979584693908691,0.0387747138738632,-0.0623908005654811,0.04310267791152,100.0,2024-03-01,3,2024
H82,2024-04-01/2024-04-30,380,380,0.266552984714508,0.0585551410913467,0.1893693059682846,0.0385742373764514,-0.0884768217802047,0.0392082184553146,100.0,2024-04-01,4,2024
H82,2024-05-01/2024-05-31,380,380,0.2135743796825409,0.051720056682825,0.1604755967855453,0.0335129462182521,-0.0765146762132644,0.0378663800656795,100.0,2024-05-01,5,2024
H82,2024-06-01/2024-06-30,380,380,0.2138648927211761,0.0524514913558959,0.1608759760856628,0.035321582108736,-0.0733459070324897,0.040255419909954,100.0,2024-06-01,6,2024
H82,2024-07-01/2024-07-31,12,380,0.3967591226100921,0.0964994207024574,0.4125436544418335,0.1016933321952819,0.0917819365859031,0.0712288245558738,3.2,2024-07-01,7,2024
H82,2024-08-01/2024-08-31,0,380,0.4649413973093033,,0.4100799262523651,,0.09759105741977685,,0.0,2024-08-01,8,2024
H82,2024-09-01/2024-09-30,380,380,0.5331236720085144,0.1438637524843216,0.4076161980628967,0.1224001124501228,0.1034001782536506,0.0963722690939903,100.0,2024-09-01,9,2024
H82,2024-10-01/2024-10-31,380,380,0.5610454678535461,0.1148085817694664,0.4177746772766113,0.0945350602269172,0.1243313923478126,0.0675878077745437,100.0,2024-10-01,10,2024
H82,2024-11-01/2024-11-30,380,380,0.5601695775985718,0.1098860800266265,0.3682447075843811,0.0722435191273689,0.0855231061577797,0.0557211861014366,100.0,2024-11-01,11,2024
H82,2024-12-01/2024-12-31,380,380,0.4954910278320312,0.0949537381529808,0.3249561786651611,0.0599279664456844,0.0513632223010063,0.0523528158664703,100.0,2024-12-01,12,2024
H83,2023-01-01/2023-01-31,380,380,0.5938971042633057,0.0871818661689758,0.3746347427368164,0.0609267391264438,0.1389650106430053,0.063214398920536,100.0,2023-01-01,1,2023
H83,2023-02-01/2023-02-28,380,380,0.4573910236358642,0.0889906734228134,0.2978162765502929,0.0569287240505218,0.0437415689229965,0.0551816299557685,100.0,2023-02-01,2,2023
H83,2023-03-01/2023-03-31,380,380,0.4351399540901184,0.0912602394819259,0.3049916326999664,0.0621070861816406,0.0244035013020038,0.0574337728321552,100.0,2023-03-01,3,2023
H83,2023-04-01/2023-04-30,380,380,0.4442700445652008,0.0940689668059349,0.3120312690734863,0.0649634823203086,0.030721278861165,0.062366247177124,100.0,2023-04-01,4,2023
H83,2023-05-01/2023-05-31,380,380,0.442616194486618,0.0992120504379272,0.317483901977539,0.0725460350513458,0.0040292721241712,0.0619652010500431,100.0,2023-05-01,5,2023
H83,2023-06-01/2023-06-30,380,380,0.4446887671947479,0.0990336835384368,0.3123747706413269,0.070281907916069,0.0105119245126843,0.0627688020467758,100.0,2023-06-01,6,2023
H83,2023-07-01/2023-07-31,380,380,0.6263855695724487,0.0739966407418251,0.4643621742725372,0.0705544725060463,0.1124532595276832,0.054111436009407,100.0,2023-07-01,7,2023
H83,2023-08-01/2023-08-31,380,380,0.5058894157409668,0.0495269261300563,0.3946093916893005,0.0568027086555957,0.1335977911949157,0.0317375063896179,100.0,2023-08-01,8,2023
H83,2023-09-01/2023-09-30,380,380,0.5775054693222046,0.066453218460083,0.3787128925323486,0.0507565252482891,0.0503146238625049,0.043663278222084,100.0,2023-09-01,9,2023
H83,2023-10-01/2023-10-31,378,380,0.5926098823547363,0.1001689806580543,0.2182496041059494,0.0419519059360027,0.0372419022023677,0.0588415749371051,99.5,2023-10-01,10,2023
H83,2023-11-01/2023-11-30,376,380,0.6421663165092468,0.1010401621460914,0.4021099209785461,0.0726325884461402,0.1213568449020385,0.0612797625362873,98.9,2023-11-01,11,2023
H83,2023-12-01/2023-12-31,380,380,0.6593554615974426,0.1041527912020683,0.3967241048812866,0.083305686712265,0.1528782844543457,0.0979194417595863,100.0,2023-12-01,12,2023
H83,2024-01-01/2024-01-31,376,380,0.6452426910400391,0.1050050184130668,0.3982765972614288,0.0732948258519172,0.1477487087249755,0.0691682770848274,98.9,2024-01-01,1,2024
H83,2024-02-01/2024-02-29,376,380,0.5878087282180786,0.1039988994598388,0.3697271645069122,0.0691187530755996,0.1068808808922767,0.0626306161284446,98.9,2024-02-01,2,2024
H83,2024-03-01/2024-03-31,376,380,0.5184692144393921,0.0915051624178886,0.3402256369590759,0.0593072548508644,0.0774403661489486,0.0522895120084285,98.9,2024-03-01,3,2024
H83,2024-04-01/2024-04-30,376,380,0.5016015768051147,0.0903043523430824,0.3413226008415222,0.0617314130067825,0.0568443462252616,0.0523970872163772,98.9,2024-04-01,4,2024
H83,2024-05-01/2024-05-31,380,380,0.4746342301368713,0.0998549237847328,0.3330156505107879,0.07271059602499,0.0537864975631237,0.0785002633929252,100.0,2024-05-01,5,2024
H83,2024-06-01/2024-06-30,376,380,0.4880760312080383,0.1001607775688171,0.3441215753555298,0.0693228766322135,0.0556285642087459,0.0517985895276069,98.9,2024-06-01,6,2024
H83,2024-07-01/2024-07-31,148,380,0.4004138112068176,0.0432540066540241,0.4317871034145355,0.0446180626749992,0.13327057659626,0.0133330095559358,38.9,2024-07-01,7,2024
H83,2024-08-01/2024-08-31,0,380,0.5251990556716919,,0.45607323944568634,,0.16034974902868265,,0.0,2024-08-01,8,2024
H83,2024-09-01/2024-09-30,380,380,0.6499843001365662,0.0914828926324844,0.4803593754768371,0.0713292136788368,0.1874289214611053,0.0739355236291885,100.0,2024-09-01,9,2024
H83,2024-10-01/2024-10-31,376,380,0.619830846786499,0.0726608783006668,0.3716017007827759,0.05561089143157,0.1146285906434059,0.057400893419981,98.9,2024-10-01,10,2024
H83,2024-11-01/2024-11-30,376,380,0.7348830103874207,0.0885475948452949,0.4622329473495483,0.0752163901925087,0.240345150232315,0.0676411688327789,98.9,2024-11-01,11,2024
H83,2024-12-01/2024-12-31,380,380,0.6889877319335938,0.0946392640471458,0.4280146658420563,0.0783425420522689,0.2168220728635788,0.0846402049064636,100.0,2024-12-01,12,2024
H84,2023-01-01/2023-01-31,380,380,0.5346323847770691,0.130256101489067,0.3306344151496887,0.0644485279917717,0.0605735890567302,0.0770877376198768,100.0,2023-01-01,1,2023
H84,2023-02-01/2023-02-28,380,380,0.4470311999320984,0.1227515041828155,0.2700658440589905,0.053672544658184,-0.0204062517732381,0.0621518529951572,100.0,2023-02-01,2,2023
H84,2023-03-01/2023-03-31,380,380,0.3488119542598724,0.0918942391872406,0.2151374816894531,0.0461345352232456,-0.0963420942425727,0.0504042878746986,100.0,2023-03-01,3,2023
H84,2023-04-01/2023-04-30,380,380,0.3337279558181762,0.0863315686583519,0.2074844390153885,0.0433174818754196,-0.1017744988203048,0.0493913553655147,100.0,2023-04-01,4,2023
H84,2023-05-01/2023-05-31,380,380,0.3075108230113983,0.0731657519936561,0.1968302428722381,0.0461681373417377,-0.139132484793663,0.0489738918840885,100.0,2023-05-01,5,2023
H84,2023-06-01/2023-06-30,380,380,0.2891420423984527,0.0827424004673957,0.1803888082504272,0.0556377097964286,-0.1457565724849701,0.0708908289670944,100.0,2023-06-01,6,2023
H84,2023-07-01/2023-07-31,380,380,0.5707280039787292,0.0862155333161354,0.4343713521957397,0.0866577252745628,0.0441546775400638,0.0666425451636314,100.0,2023-07-01,7,2023
H84,2023-08-01/2023-08-31,380,380,0.4096064865589142,0.0789259746670723,0.3057619333267212,0.0723550468683242,0.0507724843919277,0.058074090629816,100.0,2023-08-01,8,2023
H84,2023-09-01/2023-09-30,380,380,0.4658027589321136,0.1408136487007141,0.3117600977420807,0.1048255637288093,-0.040765106678009,0.0902088358998298,100.0,2023-09-01,9,2023
H84,2023-10-01/2023-10-31,380,380,0.5367019176483154,0.1380383968353271,0.1897509545087814,0.0615680888295173,-0.0389469377696514,0.1049199551343917,100.0,2023-10-01,10,2023
H84,2023-11-01/2023-11-30,380,380,0.4474682509899139,0.1626171320676803,0.2704697549343109,0.1118522211909294,-0.0580990873277187,0.1279438585042953,100.0,2023-11-01,11,2023
H84,2023-12-01/2023-12-31,380,380,0.5442917943000793,0.1224441304802894,0.3092196881771087,0.0881940349936485,0.0103420307859778,0.1211500465869903,100.0,2023-12-01,12,2023
H84,2024-01-01/2024-01-31,380,380,0.4922670125961303,0.1102322190999984,0.2864279150962829,0.0698620304465293,-0.0135032469406723,0.0945637300610542,100.0,2024-01-01,1,2024
H84,2024-02-01/2024-02-29,380,380,0.4415481984615326,0.1024316102266311,0.2744006812572479,0.0659845694899559,-0.0369350723922252,0.0754464715719223,100.0,2024-02-01,2,2024
H84,2024-03-01/2024-03-31,380,380,0.4031442403793335,0.0778766572475433,0.2693773508071899,0.0579958073794841,-0.0183652751147747,0.0579935237765312,100.0,2024-03-01,3,2024
H84,2024-04-01/2024-04-30,380,380,0.3882997930049896,0.0741449147462844,0.2652721107006073,0.0579704083502292,-0.0421940870583057,0.0555603690445423,100.0,2024-04-01,4,2024
H84,2024-05-01/2024-05-31,380,380,0.3323022425174713,0.0768561288714408,0.233346939086914,0.0579513944685459,-0.0429172106087207,0.0569815300405025,100.0,2024-05-01,5,2024
H84,2024-06-01/2024-06-30,380,380,0.3107713758945465,0.0825853645801544,0.2205602973699569,0.0586321912705898,-0.0513109154999256,0.0600659996271133,100.0,2024-06-01,6,2024
H84,2024-07-01/2024-07-31,10,380,0.3539257347583771,0.0431559644639492,0.4084121286869049,0.0513295382261276,0.081407219171524,0.0249089505523443,2.6,2024-07-01,7,2024
H84,2024-08-01/2024-08-31,0,380,0.5230155736207962,,0.4508761167526245,,0.1210097968578338,,0.0,2024-08-01,8,2024
H84,2024-09-01/2024-09-30,380,380,0.6921054124832153,0.1347431242465973,0.4933401048183441,0.1324502825736999,0.1606123745441436,0.1204812005162239,100.0,2024-09-01,9,2024
H84,2024-10-01/2024-10-31,380,380,0.606637179851532,0.1052020266652107,0.3970564901828766,0.0858205705881118,0.0914804264903068,0.0938381850719451,100.0,2024-10-01,10,2024
H84,2024-11-01/2024-11-30,380,380,0.4938402771949768,0.1425807774066925,0.2816811501979828,0.1025339737534523,-0.0300451051443815,0.1395833939313888,100.0,2024-11-01,11,2024
H84,2024-12-01/2024-12-31,380,380,0.4879972040653229,0.1263183951377868,0.2809969186782837,0.0817825943231582,-0.0193832833319902,0.1163543984293937,100.0,2024-12-01,12,2024
H85,2023-01-01/2023-01-31,380,380,0.4964019060134887,0.1325433552265167,0.2967153787612915,0.0847469270229339,0.0153619414195418,0.09503885358572,100.0,2023-01-01,1,2023
H85,2023-02-01/2023-02-28,380,380,0.4067450165748596,0.1055109724402427,0.2385601252317428,0.0574639216065406,-0.058900099247694,0.062637947499752,100.0,2023-02-01,2,2023
H85,2023-03-01/2023-03-31,380,380,0.28047776222229,0.0654911547899246,0.1745797246694564,0.0377039685845375,-0.1393840759992599,0.0483404882252216,100.0,2023-03-01,3,2023
H85,2023-04-01/2023-04-30,380,380,0.2751348316669464,0.0607571564614772,0.1740141659975052,0.0364781878888607,-0.1348580420017242,0.0479738265275955,100.0,2023-04-01,4,2023
H85,2023-05-01/2023-05-31,380,380,0.266993373632431,0.0600515827536582,0.1716316044330597,0.0364049226045608,-0.163047194480896,0.0357597172260284,100.0,2023-05-01,5,2023
H85,2023-06-01/2023-06-30,380,380,0.2552125453948974,0.0604007020592689,0.1573999524116516,0.0404914692044258,-0.1691863685846328,0.0539705529808998,100.0,2023-06-01,6,2023
H85,2023-07-01/2023-07-31,380,380,0.4936645627021789,0.1214453056454658,0.3736494481563568,0.1092071831226348,-0.0036741876974701,0.0787302926182746,100.0,2023-07-01,7,2023
H85,2023-08-01/2023-08-31,380,380,0.4891889989376068,0.0861451551318168,0.386732280254364,0.0874307304620742,0.1253762245178222,0.0837872773408889,100.0,2023-08-01,8,2023
H85,2023-09-01/2023-09-30,380,380,0.5490444898605347,0.1608977168798446,0.3911717534065246,0.1556770056486129,0.0477857701480388,0.1558721512556076,100.0,2023-09-01,9,2023
H85,2023-10-01/2023-10-31,380,380,0.5311254262924194,0.1483501940965652,0.1908950358629226,0.0674427896738052,-0.0232177637517452,0.1362334638833999,100.0,2023-10-01,10,2023
H85,2023-11-01/2023-11-30,380,380,0.4614031314849853,0.1344518959522247,0.2742035984992981,0.0952638611197471,-0.0497968569397926,0.126604825258255,100.0,2023-11-01,11,2023
H85,2023-12-01/2023-12-31,380,380,0.626451313495636,0.1274564415216446,0.3919247686862945,0.1101076155900955,0.0987431481480598,0.1196246966719627,100.0,2023-12-01,12,2023
H85,2024-01-01/2024-01-31,380,380,0.507664144039154,0.1200895756483078,0.3109194040298462,0.0858133360743522,0.0142097612842917,0.0964749678969383,100.0,2024-01-01,1,2024
H85,2024-02-01/2024-02-29,380,380,0.4314534366130829,0.094860628247261,0.2723865807056427,0.0653780475258827,-0.0411682166159153,0.0805758610367775,100.0,2024-02-01,2,2024
H85,2024-03-01/2024-03-31,380,380,0.3769051432609558,0.0700704231858253,0.2495143264532089,0.0490579642355442,-0.0396398939192295,0.0464929714798927,100.0,2024-03-01,3,2024
H85,2024-04-01/2024-04-30,380,380,0.3505585789680481,0.0659390464425087,0.2376502603292465,0.0476181134581565,-0.0690229535102844,0.0429308600723743,100.0,2024-04-01,4,2024
H85,2024-05-01/2024-05-31,380,380,0.2604609429836273,0.0724226459860801,0.1866318136453628,0.0528801940381526,-0.0801300778985023,0.0415127426385879,100.0,2024-05-01,5,2024
H85,2024-06-01/2024-06-30,380,380,0.2604047954082489,0.0808220356702804,0.1896862983703613,0.0599669218063354,-0.0692064687609672,0.0434407778084278,100.0,2024-06-01,6,2024
H85,2024-07-01/2024-07-31,337,380,0.498204618692398,0.1010940223932266,0.5688568949699402,0.127495065331459,0.1456961780786514,0.0466108247637748,88.7,2024-07-01,7,2024
H85,2024-08-01/2024-08-31,0,380,0.5479224771261215,,0.49347734451293945,,0.12144303694367406,,0.0,2024-08-01,8,2024
H85,2024-09-01/2024-09-30,380,380,0.597640335559845,0.137091726064682,0.4180977940559387,0.1233644485473632,0.0971898958086967,0.1086959764361381,100.0,2024-09-01,9,2024
H85,2024-10-01/2024-10-31,380,380,0.6344136595726013,0.1741291880607605,0.4723117649555206,0.1507357656955719,0.1613833010196685,0.1087954342365264,100.0,2024-10-01,10,2024
H85,2024-11-01/2024-11-30,380,380,0.4155981838703155,0.1104500815272331,0.2426040917634964,0.0706517919898033,-0.0555863194167614,0.0923054218292236,100.0,2024-11-01,11,2024
H85,2024-12-01/2024-12-31,380,380,0.3876481354236603,0.0935813412070274,0.2309190481901168,0.0593231953680515,-0.0623484775424003,0.0820392072200775,100.0,2024-12-01,12,2024
H86,2023-01-01/2023-01-31,380,380,0.5607046484947205,0.116309106349945,0.3176858723163605,0.0644459500908851,0.0405491590499877,0.1037134900689125,100.0,2023-01-01,1,2023
H86,2023-02-01/2023-02-28,380,380,0.4762329161167145,0.1090051978826522,0.2721579074859619,0.0509278699755668,-0.030485363677144,0.0705571398139,100.0,2023-02-01,2,2023
H86,2023-03-01/2023-03-31,380,380,0.3556384742259979,0.0861273556947708,0.2209288328886032,0.0571327097713947,-0.1003941372036933,0.0592330694198608,100.0,2023-03-01,3,2023
H86,2023-04-01/2023-04-30,380,380,0.3510991036891937,0.0860022529959678,0.2182117998600006,0.0587229318916797,-0.0945470407605171,0.0600649341940879,100.0,2023-04-01,4,2023
H86,2023-05-01/2023-05-31,380,380,0.3541342616081238,0.1204238310456276,0.2248453199863433,0.0712642073631286,-0.0940072983503341,0.07944056391716,100.0,2023-05-01,5,2023
H86,2023-06-01/2023-06-30,380,380,0.3649562895298004,0.1239273250102996,0.2254408746957779,0.0700914785265922,-0.086332269012928,0.0773034244775772,100.0,2023-06-01,6,2023
H86,2023-07-01/2023-07-31,29,380,0.4571300745010376,0.103531613945961,0.4216119050979614,0.0813504084944725,0.079713262617588,0.0497984588146209,7.6,2023-07-01,7,2023
H86,2023-08-01/2023-08-31,380,380,0.5910727381706238,0.0707219168543815,0.501147449016571,0.0803539603948593,0.2185599207878112,0.0713657662272453,100.0,2023-08-01,8,2023
H86,2023-09-01/2023-09-30,380,380,0.7048062086105347,0.1106336414813995,0.5033432245254517,0.1095490083098411,0.1825999170541763,0.1100484058260917,100.0,2023-09-01,9,2023
H86,2023-10-01/2023-10-31,380,380,0.6870441436767578,0.1363116055727005,0.2628970444202423,0.0711530372500419,0.0896241813898086,0.1286972761154174,100.0,2023-10-01,10,2023
H86,2023-11-01/2023-11-30,380,380,0.7099457383155823,0.1262538880109787,0.4465479254722595,0.1077111214399337,0.1536105275154113,0.1173318922519683,100.0,2023-11-01,11,2023
H86,2023-12-01/2023-12-31,380,380,0.6793358325958252,0.1089254394173622,0.3874972760677337,0.0722016766667366,0.1245308145880699,0.0986397489905357,100.0,2023-12-01,12,2023
H86,2024-01-01/2024-01-31,380,380,0.5989617705345154,0.1095628216862678,0.3330312967300415,0.0577092096209526,0.0445199497044086,0.0812620222568512,100.0,2024-01-01,1,2024
H86,2024-02-01/2024-02-29,380,380,0.541029155254364,0.106729157269001,0.3111132681369781,0.0586829036474227,0.0059881843626499,0.0712989270687103,100.0,2024-02-01,2,2024
H86,2024-03-01/2024-03-31,380,380,0.4103489220142364,0.1023062542080879,0.2504279017448425,0.0720911100506782,-0.0569586642086505,0.0774156972765922,100.0,2024-03-01,3,2024
H86,2024-04-01/2024-04-30,380,380,0.3784104883670807,0.1014316827058792,0.2386630624532699,0.0764693468809127,-0.0865040719509124,0.0793544799089431,100.0,2024-04-01,4,2024
H86,2024-05-01/2024-05-31,380,380,0.3215807378292084,0.1191232204437255,0.2120435237884521,0.0792286023497581,-0.0804581865668296,0.0717118307948112,100.0,2024-05-01,5,2024
H86,2024-06-01/2024-06-30,380,380,0.3308105766773224,0.1324448138475418,0.2211943715810775,0.0879537537693977,-0.0668824613094329,0.080112412571907,100.0,2024-06-01,6,2024
H86,2024-07-01/2024-07-31,380,380,0.6706206798553467,0.0781677663326263,0.5964680910110474,0.0999267846345901,0.1811581701040268,0.0714410468935966,100.0,2024-07-01,7,2024
H86,2024-08-01/2024-08-31,0,380,0.7610276639461517,,0.6142846643924713,,0.2543429359793663,,0.0,2024-08-01,8,2024
H86,2024-09-01/2024-09-30,380,380,0.8514346480369568,0.0722851529717445,0.6321012377738953,0.0815221071243286,0.3275277018547058,0.0627334713935852,100.0,2024-09-01,9,2024
H86,2024-10-01/2024-10-31,380,380,0.7782202363014221,0.1214488297700882,0.5638757944107056,0.1138762459158897,0.2826743721961975,0.1043561622500419,100.0,2024-10-01,10,2024
H86,2024-11-01/2024-11-30,380,380,0.6275936365127563,0.1302480101585388,0.3589830100536346,0.0985871329903602,0.0840283334255218,0.1324722915887832,100.0,2024-11-01,11,2024
H86,2024-12-01/2024-12-31,380,380,0.5749171376228333,0.1402378529310226,0.3097247779369354,0.0793889239430427,0.0237608253955841,0.1142635866999626,100.0,2024-12-01,12,2024
H87,2023-01-01/2023-01-31,380,380,0.4988738894462585,0.077334925532341,0.30832639336586,0.0530253276228904,0.0500838719308376,0.0917177945375442,100.0,2023-01-01,1,2023
H87,2023-02-01/2023-02-28,376,380,0.4429054260253906,0.0684837624430656,0.2744077444076538,0.0439618602395057,-0.0014068947639316,0.0682661905884742,98.9,2023-02-01,2,2023
H87,2023-03-01/2023-03-31,376,380,0.3901824653148651,0.0665523707866668,0.2574270963668823,0.0501158162951469,-0.02767264097929,0.0654369592666626,98.9,2023-03-01,3,2023
H87,2023-04-01/2023-04-30,376,380,0.3920783996582031,0.0666619464755058,0.259280115365982,0.0501882024109363,-0.0221437346190214,0.0663349702954292,98.9,2023-04-01,4,2023
H87,2023-05-01/2023-05-31,376,380,0.3897193372249603,0.0781177580356597,0.267507255077362,0.059227917343378,-0.0346440859138965,0.0707334205508232,98.9,2023-05-01,5,2023
H87,2023-06-01/2023-06-30,376,380,0.3911068737506866,0.0768012255430221,0.2657570540904999,0.0573569200932979,-0.0259261857718229,0.0657521784305572,98.9,2023-06-01,6,2023
H87,2023-07-01/2023-07-31,24,380,0.4938204288482666,0.1866338551044464,0.3696456253528595,0.199093148112297,-0.0082994643598794,0.2127286940813064,6.3,2023-07-01,7,2023
H87,2023-08-01/2023-08-31,380,380,0.5358042120933533,0.0492953546345233,0.4365171790122986,0.0578143149614334,0.1722288280725479,0.0406882800161838,100.0,2023-08-01,8,2023
H87,2023-09-01/2023-09-30,376,380,0.5297479033470154,0.0833982601761818,0.3517697155475616,0.0695817619562149,0.0402313843369483,0.0819071978330612,98.9,2023-09-01,9,2023
H87,2023-10-01/2023-10-31,376,380,0.6117628216743469,0.078148528933525,0.2235355973243713,0.0323779582977294,0.0547844991087913,0.0790762156248092,98.9,2023-10-01,10,2023
H87,2023-11-01/2023-11-30,376,380,0.5931342840194702,0.0671018585562706,0.3695836663246155,0.0505324378609657,0.0751224160194397,0.0712649747729301,98.9,2023-11-01,11,2023
H87,2023-12-01/2023-12-31,380,380,0.6032931804656982,0.0678283795714378,0.3573716878890991,0.0623112916946411,0.0770491659641265,0.0944059565663337,100.0,2023-12-01,12,2023
H87,2024-01-01/2024-01-31,376,380,0.575695276260376,0.0594469457864761,0.3536223471164703,0.0567352175712585,0.0726548880338668,0.0725039765238761,98.9,2024-01-01,1,2024
H87,2024-02-01/2024-02-29,376,380,0.4797651469707489,0.0589884109795093,0.3069877922534942,0.0499252527952194,0.0276109240949153,0.0716689527034759,98.9,2024-02-01,2,2024
H87,2024-03-01/2024-03-31,376,380,0.4594389796257019,0.0707705989480018,0.3161345422267914,0.0588863529264926,0.0419365391135215,0.0676825270056724,98.9,2024-03-01,3,2024
H87,2024-04-01/2024-04-30,376,380,0.4461499452590942,0.0724414810538292,0.3155930042266845,0.0614181011915206,0.0215618629008531,0.0703968554735183,98.9,2024-04-01,4,2024
H87,2024-05-01/2024-05-31,380,380,0.4336292743682861,0.0986602827906608,0.3163644075393677,0.0804483816027641,0.0339050479233264,0.0849433094263076,100.0,2024-05-01,5,2024
H87,2024-06-01/2024-06-30,376,380,0.4394790828227997,0.0987736731767654,0.3242206275463104,0.0799111425876617,0.0469393730163574,0.0838420987129211,98.9,2024-06-01,6,2024
H87,2024-07-01/2024-07-31,380,380,0.6068128347396851,0.0872465893626213,0.5031490921974182,0.0965197682380676,0.1370657533407211,0.0690433457493782,100.0,2024-07-01,7,2024
H87,2024-08-01/2024-08-31,0,380,0.5938632786273956,,0.43820884823799133,,0.10878902673721311,,0.0,2024-08-01,8,2024
H87,2024-09-01/2024-09-30,380,380,0.5809137225151062,0.0993155911564827,0.3732686042785644,0.0793507993221283,0.0805123001337051,0.1052618846297264,100.0,2024-09-01,9,2024
H87,2024-10-01/2024-10-31,376,380,0.6910239458084106,0.0760248750448226,0.4761712551116943,0.0708990171551704,0.1926492750644683,0.0749391764402389,98.9,2024-10-01,10,2024
H87,2024-11-01/2024-11-30,374,380,0.6256369352340698,0.0834554359316825,0.379114419221878,0.0617738999426364,0.114808477461338,0.0765299424529075,98.4,2024-11-01,11,2024
H87,2024-12-01/2024-12-31,380,380,0.6026289463043213,0.0944255217909812,0.3673369586467743,0.0748045966029167,0.1150254979729652,0.097792237997055,100.0,2024-12-01,12,2024
H88,2023-01-01/2023-01-31,380,380,0.6033697128295898,0.1580216586589813,0.3183025121688843,0.0844821706414222,0.09147609770298,0.1102949008345604,100.0,2023-01-01,1,2023
H88,2023-02-01/2023-02-28,380,380,0.5154105424880981,0.1560436338186264,0.2728412747383117,0.0769107118248939,0.0104010961949825,0.0993804484605789,100.0,2023-02-01,2,2023
H88,2023-03-01/2023-03-31,380,380,0.3910911083221435,0.1247004345059394,0.2215671688318252,0.0701858177781105,-0.0641942247748375,0.0825657248497009,100.0,2023-03-01,3,2023
H88,2023-04-01/2023-04-30,380,380,0.3928793668746948,0.1233740821480751,0.2225868999958038,0.0699849277734756,-0.0583015531301498,0.0786189660429954,100.0,2023-04-01,4,2023
H88,2023-05-01/2023-05-31,380,380,0.3832206428050995,0.129072368144989,0.2290568351745605,0.0873755887150764,-0.0696710422635078,0.0859033092856407,100.0,2023-05-01,5,2023
H88,2023-06-01/2023-06-30,380,380,0.3966720700263977,0.1328424662351608,0.2335907369852066,0.0916831865906715,-0.057765208184719,0.0862957760691642,100.0,2023-06-01,6,2023
H88,2023-07-01/2023-07-31,0,380,0.506796270608902,,0.37900785356760025,,0.0974163003265858,,0.0,2023-07-01,7,2023
H88,2023-08-01/2023-08-31,380,380,0.6169204711914062,0.0726213976740837,0.5244249701499939,0.0812195241451263,0.2525978088378906,0.0583338364958763,100.0,2023-08-01,8,2023
H88,2023-09-01/2023-09-30,380,380,0.7109525799751282,0.1458758562803268,0.492330402135849,0.1252534538507461,0.2006356716156005,0.1097274720668792,100.0,2023-09-01,9,2023
H88,2023-10-01/2023-10-31,380,380,0.7749102115631104,0.1351197510957718,0.307046890258789,0.0692923590540885,0.1987051367759704,0.1040395125746727,100.0,2023-10-01,10,2023
H88,2023-11-01/2023-11-30,380,380,0.718105673789978,0.1501264721155166,0.4216957986354828,0.1086398512125015,0.1853304356336593,0.1064545884728431,100.0,2023-11-01,11,2023
H88,2023-12-01/2023-12-31,380,380,0.6875163912773132,0.147396370768547,0.3392228782176971,0.0949301719665527,0.1284305602312088,0.1205660030245781,100.0,2023-12-01,12,2023
H88,2024-01-01/2024-01-31,380,380,0.5913518071174622,0.1442691534757614,0.2885196805000305,0.0865363031625747,0.0434937328100204,0.1183243617415428,100.0,2024-01-01,1,2024
H88,2024-02-01/2024-02-29,380,380,0.5172439813613892,0.1463454216718673,0.2654637098312378,0.0870574489235878,-0.0052107758820056,0.110175684094429,100.0,2024-02-01,2,2024
H88,2024-03-01/2024-03-31,380,380,0.4029504060745239,0.1275423318147659,0.223088800907135,0.078994296491146,-0.0537757575511932,0.0983396992087364,100.0,2024-03-01,3,2024
H88,2024-04-01/2024-04-30,380,380,0.3754949867725372,0.1254064589738845,0.2162469923496246,0.0826225578784942,-0.0770833417773246,0.0982455983757972,100.0,2024-04-01,4,2024
H88,2024-05-01/2024-05-31,380,380,0.3290636241436004,0.1284960508346557,0.1984608769416809,0.0868160501122474,-0.080507792532444,0.0867209434509277,100.0,2024-05-01,5,2024
H88,2024-06-01/2024-06-30,380,380,0.331613153219223,0.1311240494251251,0.2018732577562332,0.0911318138241767,-0.0771329775452613,0.0856374278664588,100.0,2024-06-01,6,2024
H88,2024-07-01/2024-07-31,72,380,0.6014227271080017,0.0742679610848426,0.4548531174659729,0.0775164291262626,0.1478953957557678,0.0544084832072258,18.9,2024-07-01,7,2024
H88,2024-08-01/2024-08-31,0,380,0.6896333992481232,,0.48747289180755615,,0.19098004698753354,,0.0,2024-08-01,8,2024
H88,2024-09-01/2024-09-30,380,380,0.7778440713882446,0.1270409673452377,0.5200926661491394,0.1082906797528266,0.2340646982192993,0.0860310047864914,100.0,2024-09-01,9,2024
H88,2024-10-01/2024-10-31,380,380,0.7570603489875793,0.1245611011981964,0.5037990212440491,0.107181578874588,0.2441083341836929,0.0840145498514175,100.0,2024-10-01,10,2024
H88,2024-11-01/2024-11-30,380,380,0.6724902391433716,0.1173238903284072,0.3755475878715515,0.0891400873661041,0.1577039361000061,0.096758633852005,100.0,2024-11-01,11,2024
H88,2024-12-01/2024-12-31,380,380,0.6386780738830566,0.118031769990921,0.3298578262329101,0.0852269232273101,0.0981418788433075,0.1136421412229538,100.0,2024-12-01,12,2024
H89,2023-01-01/2023-01-31,380,380,0.6072208285331726,0.1209099665284156,0.3190645575523376,0.0683378502726554,0.0694910213351249,0.0973430499434471,100.0,2023-01-01,1,2023
H89,2023-02-01/2023-02-28,380,380,0.5144496560096741,0.1232625469565391,0.2667596638202667,0.0476183295249938,-0.0139766065403819,0.0780069753527641,100.0,2023-02-01,2,2023
H89,2023-03-01/2023-03-31,380,380,0.3884319067001343,0.0989450737833976,0.2160330116748809,0.0407304987311363,-0.0916099771857261,0.0630090236663818,100.0,2023-03-01,3,2023
H89,2023-04-01/2023-04-30,380,380,0.3854281008243561,0.095599316060543,0.214741513133049,0.0407586358487606,-0.0892937034368515,0.0624462328851223,100.0,2023-04-01,4,2023
H89,2023-05-01/2023-05-31,380,380,0.316212922334671,0.1038748100399971,0.1811908930540084,0.0533441230654716,-0.1355287432670593,0.0603581853210926,100.0,2023-05-01,5,2023
H89,2023-06-01/2023-06-30,380,380,0.3268550336360931,0.1072759255766868,0.1817552298307418,0.0509171076118946,-0.130123883485794,0.0618657507002353,100.0,2023-06-01,6,2023
H89,2023-07-01/2023-07-31,200,380,0.6103774309158325,0.1595965921878814,0.4477896988391876,0.1477333754301071,0.1082139238715171,0.1291282624006271,52.6,2023-07-01,7,2023
H89,2023-08-01/2023-08-31,0,380,0.673742949962616,,0.48655135929584503,,0.16275073215365404,,0.0,2023-08-01,8,2023
H89,2023-09-01/2023-09-30,380,380,0.7371084690093994,0.100414901971817,0.5253130197525024,0.0884998589754104,0.217287540435791,0.0924660190939903,100.0,2023-09-01,9,2023
H89,2023-10-01/2023-10-31,380,380,0.7447628378868103,0.1221335157752037,0.3114197850227356,0.0600043982267379,0.1783157885074615,0.091167502105236,100.0,2023-10-01,10,2023
H89,2023-11-01/2023-11-30,380,380,0.7648321986198425,0.0833987668156623,0.48373943567276,0.1001068279147148,0.2214718908071518,0.0792159810662269,100.0,2023-11-01,11,2023
H89,2023-12-01/2023-12-31,380,380,0.7269818782806396,0.1083771437406539,0.3980593979358673,0.0977222397923469,0.1617997884750366,0.1013157963752746,100.0,2023-12-01,12,2023
H89,2024-01-01/2024-01-31,380,380,0.636138916015625,0.1113786622881889,0.3419947922229767,0.0655531212687492,0.0708920508623123,0.0890146195888519,100.0,2024-01-01,1,2024
H89,2024-02-01/2024-02-29,380,380,0.5487616062164307,0.124326504766941,0.3099913895130157,0.0527471415698528,0.0235201492905616,0.0787997990846633,100.0,2024-02-01,2,2024
H89,2024-03-01/2024-03-31,380,380,0.4329020082950592,0.1069304794073104,0.2554387152194977,0.0492966696619987,-0.0321184173226356,0.0768085196614265,100.0,2024-03-01,3,2024
H89,2024-04-01/2024-04-30,380,380,0.3978199660778045,0.0945866927504539,0.2435713112354278,0.0490692257881164,-0.0588878691196441,0.0723983570933342,100.0,2024-04-01,4,2024
H89,2024-05-01/2024-05-31,380,380,0.3100374639034271,0.0899778306484222,0.1911562085151672,0.0501142926514148,-0.0938592106103897,0.0784679651260376,100.0,2024-05-01,5,2024
H89,2024-06-01/2024-06-30,380,380,0.3051904737949371,0.0887680947780609,0.1895307451486587,0.0520168282091617,-0.0935662388801574,0.0797787755727768,100.0,2024-06-01,6,2024
H89,2024-07-01/2024-07-31,268,380,0.6579214930534363,0.0865574181079864,0.5916922092437744,0.1193040534853935,0.205438956618309,0.0796516761183738,70.5,2024-07-01,7,2024
H89,2024-08-01/2024-08-31,0,380,0.7084579467773438,,0.5498645007610321,,0.19939589500427246,,0.0,2024-08-01,8,2024
H89,2024-09-01/2024-09-30,380,380,0.7589944005012512,0.1221629604697227,0.5080367922782898,0.1097579821944236,0.1933528333902359,0.1197812855243682,100.0,2024-09-01,9,2024
H89,2024-10-01/2024-10-31,380,380,0.7653417587280273,0.0959623977541923,0.5170711874961853,0.09799575060606,0.2236328572034835,0.1037242040038108,100.0,2024-10-01,10,2024
H89,2024-11-01/2024-11-30,380,380,0.7274383306503296,0.0817829146981239,0.4280004501342773,0.0886156633496284,0.1782914847135543,0.0931388661265373,100.0,2024-11-01,11,2024
H89,2024-12-01/2024-12-31,380,380,0.596483588218689,0.1445148438215255,0.3258048892021179,0.0811115428805351,0.0737783163785934,0.1066122353076934,100.0,2024-12-01,12,2024
H9,2023-01-01/2023-01-31,380,380,0.4456576704978943,0.1270754486322403,0.2406326532363891,0.0742822661995887,-0.080021895468235,0.0780526548624038,100.0,2023-01-01,1,2023
H9,2023-02-01/2023-02-28,380,380,0.4278770983219147,0.1309891194105148,0.2354082763195037,0.0767524763941764,-0.0940340757369995,0.0756255015730857,100.0,2023-02-01,2,2023
H9,2023-03-01/2023-03-31,380,380,0.4266473054885864,0.1374528706073761,0.2659737765789032,0.0930659770965576,-0.0760959908366203,0.0821556746959686,100.0,2023-03-01,3,2023
H9,2023-04-01/2023-04-30,380,380,0.4289391338825226,0.1366250663995742,0.2672705054283142,0.0922902002930641,-0.0715604275465011,0.0818372592329979,100.0,2023-04-01,4,2023
H9,2023-05-01/2023-05-31,380,380,0.4092894196510315,0.1276715993881225,0.2637555599212646,0.0901861116290092,-0.0960715115070343,0.0736951604485511,100.0,2023-05-01,5,2023
H9,2023-06-01/2023-06-30,380,380,0.4067884087562561,0.1213886812329292,0.2554232776165008,0.082414798438549,-0.0978340730071067,0.0690130144357681,100.0,2023-06-01,6,2023
H9,2023-07-01/2023-07-31,380,380,0.6134970188140869,0.1348778754472732,0.4109941124916076,0.1200117915868759,0.0743818655610084,0.0943767502903938,100.0,2023-07-01,7,2023
H9,2023-08-01/2023-08-31,0,380,0.6081752181053162,,0.40174703299999237,,0.07340712100267405,,0.0,2023-08-01,8,2023
H9,2023-09-01/2023-09-30,380,380,0.6028534173965454,0.1751893162727356,0.3924999535083771,0.1308871358633041,0.0724323764443397,0.1235257387161254,100.0,2023-09-01,9,2023
H9,2023-10-01/2023-10-31,380,380,0.6912956833839417,0.1485423594713211,0.2549789547920227,0.073584072291851,0.1364904940128326,0.1274174451828003,100.0,2023-10-01,10,2023
H9,2023-11-01/2023-11-30,380,380,0.51820969581604,0.1233267188072204,0.2893176972866058,0.0785163566470146,-0.0107152387499809,0.0795730128884315,100.0,2023-11-01,11,2023
H9,2023-12-01/2023-12-31,380,380,0.5960907340049744,0.1537593454122543,0.3181264698505401,0.0990722030401229,0.0524937584996223,0.1150206625461578,100.0,2023-12-01,12,2023
H9,2024-01-01/2024-01-31,380,380,0.5720436573028564,0.1665886342525482,0.3208630681037903,0.1074365377426147,0.0416729673743248,0.1204166561365127,100.0,2024-01-01,1,2024
H9,2024-02-01/2024-02-29,380,380,0.5519253015518188,0.154726505279541,0.3262176513671875,0.1066420823335647,0.031937513500452,0.1110614910721778,100.0,2024-02-01,2,2024
H9,2024-03-01/2024-03-31,380,380,0.5151880979537964,0.1406355649232864,0.314741849899292,0.1014705747365951,0.0146393198519945,0.1032715141773223,100.0,2024-03-01,3,2024
H9,2024-04-01/2024-04-30,380,380,0.5016797184944153,0.1432752311229705,0.3184436857700348,0.1071197316050529,0.0020655572880059,0.1053861379623413,100.0,2024-04-01,4,2024
H9,2024-05-01/2024-05-31,380,380,0.4926503896713257,0.1603833884000778,0.3234206736087799,0.1188174560666084,0.0093339849263429,0.1104614362120628,100.0,2024-05-01,5,2024
H9,2024-06-01/2024-06-30,380,380,0.494928628206253,0.1610516160726547,0.3256922960281372,0.1194900497794151,0.0126394862309098,0.1103076264262199,100.0,2024-06-01,6,2024
H9,2024-07-01/2024-07-31,380,380,0.5433441400527954,0.1127856820821762,0.3889668583869934,0.0979800894856453,0.0727492719888687,0.0781180411577224,100.0,2024-07-01,7,2024
H9,2024-08-01/2024-08-31,0,380,0.5898431539535522,,0.37229257822036743,,0.08472073450684545,,0.0,2024-08-01,8,2024
H9,2024-09-01/2024-09-30,380,380,0.6363421678543091,0.1156493052840232,0.3556182980537414,0.0907523483037948,0.0966921970248222,0.091842420399189,100.0,2024-09-01,9,2024
H9,2024-10-01/2024-10-31,380,380,0.5842105150222778,0.1077041774988174,0.328694224357605,0.070073515176773,0.0778491795063018,0.0647804960608482,100.0,2024-10-01,10,2024
H9,2024-11-01/2024-11-30,380,380,0.590755820274353,0.1565875113010406,0.3109844326972961,0.092996172606945,0.0665578320622444,0.1135798469185829,100.0,2024-11-01,11,2024
H9,2024-12-01/2024-12-31,380,380,0.604479193687439,0.1620392203330993,0.3294304013252258,0.1041562184691429,0.1045757159590721,0.1319059282541275,100.0,2024-12-01,12,2024
H90,2023-01-01/2023-01-31,380,380,0.6993116140365601,0.1037690564990043,0.3630180358886719,0.0720065087080001,0.1507487446069717,0.0908782482147216,100.0,2023-01-01,1,2023
H90,2023-02-01/2023-02-28,380,380,0.5677526593208313,0.152500495314598,0.2816417217254638,0.0519067272543907,0.02387685328722,0.0889221280813217,100.0,2023-02-01,2,2023
H90,2023-03-01/2023-03-31,380,380,0.4058636426925659,0.1303044557571411,0.214740589261055,0.0481789447367191,-0.0830409973859787,0.0774885118007659,100.0,2023-03-01,3,2023
H90,2023-04-01/2023-04-30,380,380,0.3975699245929718,0.1266566216945648,0.2091633826494217,0.0481427162885665,-0.0887351408600807,0.076874203979969,100.0,2023-04-01,4,2023
H90,2023-05-01/2023-05-31,380,380,0.3419702649116516,0.1139876097440719,0.1831196099519729,0.0519856140017509,-0.1496741622686386,0.0746959820389747,100.0,2023-05-01,5,2023
H90,2023-06-01/2023-06-30,380,380,0.3529120981693268,0.1162522882223129,0.184331476688385,0.0514847487211227,-0.1460403501987457,0.0754649862647056,100.0,2023-06-01,6,2023
H90,2023-07-01/2023-07-31,380,380,0.6846974492073059,0.1133632659912109,0.5207277536392212,0.1111255586147308,0.1509208232164383,0.0970186665654182,100.0,2023-07-01,7,2023
H90,2023-08-01/2023-08-31,260,380,0.639502763748169,0.0438150689005851,0.5751444697380066,0.0493151769042015,0.269123911857605,0.0390022657811641,68.4,2023-08-01,8,2023
H90,2023-09-01/2023-09-30,380,380,0.7706890106201172,0.1015878021717071,0.5472964644432068,0.0845023021101951,0.2431078851222992,0.0779266357421875,100.0,2023-09-01,9,2023
H90,2023-10-01/2023-10-31,380,380,0.7713017463684082,0.1172377914190292,0.2733238339424133,0.0566225498914718,0.1794461458921432,0.0922865197062492,100.0,2023-10-01,10,2023
H90,2023-11-01/2023-11-30,380,380,0.7356417775154114,0.1249311119318008,0.4442843794822693,0.0895650014281272,0.1925203651189804,0.0856334045529365,100.0,2023-11-01,11,2023
H90,2023-12-01/2023-12-31,380,380,0.7242100834846497,0.129417598247528,0.3805021941661834,0.0829486548900604,0.1606386303901672,0.096474602818489,100.0,2023-12-01,12,2023
H90,2024-01-01/2024-01-31,380,380,0.6451625823974609,0.1385776847600937,0.3253791034221649,0.0657305121421814,0.0725084915757179,0.0907736867666244,100.0,2024-01-01,1,2024
H90,2024-02-01/2024-02-29,380,380,0.5789301991462708,0.1338794380426406,0.3017892241477966,0.0549451857805252,0.022094352170825,0.0831909552216529,100.0,2024-02-01,2,2024
H90,2024-03-01/2024-03-31,380,380,0.4522793889045715,0.1221216320991516,0.2461153268814087,0.0568836778402328,-0.0443558990955352,0.0838592499494552,100.0,2024-03-01,3,2024
H90,2024-04-01/2024-04-30,380,380,0.4154178500175476,0.1112761124968528,0.2343417853116989,0.0565718226134777,-0.0761217102408409,0.0823949053883552,100.0,2024-04-01,4,2024
H90,2024-05-01/2024-05-31,380,380,0.3089645504951477,0.111781932413578,0.1753249764442443,0.0541488230228424,-0.1286598742008209,0.0857265442609787,100.0,2024-05-01,5,2024
H90,2024-06-01/2024-06-30,380,380,0.3070665895938873,0.1057052761316299,0.1756936758756637,0.0516846776008605,-0.1270610392093658,0.0849204733967781,100.0,2024-06-01,6,2024
H90,2024-07-01/2024-07-31,380,380,0.5951343178749084,0.0719751566648483,0.5172796845436096,0.0824748426675796,0.1426492631435394,0.063030406832695,100.0,2024-07-01,7,2024
H90,2024-08-01/2024-08-31,0,380,0.6826901733875275,,0.5151684582233429,,0.17599584162235254,,0.0,2024-08-01,8,2024
H90,2024-09-01/2024-09-30,380,380,0.7702460289001465,0.1722980588674545,0.5130572319030762,0.1442582756280899,0.2093424201011657,0.1551967859268188,100.0,2024-09-01,9,2024
H90,2024-10-01/2024-10-31,380,380,0.7558873891830444,0.1593674272298813,0.5037095546722412,0.1346637606620788,0.2210999876260757,0.1519217789173126,100.0,2024-10-01,10,2024
H90,2024-11-01/2024-11-30,380,380,0.6788502931594849,0.17636539041996,0.3770044445991516,0.1133999750018119,0.1289167702198028,0.1560828536748886,100.0,2024-11-01,11,2024
H90,2024-12-01/2024-12-31,380,380,0.6295507550239563,0.1675752103328704,0.3227500915527344,0.0909845158457756,0.0662966892123222,0.1374427676200866,100.0,2024-12-01,12,2024
H91,2023-01-01/2023-01-31,380,380,0.5315353274345398,0.0892655402421951,0.3276571929454803,0.0506402775645256,0.0438196025788784,0.0538919381797313,100.0,2023-01-01,1,2023
H91,2023-02-01/2023-02-28,380,380,0.4310225546360016,0.0780596137046814,0.2595193684101105,0.0368329994380474,-0.0380995161831378,0.0406331531703472,100.0,2023-02-01,2,2023
H91,2023-03-01/2023-03-31,380,380,0.3526372909545898,0.048589564859867,0.2271004915237426,0.0293856095522642,-0.0820547863841056,0.035363782197237,100.0,2023-03-01,3,2023
H91,2023-04-01/2023-04-30,380,380,0.3542965650558471,0.0480188839137554,0.2284751832485199,0.0337286330759525,-0.0748778581619262,0.0407013744115829,100.0,2023-04-01,4,2023
H91,2023-05-01/2023-05-31,380,380,0.3602170348167419,0.0495063662528991,0.2339051067829132,0.0336812287569046,-0.09236741065979,0.0420459024608135,100.0,2023-05-01,5,2023
H91,2023-06-01/2023-06-30,380,380,0.3653892874717712,0.0518778264522552,0.232144609093666,0.0347850508987903,-0.0902279466390609,0.0431619547307491,100.0,2023-06-01,6,2023
H91,2023-07-01/2023-07-31,104,380,0.6537742614746094,0.054123755544424,0.5185981392860413,0.0434224046766757,0.1313687860965728,0.0427742823958396,27.4,2023-07-01,7,2023
H91,2023-08-01/2023-08-31,370,380,0.56876140832901,0.0490272343158721,0.5088830590248108,0.0543848946690559,0.2187230736017227,0.0416835993528366,97.4,2023-08-01,8,2023
H91,2023-09-01/2023-09-30,380,380,0.5377593040466309,0.1133490875363349,0.365970641374588,0.088593877851963,0.0410279296338558,0.0944244712591171,100.0,2023-09-01,9,2023
H91,2023-10-01/2023-10-31,380,380,0.7498371601104736,0.0516619011759758,0.2693033218383789,0.0563739016652107,0.1922762393951416,0.0661617666482925,100.0,2023-10-01,10,2023
H91,2023-11-01/2023-11-30,380,380,0.6765580773353577,0.0705687403678894,0.4354437589645386,0.0540678724646568,0.1624808311462402,0.0460769534111022,100.0,2023-11-01,11,2023
H91,2023-12-01/2023-12-31,380,380,0.6206259727478027,0.0835692137479782,0.3512381613254547,0.0527070276439189,0.0764285922050476,0.0610135905444622,100.0,2023-12-01,12,2023
H91,2024-01-01/2024-01-31,380,380,0.5634413361549377,0.07682616263628,0.3224111199378967,0.0431380085647106,0.0312967114150524,0.0425962284207344,100.0,2024-01-01,1,2024
H91,2024-02-01/2024-02-29,380,380,0.5283353924751282,0.065542459487915,0.3176060318946838,0.0447634495794773,0.0120324762538075,0.0423720702528953,100.0,2024-02-01,2,2024
H91,2024-03-01/2024-03-31,380,380,0.4521220624446869,0.0566953383386135,0.2832379043102264,0.0485139675438404,-0.0157252419739961,0.0543143935501575,100.0,2024-03-01,3,2024
H91,2024-04-01/2024-04-30,380,380,0.4343771338462829,0.0571024678647518,0.2793009579181671,0.0504185259342193,-0.0389502272009849,0.0545879416167736,100.0,2024-04-01,4,2024
H91,2024-05-01/2024-05-31,380,380,0.368053674697876,0.0552734583616256,0.243802860379219,0.0439331941306591,-0.0570083484053611,0.0554901026189327,100.0,2024-05-01,5,2024
H91,2024-06-01/2024-06-30,380,380,0.3529443144798279,0.054449338465929,0.2445419281721115,0.0432782582938671,-0.0517462641000747,0.05853733420372,100.0,2024-06-01,6,2024
H91,2024-07-01/2024-07-31,333,380,0.5198428630828857,0.0562975108623504,0.447369784116745,0.0612392798066139,0.1042765006422996,0.0384070314466953,87.6,2024-07-01,7,2024
H91,2024-08-01/2024-08-31,0,380,0.575692355632782,,0.42581118643283844,,0.09803165867924685,,0.0,2024-08-01,8,2024
H91,2024-09-01/2024-09-30,380,380,0.6315418481826782,0.1020466908812522,0.4042525887489319,0.0861703231930732,0.0917868167161941,0.086456649005413,100.0,2024-09-01,9,2024
H91,2024-10-01/2024-10-31,380,380,0.580109179019928,0.1148772910237312,0.3824135661125183,0.0903372913599014,0.082881174981594,0.0908252373337745,100.0,2024-10-01,10,2024
H91,2024-11-01/2024-11-30,380,380,0.6149039268493652,0.0754037797451019,0.3785790205001831,0.0607700310647487,0.0994378104805946,0.0613714978098869,100.0,2024-11-01,11,2024
H91,2024-12-01/2024-12-31,380,380,0.5907503366470337,0.0785519331693649,0.3562135696411133,0.0510244965553283,0.0755281075835228,0.0470660328865051,100.0,2024-12-01,12,2024
H92,2023-01-01/2023-01-31,380,380,0.7431939244270325,0.1077419444918632,0.3878756761550903,0.0832895413041114,0.2408272624015808,0.1014898866415023,100.0,2023-01-01,1,2023
H92,2023-02-01/2023-02-28,380,380,0.6827505230903625,0.127016395330429,0.3555653691291809,0.0791116580367088,0.1758479475975036,0.1050124987959861,100.0,2023-02-01,2,2023
H92,2023-03-01/2023-03-31,380,380,0.5964415073394775,0.1342820078134536,0.357643574476242,0.1107721552252769,0.1241336613893508,0.1239504814147949,100.0,2023-03-01,3,2023
H92,2023-04-01/2023-04-30,380,380,0.590121328830719,0.1342478841543197,0.355821281671524,0.1126477792859077,0.1203055456280708,0.1237700507044792,100.0,2023-04-01,4,2023
H92,2023-05-01/2023-05-31,380,380,0.5899589657783508,0.1308581084012985,0.3817265629768371,0.1242274716496467,0.1077326536178588,0.1223688051104545,100.0,2023-05-01,5,2023
H92,2023-06-01/2023-06-30,380,380,0.5966466069221497,0.1344106346368789,0.3736206591129303,0.1215064153075218,0.1120595037937164,0.1230583786964416,100.0,2023-06-01,6,2023
H92,2023-07-01/2023-07-31,362,380,0.735495388507843,0.0680281296372413,0.5460753440856934,0.0724440515041351,0.2375083267688751,0.058866050094366,95.3,2023-07-01,7,2023
H92,2023-08-01/2023-08-31,380,380,0.6417008638381958,0.0532198287546634,0.5486649870872498,0.0620807670056819,0.2887935936450958,0.042566031217575,100.0,2023-08-01,8,2023
H92,2023-09-01/2023-09-30,380,380,0.7772806286811829,0.1053200960159301,0.5365830063819885,0.0921798571944236,0.2764953672885895,0.0843656882643699,100.0,2023-09-01,9,2023
H92,2023-10-01/2023-10-31,380,380,0.8623382449150085,0.0772526636719703,0.3052176237106323,0.07819514721632,0.2833430767059326,0.0825924947857856,100.0,2023-10-01,10,2023
H92,2023-11-01/2023-11-30,380,380,0.7998250722885132,0.0973422080278396,0.4648241400718689,0.0873752459883689,0.2717641294002533,0.0912281423807144,100.0,2023-11-01,11,2023
H92,2023-12-01/2023-12-31,380,380,0.8190341591835022,0.1000657528638839,0.4434127807617187,0.0928529277443885,0.287938505411148,0.1119307726621627,100.0,2023-12-01,12,2023
H92,2024-01-01/2024-01-31,380,380,0.7317664623260498,0.1053351387381553,0.3833183944225311,0.0734166204929351,0.1718740761280059,0.0923774987459182,100.0,2024-01-01,1,2024
H92,2024-02-01/2024-02-29,380,380,0.6792461276054382,0.1052618473768234,0.3620710670948028,0.0648633390665054,0.133276879787445,0.0793457850813865,100.0,2024-02-01,2,2024
H92,2024-03-01/2024-03-31,380,380,0.5772323608398438,0.1088458821177482,0.3377765715122223,0.0773982405662536,0.084997572004795,0.0810484141111373,100.0,2024-03-01,3,2024
H92,2024-04-01/2024-04-30,380,380,0.5549716949462891,0.105229452252388,0.3416241407394409,0.0843139588832855,0.0664633736014366,0.0848318710923194,100.0,2024-04-01,4,2024
H92,2024-05-01/2024-05-31,380,380,0.5074299573898315,0.1127948984503746,0.3170932233333587,0.0963865593075752,0.0311890095472335,0.0935412868857383,100.0,2024-05-01,5,2024
H92,2024-06-01/2024-06-30,380,380,0.5034334063529968,0.1112597063183784,0.3171222805976867,0.0983556434512138,0.0265470501035451,0.0940487682819366,100.0,2024-06-01,6,2024
H92,2024-07-01/2024-07-31,380,380,0.6414712071418762,0.0541187226772308,0.5399366617202759,0.0803800448775291,0.1795875877141952,0.0423077791929245,100.0,2024-07-01,7,2024
H92,2024-08-01/2024-08-31,0,380,0.7359369397163391,,0.5394996702671051,,0.23228674381971354,,0.0,2024-08-01,8,2024
H92,2024-09-01/2024-09-30,380,380,0.830402672290802,0.0737701579928398,0.5390626788139343,0.0763211920857429,0.2849858999252319,0.0628399401903152,100.0,2024-09-01,9,2024
H92,2024-10-01/2024-10-31,380,380,0.7877362966537476,0.0950409546494484,0.4926140904426574,0.0872926637530326,0.2659772336483001,0.0833708494901657,100.0,2024-10-01,10,2024
H92,2024-11-01/2024-11-30,380,380,0.7846733331680298,0.0962647125124931,0.4535766541957855,0.0822553783655166,0.2721184492111206,0.086740992963314,100.0,2024-11-01,11,2024
H92,2024-12-01/2024-12-31,380,380,0.7682862877845764,0.0932064726948738,0.4241239130496979,0.078476682305336,0.2462443262338638,0.0915680900216102,100.0,2024-12-01,12,2024
H93,2023-01-01/2023-01-31,380,380,0.7777382135391235,0.0725129768252372,0.4321233630180359,0.0661339908838272,0.2714145481586456,0.0815702751278877,100.0,2023-01-01,1,2023
H93,2023-02-01/2023-02-28,380,380,0.7160384058952332,0.0894769206643104,0.3935917019844055,0.0640532225370407,0.1982241421937942,0.0858184844255447,100.0,2023-02-01,2,2023
H93,2023-03-01/2023-03-31,380,380,0.6320503950119019,0.1149877905845642,0.3970267176628113,0.1039283275604248,0.1510425508022308,0.1092001721262931,100.0,2023-03-01,3,2023
H93,2023-04-01/2023-04-30,380,380,0.6351538300514221,0.1263545602560043,0.4020435214042663,0.1126263663172721,0.1542015969753265,0.116678386926651,100.0,2023-04-01,4,2023
H93,2023-05-01/2023-05-31,380,380,0.60564124584198,0.1234057322144508,0.4040735065937042,0.1180316358804702,0.1106395050883293,0.1162354126572609,100.0,2023-05-01,5,2023
H93,2023-06-01/2023-06-30,380,380,0.616719126701355,0.1269049942493438,0.3988927006721496,0.116715207695961,0.117660254240036,0.12069933116436,100.0,2023-06-01,6,2023
H93,2023-07-01/2023-07-31,376,380,0.7423235177993774,0.0624536089599132,0.6157799363136292,0.0838419571518898,0.2658122777938843,0.0513974167406559,98.9,2023-07-01,7,2023
H93,2023-08-01/2023-08-31,160,380,0.6503514051437378,0.0706562623381614,0.6461668014526367,0.0737054198980331,0.330936074256897,0.0420035161077976,42.1,2023-08-01,8,2023
H93,2023-09-01/2023-09-30,380,380,0.8088457584381104,0.0626978948712349,0.5734401345252991,0.0687645003199577,0.3059727847576141,0.0572715327143669,100.0,2023-09-01,9,2023
H93,2023-10-01/2023-10-31,375,380,0.6901097297668457,0.0929708704352378,0.2351123094558715,0.0545858442783355,0.2219608575105667,0.0668344050645828,98.7,2023-10-01,10,2023
H93,2023-11-01/2023-11-30,380,380,0.8155125379562378,0.0588908419013023,0.4871472716331482,0.0628516227006912,0.2711293995380401,0.0686892196536064,100.0,2023-11-01,11,2023
H93,2023-12-01/2023-12-31,380,380,0.8140376210212708,0.072878748178482,0.4437986016273498,0.0698707029223442,0.2745723128318786,0.0851433277130127,100.0,2023-12-01,12,2023
H93,2024-01-01/2024-01-31,380,380,0.72701495885849,0.0899465233087539,0.3976499438285827,0.0576965436339378,0.1533508449792862,0.0881272628903389,100.0,2024-01-01,1,2024
H93,2024-02-01/2024-02-29,380,380,0.671764612197876,0.0865717008709907,0.3725754618644714,0.0478529892861843,0.1324526667594909,0.0752950385212898,100.0,2024-02-01,2,2024
H93,2024-03-01/2024-03-31,380,380,0.6314073204994202,0.0941754505038261,0.3899446129798889,0.0901852548122406,0.1329791843891143,0.095374196767807,100.0,2024-03-01,3,2024
H93,2024-04-01/2024-04-30,380,380,0.618742823600769,0.1009267717599868,0.3961620926856994,0.0986138954758644,0.1189722567796707,0.1003686636686325,100.0,2024-04-01,4,2024
H93,2024-05-01/2024-05-31,380,380,0.5759987235069275,0.1279965788125991,0.3657940626144409,0.1090558171272277,0.0756836608052253,0.1066847294569015,100.0,2024-05-01,5,2024
H93,2024-06-01/2024-06-30,380,380,0.5667874217033386,0.1268694549798965,0.3615940809249878,0.1086304783821106,0.0652051493525505,0.1033661067485809,100.0,2024-06-01,6,2024
H93,2024-07-01/2024-07-31,380,380,0.6018648743629456,0.0696233138442039,0.592448890209198,0.0887727364897728,0.1708486676216125,0.064771294593811,100.0,2024-07-01,7,2024
H93,2024-08-01/2024-08-31,0,380,0.6025191247463226,,0.4998946785926819,,0.17950809746980664,,0.0,2024-08-01,8,2024
H93,2024-09-01/2024-09-30,380,380,0.6031733751296997,0.2979387938976288,0.4073404669761657,0.2178876549005508,0.1881675273180008,0.1529376208782196,100.0,2024-09-01,9,2024
H93,2024-10-01/2024-10-31,380,380,0.5624731183052063,0.2724229395389557,0.3628981709480285,0.1889837086200714,0.1709837019443512,0.1315490007400512,100.0,2024-10-01,10,2024
H93,2024-11-01/2024-11-30,375,380,0.565446674823761,0.2898055613040924,0.3529528379440307,0.1915442049503326,0.1936763525009155,0.1398959904909134,98.7,2024-11-01,11,2024
H93,2024-12-01/2024-12-31,380,380,0.5397063493728638,0.2705242037773132,0.3289437890052795,0.1752020865678787,0.1794893741607666,0.1377319097518921,100.0,2024-12-01,12,2024
H94,2023-01-01/2023-01-31,380,380,0.6440123915672302,0.0842742398381233,0.3917035460472107,0.0585060156881809,0.1637977063655853,0.0542262867093086,100.0,2023-01-01,1,2023
H94,2023-02-01/2023-02-28,380,380,0.5604577660560608,0.0958416014909744,0.3517850339412689,0.0649969801306724,0.1065426990389823,0.0664891973137855,100.0,2023-02-01,2,2023
H94,2023-03-01/2023-03-31,380,380,0.5463756918907166,0.121495671570301,0.3718377649784088,0.0944789052009582,0.1036565080285072,0.0921258330345153,100.0,2023-03-01,3,2023
H94,2023-04-01/2023-04-30,380,380,0.5468354225158691,0.131972923874855,0.3738786876201629,0.1078798621892929,0.1033573523163795,0.1028459146618843,100.0,2023-04-01,4,2023
H94,2023-05-01/2023-05-31,380,380,0.5869036912918091,0.1235581487417221,0.4333667159080505,0.116349957883358,0.1289528012275695,0.0962507873773574,100.0,2023-05-01,5,2023
H94,2023-06-01/2023-06-30,380,380,0.5909830927848816,0.12390998005867,0.4220348298549652,0.1124542132019996,0.1315001398324966,0.0961299091577529,100.0,2023-06-01,6,2023
H94,2023-07-01/2023-07-31,380,380,0.7236750721931458,0.0724049061536789,0.5999262928962708,0.0772202685475349,0.2432581633329391,0.0625040829181671,100.0,2023-07-01,7,2023
H94,2023-08-01/2023-08-31,380,380,0.6361725926399231,0.0546362400054931,0.5544541478157043,0.0592493414878845,0.2706794440746307,0.0396068058907985,100.0,2023-08-01,8,2023
H94,2023-09-01/2023-09-30,380,380,0.7373409867286682,0.0902145504951477,0.5388908982276917,0.0727047994732856,0.262114942073822,0.0528468154370784,100.0,2023-09-01,9,2023
H94,2023-10-01/2023-10-31,380,380,0.7694207429885864,0.0784203559160232,0.2434845119714737,0.0592413991689682,0.2777497470378876,0.0715086311101913,100.0,2023-10-01,10,2023
H94,2023-11-01/2023-11-30,380,380,0.6831200122833252,0.0808658525347709,0.4218555688858032,0.0499621257185936,0.1305213570594787,0.050181820988655,100.0,2023-11-01,11,2023
H94,2023-12-01/2023-12-31,380,380,0.7427375912666321,0.0754775032401084,0.4440455436706543,0.0739573836326599,0.2040906399488449,0.0524908453226089,100.0,2023-12-01,12,2023
H94,2024-01-01/2024-01-31,380,380,0.6912051439285278,0.0900977849960327,0.4292092621326446,0.0811291262507438,0.1768875122070312,0.0703139826655387,100.0,2024-01-01,1,2024
H94,2024-02-01/2024-02-29,380,380,0.6906805634498596,0.1053859889507293,0.4532083570957184,0.0960114523768425,0.193450927734375,0.0922699272632598,100.0,2024-02-01,2,2024
H94,2024-03-01/2024-03-31,380,380,0.6399744749069214,0.1321877837181091,0.4518545866012573,0.1145992428064346,0.1821369379758834,0.1135650798678398,100.0,2024-03-01,3,2024
H94,2024-04-01/2024-04-30,380,380,0.6269722580909729,0.1320919692516327,0.4547280669212341,0.1175436750054359,0.1620978415012359,0.1141145974397659,100.0,2024-04-01,4,2024
H94,2024-05-01/2024-05-31,380,380,0.5949965715408325,0.1211708113551139,0.4345065355300903,0.0983256325125694,0.1500800251960754,0.0862401500344276,100.0,2024-05-01,5,2024
H94,2024-06-01/2024-06-30,380,380,0.5981841087341309,0.1219680681824684,0.4423993527889251,0.0990171432495117,0.1519846618175506,0.0841710716485977,100.0,2024-06-01,6,2024
H94,2024-07-01/2024-07-31,380,380,0.7278888821601868,0.0680190548300743,0.6657902598381042,0.0799466595053672,0.2797542512416839,0.0489795543253421,100.0,2024-07-01,7,2024
H94,2024-08-01/2024-08-31,0,380,0.7429136633872986,,0.5792827159166336,,0.25900121778249735,,0.0,2024-08-01,8,2024
H94,2024-09-01/2024-09-30,380,380,0.7579384446144104,0.0961644351482391,0.4927751719951629,0.0824931412935257,0.2382481843233108,0.0611137263476848,100.0,2024-09-01,9,2024
H94,2024-10-01/2024-10-31,380,380,0.7346212267875671,0.0841850489377975,0.4963831901550293,0.0633684173226356,0.238550066947937,0.0481630004942417,100.0,2024-10-01,10,2024
H94,2024-11-01/2024-11-30,380,380,0.7852595448493958,0.0914090350270271,0.5339094996452332,0.0958930850028991,0.3037217855453491,0.0717294439673423,100.0,2024-11-01,11,2024
H94,2024-12-01/2024-12-31,380,380,0.7555463910102844,0.1007091924548149,0.4914001822471618,0.1000217348337173,0.2738524377346039,0.0963295027613639,100.0,2024-12-01,12,2024
H95,2023-01-01/2023-01-31,380,380,0.3929563164710998,0.1193530783057212,0.247506558895111,0.0761569216847419,0.0228064060211181,0.0714839398860931,100.0,2023-01-01,1,2023
H95,2023-02-01/2023-02-28,380,380,0.2914019227027893,0.0744659826159477,0.1921855360269546,0.0420080907642841,-0.0349190533161163,0.0475010611116886,100.0,2023-02-01,2,2023
H95,2023-03-01/2023-03-31,380,380,0.3008729517459869,0.0543422102928161,0.2103498727083206,0.0340638346970081,-0.0296661294996738,0.0331292040646076,100.0,2023-03-01,3,2023
H95,2023-04-01/2023-04-30,380,380,0.3097728788852691,0.0547627434134483,0.2168483883142471,0.0360726453363895,-0.0188610088080167,0.0364653654396534,100.0,2023-04-01,4,2023
H95,2023-05-01/2023-05-31,380,380,0.3309420943260193,0.0665814876556396,0.2321823090314865,0.0453743189573287,-0.0317272469401359,0.0497122555971145,100.0,2023-05-01,5,2023
H95,2023-06-01/2023-06-30,380,380,0.3377204537391662,0.0689244493842125,0.2324956357479095,0.045347049832344,-0.0228110067546367,0.0539272688329219,100.0,2023-06-01,6,2023
H95,2023-07-01/2023-07-31,380,380,0.6554413437843323,0.0839776545763015,0.5270366668701172,0.1046247631311416,0.1801220923662185,0.0562451481819152,100.0,2023-07-01,7,2023
H95,2023-08-01/2023-08-31,380,380,0.4775036573410034,0.0602135546505451,0.3920491933822632,0.0694404393434524,0.1317812502384185,0.0501627773046493,100.0,2023-08-01,8,2023
H95,2023-09-01/2023-09-30,380,380,0.5545332431793213,0.0940191596746444,0.3986701667308807,0.0810964852571487,0.097498171031475,0.056995041668415,100.0,2023-09-01,9,2023
H95,2023-10-01/2023-10-31,380,380,0.6813160181045532,0.0892620906233787,0.2447093725204467,0.071696437895298,0.1738938242197036,0.1060215681791305,100.0,2023-10-01,10,2023
H95,2023-11-01/2023-11-30,380,380,0.4949023723602295,0.1354690790176391,0.3095628917217254,0.1074604243040084,0.0404338650405406,0.0907886400818824,100.0,2023-11-01,11,2023
H95,2023-12-01/2023-12-31,380,380,0.5469696521759033,0.0922327637672424,0.3105894923210144,0.0705636516213417,0.0736929252743721,0.0652418136596679,100.0,2023-12-01,12,2023
H95,2024-01-01/2024-01-31,380,380,0.5398869514465332,0.0934226810932159,0.3246617019176483,0.0686074644327163,0.0817525759339332,0.0550627186894416,100.0,2024-01-01,1,2024
H95,2024-02-01/2024-02-29,380,380,0.4757106602191925,0.0700014680624008,0.3083085119724273,0.0495416074991226,0.0573181360960006,0.046925913542509,100.0,2024-02-01,2,2024
H95,2024-03-01/2024-03-31,380,380,0.4094504117965698,0.0692781805992126,0.2823050916194916,0.0516863130033016,0.0331139750778675,0.0427569411695003,100.0,2024-03-01,3,2024
H95,2024-04-01/2024-04-30,380,380,0.3766358196735382,0.0651015117764473,0.2665241956710815,0.0495178960263729,0.0027728069107979,0.0410187505185604,100.0,2024-04-01,4,2024
H95,2024-05-01/2024-05-31,380,380,0.335843414068222,0.067563459277153,0.2500940859317779,0.0461187660694122,0.0135403051972389,0.035048671066761,100.0,2024-05-01,5,2024
H95,2024-06-01/2024-06-30,380,380,0.3446551561355591,0.0740028992295265,0.2577659785747528,0.0520349293947219,0.0197888743132352,0.0376846864819526,100.0,2024-06-01,6,2024
H95,2024-07-01/2024-07-31,380,380,0.5939076542854309,0.0800410360097885,0.4892398118972778,0.0885229855775833,0.1207580864429473,0.0648648664355278,100.0,2024-07-01,7,2024
H95,2024-08-01/2024-08-31,0,380,0.589432567358017,,0.42934802174568176,,0.1039611771702766,,0.0,2024-08-01,8,2024
H95,2024-09-01/2024-09-30,380,380,0.584957480430603,0.1144597306847572,0.3694562315940857,0.1018481627106666,0.0871642678976059,0.0834081768989563,100.0,2024-09-01,9,2024
H95,2024-10-01/2024-10-31,380,380,0.5076538920402527,0.1524166911840438,0.3248372673988342,0.1326861232519149,0.0662242993712425,0.1138272508978843,100.0,2024-10-01,10,2024
H95,2024-11-01/2024-11-30,380,380,0.55303955078125,0.0983583629131317,0.3341685533523559,0.0644184201955795,0.0918036177754402,0.0584815368056297,100.0,2024-11-01,11,2024
H95,2024-12-01/2024-12-31,380,380,0.5643589496612549,0.0822049006819725,0.33961883187294,0.0547664314508438,0.1064064800739288,0.0556954964995384,100.0,2024-12-01,12,2024
H96,2023-01-01/2023-01-31,380,380,0.5506157279014587,0.1474150121212005,0.3392594158649444,0.1050071716308593,0.0951884686946868,0.1310564875602722,100.0,2023-01-01,1,2023
H96,2023-02-01/2023-02-28,372,380,0.3982293307781219,0.1293964982032776,0.2505519688129425,0.0713940039277076,-0.0002410117012914,0.0983363017439842,97.9,2023-02-01,2,2023
H96,2023-03-01/2023-03-31,368,380,0.3628544211387634,0.107601098716259,0.2365147620439529,0.0656210109591484,-0.0374245271086692,0.0854405537247657,96.8,2023-03-01,3,2023
H96,2023-04-01/2023-04-30,376,380,0.3602415919303894,0.1169852018356323,0.2360628545284271,0.0764022022485733,-0.035318624228239,0.1047870814800262,98.9,2023-04-01,4,2023
H96,2023-05-01/2023-05-31,380,380,0.3609946072101593,0.1347250491380691,0.2393690943717956,0.0977472811937332,-0.057180032134056,0.1084609702229499,100.0,2023-05-01,5,2023
H96,2023-06-01/2023-06-30,380,380,0.3687112927436828,0.1413674056529998,0.2384266555309295,0.1006698757410049,-0.0551470518112182,0.1165105178952217,100.0,2023-06-01,6,2023
H96,2023-07-01/2023-07-31,368,380,0.6708064079284668,0.1251816153526306,0.541469395160675,0.129733145236969,0.1739598214626312,0.088250808417797,96.8,2023-07-01,7,2023
H96,2023-08-01/2023-08-31,380,380,0.5206059217453003,0.0994588360190391,0.4432867765426636,0.102282278239727,0.1704529672861099,0.0786038562655448,100.0,2023-08-01,8,2023
H96,2023-09-01/2023-09-30,372,380,0.6143800616264343,0.1255296319723129,0.4365617632865906,0.1026783660054206,0.1263017505407333,0.1028024032711982,97.9,2023-09-01,9,2023
H96,2023-10-01/2023-10-31,356,380,0.6732684969902039,0.1118805631995201,0.2451379746198654,0.0695470198988914,0.1671225130558014,0.0993669107556343,93.7,2023-10-01,10,2023
H96,2023-11-01/2023-11-30,368,380,0.6595170497894287,0.1565545052289962,0.4430757462978363,0.1290841102600097,0.1523662507534027,0.1197572201490402,96.8,2023-11-01,11,2023
H96,2023-12-01/2023-12-31,380,380,0.6029263138771057,0.1242026463150978,0.3582614958286285,0.0916351675987243,0.097927838563919,0.1301546990871429,100.0,2023-12-01,12,2023
H96,2024-01-01/2024-01-31,376,380,0.5948827862739563,0.1214848682284355,0.3668835759162903,0.090826965868473,0.0915583074092865,0.1177928149700164,98.9,2024-01-01,1,2024
H96,2024-02-01/2024-02-29,376,380,0.5401164889335632,0.1195901483297348,0.3408373296260834,0.0876442492008209,0.0580315291881561,0.1204695031046867,98.9,2024-02-01,2,2024
H96,2024-03-01/2024-03-31,380,380,0.4446969628334045,0.1195217669010162,0.2903658151626587,0.0897247269749641,0.0186530519276857,0.1236800551414489,100.0,2024-03-01,3,2024
H96,2024-04-01/2024-04-30,368,380,0.406319797039032,0.1179967299103736,0.2812612652778625,0.0827916339039802,-0.000227970915148,0.0951073542237281,96.8,2024-04-01,4,2024
H96,2024-05-01/2024-05-31,380,380,0.3436903357505798,0.1375702917575836,0.2417293936014175,0.0936769098043441,-0.0101353470236063,0.0972607061266899,100.0,2024-05-01,5,2024
H96,2024-06-01/2024-06-30,376,380,0.3443876504898071,0.1448233276605606,0.2452911585569381,0.0987384095788002,-0.01149882376194,0.1187578067183494,98.9,2024-06-01,6,2024
H96,2024-07-01/2024-07-31,376,380,0.5289952158927917,0.1267360597848892,0.4178423881530761,0.1158718839287757,0.0519285053014755,0.1153371110558509,98.9,2024-07-01,7,2024
H96,2024-08-01/2024-08-31,0,380,0.6169369220733643,,0.44916684925556183,,0.11355206370353695,,0.0,2024-08-01,8,2024
H96,2024-09-01/2024-09-30,372,380,0.7048786282539368,0.1517610996961593,0.4804913103580475,0.1342725604772567,0.1751756221055984,0.1270676702260971,97.9,2024-09-01,9,2024
H96,2024-10-01/2024-10-31,368,380,0.7018600106239319,0.1662549972534179,0.4925512969493866,0.1524570435285568,0.2050864845514297,0.1279856711626052,96.8,2024-10-01,10,2024
H96,2024-11-01/2024-11-30,364,380,0.6332845091819763,0.1312027871608734,0.400573194026947,0.0983865857124328,0.1460416764020919,0.111796885728836,95.8,2024-11-01,11,2024
H96,2024-12-01/2024-12-31,380,380,0.5692731142044067,0.1450736969709396,0.3427640795707702,0.1034462451934814,0.0848518535494804,0.1370294392108917,100.0,2024-12-01,12,2024
H97,2023-01-01/2023-01-31,380,380,0.6996968388557434,0.0871561467647552,0.3885361552238464,0.0546202734112739,0.2164378464221954,0.0681457594037056,100.0,2023-01-01,1,2023
H97,2023-02-01/2023-02-28,380,380,0.6250231862068176,0.1008567363023758,0.3511847257614136,0.0593221858143806,0.157727912068367,0.0766802504658699,100.0,2023-02-01,2,2023
H97,2023-03-01/2023-03-31,380,380,0.5594189167022705,0.1306022107601165,0.3568083941936493,0.1057942956686019,0.1232465878129005,0.1137188896536827,100.0,2023-03-01,3,2023
H97,2023-04-01/2023-04-30,380,380,0.5567033290863037,0.1336940675973892,0.3563428521156311,0.1099740415811538,0.1211644411087036,0.1139757633209228,100.0,2023-04-01,4,2023
H97,2023-05-01/2023-05-31,380,380,0.5839264988899231,0.1384928971529007,0.3958496451377868,0.1237022504210472,0.1273760795593261,0.1181152984499931,100.0,2023-05-01,5,2023
H97,2023-06-01/2023-06-30,380,380,0.5861116647720337,0.1421152502298355,0.3850157856941223,0.1208616718649864,0.1311658918857574,0.1193036437034607,100.0,2023-06-01,6,2023
H97,2023-07-01/2023-07-31,163,380,0.711704671382904,0.067972294986248,0.5225723385810852,0.070106990635395,0.2172461599111557,0.0611652843654155,42.9,2023-07-01,7,2023
H97,2023-08-01/2023-08-31,380,380,0.6180164217948914,0.0488533973693847,0.5016874670982361,0.0540070831775665,0.2640011310577392,0.0365689657628536,100.0,2023-08-01,8,2023
H97,2023-09-01/2023-09-30,380,380,0.7386724352836609,0.0922407135367393,0.4990745484828949,0.0776949971914291,0.2418534159660339,0.0678409412503242,100.0,2023-09-01,9,2023
H97,2023-10-01/2023-10-31,380,380,0.8404696583747864,0.0699279308319091,0.2649593651294708,0.0543827936053276,0.2950237095355987,0.0786527842283248,100.0,2023-10-01,10,2023
H97,2023-11-01/2023-11-30,380,380,0.7508042454719543,0.0995511412620544,0.4398676753044128,0.0702465996146202,0.2350229322910308,0.0751058682799339,100.0,2023-11-01,11,2023
H97,2023-12-01/2023-12-31,380,380,0.702073335647583,0.0924060344696044,0.3545423150062561,0.0644570514559745,0.1307326108217239,0.1003992781043052,100.0,2023-12-01,12,2023
H97,2024-01-01/2024-01-31,380,380,0.6298187971115112,0.0912415534257888,0.3180822134017944,0.047134805470705,0.0712207928299903,0.0724577605724334,100.0,2024-01-01,1,2024
H97,2024-02-01/2024-02-29,380,380,0.5762321352958679,0.082356296479702,0.3038362860679626,0.0390780046582222,0.0451714061200618,0.052187118679285,100.0,2024-02-01,2,2024
H97,2024-03-01/2024-03-31,380,380,0.5277829766273499,0.0999449416995048,0.319620668888092,0.0741327777504921,0.0538252480328083,0.0688152536749839,100.0,2024-03-01,3,2024
H97,2024-04-01/2024-04-30,380,380,0.5121881365776062,0.1000924110412597,0.3231036961078644,0.0799191668629646,0.0382746383547782,0.0708424523472786,100.0,2024-04-01,4,2024
H97,2024-05-01/2024-05-31,380,380,0.4770552814006805,0.1133184283971786,0.3097116649150848,0.0894953906536102,0.0299865864217281,0.0820252522826194,100.0,2024-05-01,5,2024
H97,2024-06-01/2024-06-30,380,380,0.4842412173748016,0.114609882235527,0.3161585628986358,0.0913708880543708,0.0333385244011879,0.0807651355862617,100.0,2024-06-01,6,2024
H97,2024-07-01/2024-07-31,380,380,0.5943101048469543,0.0724096670746803,0.436651200056076,0.0656900480389595,0.1305261254310608,0.0498565845191478,100.0,2024-07-01,7,2024
H97,2024-08-01/2024-08-31,0,380,0.6913902759552002,,0.46686938405036926,,0.1917660981416702,,0.0,2024-08-01,8,2024
H97,2024-09-01/2024-09-30,380,380,0.788470447063446,0.0724496468901634,0.4970875680446625,0.0663040876388549,0.2530060708522796,0.056493729352951,100.0,2024-09-01,9,2024
H97,2024-10-01/2024-10-31,380,380,0.7217057347297668,0.0919261127710342,0.4393630921840668,0.0802245810627937,0.2050005495548248,0.0768208131194114,100.0,2024-10-01,10,2024
H97,2024-11-01/2024-11-30,380,380,0.7175758481025696,0.0816279575228691,0.4061177968978882,0.0576710179448127,0.2098578959703445,0.069351740181446,100.0,2024-11-01,11,2024
H97,2024-12-01/2024-12-31,380,380,0.6593236923217773,0.085675373673439,0.3605559766292572,0.0528977774083614,0.1567729115486145,0.0710319057106971,100.0,2024-12-01,12,2024
H98,2023-01-01/2023-01-31,380,380,0.7013598084449768,0.1213647201657295,0.3979511559009552,0.0739225372672081,0.2045579999685287,0.0966298431158065,100.0,2023-01-01,1,2023
H98,2023-02-01/2023-02-28,380,380,0.6202361583709717,0.1196759417653083,0.3544310629367828,0.0636622384190559,0.1150640621781349,0.0774268060922622,100.0,2023-02-01,2,2023
H98,2023-03-01/2023-03-31,380,380,0.5161474347114563,0.1003922820091247,0.3159734308719635,0.0589025653898716,0.0382571630179882,0.0642146319150924,100.0,2023-03-01,3,2023
H98,2023-04-01/2023-04-30,380,380,0.5247203707695007,0.1021330803632736,0.3230199515819549,0.0611576214432716,0.0477778576314449,0.063811644911766,100.0,2023-04-01,4,2023
H98,2023-05-01/2023-05-31,380,380,0.5410768985748291,0.1221749931573867,0.3588261604309082,0.0923788174986839,0.0490615740418434,0.0799569189548492,100.0,2023-05-01,5,2023
H98,2023-06-01/2023-06-30,380,380,0.5403714776039124,0.1215214133262634,0.351894736289978,0.0893881544470787,0.051929660141468,0.0804485753178596,100.0,2023-06-01,6,2023
H98,2023-07-01/2023-07-31,0,380,0.5983785688877106,,0.46484747529029846,,0.17084008827805514,,0.0,2023-07-01,7,2023
H98,2023-08-01/2023-08-31,380,380,0.6563856601715088,0.0706574767827987,0.5778002142906189,0.086714006960392,0.2897505164146423,0.0636489167809486,100.0,2023-08-01,8,2023
H98,2023-09-01/2023-09-30,380,380,0.687271773815155,0.123800128698349,0.4811306893825531,0.095803752541542,0.1727432459592819,0.0918735936284065,100.0,2023-09-01,9,2023
H98,2023-10-01/2023-10-31,380,380,0.7149976491928101,0.1145577877759933,0.2797914147377014,0.0615332499146461,0.1457326561212539,0.100248746573925,100.0,2023-10-01,10,2023
H98,2023-11-01/2023-11-30,380,380,0.6722286939620972,0.1321672797203064,0.4023559689521789,0.0926435440778732,0.1520255655050277,0.1037477776408195,100.0,2023-11-01,11,2023
H98,2023-12-01/2023-12-31,380,380,0.7775726914405823,0.1065558418631553,0.4686608910560608,0.0825470387935638,0.2754907011985779,0.0957036614418029,100.0,2023-12-01,12,2023
H98,2024-01-01/2024-01-31,380,380,0.7360455989837646,0.1197717860341072,0.4438815414905548,0.0876182913780212,0.2193164229393005,0.1017742976546287,100.0,2024-01-01,1,2024
H98,2024-02-01/2024-02-29,380,380,0.7027414441108704,0.1208466067910194,0.4316179752349853,0.0853995829820633,0.1750133782625198,0.0904392227530479,100.0,2024-02-01,2,2024
H98,2024-03-01/2024-03-31,380,380,0.5866789817810059,0.1164862588047981,0.3651668429374695,0.0741716474294662,0.0931224152445793,0.0752512514591217,100.0,2024-03-01,3,2024
H98,2024-04-01/2024-04-30,380,380,0.5582621693611145,0.1084282845258712,0.3577015399932861,0.0718523487448692,0.0677654296159744,0.0739604383707046,100.0,2024-04-01,4,2024
H98,2024-05-01/2024-05-31,380,380,0.4978365302085876,0.1179058328270912,0.3280058801174164,0.0783616304397583,0.0400763005018234,0.0761897191405296,100.0,2024-05-01,5,2024
H98,2024-06-01/2024-06-30,380,380,0.5006526112556458,0.1186731979250907,0.3320787847042084,0.0800132527947425,0.038830492645502,0.0766674354672432,100.0,2024-06-01,6,2024
H98,2024-07-01/2024-07-31,380,380,0.657795250415802,0.0674276202917099,0.5132954716682434,0.0623748004436492,0.1536986529827118,0.0487126260995864,100.0,2024-07-01,7,2024
H98,2024-08-01/2024-08-31,0,380,0.6892401874065399,,0.4880914092063904,,0.1666959449648857,,0.0,2024-08-01,8,2024
H98,2024-09-01/2024-09-30,380,380,0.7206851243972778,0.1190168559551239,0.4628873467445373,0.1044824346899986,0.1796932369470596,0.1013876125216484,100.0,2024-09-01,9,2024
H98,2024-10-01/2024-10-31,380,380,0.7340795993804932,0.1169894337654113,0.4716546237468719,0.0955076441168785,0.2096826881170272,0.0961405709385871,100.0,2024-10-01,10,2024
H98,2024-11-01/2024-11-30,380,380,0.767781138420105,0.0922504961490631,0.4804803133010864,0.0673978477716445,0.2640306651592254,0.0845523253083229,100.0,2024-11-01,11,2024
H98,2024-12-01/2024-12-31,380,380,0.768280029296875,0.0882349833846092,0.4743912518024444,0.0734977051615715,0.2740001082420349,0.0876136943697929,100.0,2024-12-01,12,2024
H99,2023-01-01/2023-01-31,380,380,0.4016155898571014,0.1146235689520835,0.2386707961559295,0.0715371891856193,-0.0257050860673189,0.1046902313828468,100.0,2023-01-01,1,2023
H99,2023-02-01/2023-02-28,380,380,0.3590699136257171,0.0930663719773292,0.2202740162611007,0.056745670735836,-0.05471833050251,0.0880227908492088,100.0,2023-02-01,2,2023
H99,2023-03-01/2023-03-31,380,380,0.329891175031662,0.0934219062328338,0.2199374139308929,0.0688119977712631,-0.0568604655563831,0.0864668264985084,100.0,2023-03-01,3,2023
H99,2023-04-01/2023-04-30,380,380,0.3332344591617584,0.0938149616122245,0.1923759430646896,0.4486074447631836,-0.0528432428836822,0.0883040502667427,100.0,2023-04-01,4,2023
H99,2023-05-01/2023-05-31,380,380,0.3462825119495392,0.1089725270867347,0.2393876314163208,0.0863687470555305,-0.0492640137672424,0.0878028348088264,100.0,2023-05-01,5,2023
H99,2023-06-01/2023-06-30,380,380,0.3502804934978485,0.1042873263359069,0.2364338338375091,0.0793003365397453,-0.04611187428236,0.0838214680552482,100.0,2023-06-01,6,2023
H99,2023-07-01/2023-07-31,380,380,0.5121340155601501,0.1143584549427032,0.3675692081451416,0.1058630272746086,0.0174729004502296,0.1090961694717407,100.0,2023-07-01,7,2023
H99,2023-08-01/2023-08-31,380,380,0.5335171222686768,0.1031660810112953,0.43916717171669,0.117615595459938,0.1523971706628799,0.0986693352460861,100.0,2023-08-01,8,2023
H99,2023-09-01/2023-09-30,380,380,0.565489649772644,0.1170977801084518,0.3808375597000122,0.1048934832215309,0.0701676905155181,0.1070680618286132,100.0,2023-09-01,9,2023
H99,2023-10-01/2023-10-31,339,380,0.6207637786865234,0.1100344061851501,0.1890323609113693,0.0750428810715675,0.0501116290688514,0.1244554668664932,89.2,2023-10-01,10,2023
H99,2023-11-01/2023-11-30,380,380,0.5806778073310852,0.1114817932248115,0.3556348979473114,0.0830744951963424,0.0706763789057731,0.0926461517810821,100.0,2023-11-01,11,2023
H99,2023-12-01/2023-12-31,380,380,0.5334432721138,0.1164228916168212,0.2781940400600433,0.0833360031247139,0.014706845395267,0.1093970909714698,100.0,2023-12-01,12,2023
H99,2024-01-01/2024-01-31,380,380,0.4427397549152374,0.1142791658639907,0.2391041815280914,0.0798208564519882,-0.04015489295125,0.1029747053980827,100.0,2024-01-01,1,2024
H99,2024-02-01/2024-02-29,380,380,0.4324483871459961,0.09912571310997,0.2498478889465332,0.0794458612799644,-0.0348544158041477,0.0972366034984588,100.0,2024-02-01,2,2024
H99,2024-03-01/2024-03-31,380,380,0.4356251060962677,0.0848740860819816,0.2800093293190002,0.0694407597184181,0.0003079207381233,0.0880973637104034,100.0,2024-03-01,3,2024
H99,2024-04-01/2024-04-30,380,380,0.4192473590373993,0.0836424157023429,0.2770998179912567,0.0696635469794273,-0.0163771398365497,0.0840981677174568,100.0,2024-04-01,4,2024
H99,2024-05-01/2024-05-31,380,380,0.3898952603340149,0.1104274541139602,0.2757833898067474,0.0872227922081947,-0.0016333209350705,0.0952270254492759,100.0,2024-05-01,5,2024
H99,2024-06-01/2024-06-30,380,380,0.3960201144218445,0.1165228709578514,0.2806544601917267,0.0886854976415634,0.005081086885184,0.0934095382690429,100.0,2024-06-01,6,2024
H99,2024-07-01/2024-07-31,380,380,0.6410761475563049,0.0725526586174964,0.5447831153869629,0.0921358615159988,0.1756746172904968,0.0745238959789276,100.0,2024-07-01,7,2024
H99,2024-08-01/2024-08-31,0,380,0.6572946310043335,,0.49566903710365295,,0.1604001224040985,,0.0,2024-08-01,8,2024
H99,2024-09-01/2024-09-30,380,380,0.6735131144523621,0.1512312591075897,0.446554958820343,0.1441130489110946,0.1451256275177002,0.1517300903797149,100.0,2024-09-01,9,2024
H99,2024-10-01/2024-10-31,380,380,0.5815765857696533,0.1307763010263443,0.3523948192596435,0.1155496686697006,0.0579887107014656,0.1286009699106216,100.0,2024-10-01,10,2024
H99,2024-11-01/2024-11-30,380,380,0.6257532835006714,0.0684024021029472,0.3795339465141296,0.0633252561092376,0.1308364868164062,0.0796597078442573,100.0,2024-11-01,11,2024
H99,2024-12-01/2024-12-31,380,380,0.584736168384552,0.0947040542960167,0.3557572066783905,0.0701288133859634,0.1193035319447517,0.0794536992907524,100.0,2024-12-01,12,2024
