name,lat,lon,year,month,date,image_count,NDVI,NDMI
H1,19.66316440676028,-103.4874704375219,2023,1,2023-01,4,0.3194924035404868,-0.06382873398917215
H2,19.65958480327006,-103.4916814554342,2023,1,2023-01,4,0.2888120837713615,0.043245597010905315
H3,19.64923190063498,-103.495946402958,2023,1,2023-01,4,0.4539581182619966,-0.018851227896810045
H4,19.64892797006392,-103.4934247600402,2023,1,2023-01,4,0.48225536960368454,-0.06704623579041785
H5,19.64768676086755,-103.4905412268389,2023,1,2023-01,4,0.42851851374247835,-0.10474067686411705
H6,19.64498379789444,-103.4931777628067,2023,1,2023-01,4,0.4025814866007009,-0.1057201712281101
H7,19.64523781970015,-103.4907449690666,2023,1,2023-01,4,0.4670047271133343,-0.06818190909438375
H8,19.64391544066743,-103.4919779953152,2023,1,2023-01,4,0.4283601920702381,-0.09295349776155172
H9,19.64289593962869,-103.4923312690368,2023,1,2023-01,4,0.4282448545033791,-0.0915804769842163
H10,19.64326268753868,-103.4935692151058,2023,1,2023-01,4,0.40070728654423404,-0.11599637123763012
H11,19.63699143780181,-103.4910115238732,2023,1,2023-01,4,0.49208410549605897,-0.027326951813425305
H12,19.6423261120543,-103.4866375453042,2023,1,2023-01,4,0.5827613661137752,0.019969851795684113
H13,19.63928751073353,-103.4859554790877,2023,1,2023-01,4,0.6319758310100093,0.06483817075300789
H14,19.63810334260486,-103.4783889889258,2023,1,2023-01,4,0.4552655781800012,-0.09607761707577091
H15,19.63304594879294,-103.4860570044078,2023,1,2023-01,4,0.4060365398787343,-0.13087428105646795
H16,19.63363829304725,-103.4780586924613,2023,1,2023-01,4,0.4395183126348926,-0.11650445908525409
H18,19.64603762240055,-103.4727003353048,2023,1,2023-01,4,0.4596587783582141,-0.04314243610823675
H17,19.64350681735759,-103.4740222414965,2023,1,2023-01,4,0.45688383963319806,-0.08825133054841248
H19,19.64471242055359,-103.4660382865516,2023,1,2023-01,4,0.43601398127596724,-0.08916400224246546
H20,19.64573564260593,-103.463262682718,2023,1,2023-01,4,0.4031192440128987,-0.09311763107870698
H21,19.64156668442107,-103.4659894961305,2023,1,2023-01,4,0.4049222470409149,-0.12770168341699623
H22,19.63841324577597,-103.466659499049,2023,1,2023-01,4,0.35176891169749175,-0.12860067683394594
H23,19.64582256330241,-103.4600574738049,2023,1,2023-01,4,0.41845304015612445,-0.07620048349035556
H24,19.63458571520362,-103.4659597724037,2023,1,2023-01,4,0.45181209331979966,-0.012882330478230052
H25,19.6352254903721,-103.4698151940444,2023,1,2023-01,4,0.4681514783970154,-0.053685589290053466
H26,19.6375519816719,-103.4725797498141,2023,1,2023-01,4,0.4713637313573569,-0.0344944678178649
H27,19.63252169252172,-103.4706206808633,2023,1,2023-01,4,0.44384446462779675,-0.0859784223999737
H28,19.62924958680501,-103.4667801634766,2023,1,2023-01,4,0.47400834491403093,0.057310727152135116
H29,19.62595823238879,-103.4724550507898,2023,1,2023-01,4,0.49922601601971156,0.013818521102140813
H30,19.62454684136882,-103.4673631977053,2023,1,2023-01,4,0.5299792527387008,0.04438893546683177
H31,19.62400044564311,-103.4720322735746,2023,1,2023-01,4,0.5810148969055583,0.09800684383701105
H32,19.61959998384637,-103.4767867508887,2023,1,2023-01,4,0.6141643970188057,0.1283929763607413
H33,19.61742108024948,-103.4745293846265,2023,1,2023-01,4,0.7832525597365976,0.2755322748213978
H34,19.61706263447486,-103.4717205538295,2023,1,2023-01,4,0.6314764176853085,0.15151396970446016
H35,19.62235761063883,-103.4790615464518,2023,1,2023-01,4,0.48356840199832224,0.04895914646132526
H36,19.61265718886245,-103.475737660252,2023,1,2023-01,4,0.39353305073855044,-0.02725835433180492
H37,19.61287910833094,-103.4782759946473,2023,1,2023-01,4,0.6012415345546668,0.13261268514289087
H38,19.61351141813728,-103.4814391298695,2023,1,2023-01,4,0.729913546057269,0.2641492002200984
H39,19.61739633960506,-103.4846383837301,2023,1,2023-01,4,0.6477255613633549,0.13370881558371
H40,19.61422321757896,-103.4865932661396,2023,1,2023-01,4,0.7437705185313219,0.267603830797101
H41,19.60964441322967,-103.4875908955098,2023,1,2023-01,4,0.4737432353349299,0.022157162803146852
H42,19.6171207933109,-103.4889001524713,2023,1,2023-01,4,0.420928103504584,0.003541524523529854
H43,19.61451845491155,-103.4926481384631,2023,1,2023-01,4,0.3750306127410345,0.009138606622270774
H44,19.61263647892398,-103.4912288771512,2023,1,2023-01,4,0.5821519232735138,0.08292993040962819
H45,19.60934749359883,-103.489216124793,2023,1,2023-01,4,0.469243942224696,0.013502874081117808
H46,19.60942413443004,-103.4902280275767,2023,1,2023-01,4,0.4948600912064539,0.02931896407469668
H47,19.60921557442716,-103.4924523306077,2023,1,2023-01,4,0.5508231590737936,0.07655719569837091
H48,19.60806269214817,-103.4951061797037,2023,1,2023-01,4,0.40040573265133,-0.0011871594900334829
H49,19.61498262970927,-103.4988105532358,2023,1,2023-01,4,0.8041420131060888,0.35130012752617484
H50,19.61011338081553,-103.5061892246769,2023,1,2023-01,4,0.814869025644775,0.3714583388722102
H51,19.61961236528353,-103.5087860622131,2023,1,2023-01,4,0.7582294600931856,0.3171080672765481
H52,19.62373074157903,-103.506858857131,2023,1,2023-01,4,0.6455570597228991,0.1362091451645653
H53,19.6220524419853,-103.5039156451538,2023,1,2023-01,4,0.5503742006205141,0.1025110105699299
H54,19.621438862174,-103.5012333605017,2023,1,2023-01,4,0.6366404565535168,0.15596298508052175
H55,19.62164911694436,-103.4994749950378,2023,1,2023-01,4,0.5609591204700775,0.08995966403232913
H56,19.61921532953394,-103.4972616233209,2023,1,2023-01,4,0.5245677065889748,0.06246363365286983
H57,19.61897530908676,-103.4950371159645,2023,1,2023-01,4,0.48357168270271955,0.03551271378473375
H58,19.62015890829346,-103.4904304573702,2023,1,2023-01,4,0.4200375425533802,-0.04815408315451312
H59,19.62171827008233,-103.4865543693567,2023,1,2023-01,4,0.39553531943919856,-0.1249657299535488
H60,19.62410311838264,-103.4983277084877,2023,1,2023-01,4,0.5181615326328766,0.009592537004818992
H61,19.62663965521857,-103.4966882892999,2023,1,2023-01,4,0.48557890601573833,-0.08022223434852482
H62,19.62574866158377,-103.4923995903546,2023,1,2023-01,4,0.47874697342831146,-0.05277547157311862
H63,19.62967479841514,-103.4905956816595,2023,1,2023-01,4,0.33617573233848935,-0.17332794566268517
H64,19.62318042476388,-103.4897338139707,2023,1,2023-01,4,0.4086864847936695,-0.09965619928224342
H65,19.62549316602416,-103.5006797215266,2023,1,2023-01,4,0.507835573715063,0.002792540428840634
H66,19.62754606705777,-103.5006843723593,2023,1,2023-01,4,0.5238224246286028,0.01427012689742932
H67,19.63204957316679,-103.5006313932001,2023,1,2023-01,4,0.514148989029329,0.04284139849813533
H68,19.62764543878409,-103.5041222734758,2023,1,2023-01,4,0.5075514740064831,0.02871164915424295
H69,19.62326850459801,-103.5088931720352,2023,1,2023-01,4,0.6191430705295898,0.13636499654909687
H70,19.6263645881459,-103.5081728823758,2023,1,2023-01,4,0.4895175757827216,0.03645742095045767
H71,19.62298058031248,-103.5108963687992,2023,1,2023-01,4,0.5324642336419633,0.07845979587604858
H72,19.60791996745303,-103.5088436795277,2023,1,2023-01,4,0.46503242505381026,0.08360278094003536
H73,19.60688026534045,-103.5119994427884,2023,1,2023-01,4,0.44927385649602086,0.005775257276429482
H74,19.60589173726333,-103.5034448997359,2023,1,2023-01,4,0.6184714406944108,0.10910310656958777
H75,19.60306803601581,-103.5022381720191,2023,1,2023-01,4,0.5870940412246232,0.11802311888042259
H76,19.61379750235326,-103.5080848952479,2023,1,2023-01,4,0.6746873538976753,0.2149806014895183
H77,19.61346016192836,-103.5100682060295,2023,1,2023-01,4,0.6014060935691149,0.12477731168007249
H78,19.61409204222733,-103.5105722727903,2023,1,2023-01,4,0.5848722484262051,0.11562302648040776
H79,19.61353215599024,-103.5123741788091,2023,1,2023-01,4,0.5567026835584657,0.08247635018318462
H80,19.61779554429717,-103.5110620628573,2023,1,2023-01,4,0.5931950516269205,0.1236951243909024
H81,19.61991823018052,-103.513120060683,2023,1,2023-01,4,0.4805037711545877,0.03825606481115844
H82,19.62073465959264,-103.514415855126,2023,1,2023-01,4,0.45623524857436415,0.03984141660073888
H83,19.61823643269025,-103.5148556403709,2023,1,2023-01,4,0.49129318939681865,0.03248496564098958
H84,19.61655830108952,-103.5173207877669,2023,1,2023-01,4,0.5245265461234331,0.04889540372891269
H85,19.61530473873262,-103.515910301509,2023,1,2023-01,4,0.5109091780838223,0.029955741667017928
H86,19.6126488644727,-103.5176299849256,2023,1,2023-01,4,0.5317692370720594,0.04006162919622599
H87,19.61074534974949,-103.5147577998847,2023,1,2023-01,4,0.5417110542457783,0.07011148153858385
H88,19.60922824229959,-103.51816450361,2023,1,2023-01,4,0.5854966637064036,0.08051458802357345
H89,19.60972792389859,-103.5241137226966,2023,1,2023-01,4,0.6182593430263066,0.07361520169764985
H90,19.60887219704412,-103.5257551584595,2023,1,2023-01,4,0.6600353955902691,0.10401423221621826
H91,19.6076221074036,-103.5233747651936,2023,1,2023-01,4,0.6266634346756133,0.0804151101213878
H92,19.60560940953978,-103.5215470361636,2023,1,2023-01,4,0.6843788606338242,0.17230961625894367
H93,19.60208824925957,-103.526896999217,2023,1,2023-01,4,0.7565724821948623,0.24564787863081924
H94,19.60248937810072,-103.5219082769416,2023,1,2023-01,4,0.6442093331796456,0.14765946934440252
H95,19.60312115256844,-103.5188596816631,2023,1,2023-01,4,0.5362586677878743,0.08074268836104079
H96,19.60407294309323,-103.520077159053,2023,1,2023-01,4,0.5808340997912189,0.12749649873636995
H97,19.60595122525007,-103.5194188749723,2023,1,2023-01,4,0.6509252764693381,0.16396354206280409
H98,19.60823320763247,-103.514985563467,2023,1,2023-01,4,0.5993144545197508,0.12246079503709428
H99,19.60388855172959,-103.5158544085341,2023,1,2023-01,4,0.5430575321488436,0.07600595214461298
H100,19.6382574968776,-103.5003223970978,2023,1,2023-01,4,0.6711838438147356,0.15837903842481116
H1,19.66316440676028,-103.4874704375219,2023,2,2023-02,6,0.2401429833329914,-0.10768581835468612
H2,19.65958480327006,-103.4916814554342,2023,2,2023-02,6,0.23783011471346874,0.002804197208479684
H3,19.64923190063498,-103.495946402958,2023,2,2023-02,6,0.3507049387679032,-0.09184018391142384
H4,19.64892797006392,-103.4934247600402,2023,2,2023-02,6,0.3928884930889747,-0.12264084222229527
H5,19.64768676086755,-103.4905412268389,2023,2,2023-02,6,0.4067193513942758,-0.10298198660639178
H6,19.64498379789444,-103.4931777628067,2023,2,2023-02,6,0.35041603856671527,-0.1281000137792438
H7,19.64523781970015,-103.4907449690666,2023,2,2023-02,6,0.4386149216586816,-0.07216604047035127
H8,19.64391544066743,-103.4919779953152,2023,2,2023-02,6,0.396497366582768,-0.09924530723811649
H9,19.64289593962869,-103.4923312690368,2023,2,2023-02,6,0.3924686668467629,-0.10182686711419342
H10,19.64326268753868,-103.4935692151058,2023,2,2023-02,6,0.3548076740776442,-0.1340050867582322
H11,19.63699143780181,-103.4910115238732,2023,2,2023-02,6,0.44838569637021847,-0.04283830681551388
H12,19.6423261120543,-103.4866375453042,2023,2,2023-02,6,0.5381996440470983,0.009225192799235999
H13,19.63928751073353,-103.4859554790877,2023,2,2023-02,6,0.5691688551022973,0.04384387650014622
H14,19.63810334260486,-103.4783889889258,2023,2,2023-02,6,0.3958471080320669,-0.12523949862459854
H15,19.63304594879294,-103.4860570044078,2023,2,2023-02,6,0.35776831186377034,-0.1431524563987607
H16,19.63363829304725,-103.4780586924613,2023,2,2023-02,6,0.32744341913237485,-0.17988019906100727
H18,19.64603762240055,-103.4727003353048,2023,2,2023-02,6,0.3437185271976807,-0.1122558249708864
H17,19.64350681735759,-103.4740222414965,2023,2,2023-02,6,0.3551870844439999,-0.14527676243985005
H19,19.64471242055359,-103.4660382865516,2023,2,2023-02,6,0.3581187893831679,-0.12882366620490457
H20,19.64573564260593,-103.463262682718,2023,2,2023-02,6,0.338622110660034,-0.1183701148435779
H21,19.64156668442107,-103.4659894961305,2023,2,2023-02,6,0.3352189920833381,-0.15981156968273072
H22,19.63841324577597,-103.466659499049,2023,2,2023-02,6,0.29252921971731904,-0.15841574028332492
H23,19.64582256330241,-103.4600574738049,2023,2,2023-02,6,0.35613654069993333,-0.10195117455896752
H24,19.63458571520362,-103.4659597724037,2023,2,2023-02,6,0.3963024555115545,-0.0356021108090331
H25,19.6352254903721,-103.4698151940444,2023,2,2023-02,6,0.38525932713475247,-0.0957466290645377
H26,19.6375519816719,-103.4725797498141,2023,2,2023-02,6,0.38708707945954346,-0.07748207885905031
H27,19.63252169252172,-103.4706206808633,2023,2,2023-02,6,0.34793533700122725,-0.1363354288480753
H28,19.62924958680501,-103.4667801634766,2023,2,2023-02,6,0.38800093183026546,0.00889348325157942
H29,19.62595823238879,-103.4724550507898,2023,2,2023-02,6,0.43437127617831905,-0.015205916662113567
H30,19.62454684136882,-103.4673631977053,2023,2,2023-02,6,0.43927478834604117,0.016948234224971385
H31,19.62400044564311,-103.4720322735746,2023,2,2023-02,6,0.5203357021159866,0.08085311013718438
H32,19.61959998384637,-103.4767867508887,2023,2,2023-02,6,0.5782933232555693,0.1302690919022938
H33,19.61742108024948,-103.4745293846265,2023,2,2023-02,6,0.7497616447769667,0.28073563543891616
H34,19.61706263447486,-103.4717205538295,2023,2,2023-02,6,0.5897164589408049,0.1438342720336386
H35,19.62235761063883,-103.4790615464518,2023,2,2023-02,6,0.4289187977001969,0.03032672156409702
H36,19.61265718886245,-103.475737660252,2023,2,2023-02,6,0.3477750735540976,-0.03584479400996368
H37,19.61287910833094,-103.4782759946473,2023,2,2023-02,6,0.5582915307412855,0.12115179122948717
H38,19.61351141813728,-103.4814391298695,2023,2,2023-02,6,0.670504184961428,0.20677645722583501
H39,19.61739633960506,-103.4846383837301,2023,2,2023-02,6,0.6060051042794232,0.1187563813310447
H40,19.61422321757896,-103.4865932661396,2023,2,2023-02,6,0.6918486728785156,0.23141634469922823
H41,19.60964441322967,-103.4875908955098,2023,2,2023-02,6,0.390605046218917,-0.023667554667532762
H42,19.6171207933109,-103.4889001524713,2023,2,2023-02,6,0.3450153081836232,-0.036570966468082916
H43,19.61451845491155,-103.4926481384631,2023,2,2023-02,6,0.33025782721492786,-0.005446238960096512
H44,19.61263647892398,-103.4912288771512,2023,2,2023-02,6,0.5429368518236193,0.07602423642112628
H45,19.60934749359883,-103.489216124793,2023,2,2023-02,6,0.390183795390272,-0.033264548903111944
H46,19.60942413443004,-103.4902280275767,2023,2,2023-02,6,0.41975586838253287,-0.014984680301262059
H47,19.60921557442716,-103.4924523306077,2023,2,2023-02,6,0.4914223930711135,0.04955030031328387
H48,19.60806269214817,-103.4951061797037,2023,2,2023-02,6,0.34252681306740324,-0.02779285539255287
H49,19.61498262970927,-103.4988105532358,2023,2,2023-02,6,0.729767112206173,0.2832612338989064
H50,19.61011338081553,-103.5061892246769,2023,2,2023-02,6,0.7239718455476044,0.2552809850955801
H51,19.61961236528353,-103.5087860622131,2023,2,2023-02,6,0.7376451447051346,0.31794443810081585
H52,19.62373074157903,-103.506858857131,2023,2,2023-02,6,0.5564794683550285,0.07715309875248641
H53,19.6220524419853,-103.5039156451538,2023,2,2023-02,6,0.5065532183677697,0.08001414318798247
H54,19.621438862174,-103.5012333605017,2023,2,2023-02,6,0.5755784812712471,0.12071376437675302
H55,19.62164911694436,-103.4994749950378,2023,2,2023-02,6,0.4708333866506595,0.03870195087965149
H56,19.61921532953394,-103.4972616233209,2023,2,2023-02,6,0.44954384308087686,0.02727063124377975
H57,19.61897530908676,-103.4950371159645,2023,2,2023-02,6,0.3859297807379687,-0.015159278403909121
H58,19.62015890829346,-103.4904304573702,2023,2,2023-02,6,0.3214154821238041,-0.10963618020834405
H59,19.62171827008233,-103.4865543693567,2023,2,2023-02,6,0.3237703548496022,-0.16310018787073338
H60,19.62410311838264,-103.4983277084877,2023,2,2023-02,6,0.4211414721751561,-0.041827848504975895
H61,19.62663965521857,-103.4966882892999,2023,2,2023-02,6,0.3651720784162688,-0.13252998627891516
H62,19.62574866158377,-103.4923995903546,2023,2,2023-02,6,0.3881782904276055,-0.09311896329588638
H63,19.62967479841514,-103.4905956816595,2023,2,2023-02,6,0.267625176204438,-0.19767481441303425
H64,19.62318042476388,-103.4897338139707,2023,2,2023-02,6,0.33004299529893766,-0.14646722669627052
H65,19.62549316602416,-103.5006797215266,2023,2,2023-02,6,0.4256810653013969,-0.02953110764050002
H66,19.62754606705777,-103.5006843723593,2023,2,2023-02,6,0.44854867019825806,-0.012225836747554132
H67,19.63204957316679,-103.5006313932001,2023,2,2023-02,6,0.42382017632413166,-0.0053327220713536815
H68,19.62764543878409,-103.5041222734758,2023,2,2023-02,6,0.421432503359276,-0.007919243836019404
H69,19.62326850459801,-103.5088931720352,2023,2,2023-02,6,0.5047137389161848,0.06834556510772052
H70,19.6263645881459,-103.5081728823758,2023,2,2023-02,6,0.37074680281398065,-0.02612363178419193
H71,19.62298058031248,-103.5108963687992,2023,2,2023-02,6,0.4158968727853305,0.021362560518338344
H72,19.60791996745303,-103.5088436795277,2023,2,2023-02,6,0.4099780904320148,0.04984643796095544
H73,19.60688026534045,-103.5119994427884,2023,2,2023-02,6,0.38235737491849575,-0.023301503309723234
H74,19.60589173726333,-103.5034448997359,2023,2,2023-02,6,0.5057036768643096,0.0465073223171697
H75,19.60306803601581,-103.5022381720191,2023,2,2023-02,6,0.5161757826215598,0.0809690172614009
H76,19.61379750235326,-103.5080848952479,2023,2,2023-02,6,0.5739133657273712,0.14252706207320887
H77,19.61346016192836,-103.5100682060295,2023,2,2023-02,6,0.4945293820918674,0.06278809593116619
H78,19.61409204222733,-103.5105722727903,2023,2,2023-02,6,0.4750739504700632,0.05481134305163481
H79,19.61353215599024,-103.5123741788091,2023,2,2023-02,6,0.46387009101862087,0.030665790901152002
H80,19.61779554429717,-103.5110620628573,2023,2,2023-02,6,0.5364895327455298,0.1018941132200342
H81,19.61991823018052,-103.513120060683,2023,2,2023-02,6,0.38514103607984906,-0.0080994307407781
H82,19.62073465959264,-103.514415855126,2023,2,2023-02,6,0.35933772885334225,-0.005134308395714449
H83,19.61823643269025,-103.5148556403709,2023,2,2023-02,6,0.396580073570648,-0.011599131175144146
H84,19.61655830108952,-103.5173207877669,2023,2,2023-02,6,0.4151589581799866,-0.007028404531797837
H85,19.61530473873262,-103.515910301509,2023,2,2023-02,6,0.39677430754937126,-0.032521562658621266
H86,19.6126488644727,-103.5176299849256,2023,2,2023-02,6,0.42285461098618704,-0.025498574496833983
H87,19.61074534974949,-103.5147577998847,2023,2,2023-02,6,0.45618774267592543,0.020453203103644468
H88,19.60922824229959,-103.51816450361,2023,2,2023-02,6,0.4869006822218757,0.02465961799950186
H89,19.60972792389859,-103.5241137226966,2023,2,2023-02,6,0.5032379773266645,0.003848665211786477
H90,19.60887219704412,-103.5257551584595,2023,2,2023-02,6,0.54239508322516,0.027162835026063686
H91,19.6076221074036,-103.5233747651936,2023,2,2023-02,6,0.508596555796745,0.008463600324698778
H92,19.60560940953978,-103.5215470361636,2023,2,2023-02,6,0.5725585069303368,0.1078327799127178
H93,19.60208824925957,-103.526896999217,2023,2,2023-02,6,0.6587752630723017,0.1712831576687733
H94,19.60248937810072,-103.5219082769416,2023,2,2023-02,6,0.5403143056644021,0.09118807574993332
H95,19.60312115256844,-103.5188596816631,2023,2,2023-02,6,0.4303429937910853,0.02522405712959895
H96,19.60407294309323,-103.520077159053,2023,2,2023-02,6,0.4733224861120138,0.07431006826470588
H97,19.60595122525007,-103.5194188749723,2023,2,2023-02,6,0.5405059867238301,0.10326121490719462
H98,19.60823320763247,-103.514985563467,2023,2,2023-02,6,0.5159252652492876,0.07380529421407385
H99,19.60388855172959,-103.5158544085341,2023,2,2023-02,6,0.45692399664407096,0.023551921164484936
H100,19.6382574968776,-103.5003223970978,2023,2,2023-02,6,0.5976823722816298,0.1196832576301839
H1,19.66316440676028,-103.4874704375219,2023,3,2023-03,6,0.21862059391310487,-0.13926964443174703
H2,19.65958480327006,-103.4916814554342,2023,3,2023-03,6,0.23080303404106225,-0.031740249723063316
H3,19.64923190063498,-103.495946402958,2023,3,2023-03,6,0.30264611416708687,-0.15342465321015494
H4,19.64892797006392,-103.4934247600402,2023,3,2023-03,6,0.3675562465372989,-0.16786301453841143
H5,19.64768676086755,-103.4905412268389,2023,3,2023-03,6,0.41809224401487444,-0.10880471410569148
H6,19.64498379789444,-103.4931777628067,2023,3,2023-03,6,0.33573064630294636,-0.15589177359236148
H7,19.64523781970015,-103.4907449690666,2023,3,2023-03,6,0.4455308121465184,-0.08025004157128503
H8,19.64391544066743,-103.4919779953152,2023,3,2023-03,6,0.39823351345126373,-0.11026514862594229
H9,19.64289593962869,-103.4923312690368,2023,3,2023-03,6,0.3921458372132105,-0.1145721426048445
H10,19.64326268753868,-103.4935692151058,2023,3,2023-03,6,0.34986240597549545,-0.14849941575595502
H11,19.63699143780181,-103.4910115238732,2023,3,2023-03,6,0.4335642043214825,-0.06655616338050332
H12,19.6423261120543,-103.4866375453042,2023,3,2023-03,6,0.5377045530531264,-0.009032042490668479
H13,19.63928751073353,-103.4859554790877,2023,3,2023-03,6,0.5768432985650492,0.028330562219796702
H14,19.63810334260486,-103.4783889889258,2023,3,2023-03,6,0.39116975086230515,-0.13726087895388694
H15,19.63304594879294,-103.4860570044078,2023,3,2023-03,6,0.33700756877927135,-0.16805844794702401
H16,19.63363829304725,-103.4780586924613,2023,3,2023-03,6,0.2636756972542427,-0.24975252320077665
H18,19.64603762240055,-103.4727003353048,2023,3,2023-03,6,0.28974832701566544,-0.17068871418688872
H17,19.64350681735759,-103.4740222414965,2023,3,2023-03,6,0.30740992052816196,-0.2001047088289611
H19,19.64471242055359,-103.4660382865516,2023,3,2023-03,6,0.31571603023995926,-0.16142296073909437
H20,19.64573564260593,-103.463262682718,2023,3,2023-03,6,0.30038265620537574,-0.14875986850911832
H21,19.64156668442107,-103.4659894961305,2023,3,2023-03,6,0.320056107484307,-0.17297649018285569
H22,19.63841324577597,-103.466659499049,2023,3,2023-03,6,0.27098299918509977,-0.17359833798936164
H23,19.64582256330241,-103.4600574738049,2023,3,2023-03,6,0.31374485456448403,-0.13650665992873476
H24,19.63458571520362,-103.4659597724037,2023,3,2023-03,6,0.3699872893129804,-0.06443308318619907
H25,19.6352254903721,-103.4698151940444,2023,3,2023-03,6,0.3335617230660399,-0.13489806184529707
H26,19.6375519816719,-103.4725797498141,2023,3,2023-03,6,0.3320214498048481,-0.13145589607444896
H27,19.63252169252172,-103.4706206808633,2023,3,2023-03,6,0.25553979147799244,-0.20481813695528658
H28,19.62924958680501,-103.4667801634766,2023,3,2023-03,6,0.33408303623148744,-0.04696602648075796
H29,19.62595823238879,-103.4724550507898,2023,3,2023-03,6,0.4419517534199155,-0.03059073317608375
H30,19.62454684136882,-103.4673631977053,2023,3,2023-03,6,0.4051214665756643,-0.007424955869076586
H31,19.62400044564311,-103.4720322735746,2023,3,2023-03,6,0.5219322177973242,0.07549705914923605
H32,19.61959998384637,-103.4767867508887,2023,3,2023-03,6,0.5848316407593229,0.13955032306435539
H33,19.61742108024948,-103.4745293846265,2023,3,2023-03,6,0.7729097870755706,0.29527263469974513
H34,19.61706263447486,-103.4717205538295,2023,3,2023-03,6,0.5967434112465426,0.13970409360003042
H35,19.62235761063883,-103.4790615464518,2023,3,2023-03,6,0.4225745990623717,0.017572313298518806
H36,19.61265718886245,-103.475737660252,2023,3,2023-03,6,0.3346960878606018,-0.04566945154535387
H37,19.61287910833094,-103.4782759946473,2023,3,2023-03,6,0.5657172420696969,0.12325910286039757
H38,19.61351141813728,-103.4814391298695,2023,3,2023-03,6,0.6834540461109477,0.20715510051133754
H39,19.61739633960506,-103.4846383837301,2023,3,2023-03,6,0.582710970917243,0.07940989907202772
H40,19.61422321757896,-103.4865932661396,2023,3,2023-03,6,0.7169816407193909,0.253931285668189
H41,19.60964441322967,-103.4875908955098,2023,3,2023-03,6,0.3635562680056291,-0.05753913755952977
H42,19.6171207933109,-103.4889001524713,2023,3,2023-03,6,0.31162698535757427,-0.06723282072236356
H43,19.61451845491155,-103.4926481384631,2023,3,2023-03,6,0.30774604385576865,-0.032525359099546715
H44,19.61263647892398,-103.4912288771512,2023,3,2023-03,6,0.5233047299554084,0.04921352191276246
H45,19.60934749359883,-103.489216124793,2023,3,2023-03,6,0.346919232230977,-0.08509471739532161
H46,19.60942413443004,-103.4902280275767,2023,3,2023-03,6,0.3679474258038033,-0.07245854543313607
H47,19.60921557442716,-103.4924523306077,2023,3,2023-03,6,0.44209368499131524,-0.005554869792818635
H48,19.60806269214817,-103.4951061797037,2023,3,2023-03,6,0.3180040239466745,-0.0584232234974953
H49,19.61498262970927,-103.4988105532358,2023,3,2023-03,6,0.7009522440510761,0.24444730661990444
H50,19.61011338081553,-103.5061892246769,2023,3,2023-03,6,0.7148272009365061,0.25301097310822057
H51,19.61961236528353,-103.5087860622131,2023,3,2023-03,6,0.7018682304001008,0.24797557172458884
H52,19.62373074157903,-103.506858857131,2023,3,2023-03,6,0.5175026822754264,0.020766817813907858
H53,19.6220524419853,-103.5039156451538,2023,3,2023-03,6,0.4681288908274495,0.032226954866367674
H54,19.621438862174,-103.5012333605017,2023,3,2023-03,6,0.5294942565609483,0.05955685176370301
H55,19.62164911694436,-103.4994749950378,2023,3,2023-03,6,0.41249515199566744,-0.034084468177285325
H56,19.61921532953394,-103.4972616233209,2023,3,2023-03,6,0.4047678633985627,-0.03071044750906581
H57,19.61897530908676,-103.4950371159645,2023,3,2023-03,6,0.3273109707484426,-0.09082760300356445
H58,19.62015890829346,-103.4904304573702,2023,3,2023-03,6,0.2774177588469328,-0.17322156238682962
H59,19.62171827008233,-103.4865543693567,2023,3,2023-03,6,0.2811449006005586,-0.20109001369476573
H60,19.62410311838264,-103.4983277084877,2023,3,2023-03,6,0.3812649122299651,-0.0944740871093921
H61,19.62663965521857,-103.4966882892999,2023,3,2023-03,6,0.35186255881200057,-0.1641831009797641
H62,19.62574866158377,-103.4923995903546,2023,3,2023-03,6,0.3420808536084795,-0.15501694602277616
H63,19.62967479841514,-103.4905956816595,2023,3,2023-03,6,0.23597256712846415,-0.23107743796774122
H64,19.62318042476388,-103.4897338139707,2023,3,2023-03,6,0.2959336325670846,-0.1977166329912022
H65,19.62549316602416,-103.5006797215266,2023,3,2023-03,6,0.40231812828590463,-0.07481103104986549
H66,19.62754606705777,-103.5006843723593,2023,3,2023-03,6,0.4259710130882361,-0.05589496339210271
H67,19.63204957316679,-103.5006313932001,2023,3,2023-03,6,0.3916610665554955,-0.05488427706092103
H68,19.62764543878409,-103.5041222734758,2023,3,2023-03,6,0.3697605344452162,-0.07600894255789632
H69,19.62326850459801,-103.5088931720352,2023,3,2023-03,6,0.4672106389013933,0.005311487995665432
H70,19.6263645881459,-103.5081728823758,2023,3,2023-03,6,0.34457316746067207,-0.0843425743641005
H71,19.62298058031248,-103.5108963687992,2023,3,2023-03,6,0.38454943695143484,-0.039623658801460356
H72,19.60791996745303,-103.5088436795277,2023,3,2023-03,6,0.3661810173716846,0.009153916993767455
H73,19.60688026534045,-103.5119994427884,2023,3,2023-03,6,0.3495142469499984,-0.06671466916045098
H74,19.60589173726333,-103.5034448997359,2023,3,2023-03,6,0.449939838544759,-0.03156196053614915
H75,19.60306803601581,-103.5022381720191,2023,3,2023-03,6,0.49007251812450137,0.0344384152704276
H76,19.61379750235326,-103.5080848952479,2023,3,2023-03,6,0.5265231565103083,0.07363822863906695
H77,19.61346016192836,-103.5100682060295,2023,3,2023-03,6,0.44540394740619366,-0.008686039373737383
H78,19.61409204222733,-103.5105722727903,2023,3,2023-03,6,0.4279029698449456,-0.01459444018577111
H79,19.61353215599024,-103.5123741788091,2023,3,2023-03,6,0.40822594511071875,-0.040374638630634584
H80,19.61779554429717,-103.5110620628573,2023,3,2023-03,6,0.4938953935780126,0.04387390115550954
H81,19.61991823018052,-103.513120060683,2023,3,2023-03,6,0.34670435709309266,-0.06420145855010055
H82,19.62073465959264,-103.514415855126,2023,3,2023-03,6,0.3260860382724467,-0.05341830946712465
H83,19.61823643269025,-103.5148556403709,2023,3,2023-03,6,0.37045453619461294,-0.05839267720159861
H84,19.61655830108952,-103.5173207877669,2023,3,2023-03,6,0.3509732974485079,-0.08611852181887523
H85,19.61530473873262,-103.515910301509,2023,3,2023-03,6,0.3313286042722139,-0.11326164841313938
H86,19.6126488644727,-103.5176299849256,2023,3,2023-03,6,0.34531862582869016,-0.11012788703648915
H87,19.61074534974949,-103.5147577998847,2023,3,2023-03,6,0.39887901007622895,-0.04543775523492571
H88,19.60922824229959,-103.51816450361,2023,3,2023-03,6,0.41656785046696565,-0.04709997498786791
H89,19.60972792389859,-103.5241137226966,2023,3,2023-03,6,0.4212117209482233,-0.08602815145921139
H90,19.60887219704412,-103.5257551584595,2023,3,2023-03,6,0.4548373248763993,-0.06660032617273297
H91,19.6076221074036,-103.5233747651936,2023,3,2023-03,6,0.4341945489332613,-0.07061947144652954
H92,19.60560940953978,-103.5215470361636,2023,3,2023-03,6,0.537624635369539,0.058679680216610845
H93,19.60208824925957,-103.526896999217,2023,3,2023-03,6,0.5900429525261911,0.09642820804283858
H94,19.60248937810072,-103.5219082769416,2023,3,2023-03,6,0.5153384822940118,0.05383947958018767
H95,19.60312115256844,-103.5188596816631,2023,3,2023-03,6,0.39262937061696906,-0.028285254223995502
H96,19.60407294309323,-103.520077159053,2023,3,2023-03,6,0.4597418681512089,0.0422983931179065
H97,19.60595122525007,-103.5194188749723,2023,3,2023-03,6,0.4995174464927806,0.04760546042013756
H98,19.60823320763247,-103.514985563467,2023,3,2023-03,6,0.4684275462112066,0.011019428860143385
H99,19.60388855172959,-103.5158544085341,2023,3,2023-03,6,0.40538579670317043,-0.028465077096299602
H100,19.6382574968776,-103.5003223970978,2023,3,2023-03,6,0.5656768437448766,0.07325574545709389
H1,19.66316440676028,-103.4874704375219,2023,4,2023-04,6,0.19467810076940587,-0.14127523054981195
H2,19.65958480327006,-103.4916814554342,2023,4,2023-04,6,0.21292420388140226,-0.04314851248893777
H3,19.64923190063498,-103.495946402958,2023,4,2023-04,6,0.2793971177603045,-0.1615522007833175
H4,19.64892797006392,-103.4934247600402,2023,4,2023-04,6,0.34865835482739865,-0.16941531127502518
H5,19.64768676086755,-103.4905412268389,2023,4,2023-04,6,0.3963902547666268,-0.10736077279441483
H6,19.64498379789444,-103.4931777628067,2023,4,2023-04,6,0.3118872091690092,-0.15801180569963347
H7,19.64523781970015,-103.4907449690666,2023,4,2023-04,6,0.42081836217744023,-0.08197211356232736
H8,19.64391544066743,-103.4919779953152,2023,4,2023-04,6,0.37822427975871553,-0.1090153195993291
H9,19.64289593962869,-103.4923312690368,2023,4,2023-04,6,0.37638022126505005,-0.1117849204625406
H10,19.64326268753868,-103.4935692151058,2023,4,2023-04,6,0.3353684718759704,-0.14383623403742474
H11,19.63699143780181,-103.4910115238732,2023,4,2023-04,6,0.4017207083679635,-0.07608866691136733
H12,19.6423261120543,-103.4866375453042,2023,4,2023-04,6,0.5111878649017766,-0.016713356304928637
H13,19.63928751073353,-103.4859554790877,2023,4,2023-04,6,0.5660263312204761,0.02996840718535274
H14,19.63810334260486,-103.4783889889258,2023,4,2023-04,6,0.3808322955093326,-0.12124436445435065
H15,19.63304594879294,-103.4860570044078,2023,4,2023-04,6,0.30029565911633027,-0.17315235962038236
H16,19.63363829304725,-103.4780586924613,2023,4,2023-04,6,0.24523809510822026,-0.2437159929446918
H18,19.64603762240055,-103.4727003353048,2023,4,2023-04,6,0.25169326342135434,-0.18073110983441482
H17,19.64350681735759,-103.4740222414965,2023,4,2023-04,6,0.28038309112470583,-0.20134337699934782
H19,19.64471242055359,-103.4660382865516,2023,4,2023-04,6,0.29812517448393744,-0.15794412702265762
H20,19.64573564260593,-103.463262682718,2023,4,2023-04,6,0.2777213628590834,-0.14195115603367775
H21,19.64156668442107,-103.4659894961305,2023,4,2023-04,6,0.31052737548150955,-0.15489845984464876
H22,19.63841324577597,-103.466659499049,2023,4,2023-04,6,0.26502231755571354,-0.15166766460285994
H23,19.64582256330241,-103.4600574738049,2023,4,2023-04,6,0.2902966209464371,-0.12893141727444524
H24,19.63458571520362,-103.4659597724037,2023,4,2023-04,6,0.35145155952285567,-0.0643901069071077
H25,19.6352254903721,-103.4698151940444,2023,4,2023-04,6,0.3125190966680934,-0.13446719820955452
H26,19.6375519816719,-103.4725797498141,2023,4,2023-04,6,0.3054130566464846,-0.13500705417578357
H27,19.63252169252172,-103.4706206808633,2023,4,2023-04,6,0.23197758458281217,-0.20197652954159534
H28,19.62924958680501,-103.4667801634766,2023,4,2023-04,6,0.2889667103651068,-0.06802638598660692
H29,19.62595823238879,-103.4724550507898,2023,4,2023-04,6,0.42697491578193675,-0.024842590003095685
H30,19.62454684136882,-103.4673631977053,2023,4,2023-04,6,0.3810903794280002,-0.0022208930431247375
H31,19.62400044564311,-103.4720322735746,2023,4,2023-04,6,0.5046722081361334,0.07503553489547508
H32,19.61959998384637,-103.4767867508887,2023,4,2023-04,6,0.568253360064562,0.12978894749589157
H33,19.61742108024948,-103.4745293846265,2023,4,2023-04,6,0.7496797599501545,0.2562042443430866
H34,19.61706263447486,-103.4717205538295,2023,4,2023-04,6,0.5676271916552099,0.11858361434274069
H35,19.62235761063883,-103.4790615464518,2023,4,2023-04,6,0.41030491706903743,0.01864657561882963
H36,19.61265718886245,-103.475737660252,2023,4,2023-04,6,0.33140602399753183,-0.03647543671089612
H37,19.61287910833094,-103.4782759946473,2023,4,2023-04,6,0.5575856159730294,0.120163329426891
H38,19.61351141813728,-103.4814391298695,2023,4,2023-04,6,0.6804382269450379,0.19670350800335412
H39,19.61739633960506,-103.4846383837301,2023,4,2023-04,6,0.5788123170623164,0.08196826084969108
H40,19.61422321757896,-103.4865932661396,2023,4,2023-04,6,0.7212015488775253,0.25113326490950644
H41,19.60964441322967,-103.4875908955098,2023,4,2023-04,6,0.34329791879478816,-0.06275378882487452
H42,19.6171207933109,-103.4889001524713,2023,4,2023-04,6,0.28940087411122123,-0.06423880155801487
H43,19.61451845491155,-103.4926481384631,2023,4,2023-04,6,0.3008775246333728,-0.02343203485408337
H44,19.61263647892398,-103.4912288771512,2023,4,2023-04,6,0.51854705004137,0.05725169778737721
H45,19.60934749359883,-103.489216124793,2023,4,2023-04,6,0.31830178644961193,-0.09352684292864002
H46,19.60942413443004,-103.4902280275767,2023,4,2023-04,6,0.33985580019545214,-0.08028679755773677
H47,19.60921557442716,-103.4924523306077,2023,4,2023-04,6,0.4257070773633303,-0.005566149198009549
H48,19.60806269214817,-103.4951061797037,2023,4,2023-04,6,0.2801094129897866,-0.061491039060841315
H49,19.61498262970927,-103.4988105532358,2023,4,2023-04,6,0.705423790995592,0.2421150433798259
H50,19.61011338081553,-103.5061892246769,2023,4,2023-04,6,0.7317314481543962,0.2722055793184533
H51,19.61961236528353,-103.5087860622131,2023,4,2023-04,6,0.7108375279611262,0.2499579241494284
H52,19.62373074157903,-103.506858857131,2023,4,2023-04,6,0.5112167002332554,0.02623562862370058
H53,19.6220524419853,-103.5039156451538,2023,4,2023-04,6,0.4609383965222618,0.0361302608428868
H54,19.621438862174,-103.5012333605017,2023,4,2023-04,6,0.5094725332825388,0.05415040199570964
H55,19.62164911694436,-103.4994749950378,2023,4,2023-04,6,0.3761964537574051,-0.04844411007061432
H56,19.61921532953394,-103.4972616233209,2023,4,2023-04,6,0.3755254067069277,-0.037376491645456915
H57,19.61897530908676,-103.4950371159645,2023,4,2023-04,6,0.2864484594399055,-0.10222606293888957
H58,19.62015890829346,-103.4904304573702,2023,4,2023-04,6,0.24800680622311166,-0.1786711868681827
H59,19.62171827008233,-103.4865543693567,2023,4,2023-04,6,0.2713681633278427,-0.190552706120274
H60,19.62410311838264,-103.4983277084877,2023,4,2023-04,6,0.33629243377129847,-0.11388962995933209
H61,19.62663965521857,-103.4966882892999,2023,4,2023-04,6,0.3185945186814354,-0.17384065244959634
H62,19.62574866158377,-103.4923995903546,2023,4,2023-04,6,0.3051937460726355,-0.16641836282935066
H63,19.62967479841514,-103.4905956816595,2023,4,2023-04,6,0.21606237099364223,-0.2252321344499992
H64,19.62318042476388,-103.4897338139707,2023,4,2023-04,6,0.27656515649973246,-0.1982093708518938
H65,19.62549316602416,-103.5006797215266,2023,4,2023-04,6,0.36143315811413557,-0.09026861599017887
H66,19.62754606705777,-103.5006843723593,2023,4,2023-04,6,0.3902720689864075,-0.06619356030780138
H67,19.63204957316679,-103.5006313932001,2023,4,2023-04,6,0.36536317748883806,-0.07080602546529646
H68,19.62764543878409,-103.5041222734758,2023,4,2023-04,6,0.3459003303266818,-0.08404403515010804
H69,19.62326850459801,-103.5088931720352,2023,4,2023-04,6,0.47448921835767294,0.02105100388947226
H70,19.6263645881459,-103.5081728823758,2023,4,2023-04,6,0.3277599698610559,-0.08853209875752097
H71,19.62298058031248,-103.5108963687992,2023,4,2023-04,6,0.37715268613670977,-0.036050762801403895
H72,19.60791996745303,-103.5088436795277,2023,4,2023-04,6,0.3510856772940389,0.012680726329026141
H73,19.60688026534045,-103.5119994427884,2023,4,2023-04,6,0.3030840736948921,-0.07525217192977018
H74,19.60589173726333,-103.5034448997359,2023,4,2023-04,6,0.42921759519685276,-0.03359145249577296
H75,19.60306803601581,-103.5022381720191,2023,4,2023-04,6,0.4791546659812141,0.03227443672205815
H76,19.61379750235326,-103.5080848952479,2023,4,2023-04,6,0.5033211590750384,0.06910641596200358
H77,19.61346016192836,-103.5100682060295,2023,4,2023-04,6,0.4026231186384664,-0.02201270157457051
H78,19.61409204222733,-103.5105722727903,2023,4,2023-04,6,0.3838857327664528,-0.02466503347329486
H79,19.61353215599024,-103.5123741788091,2023,4,2023-04,6,0.3575159083611689,-0.05309290098574624
H80,19.61779554429717,-103.5110620628573,2023,4,2023-04,6,0.47347604127036985,0.039615285620605595
H81,19.61991823018052,-103.513120060683,2023,4,2023-04,6,0.31037320924353484,-0.07146686973357852
H82,19.62073465959264,-103.514415855126,2023,4,2023-04,6,0.29059399769294375,-0.0621280001489322
H83,19.61823643269025,-103.5148556403709,2023,4,2023-04,6,0.34888558954517396,-0.05780335846951082
H84,19.61655830108952,-103.5173207877669,2023,4,2023-04,6,0.29924499167242147,-0.10043848915771651
H85,19.61530473873262,-103.515910301509,2023,4,2023-04,6,0.28183469431882385,-0.12553015847088903
H86,19.6126488644727,-103.5176299849256,2023,4,2023-04,6,0.28369311951296894,-0.1279561857117479
H87,19.61074534974949,-103.5147577998847,2023,4,2023-04,6,0.36134661369166043,-0.05407813430071204
H88,19.60922824229959,-103.51816450361,2023,4,2023-04,6,0.3685204900904662,-0.06657381683154968
H89,19.60972792389859,-103.5241137226966,2023,4,2023-04,6,0.36484050965263964,-0.11340140796081534
H90,19.60887219704412,-103.5257551584595,2023,4,2023-04,6,0.37808767775980967,-0.1099898363106711
H91,19.6076221074036,-103.5233747651936,2023,4,2023-04,6,0.38269384031153786,-0.09945959478204164
H92,19.60560940953978,-103.5215470361636,2023,4,2023-04,6,0.5076025838122128,0.041998419145454935
H93,19.60208824925957,-103.526896999217,2023,4,2023-04,6,0.5385924870002505,0.05500374570301264
H94,19.60248937810072,-103.5219082769416,2023,4,2023-04,6,0.4967279660095512,0.05058050569701193
H95,19.60312115256844,-103.5188596816631,2023,4,2023-04,6,0.3581423688819118,-0.0420208010814921
H96,19.60407294309323,-103.520077159053,2023,4,2023-04,6,0.45623179863598623,0.05007182816322484
H97,19.60595122525007,-103.5194188749723,2023,4,2023-04,6,0.46420576698790056,0.029759024030169712
H98,19.60823320763247,-103.514985563467,2023,4,2023-04,6,0.4464852012870317,0.011196379544410665
H99,19.60388855172959,-103.5158544085341,2023,4,2023-04,6,0.3665965940403187,-0.03660654219555405
H100,19.6382574968776,-103.5003223970978,2023,4,2023-04,6,0.5503412188109031,0.06478260214602198
H1,19.66316440676028,-103.4874704375219,2023,5,2023-05,6,0.19729430721379615,-0.1539164832975562
H2,19.65958480327006,-103.4916814554342,2023,5,2023-05,6,0.2241955913673074,-0.04679283434342919
H3,19.64923190063498,-103.495946402958,2023,5,2023-05,6,0.2750769414766106,-0.17812863746429855
H4,19.64892797006392,-103.4934247600402,2023,5,2023-05,6,0.3347355863951743,-0.1853305572090767
H5,19.64768676086755,-103.4905412268389,2023,5,2023-05,6,0.37983082045982103,-0.12197613629571973
H6,19.64498379789444,-103.4931777628067,2023,5,2023-05,6,0.3014233362522163,-0.1733663582210124
H7,19.64523781970015,-103.4907449690666,2023,5,2023-05,6,0.4028325250989822,-0.10020781855285354
H8,19.64391544066743,-103.4919779953152,2023,5,2023-05,6,0.36361546499076686,-0.1256269488680683
H9,19.64289593962869,-103.4923312690368,2023,5,2023-05,6,0.35897070576854706,-0.12913535378241747
H10,19.64326268753868,-103.4935692151058,2023,5,2023-05,6,0.3203221798223659,-0.16108824244667252
H11,19.63699143780181,-103.4910115238732,2023,5,2023-05,6,0.3853589990625561,-0.09409059146261456
H12,19.6423261120543,-103.4866375453042,2023,5,2023-05,6,0.49588213576632706,-0.03339179956372132
H13,19.63928751073353,-103.4859554790877,2023,5,2023-05,6,0.5516923133293788,0.015688501085890195
H14,19.63810334260486,-103.4783889889258,2023,5,2023-05,6,0.3638049084578423,-0.1326356995021234
H15,19.63304594879294,-103.4860570044078,2023,5,2023-05,6,0.30769363951849904,-0.1795470293563565
H16,19.63363829304725,-103.4780586924613,2023,5,2023-05,6,0.24314533299858376,-0.25488209971087483
H18,19.64603762240055,-103.4727003353048,2023,5,2023-05,6,0.24400427811884545,-0.1943288404242624
H17,19.64350681735759,-103.4740222414965,2023,5,2023-05,6,0.2660636261239605,-0.22292032525207026
H19,19.64471242055359,-103.4660382865516,2023,5,2023-05,6,0.306563562505956,-0.15585410189573867
H20,19.64573564260593,-103.463262682718,2023,5,2023-05,6,0.27854673373425837,-0.14680579405733873
H21,19.64156668442107,-103.4659894961305,2023,5,2023-05,6,0.3226135694845274,-0.14774835352498625
H22,19.63841324577597,-103.466659499049,2023,5,2023-05,6,0.2853882426905434,-0.14207216370676798
H23,19.64582256330241,-103.4600574738049,2023,5,2023-05,6,0.3010691634606315,-0.1327833751469696
H24,19.63458571520362,-103.4659597724037,2023,5,2023-05,6,0.3130890428114921,-0.07916199658028468
H25,19.6352254903721,-103.4698151940444,2023,5,2023-05,6,0.30197972514769256,-0.1473061343642242
H26,19.6375519816719,-103.4725797498141,2023,5,2023-05,6,0.30744301257560747,-0.13944361756486004
H27,19.63252169252172,-103.4706206808633,2023,5,2023-05,6,0.23431704688913912,-0.21258265981690042
H28,19.62924958680501,-103.4667801634766,2023,5,2023-05,6,0.27312843870470527,-0.0865552812245967
H29,19.62595823238879,-103.4724550507898,2023,5,2023-05,6,0.41883751226872756,-0.031698828824801746
H30,19.62454684136882,-103.4673631977053,2023,5,2023-05,6,0.37799241581365006,-0.005842120228906716
H31,19.62400044564311,-103.4720322735746,2023,5,2023-05,6,0.4946580018007267,0.06249492019615624
H32,19.61959998384637,-103.4767867508887,2023,5,2023-05,6,0.5616361961369017,0.12174474055037007
H33,19.61742108024948,-103.4745293846265,2023,5,2023-05,6,0.7295561300141065,0.2408333103205626
H34,19.61706263447486,-103.4717205538295,2023,5,2023-05,6,0.5048152687418271,0.10659412074996967
H35,19.62235761063883,-103.4790615464518,2023,5,2023-05,6,0.3597874298149986,-0.02439902976042325
H36,19.61265718886245,-103.475737660252,2023,5,2023-05,6,0.32170688252357305,-0.04618463088786349
H37,19.61287910833094,-103.4782759946473,2023,5,2023-05,6,0.546507603049522,0.1116377450320991
H38,19.61351141813728,-103.4814391298695,2023,5,2023-05,6,0.6667860381868953,0.19330860699535712
H39,19.61739633960506,-103.4846383837301,2023,5,2023-05,6,0.5658047963129355,0.06680368570053746
H40,19.61422321757896,-103.4865932661396,2023,5,2023-05,6,0.71599242461816,0.2473474701253639
H41,19.60964441322967,-103.4875908955098,2023,5,2023-05,6,0.34099953708426556,-0.07630877019019308
H42,19.6171207933109,-103.4889001524713,2023,5,2023-05,6,0.290108902788282,-0.0651900070716691
H43,19.61451845491155,-103.4926481384631,2023,5,2023-05,6,0.30536169529730023,-0.027999420307721998
H44,19.61263647892398,-103.4912288771512,2023,5,2023-05,6,0.5154678455867517,0.0480739651435937
H45,19.60934749359883,-103.489216124793,2023,5,2023-05,6,0.30998001649431944,-0.11063154420820732
H46,19.60942413443004,-103.4902280275767,2023,5,2023-05,6,0.3302087810273316,-0.09611462347196162
H47,19.60921557442716,-103.4924523306077,2023,5,2023-05,6,0.42107502517365514,-0.014223364255846218
H48,19.60806269214817,-103.4951061797037,2023,5,2023-05,6,0.2773147397000072,-0.06795646295622074
H49,19.61498262970927,-103.4988105532358,2023,5,2023-05,6,0.68438813955755,0.22028596497594324
H50,19.61011338081553,-103.5061892246769,2023,5,2023-05,6,0.7065777259076285,0.2591179329955459
H51,19.61961236528353,-103.5087860622131,2023,5,2023-05,6,0.6867767827097911,0.24737040641168132
H52,19.62373074157903,-103.506858857131,2023,5,2023-05,6,0.49143904814209627,0.009637882893021279
H53,19.6220524419853,-103.5039156451538,2023,5,2023-05,6,0.4560657465129354,0.03366484203743446
H54,19.621438862174,-103.5012333605017,2023,5,2023-05,6,0.4960444278683008,0.03768022666239326
H55,19.62164911694436,-103.4994749950378,2023,5,2023-05,6,0.3621205664526478,-0.06762827496427215
H56,19.61921532953394,-103.4972616233209,2023,5,2023-05,6,0.3485849749476373,-0.06235835434402159
H57,19.61897530908676,-103.4950371159645,2023,5,2023-05,6,0.2676511697990098,-0.12417991543616079
H58,19.62015890829346,-103.4904304573702,2023,5,2023-05,6,0.25528747143580394,-0.18096462962313228
H59,19.62171827008233,-103.4865543693567,2023,5,2023-05,6,0.2744590371248981,-0.18799830401628892
H60,19.62410311838264,-103.4983277084877,2023,5,2023-05,6,0.32732016568955347,-0.12630854666753133
H61,19.62663965521857,-103.4966882892999,2023,5,2023-05,6,0.30728979754304186,-0.19095984574713656
H62,19.62574866158377,-103.4923995903546,2023,5,2023-05,6,0.29484755333332585,-0.18417435856610773
H63,19.62967479841514,-103.4905956816595,2023,5,2023-05,6,0.22388425019985567,-0.22528931346070613
H64,19.62318042476388,-103.4897338139707,2023,5,2023-05,6,0.2738507033459969,-0.2087995133273592
H65,19.62549316602416,-103.5006797215266,2023,5,2023-05,6,0.36025216852411546,-0.10154841071913186
H66,19.62754606705777,-103.5006843723593,2023,5,2023-05,6,0.3850669855861382,-0.07308448204599545
H67,19.63204957316679,-103.5006313932001,2023,5,2023-05,6,0.3426580569692829,-0.08590584623812741
H68,19.62764543878409,-103.5041222734758,2023,5,2023-05,6,0.3296319259371518,-0.09484069016776003
H69,19.62326850459801,-103.5088931720352,2023,5,2023-05,6,0.46306718540272773,0.0047088682997059325
H70,19.6263645881459,-103.5081728823758,2023,5,2023-05,6,0.3214429317843563,-0.11250837412268701
H71,19.62298058031248,-103.5108963687992,2023,5,2023-05,6,0.36190383023690437,-0.05585606379632714
H72,19.60791996745303,-103.5088436795277,2023,5,2023-05,6,0.35506824931949577,0.010512661856568259
H73,19.60688026534045,-103.5119994427884,2023,5,2023-05,6,0.2919833677474446,-0.09060766378562514
H74,19.60589173726333,-103.5034448997359,2023,5,2023-05,6,0.4135959322976646,-0.057750760353186784
H75,19.60306803601581,-103.5022381720191,2023,5,2023-05,6,0.4791058366101046,0.030610754233334727
H76,19.61379750235326,-103.5080848952479,2023,5,2023-05,6,0.4649465336057317,0.05395376562481588
H77,19.61346016192836,-103.5100682060295,2023,5,2023-05,6,0.3629082565144647,-0.04733030283993123
H78,19.61409204222733,-103.5105722727903,2023,5,2023-05,6,0.3454739398410788,-0.049775151802819564
H79,19.61353215599024,-103.5123741788091,2023,5,2023-05,6,0.33762386519882764,-0.07038086444812759
H80,19.61779554429717,-103.5110620628573,2023,5,2023-05,6,0.44418065977324667,0.030611688123131694
H81,19.61991823018052,-103.513120060683,2023,5,2023-05,6,0.2839942555870341,-0.09148913208455137
H82,19.62073465959264,-103.514415855126,2023,5,2023-05,6,0.2712386584204216,-0.08178862699407531
H83,19.61823643269025,-103.5148556403709,2023,5,2023-05,6,0.3221875718297203,-0.07423577266739909
H84,19.61655830108952,-103.5173207877669,2023,5,2023-05,6,0.2815794854207189,-0.10984922945957372
H85,19.61530473873262,-103.515910301509,2023,5,2023-05,6,0.2765264731721664,-0.1330963453083303
H86,19.6126488644727,-103.5176299849256,2023,5,2023-05,6,0.2726125718408543,-0.12998028438607234
H87,19.61074534974949,-103.5147577998847,2023,5,2023-05,6,0.3452971357547321,-0.06425488418448207
H88,19.60922824229959,-103.51816450361,2023,5,2023-05,6,0.36065910089720127,-0.06357916416379267
H89,19.60972792389859,-103.5241137226966,2023,5,2023-05,6,0.3338500846419549,-0.12318569502120283
H90,19.60887219704412,-103.5257551584595,2023,5,2023-05,6,0.3410595583869791,-0.1260019850755715
H91,19.6076221074036,-103.5233747651936,2023,5,2023-05,6,0.3749740207095527,-0.09352211547075492
H92,19.60560940953978,-103.5215470361636,2023,5,2023-05,6,0.5048989986598713,0.05104743110663642
H93,19.60208824925957,-103.526896999217,2023,5,2023-05,6,0.51197812546299,0.04382110161447515
H94,19.60248937810072,-103.5219082769416,2023,5,2023-05,6,0.49278956005315566,0.06223059674017964
H95,19.60312115256844,-103.5188596816631,2023,5,2023-05,6,0.34567560968216476,-0.041821116126344426
H96,19.60407294309323,-103.520077159053,2023,5,2023-05,6,0.45384319705806064,0.05438920427881558
H97,19.60595122525007,-103.5194188749723,2023,5,2023-05,6,0.44799524841693106,0.03154923205502868
H98,19.60823320763247,-103.514985563467,2023,5,2023-05,6,0.42889508420307204,0.0014556944273482239
H99,19.60388855172959,-103.5158544085341,2023,5,2023-05,6,0.3471871693434521,-0.03895013981997424
H100,19.6382574968776,-103.5003223970978,2023,5,2023-05,6,0.5404951268086163,0.04861311760436486
H1,19.66316440676028,-103.4874704375219,2023,6,2023-06,5,0.19773716702328717,-0.16988818626215532
H2,19.65958480327006,-103.4916814554342,2023,6,2023-06,5,0.2656016922489967,-0.03586475922628359
H3,19.64923190063498,-103.495946402958,2023,6,2023-06,5,0.27670086846016206,-0.18355834712761154
H4,19.64892797006392,-103.4934247600402,2023,6,2023-06,5,0.3361819285840692,-0.18107722203863244
H5,19.64768676086755,-103.4905412268389,2023,6,2023-06,5,0.3858459669582283,-0.10814017605941509
H6,19.64498379789444,-103.4931777628067,2023,6,2023-06,5,0.3031395721812738,-0.16678680177600913
H7,19.64523781970015,-103.4907449690666,2023,6,2023-06,5,0.404616183702336,-0.0924387810909466
H8,19.64391544066743,-103.4919779953152,2023,6,2023-06,5,0.3636863708399073,-0.11889754695745787
H9,19.64289593962869,-103.4923312690368,2023,6,2023-06,5,0.35658119489723467,-0.12421069166722773
H10,19.64326268753868,-103.4935692151058,2023,6,2023-06,5,0.3212439548221382,-0.1539496551147462
H11,19.63699143780181,-103.4910115238732,2023,6,2023-06,5,0.38602326632394646,-0.08977241799127496
H12,19.6423261120543,-103.4866375453042,2023,6,2023-06,5,0.4828616621720537,-0.04445676207486498
H13,19.63928751073353,-103.4859554790877,2023,6,2023-06,5,0.538874351675071,9.253284256960822E-4
H14,19.63810334260486,-103.4783889889258,2023,6,2023-06,5,0.36381625675743806,-0.13102355645899985
H15,19.63304594879294,-103.4860570044078,2023,6,2023-06,5,0.31092802023136973,-0.17233946736941513
H16,19.63363829304725,-103.4780586924613,2023,6,2023-06,5,0.2359565020392697,-0.26263154933850424
H18,19.64603762240055,-103.4727003353048,2023,6,2023-06,5,0.24608151116116744,-0.20144888598293756
H17,19.64350681735759,-103.4740222414965,2023,6,2023-06,5,0.26434945257610226,-0.23022820427441443
H19,19.64471242055359,-103.4660382865516,2023,6,2023-06,5,0.3204965156780792,-0.14659910075652688
H20,19.64573564260593,-103.463262682718,2023,6,2023-06,5,0.2846233710288575,-0.1446177959193352
H21,19.64156668442107,-103.4659894961305,2023,6,2023-06,5,0.3354735679208711,-0.13968029020619172
H22,19.63841324577597,-103.466659499049,2023,6,2023-06,5,0.29191564947416937,-0.13999363768023348
H23,19.64582256330241,-103.4600574738049,2023,6,2023-06,5,0.3014598573395923,-0.12874295472988306
H24,19.63458571520362,-103.4659597724037,2023,6,2023-06,5,0.3075003593136252,-0.08403468204611912
H25,19.6352254903721,-103.4698151940444,2023,6,2023-06,5,0.31166768867222394,-0.1534049211790933
H26,19.6375519816719,-103.4725797498141,2023,6,2023-06,5,0.3161691228297511,-0.13969005681373362
H27,19.63252169252172,-103.4706206808633,2023,6,2023-06,5,0.23352898628282123,-0.21940935199126715
H28,19.62924958680501,-103.4667801634766,2023,6,2023-06,5,0.25807617520168874,-0.09077677060501897
H29,19.62595823238879,-103.4724550507898,2023,6,2023-06,5,0.42327499022558657,-0.022346659194575985
H30,19.62454684136882,-103.4673631977053,2023,6,2023-06,5,0.3896147419162005,-0.0048452465110003316
H31,19.62400044564311,-103.4720322735746,2023,6,2023-06,5,0.5044360464058936,0.07462182192664768
H32,19.61959998384637,-103.4767867508887,2023,6,2023-06,5,0.5803992787680835,0.13673960999151905
H33,19.61742108024948,-103.4745293846265,2023,6,2023-06,5,0.7546100731108251,0.23811262580028597
H34,19.61706263447486,-103.4717205538295,2023,6,2023-06,5,0.5385727173089027,0.11049801599848705
H35,19.62235761063883,-103.4790615464518,2023,6,2023-06,5,0.36676089244596816,-0.020647829470340228
H36,19.61265718886245,-103.475737660252,2023,6,2023-06,5,0.3169668866923864,-0.04772181951550175
H37,19.61287910833094,-103.4782759946473,2023,6,2023-06,5,0.5616229259895728,0.11067684525626668
H38,19.61351141813728,-103.4814391298695,2023,6,2023-06,5,0.6911022069456022,0.19848885718325385
H39,19.61739633960506,-103.4846383837301,2023,6,2023-06,5,0.5776280016603055,0.0669322311367122
H40,19.61422321757896,-103.4865932661396,2023,6,2023-06,5,0.7372924760440837,0.2537437487909136
H41,19.60964441322967,-103.4875908955098,2023,6,2023-06,5,0.3487411097454305,-0.07728457381583005
H42,19.6171207933109,-103.4889001524713,2023,6,2023-06,5,0.2982022999539908,-0.058185076146805015
H43,19.61451845491155,-103.4926481384631,2023,6,2023-06,5,0.3110083131960796,-0.027254743032476207
H44,19.61263647892398,-103.4912288771512,2023,6,2023-06,5,0.521105014318479,0.05033588183152967
H45,19.60934749359883,-103.489216124793,2023,6,2023-06,5,0.30978976874872016,-0.11592063468741418
H46,19.60942413443004,-103.4902280275767,2023,6,2023-06,5,0.3225699477311673,-0.10342966079484393
H47,19.60921557442716,-103.4924523306077,2023,6,2023-06,5,0.407375323735573,-0.017071324163652053
H48,19.60806269214817,-103.4951061797037,2023,6,2023-06,5,0.2497408765001901,-0.07188748712458526
H49,19.61498262970927,-103.4988105532358,2023,6,2023-06,5,0.6890567123438083,0.20818467720132672
H50,19.61011338081553,-103.5061892246769,2023,6,2023-06,5,0.7396716925859896,0.27216108523395577
H51,19.61961236528353,-103.5087860622131,2023,6,2023-06,5,0.696630301145243,0.2406419203038639
H52,19.62373074157903,-103.506858857131,2023,6,2023-06,5,0.4965087038662153,0.0040418879246824834
H53,19.6220524419853,-103.5039156451538,2023,6,2023-06,5,0.46132802620545255,0.03472845551945738
H54,19.621438862174,-103.5012333605017,2023,6,2023-06,5,0.5013180068255507,0.034991705747184514
H55,19.62164911694436,-103.4994749950378,2023,6,2023-06,5,0.3630025967477109,-0.07928533288931086
H56,19.61921532953394,-103.4972616233209,2023,6,2023-06,5,0.3442546285357986,-0.0869430919735928
H57,19.61897530908676,-103.4950371159645,2023,6,2023-06,5,0.2668395146308143,-0.1434399270426046
H58,19.62015890829346,-103.4904304573702,2023,6,2023-06,5,0.2618224392971148,-0.1813305623192757
H59,19.62171827008233,-103.4865543693567,2023,6,2023-06,5,0.25908765998217154,-0.1928490239580694
H60,19.62410311838264,-103.4983277084877,2023,6,2023-06,5,0.32513694909010005,-0.13514546417055778
H61,19.62663965521857,-103.4966882892999,2023,6,2023-06,5,0.2998025988282721,-0.20068272172284168
H62,19.62574866158377,-103.4923995903546,2023,6,2023-06,5,0.28856712345932245,-0.19695006284373556
H63,19.62967479841514,-103.4905956816595,2023,6,2023-06,5,0.21912113262811728,-0.22692319341231684
H64,19.62318042476388,-103.4897338139707,2023,6,2023-06,5,0.2608824174337365,-0.22002080589513176
H65,19.62549316602416,-103.5006797215266,2023,6,2023-06,5,0.3535851573593002,-0.10179625631685343
H66,19.62754606705777,-103.5006843723593,2023,6,2023-06,5,0.3876116540550765,-0.0697580854915075
H67,19.63204957316679,-103.5006313932001,2023,6,2023-06,5,0.3384818403791214,-0.08966268507840769
H68,19.62764543878409,-103.5041222734758,2023,6,2023-06,5,0.33002799811332445,-0.10088844974014706
H69,19.62326850459801,-103.5088931720352,2023,6,2023-06,5,0.4497148985220197,-0.011013505445738167
H70,19.6263645881459,-103.5081728823758,2023,6,2023-06,5,0.3222117920959233,-0.12374912745633394
H71,19.62298058031248,-103.5108963687992,2023,6,2023-06,5,0.3323567353627998,-0.07366919843284489
H72,19.60791996745303,-103.5088436795277,2023,6,2023-06,5,0.34543758805297714,0.002825943673720957
H73,19.60688026534045,-103.5119994427884,2023,6,2023-06,5,0.27929497219491634,-0.09710550539240002
H74,19.60589173726333,-103.5034448997359,2023,6,2023-06,5,0.4043926997186992,-0.07213800236855715
H75,19.60306803601581,-103.5022381720191,2023,6,2023-06,5,0.4823273655198643,0.036233626128971894
H76,19.61379750235326,-103.5080848952479,2023,6,2023-06,5,0.48000123493257313,0.05686003351848625
H77,19.61346016192836,-103.5100682060295,2023,6,2023-06,5,0.36935085471734325,-0.05593967846218162
H78,19.61409204222733,-103.5105722727903,2023,6,2023-06,5,0.35070938349787684,-0.05776699412413945
H79,19.61353215599024,-103.5123741788091,2023,6,2023-06,5,0.3385127470234148,-0.08048339132901397
H80,19.61779554429717,-103.5110620628573,2023,6,2023-06,5,0.455372058595646,0.03285591457307924
H81,19.61991823018052,-103.513120060683,2023,6,2023-06,5,0.27764980614564144,-0.1007200230391855
H82,19.62073465959264,-103.514415855126,2023,6,2023-06,5,0.266747890639063,-0.08980071134159229
H83,19.61823643269025,-103.5148556403709,2023,6,2023-06,5,0.31512922493224993,-0.0831001629419212
H84,19.61655830108952,-103.5173207877669,2023,6,2023-06,5,0.2555868746546157,-0.1275242911243066
H85,19.61530473873262,-103.515910301509,2023,6,2023-06,5,0.2582987920662487,-0.141730735482763
H86,19.6126488644727,-103.5176299849256,2023,6,2023-06,5,0.2686674308116392,-0.13118475263499607
H87,19.61074534974949,-103.5147577998847,2023,6,2023-06,5,0.33800582472050755,-0.06586236892948952
H88,19.60922824229959,-103.51816450361,2023,6,2023-06,5,0.3666284173265586,-0.0591047887216771
H89,19.60972792389859,-103.5241137226966,2023,6,2023-06,5,0.3335895463704322,-0.13001797639260385
H90,19.60887219704412,-103.5257551584595,2023,6,2023-06,5,0.3493160428565577,-0.13344268714373145
H91,19.6076221074036,-103.5233747651936,2023,6,2023-06,5,0.39281913525147777,-0.09260241052694834
H92,19.60560940953978,-103.5215470361636,2023,6,2023-06,5,0.5212386338498034,0.050903341518587414
H93,19.60208824925957,-103.526896999217,2023,6,2023-06,5,0.5367222174916852,0.042387064521396615
H94,19.60248937810072,-103.5219082769416,2023,6,2023-06,5,0.5017010567621187,0.05839746590527011
H95,19.60312115256844,-103.5188596816631,2023,6,2023-06,5,0.3527356632248379,-0.04393455088259596
H96,19.60407294309323,-103.520077159053,2023,6,2023-06,5,0.4608062717925106,0.04946599862517009
H97,19.60595122525007,-103.5194188749723,2023,6,2023-06,5,0.45739487211643504,0.03093137622270771
H98,19.60823320763247,-103.514985563467,2023,6,2023-06,5,0.4235300150888663,-0.0021722055113319763
H99,19.60388855172959,-103.5158544085341,2023,6,2023-06,5,0.3447124322049684,-0.04013317469151321
H100,19.6382574968776,-103.5003223970978,2023,6,2023-06,5,0.5498043892929585,0.05468439602438434
H1,19.66316440676028,-103.4874704375219,2023,7,2023-07,3,0.49215982696545646,0.03391858061371492
H2,19.65958480327006,-103.4916814554342,2023,7,2023-07,3,0.38494525155103354,0.051065974794615714
H3,19.64923190063498,-103.495946402958,2023,7,2023-07,3,0.5591581752084768,0.04554756747608623
H4,19.64892797006392,-103.4934247600402,2023,7,2023-07,3,0.6213031783018496,0.06637503219652753
H5,19.64768676086755,-103.4905412268389,2023,7,2023-07,3,0.5894225586460332,0.0324278601063596
H6,19.64498379789444,-103.4931777628067,2023,7,2023-07,3,0.5086403141963982,0.001970388641351395
H7,19.64523781970015,-103.4907449690666,2023,7,2023-07,3,0.6034630783281985,0.05338646074130032
H8,19.64391544066743,-103.4919779953152,2023,7,2023-07,3,0.5582980082653168,0.034708678820343446
H9,19.64289593962869,-103.4923312690368,2023,7,2023-07,3,0.5554912352050269,0.030641111880719184
H10,19.64326268753868,-103.4935692151058,2023,7,2023-07,3,0.5305481202769986,0.015256854985203894
H11,19.63699143780181,-103.4910115238732,2023,7,2023-07,3,0.5561714723250487,0.020695628375124085
H12,19.6423261120543,-103.4866375453042,2023,7,2023-07,3,0.6415909227565754,0.07057243577467298
H13,19.63928751073353,-103.4859554790877,2023,7,2023-07,3,0.7408271198164242,0.16081333093590439
H14,19.63810334260486,-103.4783889889258,2023,7,2023-07,3,0.609741580867869,0.05373853697009303
H15,19.63304594879294,-103.4860570044078,2023,7,2023-07,3,0.5894959703929782,0.05187810281142432
H16,19.63363829304725,-103.4780586924613,2023,7,2023-07,3,0.6404257854521036,0.0665777850806883
H18,19.64603762240055,-103.4727003353048,2023,7,2023-07,3,0.605024811390133,0.06634697991198966
H17,19.64350681735759,-103.4740222414965,2023,7,2023-07,3,0.6131261147553214,0.050288344532946005
H19,19.64471242055359,-103.4660382865516,2023,7,2023-07,3,0.5604705104738704,0.032525980456645585
H20,19.64573564260593,-103.463262682718,2023,7,2023-07,3,0.530254936878507,0.01249995680683032
H21,19.64156668442107,-103.4659894961305,2023,7,2023-07,3,0.5356135499343158,-0.010665251369515147
H22,19.63841324577597,-103.466659499049,2023,7,2023-07,3,0.4956021655826392,-0.007214681104899802
H23,19.64582256330241,-103.4600574738049,2023,7,2023-07,3,0.5226163963365,0.007374991677868719
H24,19.63458571520362,-103.4659597724037,2023,7,2023-07,3,0.5029938028348551,0.05252590710233232
H25,19.6352254903721,-103.4698151940444,2023,7,2023-07,3,0.6315533414500611,0.10788962358696595
H26,19.6375519816719,-103.4725797498141,2023,7,2023-07,3,0.6339543760791063,0.12447516862192513
H27,19.63252169252172,-103.4706206808633,2023,7,2023-07,3,0.597955190619035,0.05319929133657047
H28,19.62924958680501,-103.4667801634766,2023,7,2023-07,3,0.5008492751669369,0.08302716721444306
H29,19.62595823238879,-103.4724550507898,2023,7,2023-07,3,0.6150426232815499,0.11863408058115518
H30,19.62454684136882,-103.4673631977053,2023,7,2023-07,3,0.6072178648084869,0.13188709961287143
H31,19.62400044564311,-103.4720322735746,2023,7,2023-07,3,0.6705660351035095,0.18198056483531913
H32,19.61959998384637,-103.4767867508887,2023,7,2023-07,3,0.7372627061852604,0.24379783473285233
H33,19.61742108024948,-103.4745293846265,2023,7,2023-07,3,0.8078975779321477,0.2737996657457505
H34,19.61706263447486,-103.4717205538295,2023,7,2023-07,3,0.6995961146312148,0.21457742286040743
H35,19.62235761063883,-103.4790615464518,2023,7,2023-07,3,0.6367970142030367,0.17385213516195344
H36,19.61265718886245,-103.475737660252,2023,7,2023-07,3,0.5142002233290944,0.09350545644105437
H37,19.61287910833094,-103.4782759946473,2023,7,2023-07,3,0.67570709499191,0.18002855105123977
H38,19.61351141813728,-103.4814391298695,2023,7,2023-07,3,0.7695128622016307,0.24855111948798486
H39,19.61739633960506,-103.4846383837301,2023,7,2023-07,3,0.7226320233713663,0.18262255714196987
H40,19.61422321757896,-103.4865932661396,2023,7,2023-07,3,0.7821336435558053,0.28089257434232984
H41,19.60964441322967,-103.4875908955098,2023,7,2023-07,3,0.558259524616886,0.05445126141860895
H42,19.6171207933109,-103.4889001524713,2023,7,2023-07,3,0.5467431739918408,0.10190124819564654
H43,19.61451845491155,-103.4926481384631,2023,7,2023-07,3,0.5521332877719052,0.09635916979741635
H44,19.61263647892398,-103.4912288771512,2023,7,2023-07,3,0.6299345686544977,0.08728788149291686
H45,19.60934749359883,-103.489216124793,2023,7,2023-07,3,0.5861188796689055,0.07264655100589516
H46,19.60942413443004,-103.4902280275767,2023,7,2023-07,3,0.6039254287033374,0.09801133444879498
H47,19.60921557442716,-103.4924523306077,2023,7,2023-07,3,0.6606808529311438,0.1742112325494945
H48,19.60806269214817,-103.4951061797037,2023,7,2023-07,3,0.5128459078193986,0.0917246201994381
H49,19.61498262970927,-103.4988105532358,2023,7,2023-07,3,0.7481674763173369,0.24241285433196585
H50,19.61011338081553,-103.5061892246769,2023,7,2023-07,3,0.7717269178662823,0.3092929084218376
H51,19.61961236528353,-103.5087860622131,2023,7,2023-07,3,0.7405459868389414,0.2780643829123305
H52,19.62373074157903,-103.506858857131,2023,7,2023-07,3,0.6502006425657115,0.09525885612837676
H53,19.6220524419853,-103.5039156451538,2023,7,2023-07,3,0.5915843519655315,0.09901921158280755
H54,19.621438862174,-103.5012333605017,2023,7,2023-07,3,0.6359848806832055,0.12839276294760643
H55,19.62164911694436,-103.4994749950378,2023,7,2023-07,3,0.552071127444142,0.0636939414178516
H56,19.61921532953394,-103.4972616233209,2023,7,2023-07,3,0.6167627706447874,0.08926486147116508
H57,19.61897530908676,-103.4950371159645,2023,7,2023-07,3,0.5925430005160068,0.06291228726647204
H58,19.62015890829346,-103.4904304573702,2023,7,2023-07,3,0.6130483930517066,0.08231157453274505
H59,19.62171827008233,-103.4865543693567,2023,7,2023-07,3,0.5606774277961265,0.012594109378353625
H60,19.62410311838264,-103.4983277084877,2023,7,2023-07,3,0.6025371606125053,0.06574931103286383
H61,19.62663965521857,-103.4966882892999,2023,7,2023-07,3,0.6503436768038667,0.05878814584741705
H62,19.62574866158377,-103.4923995903546,2023,7,2023-07,3,0.5587829874674753,-0.019278384425964242
H63,19.62967479841514,-103.4905956816595,2023,7,2023-07,3,0.4626690085275348,-0.046205947526021224
H64,19.62318042476388,-103.4897338139707,2023,7,2023-07,3,0.5827461964579135,0.008783792409141077
H65,19.62549316602416,-103.5006797215266,2023,7,2023-07,3,0.6481682306988249,0.08962021268819718
H66,19.62754606705777,-103.5006843723593,2023,7,2023-07,3,0.6286708989055614,0.09188982951040177
H67,19.63204957316679,-103.5006313932001,2023,7,2023-07,3,0.6610329139996369,0.13702434769767266
H68,19.62764543878409,-103.5041222734758,2023,7,2023-07,3,0.6217803909835609,0.10739009308207009
H69,19.62326850459801,-103.5088931720352,2023,7,2023-07,3,0.6358531802300816,0.103465531181142
H70,19.6263645881459,-103.5081728823758,2023,7,2023-07,3,0.6603532040212158,0.12008280227207374
H71,19.62298058031248,-103.5108963687992,2023,7,2023-07,3,0.5627853834917272,0.06072501323842581
H72,19.60791996745303,-103.5088436795277,2023,7,2023-07,3,0.5144912882260437,0.06667168875427384
H73,19.60688026534045,-103.5119994427884,2023,7,2023-07,3,0.49591390461902385,0.029398945523373552
H74,19.60589173726333,-103.5034448997359,2023,7,2023-07,3,0.6604289867089762,0.07960821037711094
H75,19.60306803601581,-103.5022381720191,2023,7,2023-07,3,0.6668896874765524,0.14104718855872794
H76,19.61379750235326,-103.5080848952479,2023,7,2023-07,3,0.6517465907946955,0.218163923973403
H77,19.61346016192836,-103.5100682060295,2023,7,2023-07,3,0.6258238380126441,0.15574535236930706
H78,19.61409204222733,-103.5105722727903,2023,7,2023-07,3,0.6183138885950009,0.15067851170426355
H79,19.61353215599024,-103.5123741788091,2023,7,2023-07,3,0.6218652219317966,0.11813942184406084
H80,19.61779554429717,-103.5110620628573,2023,7,2023-07,3,0.6677792592459291,0.18060544896723985
H81,19.61991823018052,-103.513120060683,2023,7,2023-07,3,0.6052146028433217,0.08855601191666936
H82,19.62073465959264,-103.514415855126,2023,7,2023-07,3,0.57034615591324,0.08708071784386981
H83,19.61823643269025,-103.5148556403709,2023,7,2023-07,3,0.55190649448545,0.058020583464552
H84,19.61655830108952,-103.5173207877669,2023,7,2023-07,3,0.5009748981363192,0.012232032335126201
H85,19.61530473873262,-103.515910301509,2023,7,2023-07,3,0.5010811039992678,8.727512675489801E-4
H86,19.6126488644727,-103.5176299849256,2023,7,2023-07,3,0.5643523273445371,0.06856210673937548
H87,19.61074534974949,-103.5147577998847,2023,7,2023-07,3,0.5738008710200898,0.06997199590227444
H88,19.60922824229959,-103.51816450361,2023,7,2023-07,3,0.5646696870875609,0.09372785040191363
H89,19.60972792389859,-103.5241137226966,2023,7,2023-07,3,0.5991703722569375,0.07762797518598062
H90,19.60887219704412,-103.5257551584595,2023,7,2023-07,3,0.631358651815532,0.07859305057261674
H91,19.6076221074036,-103.5233747651936,2023,7,2023-07,3,0.6592504754884749,0.1274245986676119
H92,19.60560940953978,-103.5215470361636,2023,7,2023-07,3,0.7010001283156613,0.20276987817629466
H93,19.60208824925957,-103.526896999217,2023,7,2023-07,3,0.706515443903853,0.19713439165355484
H94,19.60248937810072,-103.5219082769416,2023,7,2023-07,3,0.7098395256217611,0.2178902141410751
H95,19.60312115256844,-103.5188596816631,2023,7,2023-07,3,0.6211256762996316,0.13296717976657205
H96,19.60407294309323,-103.520077159053,2023,7,2023-07,3,0.6589952644426759,0.1766455616456099
H97,19.60595122525007,-103.5194188749723,2023,7,2023-07,3,0.6306017834093784,0.16026912476401547
H98,19.60823320763247,-103.514985563467,2023,7,2023-07,3,0.583572500583394,0.09869865123833074
H99,19.60388855172959,-103.5158544085341,2023,7,2023-07,3,0.5737037283245326,0.09298204384391606
H100,19.6382574968776,-103.5003223970978,2023,7,2023-07,3,0.7076681097758796,0.17783299735481062
H1,19.66316440676028,-103.4874704375219,2023,8,2023-08,1,0.1216930804986059,0.36687277054279405
H2,19.65958480327006,-103.4916814554342,2023,8,2023-08,1,0.1025932423811719,0.3765317283325847
H3,19.64923190063498,-103.495946402958,2023,8,2023-08,1,0.17381500813177203,0.3613932910992702
H4,19.64892797006392,-103.4934247600402,2023,8,2023-08,1,0.20282359135378286,0.36672171150422234
H5,19.64768676086755,-103.4905412268389,2023,8,2023-08,1,0.2277368080978433,0.36325324193697134
H6,19.64498379789444,-103.4931777628067,2023,8,2023-08,1,0.21351682032972372,0.3323661192981923
H7,19.64523781970015,-103.4907449690666,2023,8,2023-08,1,0.24516721112897225,0.342373442994743
H8,19.64391544066743,-103.4919779953152,2023,8,2023-08,1,0.2321918289875334,0.32531143752821884
H9,19.64289593962869,-103.4923312690368,2023,8,2023-08,1,0.23071381864934395,0.31538979178450843
H10,19.64326268753868,-103.4935692151058,2023,8,2023-08,1,0.21886623823064058,0.32139540750302464
H11,19.63699143780181,-103.4910115238732,2023,8,2023-08,1,0.2776256549118103,0.29147248359988376
H12,19.6423261120543,-103.4866375453042,2023,8,2023-08,1,0.27403612625381213,0.3220488852468753
H13,19.63928751073353,-103.4859554790877,2023,8,2023-08,1,0.29971985180374644,0.3004391411253271
H14,19.63810334260486,-103.4783889889258,2023,8,2023-08,1,0.34070152250005464,0.30463811967287946
H15,19.63304594879294,-103.4860570044078,2023,8,2023-08,1,0.3348695193146715,0.24524882381490415
H16,19.63363829304725,-103.4780586924613,2023,8,2023-08,1,0.37419135080099586,0.2814648538025319
H18,19.64603762240055,-103.4727003353048,2023,8,2023-08,1,0.23167662602017688,0.2818851437453623
H17,19.64350681735759,-103.4740222414965,2023,8,2023-08,1,0.2601604147839458,0.2649143118579411
H19,19.64471242055359,-103.4660382865516,2023,8,2023-08,1,0.2489106147611583,0.29294177126375637
H20,19.64573564260593,-103.463262682718,2023,8,2023-08,1,0.24882015276145933,0.29867425978975376
H21,19.64156668442107,-103.4659894961305,2023,8,2023-08,1,0.2881313614444198,0.27668286792065155
H22,19.63841324577597,-103.466659499049,2023,8,2023-08,1,0.29477205090753633,0.2622332547351827
H23,19.64582256330241,-103.4600574738049,2023,8,2023-08,1,0.23483046260898693,0.3028650756505424
H24,19.63458571520362,-103.4659597724037,2023,8,2023-08,1,0.30623064216672574,0.27560757957240367
H25,19.6352254903721,-103.4698151940444,2023,8,2023-08,1,0.3227778401913416,0.2872808186377217
H26,19.6375519816719,-103.4725797498141,2023,8,2023-08,1,0.29858871002226567,0.2799115843713269
H27,19.63252169252172,-103.4706206808633,2023,8,2023-08,1,0.3238737078295468,0.24870239750423487
H28,19.62924958680501,-103.4667801634766,2023,8,2023-08,1,0.3550607884303954,0.2947688412914298
H29,19.62595823238879,-103.4724550507898,2023,8,2023-08,1,0.4101740892275267,0.2500097492006959
H30,19.62454684136882,-103.4673631977053,2023,8,2023-08,1,0.44418111930650594,0.2882440780666626
H31,19.62400044564311,-103.4720322735746,2023,8,2023-08,1,0.45137911572051154,0.26800219413509435
H32,19.61959998384637,-103.4767867508887,2023,8,2023-08,1,0.5433728852918451,0.300286532854267
H33,19.61742108024948,-103.4745293846265,2023,8,2023-08,1,0.6288632982241441,0.32228663024993764
H34,19.61706263447486,-103.4717205538295,2023,8,2023-08,1,0.6286303300735129,0.3360165883372807
H35,19.62235761063883,-103.4790615464518,2023,8,2023-08,1,0.4580402550671905,0.2663642287718732
H36,19.61265718886245,-103.475737660252,2023,8,2023-08,1,0.512279384047163,0.20144628446935411
H37,19.61287910833094,-103.4782759946473,2023,8,2023-08,1,0.5599790032315903,0.2332685544894721
H38,19.61351141813728,-103.4814391298695,2023,8,2023-08,1,0.5770136452441972,0.28155384031160874
H39,19.61739633960506,-103.4846383837301,2023,8,2023-08,1,0.496011589964372,0.2433701090222083
H40,19.61422321757896,-103.4865932661396,2023,8,2023-08,1,0.5409658337888291,0.3006750720927682
H41,19.60964441322967,-103.4875908955098,2023,8,2023-08,1,0.46460377955384496,0.18104553690142755
H42,19.6171207933109,-103.4889001524713,2023,8,2023-08,1,0.4725878282003766,0.27342808651733874
H43,19.61451845491155,-103.4926481384631,2023,8,2023-08,1,0.4207367213880393,0.20656922012336684
H44,19.61263647892398,-103.4912288771512,2023,8,2023-08,1,0.4506676234578969,0.19898998506102722
H45,19.60934749359883,-103.489216124793,2023,8,2023-08,1,0.4656018357505065,0.1839986814710883
H46,19.60942413443004,-103.4902280275767,2023,8,2023-08,1,0.4741612366663291,0.19416275660296942
H47,19.60921557442716,-103.4924523306077,2023,8,2023-08,1,0.514879059823535,0.23680413189760716
H48,19.60806269214817,-103.4951061797037,2023,8,2023-08,1,0.48069094188789163,0.21818318853313953
H49,19.61498262970927,-103.4988105532358,2023,8,2023-08,1,0.5142483553132103,0.26489762660617433
H50,19.61011338081553,-103.5061892246769,2023,8,2023-08,1,0.6526717150717983,0.3325877085482154
H51,19.61961236528353,-103.5087860622131,2023,8,2023-08,1,0.570674468757,0.3097107268779532
H52,19.62373074157903,-103.506858857131,2023,8,2023-08,1,0.42902185973829693,0.19598349401864634
H53,19.6220524419853,-103.5039156451538,2023,8,2023-08,1,0.3806748974892336,0.1918778520619381
H54,19.621438862174,-103.5012333605017,2023,8,2023-08,1,0.40051541955897574,0.1880813361738349
H55,19.62164911694436,-103.4994749950378,2023,8,2023-08,1,0.38006820756817716,0.1950882185793071
H56,19.61921532953394,-103.4972616233209,2023,8,2023-08,1,0.37279189467853774,0.15949191788749967
H57,19.61897530908676,-103.4950371159645,2023,8,2023-08,1,0.4046372063002569,0.19116653893924065
H58,19.62015890829346,-103.4904304573702,2023,8,2023-08,1,0.4792015000448437,0.28505336846127427
H59,19.62171827008233,-103.4865543693567,2023,8,2023-08,1,0.48878247129710567,0.2582823826858275
H60,19.62410311838264,-103.4983277084877,2023,8,2023-08,1,0.37491730396683426,0.2259729882009658
H61,19.62663965521857,-103.4966882892999,2023,8,2023-08,1,0.3967009555569646,0.2484418275342103
H62,19.62574866158377,-103.4923995903546,2023,8,2023-08,1,0.38954749779402265,0.24654622159620207
H63,19.62967479841514,-103.4905956816595,2023,8,2023-08,1,0.3252106911718704,0.24709296550851034
H64,19.62318042476388,-103.4897338139707,2023,8,2023-08,1,0.433069385874361,0.2591434381368562
H65,19.62549316602416,-103.5006797215266,2023,8,2023-08,1,0.34761356507826513,0.2068592397109613
H66,19.62754606705777,-103.5006843723593,2023,8,2023-08,1,0.31915305606003525,0.22515473676336506
H67,19.63204957316679,-103.5006313932001,2023,8,2023-08,1,0.3202583634460837,0.2898981605057604
H68,19.62764543878409,-103.5041222734758,2023,8,2023-08,1,0.3349224578458545,0.21544773891557203
H69,19.62326850459801,-103.5088931720352,2023,8,2023-08,1,0.4751455051904734,0.22716710936111842
H70,19.6263645881459,-103.5081728823758,2023,8,2023-08,1,0.39440789146284355,0.1812053557497189
H71,19.62298058031248,-103.5108963687992,2023,8,2023-08,1,0.47584014072718317,0.21399424993480548
H72,19.60791996745303,-103.5088436795277,2023,8,2023-08,1,0.5388677319779794,0.20692606316030296
H73,19.60688026534045,-103.5119994427884,2023,8,2023-08,1,0.5628090772910689,0.19481111347321142
H74,19.60589173726333,-103.5034448997359,2023,8,2023-08,1,0.6027952339386595,0.20761210647820183
H75,19.60306803601581,-103.5022381720191,2023,8,2023-08,1,0.5841931026873243,0.2245789876432337
H76,19.61379750235326,-103.5080848952479,2023,8,2023-08,1,0.557678410560322,0.26271760569139635
H77,19.61346016192836,-103.5100682060295,2023,8,2023-08,1,0.5255046130030027,0.19622473566206527
H78,19.61409204222733,-103.5105722727903,2023,8,2023-08,1,0.49993295960583023,0.1740386486880404
H79,19.61353215599024,-103.5123741788091,2023,8,2023-08,1,0.5049473629490301,0.16205117050901358
H80,19.61779554429717,-103.5110620628573,2023,8,2023-08,1,0.5793451587658179,0.25552807517893417
H81,19.61991823018052,-103.513120060683,2023,8,2023-08,1,0.5403087364279242,0.2100968135662443
H82,19.62073465959264,-103.514415855126,2023,8,2023-08,1,0.5011023936934501,0.19379461170136672
H83,19.61823643269025,-103.5148556403709,2023,8,2023-08,1,0.49000765083996006,0.14151021200120448
H84,19.61655830108952,-103.5173207877669,2023,8,2023-08,1,0.46117299235761305,0.11211260523526682
H85,19.61530473873262,-103.515910301509,2023,8,2023-08,1,0.4966554194639575,0.13691654666824998
H86,19.6126488644727,-103.5176299849256,2023,8,2023-08,1,0.6035265133468928,0.2418662730447923
H87,19.61074534974949,-103.5147577998847,2023,8,2023-08,1,0.579232403657095,0.21610369692216624
H88,19.60922824229959,-103.51816450361,2023,8,2023-08,1,0.6066942058068276,0.24602169676844474
H89,19.60972792389859,-103.5241137226966,2023,8,2023-08,1,0.4498064848206102,0.19681651423781926
H90,19.60887219704412,-103.5257551584595,2023,8,2023-08,1,0.5210008179416776,0.22276269725214676
H91,19.6076221074036,-103.5233747651936,2023,8,2023-08,1,0.5933751968414983,0.25794519346393424
H92,19.60560940953978,-103.5215470361636,2023,8,2023-08,1,0.6331761320033368,0.2760946947507962
H93,19.60208824925957,-103.526896999217,2023,8,2023-08,1,0.4457966026746985,0.2054292730343514
H94,19.60248937810072,-103.5219082769416,2023,8,2023-08,1,0.635862044486518,0.2806296952261158
H95,19.60312115256844,-103.5188596816631,2023,8,2023-08,1,0.5798190411054803,0.22300484316904964
H96,19.60407294309323,-103.520077159053,2023,8,2023-08,1,0.5819375418228452,0.2296040874325348
H97,19.60595122525007,-103.5194188749723,2023,8,2023-08,1,0.6137376677457987,0.262754973962216
H98,19.60823320763247,-103.514985563467,2023,8,2023-08,1,0.6032183224588338,0.2391790762912421
H99,19.60388855172959,-103.5158544085341,2023,8,2023-08,1,0.6244359619201229,0.24969107252429287
H100,19.6382574968776,-103.5003223970978,2023,8,2023-08,1,0.2763488107308183,0.32090226038653585
H1,19.66316440676028,-103.4874704375219,2023,9,2023-09,5,0.4293570851164867,0.02780252429741755
H2,19.65958480327006,-103.4916814554342,2023,9,2023-09,5,0.3931286139389484,0.10250219990570174
H3,19.64923190063498,-103.495946402958,2023,9,2023-09,5,0.6569640409186897,0.12541253808733774
H4,19.64892797006392,-103.4934247600402,2023,9,2023-09,5,0.6673385783395592,0.11893213196430677
H5,19.64768676086755,-103.4905412268389,2023,9,2023-09,5,0.5848112778051876,0.047906179863734494
H6,19.64498379789444,-103.4931777628067,2023,9,2023-09,5,0.5673121326807341,0.04656095392313356
H7,19.64523781970015,-103.4907449690666,2023,9,2023-09,5,0.5545823776458988,0.009294243011199958
H8,19.64391544066743,-103.4919779953152,2023,9,2023-09,5,0.5570959233973086,0.0212774489109397
H9,19.64289593962869,-103.4923312690368,2023,9,2023-09,5,0.5818117725537475,0.051972760846475285
H10,19.64326268753868,-103.4935692151058,2023,9,2023-09,5,0.5996192834194323,0.0784923825434755
H11,19.63699143780181,-103.4910115238732,2023,9,2023-09,5,0.5751453542142464,0.0576060560235677
H12,19.6423261120543,-103.4866375453042,2023,9,2023-09,5,0.6166446021116126,0.05870157239193871
H13,19.63928751073353,-103.4859554790877,2023,9,2023-09,5,0.7355098133820498,0.14693182485212167
H14,19.63810334260486,-103.4783889889258,2023,9,2023-09,5,0.7149117700031896,0.19923821878725662
H15,19.63304594879294,-103.4860570044078,2023,9,2023-09,5,0.6429881223753849,0.10774472035112968
H16,19.63363829304725,-103.4780586924613,2023,9,2023-09,5,0.6819328759711437,0.1305059946035129
H18,19.64603762240055,-103.4727003353048,2023,9,2023-09,5,0.6194024467280762,0.0950959628333175
H17,19.64350681735759,-103.4740222414965,2023,9,2023-09,5,0.5629360517548644,-0.014423969160426542
H19,19.64471242055359,-103.4660382865516,2023,9,2023-09,5,0.5984611176636555,0.08218553167342006
H20,19.64573564260593,-103.463262682718,2023,9,2023-09,5,0.6144806685608298,0.12126632665058605
H21,19.64156668442107,-103.4659894961305,2023,9,2023-09,5,0.6374043927688342,0.12247136363582187
H22,19.63841324577597,-103.466659499049,2023,9,2023-09,5,0.5561514276275158,0.08333222662653707
H23,19.64582256330241,-103.4600574738049,2023,9,2023-09,5,0.6641781580658279,0.1857775589217749
H24,19.63458571520362,-103.4659597724037,2023,9,2023-09,5,0.5558843655269643,0.10284142312375873
H25,19.6352254903721,-103.4698151940444,2023,9,2023-09,5,0.6633640929930771,0.1689394642181624
H26,19.6375519816719,-103.4725797498141,2023,9,2023-09,5,0.6454848447840056,0.15720102024559637
H27,19.63252169252172,-103.4706206808633,2023,9,2023-09,5,0.6662801890912154,0.14432217596204117
H28,19.62924958680501,-103.4667801634766,2023,9,2023-09,5,0.613686334784496,0.1912957835437617
H29,19.62595823238879,-103.4724550507898,2023,9,2023-09,5,0.5762553787500163,0.09256187647180995
H30,19.62454684136882,-103.4673631977053,2023,9,2023-09,5,0.5823682998527491,0.15972751908037533
H31,19.62400044564311,-103.4720322735746,2023,9,2023-09,5,0.6164772903365414,0.12515293947081188
H32,19.61959998384637,-103.4767867508887,2023,9,2023-09,5,0.7484607237737818,0.2449121780036278
H33,19.61742108024948,-103.4745293846265,2023,9,2023-09,5,0.8439033053736675,0.29542165861296016
H34,19.61706263447486,-103.4717205538295,2023,9,2023-09,5,0.8324590069711212,0.3293443163236314
H35,19.62235761063883,-103.4790615464518,2023,9,2023-09,5,0.6106887010176331,0.13049683706603113
H36,19.61265718886245,-103.475737660252,2023,9,2023-09,5,0.4651361076488258,0.05347637101423392
H37,19.61287910833094,-103.4782759946473,2023,9,2023-09,5,0.6609460334309613,0.1625704318670548
H38,19.61351141813728,-103.4814391298695,2023,9,2023-09,5,0.7675937017320368,0.221105775158845
H39,19.61739633960506,-103.4846383837301,2023,9,2023-09,5,0.7954667369820815,0.2609148765156174
H40,19.61422321757896,-103.4865932661396,2023,9,2023-09,5,0.7917810289829481,0.264443474654554
H41,19.60964441322967,-103.4875908955098,2023,9,2023-09,5,0.5366445814765455,0.08172172735344783
H42,19.6171207933109,-103.4889001524713,2023,9,2023-09,5,0.6381662696666051,0.17428221288592483
H43,19.61451845491155,-103.4926481384631,2023,9,2023-09,5,0.5147952396622433,0.06500221096768401
H44,19.61263647892398,-103.4912288771512,2023,9,2023-09,5,0.6177962183039308,0.08550937116385177
H45,19.60934749359883,-103.489216124793,2023,9,2023-09,5,0.6027676768803553,0.13143296494805848
H46,19.60942413443004,-103.4902280275767,2023,9,2023-09,5,0.6720356321659092,0.1859779297350932
H47,19.60921557442716,-103.4924523306077,2023,9,2023-09,5,0.7883990865033049,0.2885795425681506
H48,19.60806269214817,-103.4951061797037,2023,9,2023-09,5,0.7044213226923178,0.25383651412026265
H49,19.61498262970927,-103.4988105532358,2023,9,2023-09,5,0.6441232295874139,0.07761583502537445
H50,19.61011338081553,-103.5061892246769,2023,9,2023-09,5,0.8120755504792546,0.3057243815958339
H51,19.61961236528353,-103.5087860622131,2023,9,2023-09,5,0.7375100523715102,0.24030164641704674
H52,19.62373074157903,-103.506858857131,2023,9,2023-09,5,0.644536689090911,0.07213638085446043
H53,19.6220524419853,-103.5039156451538,2023,9,2023-09,5,0.5718370525412106,0.07247214630827549
H54,19.621438862174,-103.5012333605017,2023,9,2023-09,5,0.6197262494374708,0.07132166922605923
H55,19.62164911694436,-103.4994749950378,2023,9,2023-09,5,0.634928613601258,0.12733151649176605
H56,19.61921532953394,-103.4972616233209,2023,9,2023-09,5,0.6045905566343376,0.08887841906712969
H57,19.61897530908676,-103.4950371159645,2023,9,2023-09,5,0.6210567764397971,0.11956556047108899
H58,19.62015890829346,-103.4904304573702,2023,9,2023-09,5,0.5955892204377364,0.09207188445603533
H59,19.62171827008233,-103.4865543693567,2023,9,2023-09,5,0.5786321169232174,0.039432305568483435
H60,19.62410311838264,-103.4983277084877,2023,9,2023-09,5,0.7200044996401335,0.1875122428574901
H61,19.62663965521857,-103.4966882892999,2023,9,2023-09,5,0.7481646012808746,0.2106887404662405
H62,19.62574866158377,-103.4923995903546,2023,9,2023-09,5,0.6736124694370128,0.12911260379073203
H63,19.62967479841514,-103.4905956816595,2023,9,2023-09,5,0.5731226965729838,0.06807302692307658
H64,19.62318042476388,-103.4897338139707,2023,9,2023-09,5,0.6541938405087374,0.12333047891291485
H65,19.62549316602416,-103.5006797215266,2023,9,2023-09,5,0.6756414990552935,0.1383770679622157
H66,19.62754606705777,-103.5006843723593,2023,9,2023-09,5,0.6369990770589299,0.11925673764134193
H67,19.63204957316679,-103.5006313932001,2023,9,2023-09,5,0.6778005155090421,0.17949453738171686
H68,19.62764543878409,-103.5041222734758,2023,9,2023-09,5,0.6344972136927055,0.12930761369206678
H69,19.62326850459801,-103.5088931720352,2023,9,2023-09,5,0.6128061915483064,0.0902325713173012
H70,19.6263645881459,-103.5081728823758,2023,9,2023-09,5,0.6086426834011361,0.08923367716840488
H71,19.62298058031248,-103.5108963687992,2023,9,2023-09,5,0.577551714097502,0.09824166963907746
H72,19.60791996745303,-103.5088436795277,2023,9,2023-09,5,0.5757581328349182,0.12796715405592105
H73,19.60688026534045,-103.5119994427884,2023,9,2023-09,5,0.6766579774232796,0.21328218301734864
H74,19.60589173726333,-103.5034448997359,2023,9,2023-09,5,0.6533389486086311,0.09026739923031861
H75,19.60306803601581,-103.5022381720191,2023,9,2023-09,5,0.625876423755364,0.11319229528194964
H76,19.61379750235326,-103.5080848952479,2023,9,2023-09,5,0.7390986051789312,0.24011154314397323
H77,19.61346016192836,-103.5100682060295,2023,9,2023-09,5,0.6704341025539001,0.17512320364270428
H78,19.61409204222733,-103.5105722727903,2023,9,2023-09,5,0.6442227124769931,0.152577699833165
H79,19.61353215599024,-103.5123741788091,2023,9,2023-09,5,0.6227013944721745,0.131913340220733
H80,19.61779554429717,-103.5110620628573,2023,9,2023-09,5,0.6861330168625032,0.1783843356379407
H81,19.61991823018052,-103.513120060683,2023,9,2023-09,5,0.5656827840641657,0.09393413612798937
H82,19.62073465959264,-103.514415855126,2023,9,2023-09,5,0.5349733134458885,0.09481392027601976
H83,19.61823643269025,-103.5148556403709,2023,9,2023-09,5,0.5489669924531336,0.06951291532742196
H84,19.61655830108952,-103.5173207877669,2023,9,2023-09,5,0.5307401651517383,0.05097928402136522
H85,19.61530473873262,-103.515910301509,2023,9,2023-09,5,0.5502460956155429,0.0576627168448584
H86,19.6126488644727,-103.5176299849256,2023,9,2023-09,5,0.6897211061382533,0.1836573034416391
H87,19.61074534974949,-103.5147577998847,2023,9,2023-09,5,0.6390681315162645,0.1493801294672575
H88,19.60922824229959,-103.51816450361,2023,9,2023-09,5,0.6883434590550083,0.19397419106915048
H89,19.60972792389859,-103.5241137226966,2023,9,2023-09,5,0.7369665550128109,0.22023076457008953
H90,19.60887219704412,-103.5257551584595,2023,9,2023-09,5,0.7625974305922266,0.23158396455991406
H91,19.6076221074036,-103.5233747651936,2023,9,2023-09,5,0.7150621440190913,0.19721391333405033
H92,19.60560940953978,-103.5215470361636,2023,9,2023-09,5,0.7452192310081739,0.2529055622895035
H93,19.60208824925957,-103.526896999217,2023,9,2023-09,5,0.8370168116479599,0.33543802227035474
H94,19.60248937810072,-103.5219082769416,2023,9,2023-09,5,0.735381381419884,0.26807563967354703
H95,19.60312115256844,-103.5188596816631,2023,9,2023-09,5,0.6689412069407734,0.19707774650831653
H96,19.60407294309323,-103.520077159053,2023,9,2023-09,5,0.6761153452408245,0.2107998885306443
H97,19.60595122525007,-103.5194188749723,2023,9,2023-09,5,0.7394207189378366,0.25557134870983683
H98,19.60823320763247,-103.514985563467,2023,9,2023-09,5,0.6725618985596129,0.18303349712902944
H99,19.60388855172959,-103.5158544085341,2023,9,2023-09,5,0.6926220097799227,0.19952912318182622
H100,19.6382574968776,-103.5003223970978,2023,9,2023-09,5,0.6777836279199672,0.14692967277267105
H1,19.66316440676028,-103.4874704375219,2023,10,2023-10,2,0.40593492190081903,-0.02683182486946382
H2,19.65958480327006,-103.4916814554342,2023,10,2023-10,2,0.4021307308893534,0.07418381050039428
H3,19.64923190063498,-103.495946402958,2023,10,2023-10,2,0.6734396392458437,0.10618035358188957
H4,19.64892797006392,-103.4934247600402,2023,10,2023-10,2,0.6485417787019784,0.06129490290716709
H5,19.64768676086755,-103.4905412268389,2023,10,2023-10,2,0.6339746541130731,0.06849946752799271
H6,19.64498379789444,-103.4931777628067,2023,10,2023-10,2,0.6086621222592064,0.04757898968097184
H7,19.64523781970015,-103.4907449690666,2023,10,2023-10,2,0.6673647907404932,0.10162967238917384
H8,19.64391544066743,-103.4919779953152,2023,10,2023-10,2,0.6283180502756659,0.07383258513439789
H9,19.64289593962869,-103.4923312690368,2023,10,2023-10,2,0.6251905067884251,0.0702112948425548
H10,19.64326268753868,-103.4935692151058,2023,10,2023-10,2,0.6061220368351432,0.047917860111449655
H11,19.63699143780181,-103.4910115238732,2023,10,2023-10,2,0.6173355832066428,0.06292295555901199
H12,19.6423261120543,-103.4866375453042,2023,10,2023-10,2,0.682821962038344,0.11661807820007995
H13,19.63928751073353,-103.4859554790877,2023,10,2023-10,2,0.7634563387083511,0.19242076713984546
H14,19.63810334260486,-103.4783889889258,2023,10,2023-10,2,0.5431262145470489,-0.024176552348172894
H15,19.63304594879294,-103.4860570044078,2023,10,2023-10,2,0.5233263066862803,-0.046783794161363766
H16,19.63363829304725,-103.4780586924613,2023,10,2023-10,2,0.6309857439574957,0.06491812293681584
H18,19.64603762240055,-103.4727003353048,2023,10,2023-10,2,0.5923323009162806,0.03140836513362722
H17,19.64350681735759,-103.4740222414965,2023,10,2023-10,2,0.5807176724164548,-0.025520203138520065
H19,19.64471242055359,-103.4660382865516,2023,10,2023-10,2,0.592362483671148,0.04118859051944798
H20,19.64573564260593,-103.463262682718,2023,10,2023-10,2,0.5915509321949709,0.06839410320791492
H21,19.64156668442107,-103.4659894961305,2023,10,2023-10,2,0.514939363605611,-0.05703334420149729
H22,19.63841324577597,-103.466659499049,2023,10,2023-10,2,0.5165850736045624,-0.01672116022101836
H23,19.64582256330241,-103.4600574738049,2023,10,2023-10,2,0.5750782301893376,0.06707123108152048
H24,19.63458571520362,-103.4659597724037,2023,10,2023-10,2,0.5554099694366543,0.06074346562719852
H25,19.6352254903721,-103.4698151940444,2023,10,2023-10,2,0.6424809190649892,0.12377212244568443
H26,19.6375519816719,-103.4725797498141,2023,10,2023-10,2,0.6397976962770283,0.13195126835771157
H27,19.63252169252172,-103.4706206808633,2023,10,2023-10,2,0.6085626823629151,0.0839662819627334
H28,19.62924958680501,-103.4667801634766,2023,10,2023-10,2,0.5269775264308991,0.0889528871720515
H29,19.62595823238879,-103.4724550507898,2023,10,2023-10,2,0.5119094561891444,0.04903603259055369
H30,19.62454684136882,-103.4673631977053,2023,10,2023-10,2,0.5912066681784691,0.1358422100293081
H31,19.62400044564311,-103.4720322735746,2023,10,2023-10,2,0.5912041403545368,0.13970867205397908
H32,19.61959998384637,-103.4767867508887,2023,10,2023-10,2,0.7442946033768401,0.22666406268230022
H33,19.61742108024948,-103.4745293846265,2023,10,2023-10,2,0.7893102530782002,0.27316907944033236
H34,19.61706263447486,-103.4717205538295,2023,10,2023-10,2,0.6640284575767884,0.227136268992549
H35,19.62235761063883,-103.4790615464518,2023,10,2023-10,2,0.6687065557141051,0.1448535024907366
H36,19.61265718886245,-103.475737660252,2023,10,2023-10,2,0.5822553745762713,0.10952845000237936
H37,19.61287910833094,-103.4782759946473,2023,10,2023-10,2,0.6856024335674237,0.14899142544747104
H38,19.61351141813728,-103.4814391298695,2023,10,2023-10,2,0.775749511585399,0.202975981942637
H39,19.61739633960506,-103.4846383837301,2023,10,2023-10,2,0.7505511318626483,0.1972572296135066
H40,19.61422321757896,-103.4865932661396,2023,10,2023-10,2,0.8011338601481761,0.24434672438066865
H41,19.60964441322967,-103.4875908955098,2023,10,2023-10,2,0.6234222193270043,0.10541302773967871
H42,19.6171207933109,-103.4889001524713,2023,10,2023-10,2,0.584380280057022,0.06996890330014073
H43,19.61451845491155,-103.4926481384631,2023,10,2023-10,2,0.504298117956411,0.004073270426871164
H44,19.61263647892398,-103.4912288771512,2023,10,2023-10,2,0.6346040856315059,0.07111082359570961
H45,19.60934749359883,-103.489216124793,2023,10,2023-10,2,0.6329720679225196,0.10764476276179745
H46,19.60942413443004,-103.4902280275767,2023,10,2023-10,2,0.6614250207493467,0.12796771649808247
H47,19.60921557442716,-103.4924523306077,2023,10,2023-10,2,0.7446843555068421,0.2033726100425091
H48,19.60806269214817,-103.4951061797037,2023,10,2023-10,2,0.6259124056938111,0.12769157301798914
H49,19.61498262970927,-103.4988105532358,2023,10,2023-10,2,0.6617897012204389,0.0951779535774682
H50,19.61011338081553,-103.5061892246769,2023,10,2023-10,2,0.8322099755756542,0.2957997271954085
H51,19.61961236528353,-103.5087860622131,2023,10,2023-10,2,0.7707863366805029,0.23398742457345295
H52,19.62373074157903,-103.506858857131,2023,10,2023-10,2,0.6818474714892694,0.09373179283229421
H53,19.6220524419853,-103.5039156451538,2023,10,2023-10,2,0.6048056067608534,0.08779704108964037
H54,19.621438862174,-103.5012333605017,2023,10,2023-10,2,0.6177744646903509,0.05044975516766402
H55,19.62164911694436,-103.4994749950378,2023,10,2023-10,2,0.6322359742540946,0.09613735513087006
H56,19.61921532953394,-103.4972616233209,2023,10,2023-10,2,0.5755006036903764,0.039974710792067145
H57,19.61897530908676,-103.4950371159645,2023,10,2023-10,2,0.6296517084934082,0.09216133034620098
H58,19.62015890829346,-103.4904304573702,2023,10,2023-10,2,0.6918044120270128,0.11557041524470664
H59,19.62171827008233,-103.4865543693567,2023,10,2023-10,2,0.6973498891530907,0.12413241568492564
H60,19.62410311838264,-103.4983277084877,2023,10,2023-10,2,0.6896921315890108,0.1314288913131295
H61,19.62663965521857,-103.4966882892999,2023,10,2023-10,2,0.6614420655812417,0.04222283341560929
H62,19.62574866158377,-103.4923995903546,2023,10,2023-10,2,0.6062656695890525,0.014040127240785065
H63,19.62967479841514,-103.4905956816595,2023,10,2023-10,2,0.5381981756098378,-0.012430983298558686
H64,19.62318042476388,-103.4897338139707,2023,10,2023-10,2,0.6926433989072135,0.12229594110642436
H65,19.62549316602416,-103.5006797215266,2023,10,2023-10,2,0.6780825870850514,0.1137426784921008
H66,19.62754606705777,-103.5006843723593,2023,10,2023-10,2,0.6466769487127927,0.09605823509462925
H67,19.63204957316679,-103.5006313932001,2023,10,2023-10,2,0.6914300194626216,0.16349025313810395
H68,19.62764543878409,-103.5041222734758,2023,10,2023-10,2,0.6225151544747421,0.08528059789142392
H69,19.62326850459801,-103.5088931720352,2023,10,2023-10,2,0.6709468492137581,0.11800692281472462
H70,19.6263645881459,-103.5081728823758,2023,10,2023-10,2,0.681735947845654,0.11670085842824941
H71,19.62298058031248,-103.5108963687992,2023,10,2023-10,2,0.6586781806748302,0.13161205413526747
H72,19.60791996745303,-103.5088436795277,2023,10,2023-10,2,0.633924528366461,0.1458942523680198
H73,19.60688026534045,-103.5119994427884,2023,10,2023-10,2,0.6647409050624374,0.16475421508985308
H74,19.60589173726333,-103.5034448997359,2023,10,2023-10,2,0.7503880290019811,0.1999459311337796
H75,19.60306803601581,-103.5022381720191,2023,10,2023-10,2,0.6987428729667533,0.1645900985235438
H76,19.61379750235326,-103.5080848952479,2023,10,2023-10,2,0.759694112724299,0.21959985927017187
H77,19.61346016192836,-103.5100682060295,2023,10,2023-10,2,0.7025654312930424,0.16236406140670162
H78,19.61409204222733,-103.5105722727903,2023,10,2023-10,2,0.678287967895154,0.13510117819183748
H79,19.61353215599024,-103.5123741788091,2023,10,2023-10,2,0.6587323179706921,0.11782006312331224
H80,19.61779554429717,-103.5110620628573,2023,10,2023-10,2,0.7112735515595153,0.1610868809612494
H81,19.61991823018052,-103.513120060683,2023,10,2023-10,2,0.5703260761512395,0.05660888897391191
H82,19.62073465959264,-103.514415855126,2023,10,2023-10,2,0.5337121445937006,0.05582431424500103
H83,19.61823643269025,-103.5148556403709,2023,10,2023-10,2,0.5587390983768636,0.04019742055374123
H84,19.61655830108952,-103.5173207877669,2023,10,2023-10,2,0.5588038590089796,0.03475465012527135
H85,19.61530473873262,-103.515910301509,2023,10,2023-10,2,0.5538910352232242,0.019324836620082157
H86,19.6126488644727,-103.5176299849256,2023,10,2023-10,2,0.6894479824929065,0.13829331902232578
H87,19.61074534974949,-103.5147577998847,2023,10,2023-10,2,0.6596613043090206,0.12296764628919425
H88,19.60922824229959,-103.51816450361,2023,10,2023-10,2,0.7293180782284086,0.18761193523148015
H89,19.60972792389859,-103.5241137226966,2023,10,2023-10,2,0.7622173550915652,0.20859130260787181
H90,19.60887219704412,-103.5257551584595,2023,10,2023-10,2,0.7775244813161162,0.2150056576704772
H91,19.6076221074036,-103.5233747651936,2023,10,2023-10,2,0.7924625043517083,0.23538975287383374
H92,19.60560940953978,-103.5215470361636,2023,10,2023-10,2,0.7975746424763659,0.2635313697791565
H93,19.60208824925957,-103.526896999217,2023,10,2023-10,2,0.7386793810216491,0.26078222121589084
H94,19.60248937810072,-103.5219082769416,2023,10,2023-10,2,0.7661771808676765,0.2540516259153148
H95,19.60312115256844,-103.5188596816631,2023,10,2023-10,2,0.7156058439569706,0.19993711913737616
H96,19.60407294309323,-103.520077159053,2023,10,2023-10,2,0.7283427906203993,0.22192736498619156
H97,19.60595122525007,-103.5194188749723,2023,10,2023-10,2,0.7865110927681565,0.26398370478574673
H98,19.60823320763247,-103.514985563467,2023,10,2023-10,2,0.6674045989116306,0.14277718217388324
H99,19.60388855172959,-103.5158544085341,2023,10,2023-10,2,0.7078269824785869,0.1787215712166769
H100,19.6382574968776,-103.5003223970978,2023,10,2023-10,2,0.7627426674728481,0.22332278384315082
H1,19.66316440676028,-103.4874704375219,2023,11,2023-11,5,0.4089115371360735,0.01599664447353159
H2,19.65958480327006,-103.4916814554342,2023,11,2023-11,5,0.37954237536429514,0.09157496854283552
H3,19.64923190063498,-103.495946402958,2023,11,2023-11,5,0.6209401139388437,0.1198839236868422
H4,19.64892797006392,-103.4934247600402,2023,11,2023-11,5,0.5888912032394945,0.0582285507192421
H5,19.64768676086755,-103.4905412268389,2023,11,2023-11,5,0.562049371470177,0.0410919114224926
H6,19.64498379789444,-103.4931777628067,2023,11,2023-11,5,0.5078894049928484,-1.1619484147153398E-4
H7,19.64523781970015,-103.4907449690666,2023,11,2023-11,5,0.5800694656071271,0.05847344197937827
H8,19.64391544066743,-103.4919779953152,2023,11,2023-11,5,0.519398063542367,0.007711199269582473
H9,19.64289593962869,-103.4923312690368,2023,11,2023-11,5,0.514669521555271,0.007515306108217227
H10,19.64326268753868,-103.4935692151058,2023,11,2023-11,5,0.5082285064023463,-4.5400674844486914E-4
H11,19.63699143780181,-103.4910115238732,2023,11,2023-11,5,0.565019904864701,0.06959269693506351
H12,19.6423261120543,-103.4866375453042,2023,11,2023-11,5,0.6377560415641041,0.09120881664906069
H13,19.63928751073353,-103.4859554790877,2023,11,2023-11,5,0.708119274086088,0.14873914161672985
H14,19.63810334260486,-103.4783889889258,2023,11,2023-11,5,0.5253981291140987,-0.038986017534790245
H15,19.63304594879294,-103.4860570044078,2023,11,2023-11,5,0.4608033227391667,-0.05844362893854654
H16,19.63363829304725,-103.4780586924613,2023,11,2023-11,5,0.5860721372937953,0.021247189856483537
H18,19.64603762240055,-103.4727003353048,2023,11,2023-11,5,0.5112858731991899,6.163387823140098E-4
H17,19.64350681735759,-103.4740222414965,2023,11,2023-11,5,0.4813712867096934,-0.09224493279045744
H19,19.64471242055359,-103.4660382865516,2023,11,2023-11,5,0.5454039785858857,0.03873392554371741
H20,19.64573564260593,-103.463262682718,2023,11,2023-11,5,0.5302162806737306,0.04994530014686416
H21,19.64156668442107,-103.4659894961305,2023,11,2023-11,5,0.5146613043099597,-0.023102681117034556
H22,19.63841324577597,-103.466659499049,2023,11,2023-11,5,0.4496381487484036,-0.0156467271980842
H23,19.64582256330241,-103.4600574738049,2023,11,2023-11,5,0.5210273683706517,0.04797834336005206
H24,19.63458571520362,-103.4659597724037,2023,11,2023-11,5,0.4750575083540782,0.03882968636729818
H25,19.6352254903721,-103.4698151940444,2023,11,2023-11,5,0.5673749568300088,0.0777622460603209
H26,19.6375519816719,-103.4725797498141,2023,11,2023-11,5,0.5563872567734262,0.06223112069390108
H27,19.63252169252172,-103.4706206808633,2023,11,2023-11,5,0.5299667331743748,0.019423856993642418
H28,19.62924958680501,-103.4667801634766,2023,11,2023-11,5,0.45790175134087746,0.056960560878163924
H29,19.62595823238879,-103.4724550507898,2023,11,2023-11,5,0.5261290601024831,0.06687550522920674
H30,19.62454684136882,-103.4673631977053,2023,11,2023-11,5,0.6588305499933191,0.17303479833914068
H31,19.62400044564311,-103.4720322735746,2023,11,2023-11,5,0.6133337201944257,0.1465989651078017
H32,19.61959998384637,-103.4767867508887,2023,11,2023-11,5,0.7247326679661434,0.22449391167483815
H33,19.61742108024948,-103.4745293846265,2023,11,2023-11,5,0.8046087575176843,0.2535692717407097
H34,19.61706263447486,-103.4717205538295,2023,11,2023-11,5,0.7460208939335742,0.2382293675111144
H35,19.62235761063883,-103.4790615464518,2023,11,2023-11,5,0.5944527730861607,0.15282515264649257
H36,19.61265718886245,-103.475737660252,2023,11,2023-11,5,0.46383441267438374,0.09007904402382813
H37,19.61287910833094,-103.4782759946473,2023,11,2023-11,5,0.6250807139067405,0.14400855952883806
H38,19.61351141813728,-103.4814391298695,2023,11,2023-11,5,0.7359517730197593,0.19382778651684537
H39,19.61739633960506,-103.4846383837301,2023,11,2023-11,5,0.7068908335783191,0.1934422407969693
H40,19.61422321757896,-103.4865932661396,2023,11,2023-11,5,0.7626381271617519,0.23133519280695486
H41,19.60964441322967,-103.4875908955098,2023,11,2023-11,5,0.5379262235435144,0.08580223236500512
H42,19.6171207933109,-103.4889001524713,2023,11,2023-11,5,0.580478934100086,0.1135570084110684
H43,19.61451845491155,-103.4926481384631,2023,11,2023-11,5,0.49396231492745984,0.06277234332654608
H44,19.61263647892398,-103.4912288771512,2023,11,2023-11,5,0.6099744946578872,0.10887348518646407
H45,19.60934749359883,-103.489216124793,2023,11,2023-11,5,0.5504644226890321,0.0914519230184815
H46,19.60942413443004,-103.4902280275767,2023,11,2023-11,5,0.5675031994551595,0.10382586942174661
H47,19.60921557442716,-103.4924523306077,2023,11,2023-11,5,0.6190376018160105,0.14917345069058682
H48,19.60806269214817,-103.4951061797037,2023,11,2023-11,5,0.5691431947145768,0.12426692468340975
H49,19.61498262970927,-103.4988105532358,2023,11,2023-11,5,0.6486063990474692,0.16365296438151822
H50,19.61011338081553,-103.5061892246769,2023,11,2023-11,5,0.8116779570471647,0.2935580140662012
H51,19.61961236528353,-103.5087860622131,2023,11,2023-11,5,0.7462544998348543,0.232202456971904
H52,19.62373074157903,-103.506858857131,2023,11,2023-11,5,0.6523004697223078,0.13692119423053772
H53,19.6220524419853,-103.5039156451538,2023,11,2023-11,5,0.5934096567855877,0.12917602192876157
H54,19.621438862174,-103.5012333605017,2023,11,2023-11,5,0.6003991307683955,0.1076448143319506
H55,19.62164911694436,-103.4994749950378,2023,11,2023-11,5,0.590387517556281,0.12754819044580104
H56,19.61921532953394,-103.4972616233209,2023,11,2023-11,5,0.4844622170586287,0.07262610213171407
H57,19.61897530908676,-103.4950371159645,2023,11,2023-11,5,0.5691213083764953,0.1039767578263842
H58,19.62015890829346,-103.4904304573702,2023,11,2023-11,5,0.6618970934710436,0.1423822006752889
H59,19.62171827008233,-103.4865543693567,2023,11,2023-11,5,0.5940909465222579,0.09529626621117454
H60,19.62410311838264,-103.4983277084877,2023,11,2023-11,5,0.6686085872967197,0.16270902436315196
H61,19.62663965521857,-103.4966882892999,2023,11,2023-11,5,0.6179776111624894,0.0514351974821497
H62,19.62574866158377,-103.4923995903546,2023,11,2023-11,5,0.5981444308199456,0.047631327963547895
H63,19.62967479841514,-103.4905956816595,2023,11,2023-11,5,0.4953779044935458,0.01432049902679463
H64,19.62318042476388,-103.4897338139707,2023,11,2023-11,5,0.5194991957549377,0.04130584924240094
H65,19.62549316602416,-103.5006797215266,2023,11,2023-11,5,0.6327511138788625,0.11506139268502731
H66,19.62754606705777,-103.5006843723593,2023,11,2023-11,5,0.6154628965649858,0.11447633516186917
H67,19.63204957316679,-103.5006313932001,2023,11,2023-11,5,0.6361790159999093,0.1499201985414899
H68,19.62764543878409,-103.5041222734758,2023,11,2023-11,5,0.5756548144420648,0.09949982776939494
H69,19.62326850459801,-103.5088931720352,2023,11,2023-11,5,0.6039438649082217,0.12223370326610075
H70,19.6263645881459,-103.5081728823758,2023,11,2023-11,5,0.6031480420566024,0.11048201847898663
H71,19.62298058031248,-103.5108963687992,2023,11,2023-11,5,0.5789148462793531,0.12657565900143117
H72,19.60791996745303,-103.5088436795277,2023,11,2023-11,5,0.5287362565906549,0.11376900525491503
H73,19.60688026534045,-103.5119994427884,2023,11,2023-11,5,0.5118361287007667,0.06299340992228754
H74,19.60589173726333,-103.5034448997359,2023,11,2023-11,5,0.7222920247133002,0.20835584887529096
H75,19.60306803601581,-103.5022381720191,2023,11,2023-11,5,0.6781948047005494,0.18887114581927367
H76,19.61379750235326,-103.5080848952479,2023,11,2023-11,5,0.7150118478113433,0.20749217008255477
H77,19.61346016192836,-103.5100682060295,2023,11,2023-11,5,0.6535749993690017,0.15729121704389468
H78,19.61409204222733,-103.5105722727903,2023,11,2023-11,5,0.6135074331811011,0.12446498958490966
H79,19.61353215599024,-103.5123741788091,2023,11,2023-11,5,0.5898171145567906,0.10599242716361983
H80,19.61779554429717,-103.5110620628573,2023,11,2023-11,5,0.6752336375083116,0.159555512196097
H81,19.61991823018052,-103.513120060683,2023,11,2023-11,5,0.5641867553285341,0.09940372344605891
H82,19.62073465959264,-103.514415855126,2023,11,2023-11,5,0.5134094632727999,0.09053451179592029
H83,19.61823643269025,-103.5148556403709,2023,11,2023-11,5,0.5392048861856074,0.08259578104237777
H84,19.61655830108952,-103.5173207877669,2023,11,2023-11,5,0.5311287079719335,0.07264833683073474
H85,19.61530473873262,-103.515910301509,2023,11,2023-11,5,0.51319796700801,0.046621546253864256
H86,19.6126488644727,-103.5176299849256,2023,11,2023-11,5,0.6691733816520838,0.16006671538045755
H87,19.61074534974949,-103.5147577998847,2023,11,2023-11,5,0.6312058043696941,0.13417325604125566
H88,19.60922824229959,-103.51816450361,2023,11,2023-11,5,0.6703918748471126,0.16358963694707385
H89,19.60972792389859,-103.5241137226966,2023,11,2023-11,5,0.72518589692073,0.20407615940566107
H90,19.60887219704412,-103.5257551584595,2023,11,2023-11,5,0.7414354887856887,0.20993044119587037
H91,19.6076221074036,-103.5233747651936,2023,11,2023-11,5,0.7229520379379994,0.20180472377693204
H92,19.60560940953978,-103.5215470361636,2023,11,2023-11,5,0.7508239144480999,0.2298150717513758
H93,19.60208824925957,-103.526896999217,2023,11,2023-11,5,0.8195533726802432,0.29694083089425644
H94,19.60248937810072,-103.5219082769416,2023,11,2023-11,5,0.6938201170780831,0.17580264247982247
H95,19.60312115256844,-103.5188596816631,2023,11,2023-11,5,0.6255155647204261,0.14687283744881793
H96,19.60407294309323,-103.520077159053,2023,11,2023-11,5,0.6436994620888633,0.1602446230549841
H97,19.60595122525007,-103.5194188749723,2023,11,2023-11,5,0.7241155838590159,0.2214434937394238
H98,19.60823320763247,-103.514985563467,2023,11,2023-11,5,0.6152130695370306,0.1338605527039214
H99,19.60388855172959,-103.5158544085341,2023,11,2023-11,5,0.651667755693744,0.16162507878118001
H100,19.6382574968776,-103.5003223970978,2023,11,2023-11,5,0.7259604935025549,0.22484208633446418
H1,19.66316440676028,-103.4874704375219,2023,12,2023-12,4,0.39246072116256786,0.011887615978056584
H2,19.65958480327006,-103.4916814554342,2023,12,2023-12,4,0.36515797196167377,0.09259436961538114
H3,19.64923190063498,-103.495946402958,2023,12,2023-12,4,0.5448453791215995,0.03652476153364484
H4,19.64892797006392,-103.4934247600402,2023,12,2023-12,4,0.581671418684915,0.03601015644517205
H5,19.64768676086755,-103.4905412268389,2023,12,2023-12,4,0.5446171173248806,0.028123640092138916
H6,19.64498379789444,-103.4931777628067,2023,12,2023-12,4,0.4782496776062164,-0.026894721952542906
H7,19.64523781970015,-103.4907449690666,2023,12,2023-12,4,0.5885158281642144,0.06898665296856354
H8,19.64391544066743,-103.4919779953152,2023,12,2023-12,4,0.522284338603323,0.011618782239765226
H9,19.64289593962869,-103.4923312690368,2023,12,2023-12,4,0.5001469650387226,0.0075037102348887875
H10,19.64326268753868,-103.4935692151058,2023,12,2023-12,4,0.4647069211514998,-0.01612758157394691
H11,19.63699143780181,-103.4910115238732,2023,12,2023-12,4,0.5743163958234676,0.06348411064855498
H12,19.6423261120543,-103.4866375453042,2023,12,2023-12,4,0.658037980893163,0.14554421745942228
H13,19.63928751073353,-103.4859554790877,2023,12,2023-12,4,0.7112023857781529,0.17938353608337027
H14,19.63810334260486,-103.4783889889258,2023,12,2023-12,4,0.5237758484046694,-0.02486157872379895
H15,19.63304594879294,-103.4860570044078,2023,12,2023-12,4,0.4818328526349065,-0.05683346892606147
H16,19.63363829304725,-103.4780586924613,2023,12,2023-12,4,0.5746087545122297,0.014980566532918483
H18,19.64603762240055,-103.4727003353048,2023,12,2023-12,4,0.5002445651759214,-0.01509303193180544
H17,19.64350681735759,-103.4740222414965,2023,12,2023-12,4,0.46845418286643914,-0.09279872533716958
H19,19.64471242055359,-103.4660382865516,2023,12,2023-12,4,0.5210638406207048,0.01838538948210897
H20,19.64573564260593,-103.463262682718,2023,12,2023-12,4,0.5033312502839226,0.008450965360897802
H21,19.64156668442107,-103.4659894961305,2023,12,2023-12,4,0.44137902466359713,-0.07924737687245267
H22,19.63841324577597,-103.466659499049,2023,12,2023-12,4,0.40014682294078896,-0.075196078420143
H23,19.64582256330241,-103.4600574738049,2023,12,2023-12,4,0.4914612437876194,0.011784225481881457
H24,19.63458571520362,-103.4659597724037,2023,12,2023-12,4,0.4806144651556432,0.05404808497120866
H25,19.6352254903721,-103.4698151940444,2023,12,2023-12,4,0.5731540131530326,0.1035284177423294
H26,19.6375519816719,-103.4725797498141,2023,12,2023-12,4,0.5798657152709793,0.1038832866555988
H27,19.63252169252172,-103.4706206808633,2023,12,2023-12,4,0.5248592084591004,0.0342617575486112
H28,19.62924958680501,-103.4667801634766,2023,12,2023-12,4,0.5046928339215696,0.11017029772530877
H29,19.62595823238879,-103.4724550507898,2023,12,2023-12,4,0.6133245226689439,0.14392964523582824
H30,19.62454684136882,-103.4673631977053,2023,12,2023-12,4,0.5873114225860566,0.1235589308058351
H31,19.62400044564311,-103.4720322735746,2023,12,2023-12,4,0.7113317913247352,0.22313743440709255
H32,19.61959998384637,-103.4767867508887,2023,12,2023-12,4,0.744966183529805,0.23196395902007932
H33,19.61742108024948,-103.4745293846265,2023,12,2023-12,4,0.8388350795750973,0.28832721014090873
H34,19.61706263447486,-103.4717205538295,2023,12,2023-12,4,0.767818387765111,0.24043718436668607
H35,19.62235761063883,-103.4790615464518,2023,12,2023-12,4,0.5262371229993206,0.030128828942423178
H36,19.61265718886245,-103.475737660252,2023,12,2023-12,4,0.5328153979901789,0.06570504759258715
H37,19.61287910833094,-103.4782759946473,2023,12,2023-12,4,0.7011403718861309,0.19818985306071
H38,19.61351141813728,-103.4814391298695,2023,12,2023-12,4,0.7910398777467381,0.2520291305593401
H39,19.61739633960506,-103.4846383837301,2023,12,2023-12,4,0.738662274693314,0.20404156186585318
H40,19.61422321757896,-103.4865932661396,2023,12,2023-12,4,0.8020454141417683,0.2747701019141736
H41,19.60964441322967,-103.4875908955098,2023,12,2023-12,4,0.5550371359638746,0.11035874392372114
H42,19.6171207933109,-103.4889001524713,2023,12,2023-12,4,0.5481979832039562,0.09309713043779709
H43,19.61451845491155,-103.4926481384631,2023,12,2023-12,4,0.5161514475071941,0.1048153070111365
H44,19.61263647892398,-103.4912288771512,2023,12,2023-12,4,0.6684974316096639,0.1751814407361932
H45,19.60934749359883,-103.489216124793,2023,12,2023-12,4,0.5418308543384549,0.09244521702384212
H46,19.60942413443004,-103.4902280275767,2023,12,2023-12,4,0.5433764746865384,0.08863534062875288
H47,19.60921557442716,-103.4924523306077,2023,12,2023-12,4,0.6043493624551461,0.10619426171091809
H48,19.60806269214817,-103.4951061797037,2023,12,2023-12,4,0.48564130421240914,0.003660554506804948
H49,19.61498262970927,-103.4988105532358,2023,12,2023-12,4,0.688456534140892,0.18963228026852227
H50,19.61011338081553,-103.5061892246769,2023,12,2023-12,4,0.695387824328949,0.30954251431891566
H51,19.61961236528353,-103.5087860622131,2023,12,2023-12,4,0.7251502270879184,0.24848327372532572
H52,19.62373074157903,-103.506858857131,2023,12,2023-12,4,0.7138590920896406,0.18661655556351034
H53,19.6220524419853,-103.5039156451538,2023,12,2023-12,4,0.6413499254896026,0.16810238905091845
H54,19.621438862174,-103.5012333605017,2023,12,2023-12,4,0.6392966351634718,0.11872742554957462
H55,19.62164911694436,-103.4994749950378,2023,12,2023-12,4,0.6075208547347714,0.10349636311714244
H56,19.61921532953394,-103.4972616233209,2023,12,2023-12,4,0.5793639204057713,0.08579436782989529
H57,19.61897530908676,-103.4950371159645,2023,12,2023-12,4,0.5802111803247649,0.12432661087049444
H58,19.62015890829346,-103.4904304573702,2023,12,2023-12,4,0.5189027950590537,0.03821353829338639
H59,19.62171827008233,-103.4865543693567,2023,12,2023-12,4,0.5460065801695665,-0.026961007626039268
H60,19.62410311838264,-103.4983277084877,2023,12,2023-12,4,0.6253762102163818,0.08480898671919748
H61,19.62663965521857,-103.4966882892999,2023,12,2023-12,4,0.6150985218805187,0.015145047150662781
H62,19.62574866158377,-103.4923995903546,2023,12,2023-12,4,0.6246911837432486,0.06553653892413902
H63,19.62967479841514,-103.4905956816595,2023,12,2023-12,4,0.4692210260373021,-0.05294877572051017
H64,19.62318042476388,-103.4897338139707,2023,12,2023-12,4,0.5528762553557955,-0.007242188272342031
H65,19.62549316602416,-103.5006797215266,2023,12,2023-12,4,0.5707326018787846,0.04442971140120626
H66,19.62754606705777,-103.5006843723593,2023,12,2023-12,4,0.574962893315455,0.053247294658156176
H67,19.63204957316679,-103.5006313932001,2023,12,2023-12,4,0.6189238341300644,0.1173864775939811
H68,19.62764543878409,-103.5041222734758,2023,12,2023-12,4,0.5653691510720419,0.06570650468123054
H69,19.62326850459801,-103.5088931720352,2023,12,2023-12,4,0.6243806437786212,0.15072437138040398
H70,19.6263645881459,-103.5081728823758,2023,12,2023-12,4,0.5811373995508003,0.0759414806840406
H71,19.62298058031248,-103.5108963687992,2023,12,2023-12,4,0.5273036644918389,0.07358573580516307
H72,19.60791996745303,-103.5088436795277,2023,12,2023-12,4,0.5214629826916996,0.1424170873942417
H73,19.60688026534045,-103.5119994427884,2023,12,2023-12,4,0.568121486241208,0.1123639587352017
H74,19.60589173726333,-103.5034448997359,2023,12,2023-12,4,0.5463312602107591,0.13043293809753892
H75,19.60306803601581,-103.5022381720191,2023,12,2023-12,4,0.5550511521820893,0.16366492961365817
H76,19.61379750235326,-103.5080848952479,2023,12,2023-12,4,0.6056985127154269,0.14732115958461456
H77,19.61346016192836,-103.5100682060295,2023,12,2023-12,4,0.5719938896405435,0.11612270457450766
H78,19.61409204222733,-103.5105722727903,2023,12,2023-12,4,0.5517858207467834,0.09529188167362748
H79,19.61353215599024,-103.5123741788091,2023,12,2023-12,4,0.5969838306677943,0.15115628281869284
H80,19.61779554429717,-103.5110620628573,2023,12,2023-12,4,0.6448045131386722,0.15694899793843847
H81,19.61991823018052,-103.513120060683,2023,12,2023-12,4,0.5180947968941318,0.06133719059250511
H82,19.62073465959264,-103.514415855126,2023,12,2023-12,4,0.4701204902454141,0.04598411082268185
H83,19.61823643269025,-103.5148556403709,2023,12,2023-12,4,0.5242415485130747,0.08353831637770578
H84,19.61655830108952,-103.5173207877669,2023,12,2023-12,4,0.544445171348624,0.08202429237055882
H85,19.61530473873262,-103.515910301509,2023,12,2023-12,4,0.556339693520057,0.08727091046729907
H86,19.6126488644727,-103.5176299849256,2023,12,2023-12,4,0.6122726688773733,0.12273377795224451
H87,19.61074534974949,-103.5147577998847,2023,12,2023-12,4,0.5991028837671096,0.14297486059375855
H88,19.60922824229959,-103.51816450361,2023,12,2023-12,4,0.625484432254077,0.15179595234165696
H89,19.60972792389859,-103.5241137226966,2023,12,2023-12,4,0.6703028700940166,0.16296236076566517
H90,19.60887219704412,-103.5257551584595,2023,12,2023-12,4,0.6879007276775096,0.17574448778358467
H91,19.6076221074036,-103.5233747651936,2023,12,2023-12,4,0.6643055643989353,0.15711133366121588
H92,19.60560940953978,-103.5215470361636,2023,12,2023-12,4,0.6986894165826156,0.21418937107870686
H93,19.60208824925957,-103.526896999217,2023,12,2023-12,4,0.7877134105163823,0.2822769156972508
H94,19.60248937810072,-103.5219082769416,2023,12,2023-12,4,0.6911855459883122,0.1856219720923038
H95,19.60312115256844,-103.5188596816631,2023,12,2023-12,4,0.5916768306973414,0.13082979845263282
H96,19.60407294309323,-103.520077159053,2023,12,2023-12,4,0.6174422235353136,0.14726383080361855
H97,19.60595122525007,-103.5194188749723,2023,12,2023-12,4,0.6524972884735741,0.18403185807349837
H98,19.60823320763247,-103.514985563467,2023,12,2023-12,4,0.6575306741768472,0.20983213809186163
H99,19.60388855172959,-103.5158544085341,2023,12,2023-12,4,0.6063624700009956,0.15205691550468134
H100,19.6382574968776,-103.5003223970978,2023,12,2023-12,4,0.7466928478151252,0.2769254010663885
H1,19.66316440676028,-103.4874704375219,2024,1,2024-01,4,0.3031839624443843,-0.018463508363232184
H2,19.65958480327006,-103.4916814554342,2024,1,2024-01,4,0.286160544361193,0.08935273615505238
H3,19.64923190063498,-103.495946402958,2024,1,2024-01,4,0.41496795810786286,-0.022882240288558075
H4,19.64892797006392,-103.4934247600402,2024,1,2024-01,4,0.4619139024416662,-0.0017884593927471478
H5,19.64768676086755,-103.4905412268389,2024,1,2024-01,4,0.4479040003167526,0.01953325908053644
H6,19.64498379789444,-103.4931777628067,2024,1,2024-01,4,0.4220495430313545,-0.018717267342165285
H7,19.64523781970015,-103.4907449690666,2024,1,2024-01,4,0.5167182822665773,0.06669436961887777
H8,19.64391544066743,-103.4919779953152,2024,1,2024-01,4,0.4691551364042757,0.021435101148507076
H9,19.64289593962869,-103.4923312690368,2024,1,2024-01,4,0.4588340974149267,0.010991987309331354
H10,19.64326268753868,-103.4935692151058,2024,1,2024-01,4,0.4382747719989411,-0.019679356661456378
H11,19.63699143780181,-103.4910115238732,2024,1,2024-01,4,0.5040043875721781,0.0603983127919186
H12,19.6423261120543,-103.4866375453042,2024,1,2024-01,4,0.5351499074134565,0.11718163738693478
H13,19.63928751073353,-103.4859554790877,2024,1,2024-01,4,0.5882206131060115,0.1542427124371879
H14,19.63810334260486,-103.4783889889258,2024,1,2024-01,4,0.42529356986512457,-0.015391684131885977
H15,19.63304594879294,-103.4860570044078,2024,1,2024-01,4,0.394357779355962,-0.0674331437605575
H16,19.63363829304725,-103.4780586924613,2024,1,2024-01,4,0.3736920982777795,-0.04821634249979166
H18,19.64603762240055,-103.4727003353048,2024,1,2024-01,4,0.32144233127310706,-0.02392862221441644
H17,19.64350681735759,-103.4740222414965,2024,1,2024-01,4,0.33132426260161824,-0.0650688120819664
H19,19.64471242055359,-103.4660382865516,2024,1,2024-01,4,0.3671447123311523,1.0859997190559566E-4
H20,19.64573564260593,-103.463262682718,2024,1,2024-01,4,0.33304992790216714,-0.017390616320993674
H21,19.64156668442107,-103.4659894961305,2024,1,2024-01,4,0.32508914713371917,-0.06141015682476983
H22,19.63841324577597,-103.466659499049,2024,1,2024-01,4,0.297382693317115,-0.04357174370393655
H23,19.64582256330241,-103.4600574738049,2024,1,2024-01,4,0.32915530795095227,-0.024542281143583505
H24,19.63458571520362,-103.4659597724037,2024,1,2024-01,4,0.3128667307796511,-0.006373122061038174
H25,19.6352254903721,-103.4698151940444,2024,1,2024-01,4,0.347194314957517,-0.00757545237700951
H26,19.6375519816719,-103.4725797498141,2024,1,2024-01,4,0.4080241885227358,0.034126065633251906
H27,19.63252169252172,-103.4706206808633,2024,1,2024-01,4,0.35727496381924495,-0.026685613610618577
H28,19.62924958680501,-103.4667801634766,2024,1,2024-01,4,0.3474946109896728,0.04137589741379367
H29,19.62595823238879,-103.4724550507898,2024,1,2024-01,4,0.505083991017346,0.1548615193957385
H30,19.62454684136882,-103.4673631977053,2024,1,2024-01,4,0.47090448916623173,0.09852212333096008
H31,19.62400044564311,-103.4720322735746,2024,1,2024-01,4,0.5614873080449654,0.2116251237780266
H32,19.61959998384637,-103.4767867508887,2024,1,2024-01,4,0.5502768195220641,0.14953172360486205
H33,19.61742108024948,-103.4745293846265,2024,1,2024-01,4,0.6275287360897662,0.2243152602982337
H34,19.61706263447486,-103.4717205538295,2024,1,2024-01,4,0.5437994290635285,0.15793009935845806
H35,19.62235761063883,-103.4790615464518,2024,1,2024-01,4,0.43539987970340327,0.02914998249550353
H36,19.61265718886245,-103.475737660252,2024,1,2024-01,4,0.4652399699149785,0.08492547512700667
H37,19.61287910833094,-103.4782759946473,2024,1,2024-01,4,0.5670813469823404,0.13289019165109298
H38,19.61351141813728,-103.4814391298695,2024,1,2024-01,4,0.6417542962723298,0.15640529924954008
H39,19.61739633960506,-103.4846383837301,2024,1,2024-01,4,0.6324334725679712,0.13924623934438218
H40,19.61422321757896,-103.4865932661396,2024,1,2024-01,4,0.6932933963637982,0.17907312945206466
H41,19.60964441322967,-103.4875908955098,2024,1,2024-01,4,0.5173395344165123,0.07052801732830813
H42,19.6171207933109,-103.4889001524713,2024,1,2024-01,4,0.48183193075476993,0.03590311895932943
H43,19.61451845491155,-103.4926481384631,2024,1,2024-01,4,0.484036104895709,0.04253818654272502
H44,19.61263647892398,-103.4912288771512,2024,1,2024-01,4,0.6098549262247689,0.11219451270826884
H45,19.60934749359883,-103.489216124793,2024,1,2024-01,4,0.5032196406468628,0.045351365172361324
H46,19.60942413443004,-103.4902280275767,2024,1,2024-01,4,0.5156135507913059,0.04221580678231967
H47,19.60921557442716,-103.4924523306077,2024,1,2024-01,4,0.5681842927354989,0.062394357240718734
H48,19.60806269214817,-103.4951061797037,2024,1,2024-01,4,0.4992808555748979,0.028438253070320857
H49,19.61498262970927,-103.4988105532358,2024,1,2024-01,4,0.6819735121943563,0.202699481156022
H50,19.61011338081553,-103.5061892246769,2024,1,2024-01,4,0.6783461947644527,0.1885390076678173
H51,19.61961236528353,-103.5087860622131,2024,1,2024-01,4,0.6432162116634075,0.22338370804282118
H52,19.62373074157903,-103.506858857131,2024,1,2024-01,4,0.6246107201888645,0.16930435758116685
H53,19.6220524419853,-103.5039156451538,2024,1,2024-01,4,0.577730007469972,0.15402658947975476
H54,19.621438862174,-103.5012333605017,2024,1,2024-01,4,0.5657808006224554,0.09356708732049138
H55,19.62164911694436,-103.4994749950378,2024,1,2024-01,4,0.5207742173929745,0.06839863129093761
H56,19.61921532953394,-103.4972616233209,2024,1,2024-01,4,0.5255933427289011,0.05315518996171392
H57,19.61897530908676,-103.4950371159645,2024,1,2024-01,4,0.4926182881941518,0.027308548002006265
H58,19.62015890829346,-103.4904304573702,2024,1,2024-01,4,0.42580484278876213,-0.051640853988918496
H59,19.62171827008233,-103.4865543693567,2024,1,2024-01,4,0.38950177937673547,-0.08949904769836176
H60,19.62410311838264,-103.4983277084877,2024,1,2024-01,4,0.5456400532433533,0.06482890179259275
H61,19.62663965521857,-103.4966882892999,2024,1,2024-01,4,0.5114603184674459,-0.010261999792514687
H62,19.62574866158377,-103.4923995903546,2024,1,2024-01,4,0.4805996263705972,0.004820396714471993
H63,19.62967479841514,-103.4905956816595,2024,1,2024-01,4,0.37181268488374936,-0.10074370250651524
H64,19.62318042476388,-103.4897338139707,2024,1,2024-01,4,0.43973349711768667,-0.04491826862443261
H65,19.62549316602416,-103.5006797215266,2024,1,2024-01,4,0.5439055043265796,0.06340067468138967
H66,19.62754606705777,-103.5006843723593,2024,1,2024-01,4,0.5434422510926333,0.07960109993639375
H67,19.63204957316679,-103.5006313932001,2024,1,2024-01,4,0.5455885507157349,0.10791270283441433
H68,19.62764543878409,-103.5041222734758,2024,1,2024-01,4,0.5094785926680688,0.06384291329663276
H69,19.62326850459801,-103.5088931720352,2024,1,2024-01,4,0.5340438190137129,0.1273061129606659
H70,19.6263645881459,-103.5081728823758,2024,1,2024-01,4,0.5198929587880037,0.06680830585515184
H71,19.62298058031248,-103.5108963687992,2024,1,2024-01,4,0.47067062923931,0.07050495329100302
H72,19.60791996745303,-103.5088436795277,2024,1,2024-01,4,0.47303140392315757,0.0972175256140763
H73,19.60688026534045,-103.5119994427884,2024,1,2024-01,4,0.47284004346927605,0.088587435920733
H74,19.60589173726333,-103.5034448997359,2024,1,2024-01,4,0.6144926293455704,0.12465442403119117
H75,19.60306803601581,-103.5022381720191,2024,1,2024-01,4,0.6082737803026529,0.14535008398882485
H76,19.61379750235326,-103.5080848952479,2024,1,2024-01,4,0.5319218562486948,0.09389879856549618
H77,19.61346016192836,-103.5100682060295,2024,1,2024-01,4,0.49568872912823814,0.06674066267231717
H78,19.61409204222733,-103.5105722727903,2024,1,2024-01,4,0.49179028191725876,0.05763843659672995
H79,19.61353215599024,-103.5123741788091,2024,1,2024-01,4,0.5244119060956727,0.08261433523648669
H80,19.61779554429717,-103.5110620628573,2024,1,2024-01,4,0.5583164229679887,0.11112747159550593
H81,19.61991823018052,-103.513120060683,2024,1,2024-01,4,0.44587710108556267,0.03753006306944431
H82,19.62073465959264,-103.514415855126,2024,1,2024-01,4,0.41145315648790576,0.034875799238996044
H83,19.61823643269025,-103.5148556403709,2024,1,2024-01,4,0.47190865176774077,0.04478191655810969
H84,19.61655830108952,-103.5173207877669,2024,1,2024-01,4,0.490930088637296,0.05192731697868249
H85,19.61530473873262,-103.515910301509,2024,1,2024-01,4,0.5093553152234486,0.056010480108587106
H86,19.6126488644727,-103.5176299849256,2024,1,2024-01,4,0.5271455571365186,0.07265041023212782
H87,19.61074534974949,-103.5147577998847,2024,1,2024-01,4,0.5338301368042861,0.12294470052728561
H88,19.60922824229959,-103.51816450361,2024,1,2024-01,4,0.5532860940329444,0.11324681383234884
H89,19.60972792389859,-103.5241137226966,2024,1,2024-01,4,0.5319017362291852,0.12352103003225225
H90,19.60887219704412,-103.5257551584595,2024,1,2024-01,4,0.5140008533276835,0.11361822252675849
H91,19.6076221074036,-103.5233747651936,2024,1,2024-01,4,0.5728655394007742,0.12467408451204105
H92,19.60560940953978,-103.5215470361636,2024,1,2024-01,4,0.5704408684838564,0.14369293062071398
H93,19.60208824925957,-103.526896999217,2024,1,2024-01,4,0.6564439054491682,0.23703557369062506
H94,19.60248937810072,-103.5219082769416,2024,1,2024-01,4,0.5479222910641423,0.16041948241209056
H95,19.60312115256844,-103.5188596816631,2024,1,2024-01,4,0.5365047344972532,0.13565766952022615
H96,19.60407294309323,-103.520077159053,2024,1,2024-01,4,0.5310471459971136,0.13687807043752545
H97,19.60595122525007,-103.5194188749723,2024,1,2024-01,4,0.5562179674309425,0.1424269367133776
H98,19.60823320763247,-103.514985563467,2024,1,2024-01,4,0.5895981582232048,0.1804643266443849
H99,19.60388855172959,-103.5158544085341,2024,1,2024-01,4,0.5494694884748753,0.13634634486926567
H100,19.6382574968776,-103.5003223970978,2024,1,2024-01,4,0.6848565505574467,0.23267328457940617
H1,19.66316440676028,-103.4874704375219,2024,2,2024-02,5,0.26742171694605243,-0.07460203960389629
H2,19.65958480327006,-103.4916814554342,2024,2,2024-02,5,0.2602835075198275,0.04673226746702481
H3,19.64923190063498,-103.495946402958,2024,2,2024-02,5,0.3915854263187391,-0.08450794692958376
H4,19.64892797006392,-103.4934247600402,2024,2,2024-02,5,0.4639998110883526,-0.06699408104547926
H5,19.64768676086755,-103.4905412268389,2024,2,2024-02,5,0.4421340431219338,-0.03159837604745185
H6,19.64498379789444,-103.4931777628067,2024,2,2024-02,5,0.4302123296601254,-0.0622679922720093
H7,19.64523781970015,-103.4907449690666,2024,2,2024-02,5,0.5229745142661892,0.030365034450956983
H8,19.64391544066743,-103.4919779953152,2024,2,2024-02,5,0.49735134544457676,-0.005818135894045892
H9,19.64289593962869,-103.4923312690368,2024,2,2024-02,5,0.49455260229375986,-0.010054835994830489
H10,19.64326268753868,-103.4935692151058,2024,2,2024-02,5,0.46552509365506356,-0.043495059522516005
H11,19.63699143780181,-103.4910115238732,2024,2,2024-02,5,0.49077403333544456,0.009415878203055165
H12,19.6423261120543,-103.4866375453042,2024,2,2024-02,5,0.6291803763309084,0.09914351905617158
H13,19.63928751073353,-103.4859554790877,2024,2,2024-02,5,0.6801232736700109,0.13644762398147384
H14,19.63810334260486,-103.4783889889258,2024,2,2024-02,5,0.509850643597255,-0.031203940080174405
H15,19.63304594879294,-103.4860570044078,2024,2,2024-02,5,0.38212557294362487,-0.11928632236898655
H16,19.63363829304725,-103.4780586924613,2024,2,2024-02,5,0.3569100835253434,-0.14234205080875145
H18,19.64603762240055,-103.4727003353048,2024,2,2024-02,5,0.3791718375564651,-0.09310642896536735
H17,19.64350681735759,-103.4740222414965,2024,2,2024-02,5,0.4024076644499425,-0.13055907758689944
H19,19.64471242055359,-103.4660382865516,2024,2,2024-02,5,0.4357081145928989,-0.05803009471596107
H20,19.64573564260593,-103.463262682718,2024,2,2024-02,5,0.4165567845320268,-0.07512465258450735
H21,19.64156668442107,-103.4659894961305,2024,2,2024-02,5,0.43044992621268624,-0.08881571234810771
H22,19.63841324577597,-103.466659499049,2024,2,2024-02,5,0.34533566009214556,-0.11376755951389812
H23,19.64582256330241,-103.4600574738049,2024,2,2024-02,5,0.44217340350589457,-0.05284556316584382
H24,19.63458571520362,-103.4659597724037,2024,2,2024-02,5,0.32783506516991745,-0.05615162469989885
H25,19.6352254903721,-103.4698151940444,2024,2,2024-02,5,0.3698900949385553,-0.08508421989742912
H26,19.6375519816719,-103.4725797498141,2024,2,2024-02,5,0.47061347245702617,0.004052790250658582
H27,19.63252169252172,-103.4706206808633,2024,2,2024-02,5,0.3509389054825907,-0.10688487527372799
H28,19.62924958680501,-103.4667801634766,2024,2,2024-02,5,0.4203582637251369,0.02134526027070664
H29,19.62595823238879,-103.4724550507898,2024,2,2024-02,5,0.5882896515479071,0.1253213702409558
H30,19.62454684136882,-103.4673631977053,2024,2,2024-02,5,0.5478355852711848,0.0714396162269187
H31,19.62400044564311,-103.4720322735746,2024,2,2024-02,5,0.6398699588651808,0.1710198785093817
H32,19.61959998384637,-103.4767867508887,2024,2,2024-02,5,0.5922008511277921,0.12192453840474138
H33,19.61742108024948,-103.4745293846265,2024,2,2024-02,5,0.7137708926759047,0.18537088794025547
H34,19.61706263447486,-103.4717205538295,2024,2,2024-02,5,0.6010172336547456,0.11564382585594106
H35,19.62235761063883,-103.4790615464518,2024,2,2024-02,5,0.45752790658741704,0.009772009692025772
H36,19.61265718886245,-103.475737660252,2024,2,2024-02,5,0.45226336956453334,0.044937493098566296
H37,19.61287910833094,-103.4782759946473,2024,2,2024-02,5,0.578984705411245,0.11673897695392706
H38,19.61351141813728,-103.4814391298695,2024,2,2024-02,5,0.6551856376064347,0.14166439360288025
H39,19.61739633960506,-103.4846383837301,2024,2,2024-02,5,0.6488012611802202,0.12137325123015355
H40,19.61422321757896,-103.4865932661396,2024,2,2024-02,5,0.6840315306817463,0.1627577846494063
H41,19.60964441322967,-103.4875908955098,2024,2,2024-02,5,0.480176522712086,0.03797345169381141
H42,19.6171207933109,-103.4889001524713,2024,2,2024-02,5,0.44039308169329217,0.004018131703718548
H43,19.61451845491155,-103.4926481384631,2024,2,2024-02,5,0.4721344700395374,0.03551065894170832
H44,19.61263647892398,-103.4912288771512,2024,2,2024-02,5,0.5978029340731807,0.092407306989233
H45,19.60934749359883,-103.489216124793,2024,2,2024-02,5,0.4635797765080856,0.016096158816860294
H46,19.60942413443004,-103.4902280275767,2024,2,2024-02,5,0.475055062152618,0.015014439082892671
H47,19.60921557442716,-103.4924523306077,2024,2,2024-02,5,0.5382428387259154,0.041663768714416224
H48,19.60806269214817,-103.4951061797037,2024,2,2024-02,5,0.4734981061994231,0.017870152528542526
H49,19.61498262970927,-103.4988105532358,2024,2,2024-02,5,0.6897929687153486,0.19646671090943277
H50,19.61011338081553,-103.5061892246769,2024,2,2024-02,5,0.6218739634063927,0.1474677737243448
H51,19.61961236528353,-103.5087860622131,2024,2,2024-02,5,0.6310421666232144,0.12687817031060042
H52,19.62373074157903,-103.506858857131,2024,2,2024-02,5,0.6724732102778341,0.14099839307253131
H53,19.6220524419853,-103.5039156451538,2024,2,2024-02,5,0.5857421096715428,0.12062922225902603
H54,19.621438862174,-103.5012333605017,2024,2,2024-02,5,0.5859501857087736,0.07787383452019268
H55,19.62164911694436,-103.4994749950378,2024,2,2024-02,5,0.5091631744499777,0.04187057235880887
H56,19.61921532953394,-103.4972616233209,2024,2,2024-02,5,0.4163861944020486,-0.0022277196292399587
H57,19.61897530908676,-103.4950371159645,2024,2,2024-02,5,0.4059282043292,-0.033611279125300465
H58,19.62015890829346,-103.4904304573702,2024,2,2024-02,5,0.40978264294051814,-0.09109889497934831
H59,19.62171827008233,-103.4865543693567,2024,2,2024-02,5,0.41950942594021506,-0.13014398659911044
H60,19.62410311838264,-103.4983277084877,2024,2,2024-02,5,0.5379471605034553,0.029464825515251748
H61,19.62663965521857,-103.4966882892999,2024,2,2024-02,5,0.4715100701626487,-0.0705852916707623
H62,19.62574866158377,-103.4923995903546,2024,2,2024-02,5,0.43818102017247035,-0.060712725626197825
H63,19.62967479841514,-103.4905956816595,2024,2,2024-02,5,0.32806949347900816,-0.16006649730609018
H64,19.62318042476388,-103.4897338139707,2024,2,2024-02,5,0.423601418122062,-0.09211592862373198
H65,19.62549316602416,-103.5006797215266,2024,2,2024-02,5,0.5460731454762786,0.03243730728661392
H66,19.62754606705777,-103.5006843723593,2024,2,2024-02,5,0.5657629273298214,0.057230962828859186
H67,19.63204957316679,-103.5006313932001,2024,2,2024-02,5,0.48754436891980724,0.035347589495111
H68,19.62764543878409,-103.5041222734758,2024,2,2024-02,5,0.5187578919479376,0.03259241738558217
H69,19.62326850459801,-103.5088931720352,2024,2,2024-02,5,0.5862944514410977,0.11418679941857546
H70,19.6263645881459,-103.5081728823758,2024,2,2024-02,5,0.5121999868603745,0.02095040170108553
H71,19.62298058031248,-103.5108963687992,2024,2,2024-02,5,0.48511041381336334,0.05933500794912101
H72,19.60791996745303,-103.5088436795277,2024,2,2024-02,5,0.42983045597399944,0.03711734675517988
H73,19.60688026534045,-103.5119994427884,2024,2,2024-02,5,0.42253706907677957,-0.0029995196612948166
H74,19.60589173726333,-103.5034448997359,2024,2,2024-02,5,0.5894389037436946,0.09461459471429452
H75,19.60306803601581,-103.5022381720191,2024,2,2024-02,5,0.6039442338077532,0.12586412868435357
H76,19.61379750235326,-103.5080848952479,2024,2,2024-02,5,0.5353518093533582,0.06441742195262654
H77,19.61346016192836,-103.5100682060295,2024,2,2024-02,5,0.479088551547219,0.028845074911281427
H78,19.61409204222733,-103.5105722727903,2024,2,2024-02,5,0.47016865185951573,0.022505505166127503
H79,19.61353215599024,-103.5123741788091,2024,2,2024-02,5,0.4597152982147057,0.013580652327695519
H80,19.61779554429717,-103.5110620628573,2024,2,2024-02,5,0.5655361365136915,0.06111411677183353
H81,19.61991823018052,-103.513120060683,2024,2,2024-02,5,0.45105591283962965,0.010241701708803314
H82,19.62073465959264,-103.514415855126,2024,2,2024-02,5,0.40982938499020677,0.008355335393745575
H83,19.61823643269025,-103.5148556403709,2024,2,2024-02,5,0.4826491243546549,0.02923666823937277
H84,19.61655830108952,-103.5173207877669,2024,2,2024-02,5,0.47815850867000476,0.021445120531680628
H85,19.61530473873262,-103.515910301509,2024,2,2024-02,5,0.454481998508014,-0.007670982002815826
H86,19.6126488644727,-103.5176299849256,2024,2,2024-02,5,0.4722091479598423,-0.01500599045034965
H87,19.61074534974949,-103.5147577998847,2024,2,2024-02,5,0.5129018403524561,0.05669061479003373
H88,19.60922824229959,-103.51816450361,2024,2,2024-02,5,0.520941107810651,0.033267028694464136
H89,19.60972792389859,-103.5241137226966,2024,2,2024-02,5,0.5624738112034023,0.036957228209041966
H90,19.60887219704412,-103.5257551584595,2024,2,2024-02,5,0.5931487013018614,0.0475735588428748
H91,19.6076221074036,-103.5233747651936,2024,2,2024-02,5,0.5870752295274008,0.04456708203507904
H92,19.60560940953978,-103.5215470361636,2024,2,2024-02,5,0.6252872915279081,0.10261963061863293
H93,19.60208824925957,-103.526896999217,2024,2,2024-02,5,0.6869001890344344,0.15090133131984504
H94,19.60248937810072,-103.5219082769416,2024,2,2024-02,5,0.6441399898218018,0.14523685691798074
H95,19.60312115256844,-103.5188596816631,2024,2,2024-02,5,0.5386792505490429,0.07902670676491994
H96,19.60407294309323,-103.520077159053,2024,2,2024-02,5,0.5624344012745851,0.10045601858940921
H97,19.60595122525007,-103.5194188749723,2024,2,2024-02,5,0.5663457339675526,0.07482686026836899
H98,19.60823320763247,-103.514985563467,2024,2,2024-02,5,0.5867876520008853,0.11862808848945874
H99,19.60388855172959,-103.5158544085341,2024,2,2024-02,5,0.5389718755348157,0.06685098079744874
H100,19.6382574968776,-103.5003223970978,2024,2,2024-02,5,0.7109368661192923,0.21000505471631936
H1,19.66316440676028,-103.4874704375219,2024,3,2024-03,6,0.2264034538980276,-0.12430852097091115
H2,19.65958480327006,-103.4916814554342,2024,3,2024-03,6,0.23835925156119317,0.002560143884055753
H3,19.64923190063498,-103.495946402958,2024,3,2024-03,6,0.3629926872656723,-0.11918859721891559
H4,19.64892797006392,-103.4934247600402,2024,3,2024-03,6,0.43914169381764917,-0.09424531459630872
H5,19.64768676086755,-103.4905412268389,2024,3,2024-03,6,0.44139220622883096,-0.06647282013573659
H6,19.64498379789444,-103.4931777628067,2024,3,2024-03,6,0.3823614072694439,-0.10789064213545126
H7,19.64523781970015,-103.4907449690666,2024,3,2024-03,6,0.48807264030648045,-0.02645560434576837
H8,19.64391544066743,-103.4919779953152,2024,3,2024-03,6,0.4528664230714281,-0.051968855851547424
H9,19.64289593962869,-103.4923312690368,2024,3,2024-03,6,0.4556104815607664,-0.050687270126719954
H10,19.64326268753868,-103.4935692151058,2024,3,2024-03,6,0.4204641596094801,-0.0798365272680788
H11,19.63699143780181,-103.4910115238732,2024,3,2024-03,6,0.49852404723092136,0.018515708663868653
H12,19.6423261120543,-103.4866375453042,2024,3,2024-03,6,0.6256481190823984,0.10613341247145658
H13,19.63928751073353,-103.4859554790877,2024,3,2024-03,6,0.6746415270557903,0.14271829231729052
H14,19.63810334260486,-103.4783889889258,2024,3,2024-03,6,0.48920125199060593,-0.04140546267396495
H15,19.63304594879294,-103.4860570044078,2024,3,2024-03,6,0.3743599550794079,-0.1219635985553418
H16,19.63363829304725,-103.4780586924613,2024,3,2024-03,6,0.30858340783672505,-0.20404318423591083
H18,19.64603762240055,-103.4727003353048,2024,3,2024-03,6,0.3524170089353964,-0.11006833117594347
H17,19.64350681735759,-103.4740222414965,2024,3,2024-03,6,0.3990016664832124,-0.1309749910320784
H19,19.64471242055359,-103.4660382865516,2024,3,2024-03,6,0.4007588526179957,-0.07839087127409275
H20,19.64573564260593,-103.463262682718,2024,3,2024-03,6,0.37495219423987974,-0.08928145078259862
H21,19.64156668442107,-103.4659894961305,2024,3,2024-03,6,0.434403397642552,-0.07667649954112479
H22,19.63841324577597,-103.466659499049,2024,3,2024-03,6,0.3350434284219156,-0.12513913009697275
H23,19.64582256330241,-103.4600574738049,2024,3,2024-03,6,0.4057248618741923,-0.0583575705542426
H24,19.63458571520362,-103.4659597724037,2024,3,2024-03,6,0.30562297316169756,-0.08170735701005528
H25,19.6352254903721,-103.4698151940444,2024,3,2024-03,6,0.3314415957853865,-0.1215137702955011
H26,19.6375519816719,-103.4725797498141,2024,3,2024-03,6,0.42714929649846595,-0.03382662982261744
H27,19.63252169252172,-103.4706206808633,2024,3,2024-03,6,0.29315626950979373,-0.16720333697499665
H28,19.62924958680501,-103.4667801634766,2024,3,2024-03,6,0.36395692509547056,-0.024775056389128948
H29,19.62595823238879,-103.4724550507898,2024,3,2024-03,6,0.5426495356643284,0.1067088046597612
H30,19.62454684136882,-103.4673631977053,2024,3,2024-03,6,0.5160937795560798,0.05386147608502547
H31,19.62400044564311,-103.4720322735746,2024,3,2024-03,6,0.5995168637981031,0.1588748571735212
H32,19.61959998384637,-103.4767867508887,2024,3,2024-03,6,0.5909937936207361,0.1334162084889135
H33,19.61742108024948,-103.4745293846265,2024,3,2024-03,6,0.7271543018645165,0.2304420232800991
H34,19.61706263447486,-103.4717205538295,2024,3,2024-03,6,0.5921011144732475,0.12450003212223752
H35,19.62235761063883,-103.4790615464518,2024,3,2024-03,6,0.4343413418194699,0.0010819792489755269
H36,19.61265718886245,-103.475737660252,2024,3,2024-03,6,0.4454740637935319,0.04196627086871322
H37,19.61287910833094,-103.4782759946473,2024,3,2024-03,6,0.5858266908210684,0.1395745364905781
H38,19.61351141813728,-103.4814391298695,2024,3,2024-03,6,0.658790821883232,0.18215921467167134
H39,19.61739633960506,-103.4846383837301,2024,3,2024-03,6,0.6301927642177689,0.10725148945701576
H40,19.61422321757896,-103.4865932661396,2024,3,2024-03,6,0.6825512842875221,0.2086083071000997
H41,19.60964441322967,-103.4875908955098,2024,3,2024-03,6,0.4640257307942126,0.03185408201610084
H42,19.6171207933109,-103.4889001524713,2024,3,2024-03,6,0.382143715958327,-0.04541844560540702
H43,19.61451845491155,-103.4926481384631,2024,3,2024-03,6,0.40244984659880145,-0.005721269953578291
H44,19.61263647892398,-103.4912288771512,2024,3,2024-03,6,0.5604653347111493,0.08248636603424699
H45,19.60934749359883,-103.489216124793,2024,3,2024-03,6,0.42955921813482284,-0.006412640378009814
H46,19.60942413443004,-103.4902280275767,2024,3,2024-03,6,0.4333162279062128,-0.009897375960472257
H47,19.60921557442716,-103.4924523306077,2024,3,2024-03,6,0.5061389138628176,0.029253941409885208
H48,19.60806269214817,-103.4951061797037,2024,3,2024-03,6,0.400090521710672,-0.02796882655185214
H49,19.61498262970927,-103.4988105532358,2024,3,2024-03,6,0.6062567467516068,0.1389901393846672
H50,19.61011338081553,-103.5061892246769,2024,3,2024-03,6,0.5937395213604578,0.13910177297307283
H51,19.61961236528353,-103.5087860622131,2024,3,2024-03,6,0.5767400565315758,0.11411612891918305
H52,19.62373074157903,-103.506858857131,2024,3,2024-03,6,0.5966211026891466,0.08586390357794128
H53,19.6220524419853,-103.5039156451538,2024,3,2024-03,6,0.5330211512864232,0.07973338680501797
H54,19.621438862174,-103.5012333605017,2024,3,2024-03,6,0.5291160168927455,0.03587714329608865
H55,19.62164911694436,-103.4994749950378,2024,3,2024-03,6,0.44526075826800643,-0.007814431059900944
H56,19.61921532953394,-103.4972616233209,2024,3,2024-03,6,0.4044331085438714,-0.029153593271487675
H57,19.61897530908676,-103.4950371159645,2024,3,2024-03,6,0.35927887808671716,-0.07220739294701743
H58,19.62015890829346,-103.4904304573702,2024,3,2024-03,6,0.36323829801221497,-0.12548901857225686
H59,19.62171827008233,-103.4865543693567,2024,3,2024-03,6,0.37698709331901264,-0.15526907725567937
H60,19.62410311838264,-103.4983277084877,2024,3,2024-03,6,0.45156135536830194,-0.024180078526818378
H61,19.62663965521857,-103.4966882892999,2024,3,2024-03,6,0.39980548091523577,-0.12372786838327231
H62,19.62574866158377,-103.4923995903546,2024,3,2024-03,6,0.3848566501907938,-0.10911159720076953
H63,19.62967479841514,-103.4905956816595,2024,3,2024-03,6,0.29179542015343213,-0.18801023328466365
H64,19.62318042476388,-103.4897338139707,2024,3,2024-03,6,0.3726440016025753,-0.13574475081113813
H65,19.62549316602416,-103.5006797215266,2024,3,2024-03,6,0.473783734248526,-0.014593687139525713
H66,19.62754606705777,-103.5006843723593,2024,3,2024-03,6,0.4924917780446576,0.004322164502058542
H67,19.63204957316679,-103.5006313932001,2024,3,2024-03,6,0.4503904206476194,-0.005524700292396985
H68,19.62764543878409,-103.5041222734758,2024,3,2024-03,6,0.4400577127050923,-0.018160043779791905
H69,19.62326850459801,-103.5088931720352,2024,3,2024-03,6,0.511887465268417,0.05182868005000432
H70,19.6263645881459,-103.5081728823758,2024,3,2024-03,6,0.4404243053354855,-0.02314786731617712
H71,19.62298058031248,-103.5108963687992,2024,3,2024-03,6,0.4342951613596175,0.008887989364764978
H72,19.60791996745303,-103.5088436795277,2024,3,2024-03,6,0.4010585394697379,0.004684153997496296
H73,19.60688026534045,-103.5119994427884,2024,3,2024-03,6,0.3915038236304598,-0.03859426109193286
H74,19.60589173726333,-103.5034448997359,2024,3,2024-03,6,0.5084471643417613,0.04079758520526388
H75,19.60306803601581,-103.5022381720191,2024,3,2024-03,6,0.5321998291788556,0.08563116708488062
H76,19.61379750235326,-103.5080848952479,2024,3,2024-03,6,0.5124735295379246,0.04843655011184669
H77,19.61346016192836,-103.5100682060295,2024,3,2024-03,6,0.45900693739301895,0.006868659460554671
H78,19.61409204222733,-103.5105722727903,2024,3,2024-03,6,0.4535800626639238,0.006961782999482978
H79,19.61353215599024,-103.5123741788091,2024,3,2024-03,6,0.4315984926847964,-0.012515844332768023
H80,19.61779554429717,-103.5110620628573,2024,3,2024-03,6,0.5223252108133599,0.04608471108763065
H81,19.61991823018052,-103.513120060683,2024,3,2024-03,6,0.39412243601825747,-0.023005856605558872
H82,19.62073465959264,-103.514415855126,2024,3,2024-03,6,0.3568521442520315,-0.020118853158152646
H83,19.61823643269025,-103.5148556403709,2024,3,2024-03,6,0.42718924687194265,-0.0012738674604001405
H84,19.61655830108952,-103.5173207877669,2024,3,2024-03,6,0.4183249021375005,-0.011732675125493468
H85,19.61530473873262,-103.515910301509,2024,3,2024-03,6,0.4040765320771163,-0.04153787796432872
H86,19.6126488644727,-103.5176299849256,2024,3,2024-03,6,0.39629576991764637,-0.0706508624546819
H87,19.61074534974949,-103.5147577998847,2024,3,2024-03,6,0.4518126351548202,0.006843934147492106
H88,19.60922824229959,-103.51816450361,2024,3,2024-03,6,0.4435516604104654,-0.025095886115621153
H89,19.60972792389859,-103.5241137226966,2024,3,2024-03,6,0.47974794089397993,-0.026344875436173133
H90,19.60887219704412,-103.5257551584595,2024,3,2024-03,6,0.506893591067623,-0.01922860005737717
H91,19.6076221074036,-103.5233747651936,2024,3,2024-03,6,0.4910169527265506,-0.028529242035780094
H92,19.60560940953978,-103.5215470361636,2024,3,2024-03,6,0.551415417414513,0.056205974116632314
H93,19.60208824925957,-103.526896999217,2024,3,2024-03,6,0.61745556931489,0.09471889276893138
H94,19.60248937810072,-103.5219082769416,2024,3,2024-03,6,0.5966441804789611,0.11976872245068147
H95,19.60312115256844,-103.5188596816631,2024,3,2024-03,6,0.49225777079659155,0.043185823999509626
H96,19.60407294309323,-103.520077159053,2024,3,2024-03,6,0.5302387406956626,0.08314723257433003
H97,19.60595122525007,-103.5194188749723,2024,3,2024-03,6,0.49408212154186765,0.026006982027080804
H98,19.60823320763247,-103.514985563467,2024,3,2024-03,6,0.5324193870533102,0.07093518580624482
H99,19.60388855172959,-103.5158544085341,2024,3,2024-03,6,0.4982022278684025,0.03757839206845769
H100,19.6382574968776,-103.5003223970978,2024,3,2024-03,6,0.6464739437379693,0.15565060623874724
H1,19.66316440676028,-103.4874704375219,2024,4,2024-04,5,0.18421120209549705,-0.14345962513694524
H2,19.65958480327006,-103.4916814554342,2024,4,2024-04,5,0.20598852197614578,-0.02091864763516685
H3,19.64923190063498,-103.495946402958,2024,4,2024-04,5,0.3010540151693926,-0.15412745012344295
H4,19.64892797006392,-103.4934247600402,2024,4,2024-04,5,0.39322931348916823,-0.11895201484725508
H5,19.64768676086755,-103.4905412268389,2024,4,2024-04,5,0.4694265264893956,-0.033450603352456774
H6,19.64498379789444,-103.4931777628067,2024,4,2024-04,5,0.35967600943974115,-0.10873993711249925
H7,19.64523781970015,-103.4907449690666,2024,4,2024-04,5,0.5047193766762345,-0.0018006823592591633
H8,19.64391544066743,-103.4919779953152,2024,4,2024-04,5,0.4546632693088874,-0.03930017130804605
H9,19.64289593962869,-103.4923312690368,2024,4,2024-04,5,0.44987991532901217,-0.0420648940168586
H10,19.64326268753868,-103.4935692151058,2024,4,2024-04,5,0.39229787795370846,-0.08488190556049625
H11,19.63699143780181,-103.4910115238732,2024,4,2024-04,5,0.4858650513303666,0.014086049173631097
H12,19.6423261120543,-103.4866375453042,2024,4,2024-04,5,0.6359578784284086,0.11727229559411578
H13,19.63928751073353,-103.4859554790877,2024,4,2024-04,5,0.6835784640477973,0.16125467629678683
H14,19.63810334260486,-103.4783889889258,2024,4,2024-04,5,0.4737908541610576,-0.046421209303377196
H15,19.63304594879294,-103.4860570044078,2024,4,2024-04,5,0.3472248759413479,-0.13279876383533293
H16,19.63363829304725,-103.4780586924613,2024,4,2024-04,5,0.24614411174324693,-0.23375724644662965
H18,19.64603762240055,-103.4727003353048,2024,4,2024-04,5,0.28703287697792845,-0.14080580017215533
H17,19.64350681735759,-103.4740222414965,2024,4,2024-04,5,0.3303429782628135,-0.16274767803990453
H19,19.64471242055359,-103.4660382865516,2024,4,2024-04,5,0.3624884690598171,-0.10864225999506912
H20,19.64573564260593,-103.463262682718,2024,4,2024-04,5,0.33043828837422234,-0.11113810879764062
H21,19.64156668442107,-103.4659894961305,2024,4,2024-04,5,0.38828340100994213,-0.11472214515800717
H22,19.63841324577597,-103.466659499049,2024,4,2024-04,5,0.3156368485155467,-0.12962432659955453
H23,19.64582256330241,-103.4600574738049,2024,4,2024-04,5,0.35912162712411605,-0.08473262096102444
H24,19.63458571520362,-103.4659597724037,2024,4,2024-04,5,0.2691160764027027,-0.09282933827518144
H25,19.6352254903721,-103.4698151940444,2024,4,2024-04,5,0.2860135718818943,-0.14351364516140844
H26,19.6375519816719,-103.4725797498141,2024,4,2024-04,5,0.3661983942491986,-0.07321251318403657
H27,19.63252169252172,-103.4706206808633,2024,4,2024-04,5,0.22923078450830292,-0.20088505353316968
H28,19.62924958680501,-103.4667801634766,2024,4,2024-04,5,0.2712414708908312,-0.08214582093423041
H29,19.62595823238879,-103.4724550507898,2024,4,2024-04,5,0.5268341497499929,0.09985710495338972
H30,19.62454684136882,-103.4673631977053,2024,4,2024-04,5,0.47611307238911293,0.04198300520675947
H31,19.62400044564311,-103.4720322735746,2024,4,2024-04,5,0.5940457769799872,0.16284442864834303
H32,19.61959998384637,-103.4767867508887,2024,4,2024-04,5,0.5893400420292,0.13271289763699576
H33,19.61742108024948,-103.4745293846265,2024,4,2024-04,5,0.7755659761703213,0.2604240958239685
H34,19.61706263447486,-103.4717205538295,2024,4,2024-04,5,0.581957039486491,0.12413632441336174
H35,19.62235761063883,-103.4790615464518,2024,4,2024-04,5,0.40698559203516466,-0.00869999832038631
H36,19.61265718886245,-103.475737660252,2024,4,2024-04,5,0.42417950465856064,0.04021395573675772
H37,19.61287910833094,-103.4782759946473,2024,4,2024-04,5,0.6082904094243887,0.15544837959494076
H38,19.61351141813728,-103.4814391298695,2024,4,2024-04,5,0.6837101293989285,0.19321440279699295
H39,19.61739633960506,-103.4846383837301,2024,4,2024-04,5,0.6136955900010095,0.12542841405524752
H40,19.61422321757896,-103.4865932661396,2024,4,2024-04,5,0.7199274206129425,0.2313820897523188
H41,19.60964441322967,-103.4875908955098,2024,4,2024-04,5,0.40176405066114135,0.0020177683364742335
H42,19.6171207933109,-103.4889001524713,2024,4,2024-04,5,0.3374762277875237,-0.05773486664507795
H43,19.61451845491155,-103.4926481384631,2024,4,2024-04,5,0.38259368541714794,-0.014106313934233273
H44,19.61263647892398,-103.4912288771512,2024,4,2024-04,5,0.5624320054146887,0.08920775433292985
H45,19.60934749359883,-103.489216124793,2024,4,2024-04,5,0.3426849255658985,-0.045131436059294906
H46,19.60942413443004,-103.4902280275767,2024,4,2024-04,5,0.34684681451908883,-0.046013044875447974
H47,19.60921557442716,-103.4924523306077,2024,4,2024-04,5,0.45792743407069436,0.024972092366940115
H48,19.60806269214817,-103.4951061797037,2024,4,2024-04,5,0.33651235643666305,-0.051282813657042695
H49,19.61498262970927,-103.4988105532358,2024,4,2024-04,5,0.6091506859070388,0.14711176991504216
H50,19.61011338081553,-103.5061892246769,2024,4,2024-04,5,0.6296479919153449,0.15813341817631096
H51,19.61961236528353,-103.5087860622131,2024,4,2024-04,5,0.5953780910433587,0.13754465533791527
H52,19.62373074157903,-103.506858857131,2024,4,2024-04,5,0.5199840235462921,0.03547502417356853
H53,19.6220524419853,-103.5039156451538,2024,4,2024-04,5,0.5148844756518185,0.07265611483469511
H54,19.621438862174,-103.5012333605017,2024,4,2024-04,5,0.5047815212132847,0.027314728011466106
H55,19.62164911694436,-103.4994749950378,2024,4,2024-04,5,0.3890905159534732,-0.03967355751599376
H56,19.61921532953394,-103.4972616233209,2024,4,2024-04,5,0.36900252599966976,-0.048510570809162136
H57,19.61897530908676,-103.4950371159645,2024,4,2024-04,5,0.304441872496754,-0.10013973605428647
H58,19.62015890829346,-103.4904304573702,2024,4,2024-04,5,0.2820391120897207,-0.164865701005953
H59,19.62171827008233,-103.4865543693567,2024,4,2024-04,5,0.3155138801260574,-0.18666617969084406
H60,19.62410311838264,-103.4983277084877,2024,4,2024-04,5,0.36982465736043074,-0.07274030620834844
H61,19.62663965521857,-103.4966882892999,2024,4,2024-04,5,0.34041276490169375,-0.15553884720111702
H62,19.62574866158377,-103.4923995903546,2024,4,2024-04,5,0.3370377261512186,-0.13462108816192414
H63,19.62967479841514,-103.4905956816595,2024,4,2024-04,5,0.24339475806542635,-0.2181115449845259
H64,19.62318042476388,-103.4897338139707,2024,4,2024-04,5,0.31150109734594245,-0.16907816319557967
H65,19.62549316602416,-103.5006797215266,2024,4,2024-04,5,0.41433536758795814,-0.049349414443497386
H66,19.62754606705777,-103.5006843723593,2024,4,2024-04,5,0.45483304179753525,-0.014243105024910547
H67,19.63204957316679,-103.5006313932001,2024,4,2024-04,5,0.3742387926839832,-0.04526452568061438
H68,19.62764543878409,-103.5041222734758,2024,4,2024-04,5,0.3938402241911394,-0.0442533898209851
H69,19.62326850459801,-103.5088931720352,2024,4,2024-04,5,0.46382730284187795,0.013859311079602313
H70,19.6263645881459,-103.5081728823758,2024,4,2024-04,5,0.36226453699044325,-0.06779936122387202
H71,19.62298058031248,-103.5108963687992,2024,4,2024-04,5,0.37399500703670824,-0.030898312465744072
H72,19.60791996745303,-103.5088436795277,2024,4,2024-04,5,0.36291921161251434,-0.010438381800398026
H73,19.60688026534045,-103.5119994427884,2024,4,2024-04,5,0.3294712482397997,-0.07016950955760731
H74,19.60589173726333,-103.5034448997359,2024,4,2024-04,5,0.43055320374670364,0.0074180595973169765
H75,19.60306803601581,-103.5022381720191,2024,4,2024-04,5,0.5045793566130338,0.07239461168652128
H76,19.61379750235326,-103.5080848952479,2024,4,2024-04,5,0.46255343181796255,0.03221716569274517
H77,19.61346016192836,-103.5100682060295,2024,4,2024-04,5,0.39561762733130884,-0.021010084469335662
H78,19.61409204222733,-103.5105722727903,2024,4,2024-04,5,0.37720057452329114,-0.024316632982094435
H79,19.61353215599024,-103.5123741788091,2024,4,2024-04,5,0.38024402458116296,-0.04062015116238758
H80,19.61779554429717,-103.5110620628573,2024,4,2024-04,5,0.4635510300609371,0.021936070097294653
H81,19.61991823018052,-103.513120060683,2024,4,2024-04,5,0.31838982232767404,-0.05953275408414875
H82,19.62073465959264,-103.514415855126,2024,4,2024-04,5,0.2905726029391257,-0.05764025611318541
H83,19.61823643269025,-103.5148556403709,2024,4,2024-04,5,0.3742620074911356,-0.026592653961884517
H84,19.61655830108952,-103.5173207877669,2024,4,2024-04,5,0.3562783682377254,-0.0421518450062778
H85,19.61530473873262,-103.515910301509,2024,4,2024-04,5,0.3288752753595372,-0.0797257638404076
H86,19.6126488644727,-103.5176299849256,2024,4,2024-04,5,0.30275201440330685,-0.12499460666126289
H87,19.61074534974949,-103.5147577998847,2024,4,2024-04,5,0.3906809450515898,-0.02892345977226917
H88,19.60922824229959,-103.51816450361,2024,4,2024-04,5,0.3766922227955768,-0.07331061803908576
H89,19.60972792389859,-103.5241137226966,2024,4,2024-04,5,0.39180824911970985,-0.09424436205250886
H90,19.60887219704412,-103.5257551584595,2024,4,2024-04,5,0.4079792594261068,-0.10027701410145434
H91,19.6076221074036,-103.5233747651936,2024,4,2024-04,5,0.40862752748289477,-0.10055802896631011
H92,19.60560940953978,-103.5215470361636,2024,4,2024-04,5,0.49652343448995945,0.01278116858206999
H93,19.60208824925957,-103.526896999217,2024,4,2024-04,5,0.5606010353840478,0.03630089815515767
H94,19.60248937810072,-103.5219082769416,2024,4,2024-04,5,0.5336268714225447,0.06556177042418679
H95,19.60312115256844,-103.5188596816631,2024,4,2024-04,5,0.40479490110562977,-0.021680321594322836
H96,19.60407294309323,-103.520077159053,2024,4,2024-04,5,0.4750787652010776,0.050143072430554846
H97,19.60595122525007,-103.5194188749723,2024,4,2024-04,5,0.43803648671432066,-0.004979084644847168
H98,19.60823320763247,-103.514985563467,2024,4,2024-04,5,0.47842460920593555,0.029894045255261334
H99,19.60388855172959,-103.5158544085341,2024,4,2024-04,5,0.43281564723035487,-0.00969694557015894
H100,19.6382574968776,-103.5003223970978,2024,4,2024-04,5,0.6189378346232162,0.13533634421951746
H1,19.66316440676028,-103.4874704375219,2024,5,2024-05,7,0.17310239588276863,-0.13714377027885263
H2,19.65958480327006,-103.4916814554342,2024,5,2024-05,7,0.19724872478822644,-0.012987632012853849
H3,19.64923190063498,-103.495946402958,2024,5,2024-05,7,0.25755136233970793,-0.15600231337623907
H4,19.64892797006392,-103.4934247600402,2024,5,2024-05,7,0.3539093253949604,-0.1223708797181062
H5,19.64768676086755,-103.4905412268389,2024,5,2024-05,7,0.4465209574199843,-0.024274943026181137
H6,19.64498379789444,-103.4931777628067,2024,5,2024-05,7,0.3361043196012647,-0.10107161693403309
H7,19.64523781970015,-103.4907449690666,2024,5,2024-05,7,0.485705388025836,0.005532378380512341
H8,19.64391544066743,-103.4919779953152,2024,5,2024-05,7,0.43320750413206,-0.03251488619979595
H9,19.64289593962869,-103.4923312690368,2024,5,2024-05,7,0.42479084149054724,-0.034044494727997844
H10,19.64326268753868,-103.4935692151058,2024,5,2024-05,7,0.36890745826460297,-0.07506496488947621
H11,19.63699143780181,-103.4910115238732,2024,5,2024-05,7,0.44191876054996015,0.003862627603079882
H12,19.6423261120543,-103.4866375453042,2024,5,2024-05,7,0.5806949989043353,0.08741036056049326
H13,19.63928751073353,-103.4859554790877,2024,5,2024-05,7,0.6319520227857652,0.13334616828484788
H14,19.63810334260486,-103.4783889889258,2024,5,2024-05,7,0.4440214895196379,-0.04327158622889048
H15,19.63304594879294,-103.4860570044078,2024,5,2024-05,7,0.3396069806616025,-0.10307524063453749
H16,19.63363829304725,-103.4780586924613,2024,5,2024-05,7,0.212305827291969,-0.21953334494577317
H18,19.64603762240055,-103.4727003353048,2024,5,2024-05,7,0.2505799159484099,-0.13149979591138725
H17,19.64350681735759,-103.4740222414965,2024,5,2024-05,7,0.27491279448535083,-0.15840171686831894
H19,19.64471242055359,-103.4660382865516,2024,5,2024-05,7,0.33921531403027705,-0.1026635218456682
H20,19.64573564260593,-103.463262682718,2024,5,2024-05,7,0.2981445972342155,-0.10242965663865815
H21,19.64156668442107,-103.4659894961305,2024,5,2024-05,7,0.3665908443703068,-0.10013001435844343
H22,19.63841324577597,-103.466659499049,2024,5,2024-05,7,0.31330579761957444,-0.10110033742285374
H23,19.64582256330241,-103.4600574738049,2024,5,2024-05,7,0.32031770457624775,-0.07782519654707688
H24,19.63458571520362,-103.4659597724037,2024,5,2024-05,7,0.268721285738863,-0.06047068490451499
H25,19.6352254903721,-103.4698151940444,2024,5,2024-05,7,0.2715427047702572,-0.1217102431084101
H26,19.6375519816719,-103.4725797498141,2024,5,2024-05,7,0.3263633158421823,-0.0706679031231499
H27,19.63252169252172,-103.4706206808633,2024,5,2024-05,7,0.20662263415862156,-0.18154907203105294
H28,19.62924958680501,-103.4667801634766,2024,5,2024-05,7,0.2293280294367934,-0.07345498832683328
H29,19.62595823238879,-103.4724550507898,2024,5,2024-05,7,0.48540483522758565,0.09786483997940672
H30,19.62454684136882,-103.4673631977053,2024,5,2024-05,7,0.4389121206713858,0.05040870641188087
H31,19.62400044564311,-103.4720322735746,2024,5,2024-05,7,0.556680515490044,0.15450400446421902
H32,19.61959998384637,-103.4767867508887,2024,5,2024-05,7,0.5567926074120993,0.12684618478388446
H33,19.61742108024948,-103.4745293846265,2024,5,2024-05,7,0.7285684462836783,0.2176802373890388
H34,19.61706263447486,-103.4717205538295,2024,5,2024-05,7,0.5253806037795428,0.09592182176243245
H35,19.62235761063883,-103.4790615464518,2024,5,2024-05,7,0.3823640365012713,0.006041265208293033
H36,19.61265718886245,-103.475737660252,2024,5,2024-05,7,0.35057850368829424,0.022582925351196097
H37,19.61287910833094,-103.4782759946473,2024,5,2024-05,7,0.5675227997552102,0.14646185749676446
H38,19.61351141813728,-103.4814391298695,2024,5,2024-05,7,0.6652948747908192,0.19670929946908025
H39,19.61739633960506,-103.4846383837301,2024,5,2024-05,7,0.5848497438139241,0.12767577157783494
H40,19.61422321757896,-103.4865932661396,2024,5,2024-05,7,0.7012659632104614,0.22637267077418258
H41,19.60964441322967,-103.4875908955098,2024,5,2024-05,7,0.3526189442610122,-0.0030381472453942
H42,19.6171207933109,-103.4889001524713,2024,5,2024-05,7,0.3242768668295136,-0.04277116263115512
H43,19.61451845491155,-103.4926481384631,2024,5,2024-05,7,0.34697430970204823,-0.014664448361202443
H44,19.61263647892398,-103.4912288771512,2024,5,2024-05,7,0.5304624528529777,0.08592193164099292
H45,19.60934749359883,-103.489216124793,2024,5,2024-05,7,0.29829591943908046,-0.04896607675976229
H46,19.60942413443004,-103.4902280275767,2024,5,2024-05,7,0.3100947486259137,-0.04755363372784986
H47,19.60921557442716,-103.4924523306077,2024,5,2024-05,7,0.4230350626560603,0.021197199133078194
H48,19.60806269214817,-103.4951061797037,2024,5,2024-05,7,0.3074596608679275,-0.041606809706245834
H49,19.61498262970927,-103.4988105532358,2024,5,2024-05,7,0.5765823266994919,0.14008552110075484
H50,19.61011338081553,-103.5061892246769,2024,5,2024-05,7,0.6065306174104328,0.1582736968353045
H51,19.61961236528353,-103.5087860622131,2024,5,2024-05,7,0.5879525868078258,0.15868917984876132
H52,19.62373074157903,-103.506858857131,2024,5,2024-05,7,0.49416628136572727,0.03734645541958461
H53,19.6220524419853,-103.5039156451538,2024,5,2024-05,7,0.4947216490607323,0.08139552758433925
H54,19.621438862174,-103.5012333605017,2024,5,2024-05,7,0.47478734279084217,0.030030845251577346
H55,19.62164911694436,-103.4994749950378,2024,5,2024-05,7,0.3519312671889184,-0.04182254276618184
H56,19.61921532953394,-103.4972616233209,2024,5,2024-05,7,0.32705748588405104,-0.04999117797851495
H57,19.61897530908676,-103.4950371159645,2024,5,2024-05,7,0.26174665874871633,-0.10128453595494058
H58,19.62015890829346,-103.4904304573702,2024,5,2024-05,7,0.2583662818640933,-0.13870285642195765
H59,19.62171827008233,-103.4865543693567,2024,5,2024-05,7,0.28712267551997483,-0.15851818846834956
H60,19.62410311838264,-103.4983277084877,2024,5,2024-05,7,0.3329081448092325,-0.07491829510178163
H61,19.62663965521857,-103.4966882892999,2024,5,2024-05,7,0.3091041949837247,-0.155668153926832
H62,19.62574866158377,-103.4923995903546,2024,5,2024-05,7,0.30198329235437027,-0.1343920502022723
H63,19.62967479841514,-103.4905956816595,2024,5,2024-05,7,0.22791653679953383,-0.20246339489814708
H64,19.62318042476388,-103.4897338139707,2024,5,2024-05,7,0.27533302179739116,-0.16327091502609484
H65,19.62549316602416,-103.5006797215266,2024,5,2024-05,7,0.37497437175617443,-0.04422160063205276
H66,19.62754606705777,-103.5006843723593,2024,5,2024-05,7,0.4172769653550405,-0.008123362731828579
H67,19.63204957316679,-103.5006313932001,2024,5,2024-05,7,0.3301113728538343,-0.04713802232487861
H68,19.62764543878409,-103.5041222734758,2024,5,2024-05,7,0.3512103417911407,-0.04497677923402208
H69,19.62326850459801,-103.5088931720352,2024,5,2024-05,7,0.43481545947138167,0.014682010095144714
H70,19.6263645881459,-103.5081728823758,2024,5,2024-05,7,0.30847381922233064,-0.061832800762543494
H71,19.62298058031248,-103.5108963687992,2024,5,2024-05,7,0.3255917212414063,-0.03761521284979187
H72,19.60791996745303,-103.5088436795277,2024,5,2024-05,7,0.337720147036875,-0.009680383417482308
H73,19.60688026534045,-103.5119994427884,2024,5,2024-05,7,0.2918563600235495,-0.06388914154369064
H74,19.60589173726333,-103.5034448997359,2024,5,2024-05,7,0.40346557099503527,0.009780850360581796
H75,19.60306803601581,-103.5022381720191,2024,5,2024-05,7,0.4651831192559418,0.06787585530336157
H76,19.61379750235326,-103.5080848952479,2024,5,2024-05,7,0.4015604188031637,0.028430822428563457
H77,19.61346016192836,-103.5100682060295,2024,5,2024-05,7,0.34603622622203384,-0.02316899385269167
H78,19.61409204222733,-103.5105722727903,2024,5,2024-05,7,0.33710042279228675,-0.022219750189003976
H79,19.61353215599024,-103.5123741788091,2024,5,2024-05,7,0.3416781179533984,-0.04175416829427646
H80,19.61779554429717,-103.5110620628573,2024,5,2024-05,7,0.4335275727320322,0.02536184106767552
H81,19.61991823018052,-103.513120060683,2024,5,2024-05,7,0.28507540101309436,-0.054533841654896276
H82,19.62073465959264,-103.514415855126,2024,5,2024-05,7,0.26427355051928614,-0.050037566794755635
H83,19.61823643269025,-103.5148556403709,2024,5,2024-05,7,0.35051347351634227,-0.018298160286313196
H84,19.61655830108952,-103.5173207877669,2024,5,2024-05,7,0.3070979163328405,-0.04076595107931787
H85,19.61530473873262,-103.515910301509,2024,5,2024-05,7,0.27826228683612364,-0.07583901471509302
H86,19.6126488644727,-103.5176299849256,2024,5,2024-05,7,0.2505046945758211,-0.11965702104665783
H87,19.61074534974949,-103.5147577998847,2024,5,2024-05,7,0.3452719291129283,-0.030853132008858225
H88,19.60922824229959,-103.51816450361,2024,5,2024-05,7,0.34260348417286096,-0.06196599654813374
H89,19.60972792389859,-103.5241137226966,2024,5,2024-05,7,0.3206794511616124,-0.10532811352495922
H90,19.60887219704412,-103.5257551584595,2024,5,2024-05,7,0.321990331257651,-0.12239083277956203
H91,19.6076221074036,-103.5233747651936,2024,5,2024-05,7,0.35250009954190287,-0.09854071284191956
H92,19.60560940953978,-103.5215470361636,2024,5,2024-05,7,0.45601872847073915,0.008193091672767161
H93,19.60208824925957,-103.526896999217,2024,5,2024-05,7,0.5088290203818676,0.013824600624320976
H94,19.60248937810072,-103.5219082769416,2024,5,2024-05,7,0.49989900485234534,0.06912536215413813
H95,19.60312115256844,-103.5188596816631,2024,5,2024-05,7,0.3609812787448679,-0.019519753894209187
H96,19.60407294309323,-103.520077159053,2024,5,2024-05,7,0.4453757763079795,0.051441834572851466
H97,19.60595122525007,-103.5194188749723,2024,5,2024-05,7,0.4026812712923348,-0.002943226503515205
H98,19.60823320763247,-103.514985563467,2024,5,2024-05,7,0.4304739609258,0.023739634832392872
H99,19.60388855172959,-103.5158544085341,2024,5,2024-05,7,0.38483829695368477,-0.014763825567376711
H100,19.6382574968776,-103.5003223970978,2024,5,2024-05,7,0.5881566278636643,0.13309066477087808
H1,19.66316440676028,-103.4874704375219,2024,6,2024-06,3,0.19478726338110608,-0.13393532061137073
H2,19.65958480327006,-103.4916814554342,2024,6,2024-06,3,0.21142805809941134,-0.025441190083491758
H3,19.64923190063498,-103.495946402958,2024,6,2024-06,3,0.2874814366576955,-0.14796769580178884
H4,19.64892797006392,-103.4934247600402,2024,6,2024-06,3,0.3556313386977194,-0.11882649325949672
H5,19.64768676086755,-103.4905412268389,2024,6,2024-06,3,0.4388156943499668,-0.01938012943744818
H6,19.64498379789444,-103.4931777628067,2024,6,2024-06,3,0.3315138268010142,-0.09727864252413407
H7,19.64523781970015,-103.4907449690666,2024,6,2024-06,3,0.4663794589317643,-0.0024875935908460385
H8,19.64391544066743,-103.4919779953152,2024,6,2024-06,3,0.42425434552909147,-0.03481286115024191
H9,19.64289593962869,-103.4923312690368,2024,6,2024-06,3,0.4238845015234598,-0.03279039327833826
H10,19.64326268753868,-103.4935692151058,2024,6,2024-06,3,0.37767469133335474,-0.0674850856302328
H11,19.63699143780181,-103.4910115238732,2024,6,2024-06,3,0.4391428226608555,-0.001394958548081455
H12,19.6423261120543,-103.4866375453042,2024,6,2024-06,3,0.5490283577246738,0.06301365289423287
H13,19.63928751073353,-103.4859554790877,2024,6,2024-06,3,0.6128621756847753,0.11073680992089138
H14,19.63810334260486,-103.4783889889258,2024,6,2024-06,3,0.4575466757100055,-0.0410013313857149
H15,19.63304594879294,-103.4860570044078,2024,6,2024-06,3,0.35520677765127956,-0.09689152904543995
H16,19.63363829304725,-103.4780586924613,2024,6,2024-06,3,0.22010892561681145,-0.21425780899803656
H18,19.64603762240055,-103.4727003353048,2024,6,2024-06,3,0.2571163312543541,-0.12881034966174118
H17,19.64350681735759,-103.4740222414965,2024,6,2024-06,3,0.28647076930846505,-0.1584491826605613
H19,19.64471242055359,-103.4660382865516,2024,6,2024-06,3,0.3522379242477462,-0.1011640385370355
H20,19.64573564260593,-103.463262682718,2024,6,2024-06,3,0.3139225442463777,-0.10060597064554261
H21,19.64156668442107,-103.4659894961305,2024,6,2024-06,3,0.3874266050755172,-0.0903023744897928
H22,19.63841324577597,-103.466659499049,2024,6,2024-06,3,0.3360423831314554,-0.09257367188955025
H23,19.64582256330241,-103.4600574738049,2024,6,2024-06,3,0.3365476885818573,-0.08156493571903212
H24,19.63458571520362,-103.4659597724037,2024,6,2024-06,3,0.28558159641916575,-0.054448565688794824
H25,19.6352254903721,-103.4698151940444,2024,6,2024-06,3,0.2755032623200185,-0.12183197650364523
H26,19.6375519816719,-103.4725797498141,2024,6,2024-06,3,0.33012830822022493,-0.06990967986313104
H27,19.63252169252172,-103.4706206808633,2024,6,2024-06,3,0.20674366698248642,-0.1716258545210522
H28,19.62924958680501,-103.4667801634766,2024,6,2024-06,3,0.2410609721189159,-0.068635645286768
H29,19.62595823238879,-103.4724550507898,2024,6,2024-06,3,0.491223901010344,0.0940995643612281
H30,19.62454684136882,-103.4673631977053,2024,6,2024-06,3,0.4485234784018046,0.052502816732509165
H31,19.62400044564311,-103.4720322735746,2024,6,2024-06,3,0.5583574825495925,0.15400271104441468
H32,19.61959998384637,-103.4767867508887,2024,6,2024-06,3,0.562305008785934,0.13498749694131662
H33,19.61742108024948,-103.4745293846265,2024,6,2024-06,3,0.730470772725942,0.22600692640521292
H34,19.61706263447486,-103.4717205538295,2024,6,2024-06,3,0.5256837992770614,0.10380866853283738
H35,19.62235761063883,-103.4790615464518,2024,6,2024-06,3,0.3898640130662836,0.017133811715613515
H36,19.61265718886245,-103.475737660252,2024,6,2024-06,3,0.34974644712007663,0.03179754821560171
H37,19.61287910833094,-103.4782759946473,2024,6,2024-06,3,0.5762888628484762,0.1593508387064552
H38,19.61351141813728,-103.4814391298695,2024,6,2024-06,3,0.6787667860172922,0.21474625036521816
H39,19.61739633960506,-103.4846383837301,2024,6,2024-06,3,0.5789870979216015,0.11794159190421631
H40,19.61422321757896,-103.4865932661396,2024,6,2024-06,3,0.7172338195905174,0.23873991577631748
H41,19.60964441322967,-103.4875908955098,2024,6,2024-06,3,0.35638230617800715,0.003132059832632631
H42,19.6171207933109,-103.4889001524713,2024,6,2024-06,3,0.32563646431242005,-0.04342423046688558
H43,19.61451845491155,-103.4926481384631,2024,6,2024-06,3,0.3527654209735858,-0.016857515326684242
H44,19.61263647892398,-103.4912288771512,2024,6,2024-06,3,0.5315838461510393,0.08512210001244307
H45,19.60934749359883,-103.489216124793,2024,6,2024-06,3,0.296770932398648,-0.04398819319590631
H46,19.60942413443004,-103.4902280275767,2024,6,2024-06,3,0.3032320544044029,-0.045024254007916556
H47,19.60921557442716,-103.4924523306077,2024,6,2024-06,3,0.4063120563675495,0.01984011649052537
H48,19.60806269214817,-103.4951061797037,2024,6,2024-06,3,0.29271527317304563,-0.03732208272768756
H49,19.61498262970927,-103.4988105532358,2024,6,2024-06,3,0.5632481625752739,0.12208652073473508
H50,19.61011338081553,-103.5061892246769,2024,6,2024-06,3,0.6324245948111276,0.16696797292694132
H51,19.61961236528353,-103.5087860622131,2024,6,2024-06,3,0.611866699456942,0.1659533780577864
H52,19.62373074157903,-103.506858857131,2024,6,2024-06,3,0.5021397905733631,0.027181270397536057
H53,19.6220524419853,-103.5039156451538,2024,6,2024-06,3,0.4917674624144922,0.07436483826743341
H54,19.621438862174,-103.5012333605017,2024,6,2024-06,3,0.46800131549043317,0.02578275802628604
H55,19.62164911694436,-103.4994749950378,2024,6,2024-06,3,0.35292716645219296,-0.04500198734920299
H56,19.61921532953394,-103.4972616233209,2024,6,2024-06,3,0.32757059978226827,-0.05652231513152947
H57,19.61897530908676,-103.4950371159645,2024,6,2024-06,3,0.2662902972627966,-0.10854318488027065
H58,19.62015890829346,-103.4904304573702,2024,6,2024-06,3,0.27016638009911514,-0.13782863640286871
H59,19.62171827008233,-103.4865543693567,2024,6,2024-06,3,0.3048185425821463,-0.14885853692367207
H60,19.62410311838264,-103.4983277084877,2024,6,2024-06,3,0.3400996857615911,-0.07666712121946062
H61,19.62663965521857,-103.4966882892999,2024,6,2024-06,3,0.30890717914074667,-0.15776563370846128
H62,19.62574866158377,-103.4923995903546,2024,6,2024-06,3,0.31183356503862736,-0.13947088885901504
H63,19.62967479841514,-103.4905956816595,2024,6,2024-06,3,0.24230492559525116,-0.1863241259922203
H64,19.62318042476388,-103.4897338139707,2024,6,2024-06,3,0.28459669663122744,-0.1615158677087401
H65,19.62549316602416,-103.5006797215266,2024,6,2024-06,3,0.37755826287716254,-0.045750745615038516
H66,19.62754606705777,-103.5006843723593,2024,6,2024-06,3,0.41390021476008454,-0.011608572009781371
H67,19.63204957316679,-103.5006313932001,2024,6,2024-06,3,0.3389668441697378,-0.05212474656358538
H68,19.62764543878409,-103.5041222734758,2024,6,2024-06,3,0.3504305805654575,-0.04736829084432599
H69,19.62326850459801,-103.5088931720352,2024,6,2024-06,3,0.4382105110805784,0.009559355730399666
H70,19.6263645881459,-103.5081728823758,2024,6,2024-06,3,0.31376165288237085,-0.06478673734355694
H71,19.62298058031248,-103.5108963687992,2024,6,2024-06,3,0.321532086665822,-0.04299682690466333
H72,19.60791996745303,-103.5088436795277,2024,6,2024-06,3,0.3405901745144456,-0.018411553516294976
H73,19.60688026534045,-103.5119994427884,2024,6,2024-06,3,0.2923798350720861,-0.06750777113614234
H74,19.60589173726333,-103.5034448997359,2024,6,2024-06,3,0.40971960425215054,-0.0017698195148854589
H75,19.60306803601581,-103.5022381720191,2024,6,2024-06,3,0.47342365201259085,0.06278304241608762
H76,19.61379750235326,-103.5080848952479,2024,6,2024-06,3,0.4027531506653394,0.024133600203767255
H77,19.61346016192836,-103.5100682060295,2024,6,2024-06,3,0.34385161618889065,-0.03291870069062192
H78,19.61409204222733,-103.5105722727903,2024,6,2024-06,3,0.33360975608219035,-0.031666863854751655
H79,19.61353215599024,-103.5123741788091,2024,6,2024-06,3,0.34594819071415217,-0.04783266066360254
H80,19.61779554429717,-103.5110620628573,2024,6,2024-06,3,0.4418612358986383,0.0201179602509445
H81,19.61991823018052,-103.513120060683,2024,6,2024-06,3,0.29195488806127445,-0.05836064706303614
H82,19.62073465959264,-103.514415855126,2024,6,2024-06,3,0.27176386019710047,-0.05394983719021363
H83,19.61823643269025,-103.5148556403709,2024,6,2024-06,3,0.35825202285583657,-0.024632534249428795
H84,19.61655830108952,-103.5173207877669,2024,6,2024-06,3,0.3054008258226191,-0.048705833331505376
H85,19.61530473873262,-103.515910301509,2024,6,2024-06,3,0.2782729063744641,-0.08052976404719814
H86,19.6126488644727,-103.5176299849256,2024,6,2024-06,3,0.2552504021742094,-0.11925689206773402
H87,19.61074534974949,-103.5147577998847,2024,6,2024-06,3,0.3370221875755483,-0.037979143303206314
H88,19.60922824229959,-103.51816450361,2024,6,2024-06,3,0.3333401705483667,-0.06640357132131981
H89,19.60972792389859,-103.5241137226966,2024,6,2024-06,3,0.30851445796259536,-0.1109065944793015
H90,19.60887219704412,-103.5257551584595,2024,6,2024-06,3,0.3104795686622487,-0.12631557572556282
H91,19.6076221074036,-103.5233747651936,2024,6,2024-06,3,0.34148477376040937,-0.10054772176736017
H92,19.60560940953978,-103.5215470361636,2024,6,2024-06,3,0.4503463421085806,0.0038569891302266297
H93,19.60208824925957,-103.526896999217,2024,6,2024-06,3,0.49444910256585345,-0.009995218656120861
H94,19.60248937810072,-103.5219082769416,2024,6,2024-06,3,0.5033300381676542,0.06180412628311696
H95,19.60312115256844,-103.5188596816631,2024,6,2024-06,3,0.3635476353342994,-0.02632989024202323
H96,19.60407294309323,-103.520077159053,2024,6,2024-06,3,0.445989652302837,0.0463364841804649
H97,19.60595122525007,-103.5194188749723,2024,6,2024-06,3,0.3952162887008941,-0.006986136710181889
H98,19.60823320763247,-103.514985563467,2024,6,2024-06,3,0.41521935931872056,0.010622599771568078
H99,19.60388855172959,-103.5158544085341,2024,6,2024-06,3,0.379894407074663,-0.021128927505793288
H100,19.6382574968776,-103.5003223970978,2024,6,2024-06,3,0.5855405248590352,0.12204932968640433
H1,19.66316440676028,-103.4874704375219,2024,7,2024-07,3,0.38918182600197043,0.030967505785947688
H2,19.65958480327006,-103.4916814554342,2024,7,2024-07,3,0.3452272417036116,0.1102129860828432
H3,19.64923190063498,-103.495946402958,2024,7,2024-07,3,0.5305800001502459,0.05594528460963444
H4,19.64892797006392,-103.4934247600402,2024,7,2024-07,3,0.5015549263163713,0.06944798160972405
H5,19.64768676086755,-103.4905412268389,2024,7,2024-07,3,0.1997754026063989,0.05487856611283167
H6,19.64498379789444,-103.4931777628067,2024,7,2024-07,3,0.266579951330428,0.0648522546932854
H7,19.64523781970015,-103.4907449690666,2024,7,2024-07,3,0.1634874505578455,0.06014605049861213
H8,19.64391544066743,-103.4919779953152,2024,7,2024-07,3,0.28156400102674295,0.06299223341998349
H9,19.64289593962869,-103.4923312690368,2024,7,2024-07,3,0.28671350762740005,0.07121998433846628
H10,19.64326268753868,-103.4935692151058,2024,7,2024-07,3,0.311756232966388,0.07768472829799988
H11,19.63699143780181,-103.4910115238732,2024,7,2024-07,3,0.4261963621829813,0.06937802527306035
H12,19.6423261120543,-103.4866375453042,2024,7,2024-07,3,0.5201624082082409,0.14374353318311484
H13,19.63928751073353,-103.4859554790877,2024,7,2024-07,3,0.6862862189236472,0.17811543670342506
H14,19.63810334260486,-103.4783889889258,2024,7,2024-07,3,0.554522283234539,0.05602023454354501
H15,19.63304594879294,-103.4860570044078,2024,7,2024-07,3,0.42010106064615166,0.015971773909295658
H16,19.63363829304725,-103.4780586924613,2024,7,2024-07,3,0.5988678390187846,0.07874900539192232
H18,19.64603762240055,-103.4727003353048,2024,7,2024-07,3,0.5356244525205917,0.06589681565261352
H17,19.64350681735759,-103.4740222414965,2024,7,2024-07,3,0.4968118447226118,0.007894632328995932
H19,19.64471242055359,-103.4660382865516,2024,7,2024-07,3,0.482598086195908,0.08758360653584016
H20,19.64573564260593,-103.463262682718,2024,7,2024-07,3,0.45106483949693477,0.07004245138732959
H21,19.64156668442107,-103.4659894961305,2024,7,2024-07,3,0.4910720735931323,0.016024698312833034
H22,19.63841324577597,-103.466659499049,2024,7,2024-07,3,0.47537291489745204,0.028382400544848724
H23,19.64582256330241,-103.4600574738049,2024,7,2024-07,3,0.4422750240014042,0.044423573380963303
H24,19.63458571520362,-103.4659597724037,2024,7,2024-07,3,0.4837696537297836,0.07073883454139022
H25,19.6352254903721,-103.4698151940444,2024,7,2024-07,3,0.5373970785597673,0.12391045645072638
H26,19.6375519816719,-103.4725797498141,2024,7,2024-07,3,0.6452863609719611,0.20910533998665237
H27,19.63252169252172,-103.4706206808633,2024,7,2024-07,3,0.48146515660201855,0.10758410719461046
H28,19.62924958680501,-103.4667801634766,2024,7,2024-07,3,0.4518053517285828,0.07330246596281871
H29,19.62595823238879,-103.4724550507898,2024,7,2024-07,3,0.6276823299561249,0.16967001396130046
H30,19.62454684136882,-103.4673631977053,2024,7,2024-07,3,0.5882031904005041,0.1476443543001438
H31,19.62400044564311,-103.4720322735746,2024,7,2024-07,3,0.6516403747365487,0.21522431001310105
H32,19.61959998384637,-103.4767867508887,2024,7,2024-07,3,0.6361278855846106,0.21649091993304734
H33,19.61742108024948,-103.4745293846265,2024,7,2024-07,3,0.7526563416227067,0.279536280466745
H34,19.61706263447486,-103.4717205538295,2024,7,2024-07,3,0.6108424448222756,0.14388061359086599
H35,19.62235761063883,-103.4790615464518,2024,7,2024-07,3,0.5135759964809993,0.09177490350254722
H36,19.61265718886245,-103.475737660252,2024,7,2024-07,3,0.466505418520753,0.09342445345963156
H37,19.61287910833094,-103.4782759946473,2024,7,2024-07,3,0.6705694860811121,0.23036822716076638
H38,19.61351141813728,-103.4814391298695,2024,7,2024-07,3,0.7305583817482565,0.28537180573951343
H39,19.61739633960506,-103.4846383837301,2024,7,2024-07,3,0.6977161290050101,0.21970949288104274
H40,19.61422321757896,-103.4865932661396,2024,7,2024-07,3,0.7324389156126618,0.28098310721133374
H41,19.60964441322967,-103.4875908955098,2024,7,2024-07,3,0.5556826379533513,0.12312628163284904
H42,19.6171207933109,-103.4889001524713,2024,7,2024-07,3,0.5282781649612123,0.1303910504404253
H43,19.61451845491155,-103.4926481384631,2024,7,2024-07,3,0.5415385816055119,0.13059178236737842
H44,19.61263647892398,-103.4912288771512,2024,7,2024-07,3,0.599703815827662,0.16647295790197983
H45,19.60934749359883,-103.489216124793,2024,7,2024-07,3,0.5401300834344182,0.09141546095788065
H46,19.60942413443004,-103.4902280275767,2024,7,2024-07,3,0.5314613863237571,0.08619018181289693
H47,19.60921557442716,-103.4924523306077,2024,7,2024-07,3,0.48305635795471935,0.10810397031245579
H48,19.60806269214817,-103.4951061797037,2024,7,2024-07,3,0.3324783449578203,0.10542869903169864
H49,19.61498262970927,-103.4988105532358,2024,7,2024-07,3,0.5495462940600612,0.1676437925535195
H50,19.61011338081553,-103.5061892246769,2024,7,2024-07,3,0.393991604616467,0.2133858955637792
H51,19.61961236528353,-103.5087860622131,2024,7,2024-07,3,0.4925592472860009,0.21583605438106976
H52,19.62373074157903,-103.506858857131,2024,7,2024-07,3,0.28230028139103247,0.12451550871026809
H53,19.6220524419853,-103.5039156451538,2024,7,2024-07,3,0.16775554561668524,0.1707294296122339
H54,19.621438862174,-103.5012333605017,2024,7,2024-07,3,0.1314835312401072,0.13103233323783628
H55,19.62164911694436,-103.4994749950378,2024,7,2024-07,3,0.30173239425721826,0.09886773456232643
H56,19.61921532953394,-103.4972616233209,2024,7,2024-07,3,0.38362267847934667,0.02868459293202714
H57,19.61897530908676,-103.4950371159645,2024,7,2024-07,3,0.4707434385925093,0.023785101451500562
H58,19.62015890829346,-103.4904304573702,2024,7,2024-07,3,0.6220299149003115,0.13033658485056507
H59,19.62171827008233,-103.4865543693567,2024,7,2024-07,3,0.592126322481395,0.1164481144412342
H60,19.62410311838264,-103.4983277084877,2024,7,2024-07,3,0.40071622062253426,0.14965191711009715
H61,19.62663965521857,-103.4966882892999,2024,7,2024-07,3,0.39054965073819947,0.139851989648192
H62,19.62574866158377,-103.4923995903546,2024,7,2024-07,3,0.2504667284777231,0.07979945623169431
H63,19.62967479841514,-103.4905956816595,2024,7,2024-07,3,0.24170975959463756,0.0430375065044782
H64,19.62318042476388,-103.4897338139707,2024,7,2024-07,3,0.5767312127747728,0.16256320243993397
H65,19.62549316602416,-103.5006797215266,2024,7,2024-07,3,0.2547586430291969,0.1601313032907834
H66,19.62754606705777,-103.5006843723593,2024,7,2024-07,3,0.379035547425239,0.16192802949652796
H67,19.63204957316679,-103.5006313932001,2024,7,2024-07,3,0.5350581432176728,0.16402212243864192
H68,19.62764543878409,-103.5041222734758,2024,7,2024-07,3,0.17983874207684475,0.1387953567045784
H69,19.62326850459801,-103.5088931720352,2024,7,2024-07,3,0.38523156218825444,0.13697722976628343
H70,19.6263645881459,-103.5081728823758,2024,7,2024-07,3,0.2726197985209207,0.13381598164418845
H71,19.62298058031248,-103.5108963687992,2024,7,2024-07,3,0.39426684916175303,0.10575285484422342
H72,19.60791996745303,-103.5088436795277,2024,7,2024-07,3,0.08209981469678022,0.14591691116705754
H73,19.60688026534045,-103.5119994427884,2024,7,2024-07,3,0.08098271789487105,0.1336653418150635
H74,19.60589173726333,-103.5034448997359,2024,7,2024-07,3,0.5815789507642248,0.1566676269090679
H75,19.60306803601581,-103.5022381720191,2024,7,2024-07,3,0.6030181952090778,0.2008195239859355
H76,19.61379750235326,-103.5080848952479,2024,7,2024-07,3,0.45111680881055505,0.1676325151363888
H77,19.61346016192836,-103.5100682060295,2024,7,2024-07,3,0.39164547867196964,0.12813510141414597
H78,19.61409204222733,-103.5105722727903,2024,7,2024-07,3,0.41572727577657004,0.12010524947889607
H79,19.61353215599024,-103.5123741788091,2024,7,2024-07,3,0.3894700717019355,0.10607306698691933
H80,19.61779554429717,-103.5110620628573,2024,7,2024-07,3,0.45471140902461676,0.14737937379370963
H81,19.61991823018052,-103.513120060683,2024,7,2024-07,3,0.37849156277319196,0.09617377369159907
H82,19.62073465959264,-103.514415855126,2024,7,2024-07,3,0.3415501034419447,0.0826831602340141
H83,19.61823643269025,-103.5148556403709,2024,7,2024-07,3,0.34014252269476414,0.1049792300331258
H84,19.61655830108952,-103.5173207877669,2024,7,2024-07,3,0.30850545894679937,0.1087862205298579
H85,19.61530473873262,-103.515910301509,2024,7,2024-07,3,0.35625114398254276,0.1037647221961156
H86,19.6126488644727,-103.5176299849256,2024,7,2024-07,3,0.19627462242368654,0.1092320133022971
H87,19.61074534974949,-103.5147577998847,2024,7,2024-07,3,0.17206353257022447,0.10187010786698768
H88,19.60922824229959,-103.51816450361,2024,7,2024-07,3,0.040359586600432526,0.13198035811099576
H89,19.60972792389859,-103.5241137226966,2024,7,2024-07,3,0.38132771603982707,0.16280459244667236
H90,19.60887219704412,-103.5257551584595,2024,7,2024-07,3,0.3832239092234009,0.1603230856462033
H91,19.6076221074036,-103.5233747651936,2024,7,2024-07,3,0.41631246622945983,0.16764322539671989
H92,19.60560940953978,-103.5215470361636,2024,7,2024-07,3,0.35980002918854553,0.17103165083573735
H93,19.60208824925957,-103.526896999217,2024,7,2024-07,3,0.27151035986751537,0.13796802305691283
H94,19.60248937810072,-103.5219082769416,2024,7,2024-07,3,0.21794239040395594,0.1670347848082092
H95,19.60312115256844,-103.5188596816631,2024,7,2024-07,3,0.08234384039981463,0.13365401680793765
H96,19.60407294309323,-103.520077159053,2024,7,2024-07,3,0.17268195902598796,0.142762570340835
H97,19.60595122525007,-103.5194188749723,2024,7,2024-07,3,0.2015019882582455,0.15432774791726087
H98,19.60823320763247,-103.514985563467,2024,7,2024-07,3,0.11783881966673167,0.12894363462137007
H99,19.60388855172959,-103.5158544085341,2024,7,2024-07,3,0.052097856585252914,0.14967439823164472
H100,19.6382574968776,-103.5003223970978,2024,7,2024-07,3,0.5062785244358876,0.23911163971429325
H1,19.66316440676028,-103.4874704375219,2024,8,2024-08,4,0.4589214684120349,0.15007880871771007
H2,19.65958480327006,-103.4916814554342,2024,8,2024-08,4,0.40931576441558765,0.15373040856222484
H3,19.64923190063498,-103.495946402958,2024,8,2024-08,4,0.6861509768276582,0.1570530603955762
H4,19.64892797006392,-103.4934247600402,2024,8,2024-08,4,0.6612253845363524,0.12818089532127241
H5,19.64768676086755,-103.4905412268389,2024,8,2024-08,4,0.5114987415730206,0.050309254436032826
H6,19.64498379789444,-103.4931777628067,2024,8,2024-08,4,0.5422762998891127,0.03872712086465231
H7,19.64523781970015,-103.4907449690666,2024,8,2024-08,4,0.5213015013942154,0.03633333704841025
H8,19.64391544066743,-103.4919779953152,2024,8,2024-08,4,0.5288660505912707,0.017508296703510597
H9,19.64289593962869,-103.4923312690368,2024,8,2024-08,4,0.5438817911871705,0.028510925868135365
H10,19.64326268753868,-103.4935692151058,2024,8,2024-08,4,0.5441792492619824,0.04064698265176848
H11,19.63699143780181,-103.4910115238732,2024,8,2024-08,4,0.5000307759990713,0.10557502244402728
H12,19.6423261120543,-103.4866375453042,2024,8,2024-08,4,0.676187094489152,0.1436439432081856
H13,19.63928751073353,-103.4859554790877,2024,8,2024-08,4,0.7636246052958849,0.22422295999067587
H14,19.63810334260486,-103.4783889889258,2024,8,2024-08,4,0.5203428570570366,0.16160209750192123
H15,19.63304594879294,-103.4860570044078,2024,8,2024-08,4,0.5614031509180771,0.12530164355240006
H16,19.63363829304725,-103.4780586924613,2024,8,2024-08,4,0.5016418705275711,0.15737748539819363
H18,19.64603762240055,-103.4727003353048,2024,8,2024-08,4,0.40132494648445427,0.10242996957315102
H17,19.64350681735759,-103.4740222414965,2024,8,2024-08,4,0.3927414896054549,0.07919439465782888
H19,19.64471242055359,-103.4660382865516,2024,8,2024-08,4,0.5053093263584637,0.1321495099769697
H20,19.64573564260593,-103.463262682718,2024,8,2024-08,4,0.5325995599611106,0.13370537983981765
H21,19.64156668442107,-103.4659894961305,2024,8,2024-08,4,0.4717978328193443,0.0691078408621977
H22,19.63841324577597,-103.466659499049,2024,8,2024-08,4,0.38217314389591317,0.08145643281212282
H23,19.64582256330241,-103.4600574738049,2024,8,2024-08,4,0.5692501681867865,0.11168636519993565
H24,19.63458571520362,-103.4659597724037,2024,8,2024-08,4,0.45410296463709643,0.14148244340321217
H25,19.6352254903721,-103.4698151940444,2024,8,2024-08,4,0.42607817449994617,0.17436309441604467
H26,19.6375519816719,-103.4725797498141,2024,8,2024-08,4,0.47333074335522823,0.2235387172654107
H27,19.63252169252172,-103.4706206808633,2024,8,2024-08,4,0.45193619966624676,0.17028062405754166
H28,19.62924958680501,-103.4667801634766,2024,8,2024-08,4,0.3495239639140572,0.12174641636215736
H29,19.62595823238879,-103.4724550507898,2024,8,2024-08,4,0.48450456962598404,0.210264018501586
H30,19.62454684136882,-103.4673631977053,2024,8,2024-08,4,0.46412365877788453,0.18422052792326116
H31,19.62400044564311,-103.4720322735746,2024,8,2024-08,4,0.4897301121496266,0.22498985511255654
H32,19.61959998384637,-103.4767867508887,2024,8,2024-08,4,0.5100994840406021,0.2436059749060236
H33,19.61742108024948,-103.4745293846265,2024,8,2024-08,4,0.5464345239217094,0.29460726343434
H34,19.61706263447486,-103.4717205538295,2024,8,2024-08,4,0.4828063705010707,0.23550592780081786
H35,19.62235761063883,-103.4790615464518,2024,8,2024-08,4,0.4468860337909228,0.13723807868327745
H36,19.61265718886245,-103.475737660252,2024,8,2024-08,4,0.47012419863000265,0.18124885220548823
H37,19.61287910833094,-103.4782759946473,2024,8,2024-08,4,0.5697894261607082,0.23137439224204526
H38,19.61351141813728,-103.4814391298695,2024,8,2024-08,4,0.7035466477751421,0.2732256706483404
H39,19.61739633960506,-103.4846383837301,2024,8,2024-08,4,0.5558195577704981,0.25547217214143475
H40,19.61422321757896,-103.4865932661396,2024,8,2024-08,4,0.7673011077242325,0.29149969818540394
H41,19.60964441322967,-103.4875908955098,2024,8,2024-08,4,0.5739413909942953,0.15552834322078626
H42,19.6171207933109,-103.4889001524713,2024,8,2024-08,4,0.5541391821484235,0.20895818723609658
H43,19.61451845491155,-103.4926481384631,2024,8,2024-08,4,0.5611096220680386,0.11313567139616751
H44,19.61263647892398,-103.4912288771512,2024,8,2024-08,4,0.6568986652391032,0.17196762410883737
H45,19.60934749359883,-103.489216124793,2024,8,2024-08,4,0.5994123792679087,0.15335166316917948
H46,19.60942413443004,-103.4902280275767,2024,8,2024-08,4,0.6132648775552818,0.1599085646130021
H47,19.60921557442716,-103.4924523306077,2024,8,2024-08,4,0.6125873082068636,0.17375785427128176
H48,19.60806269214817,-103.4951061797037,2024,8,2024-08,4,0.4508006980538957,0.11940572965282374
H49,19.61498262970927,-103.4988105532358,2024,8,2024-08,4,0.5776121093801749,0.15804941489884633
H50,19.61011338081553,-103.5061892246769,2024,8,2024-08,4,0.7356059636752974,0.25773177502432304
H51,19.61961236528353,-103.5087860622131,2024,8,2024-08,4,0.6164628818737572,0.23395007840933227
H52,19.62373074157903,-103.506858857131,2024,8,2024-08,4,0.596324664154108,0.11075504373723304
H53,19.6220524419853,-103.5039156451538,2024,8,2024-08,4,0.45816234316755416,0.12768466763202396
H54,19.621438862174,-103.5012333605017,2024,8,2024-08,4,0.46750276909355576,0.12200128791638684
H55,19.62164911694436,-103.4994749950378,2024,8,2024-08,4,0.5415700412745835,0.14345405814790108
H56,19.61921532953394,-103.4972616233209,2024,8,2024-08,4,0.5528091747948672,0.11375936750845149
H57,19.61897530908676,-103.4950371159645,2024,8,2024-08,4,0.6034255505239562,0.13971434695619864
H58,19.62015890829346,-103.4904304573702,2024,8,2024-08,4,0.5166118020383903,0.21943956804212975
H59,19.62171827008233,-103.4865543693567,2024,8,2024-08,4,0.5532281113952936,0.25495019834238447
H60,19.62410311838264,-103.4983277084877,2024,8,2024-08,4,0.5819835503916125,0.18230582189093428
H61,19.62663965521857,-103.4966882892999,2024,8,2024-08,4,0.5843086934852768,0.23110852903902934
H62,19.62574866158377,-103.4923995903546,2024,8,2024-08,4,0.6446557209167203,0.2564087207008758
H63,19.62967479841514,-103.4905956816595,2024,8,2024-08,4,0.5685361263255091,0.11490210299267532
H64,19.62318042476388,-103.4897338139707,2024,8,2024-08,4,0.637707740687778,0.30299869177355093
H65,19.62549316602416,-103.5006797215266,2024,8,2024-08,4,0.5162312690482032,0.1338847424193386
H66,19.62754606705777,-103.5006843723593,2024,8,2024-08,4,0.43951241768242144,0.1149145178427003
H67,19.63204957316679,-103.5006313932001,2024,8,2024-08,4,0.6391949360206489,0.19587183706827724
H68,19.62764543878409,-103.5041222734758,2024,8,2024-08,4,0.5618825372364158,0.1417929626828371
H69,19.62326850459801,-103.5088931720352,2024,8,2024-08,4,0.6185971513385085,0.1319911804737792
H70,19.6263645881459,-103.5081728823758,2024,8,2024-08,4,0.65699666964058,0.17153987533491394
H71,19.62298058031248,-103.5108963687992,2024,8,2024-08,4,0.5660654938947791,0.12412089023887572
H72,19.60791996745303,-103.5088436795277,2024,8,2024-08,4,0.481082144083522,0.1325520703223759
H73,19.60688026534045,-103.5119994427884,2024,8,2024-08,4,0.45975382248145963,0.1385443630616026
H74,19.60589173726333,-103.5034448997359,2024,8,2024-08,4,0.5452729719426476,0.1218233477748076
H75,19.60306803601581,-103.5022381720191,2024,8,2024-08,4,0.5068780164643755,0.16702909044654832
H76,19.61379750235326,-103.5080848952479,2024,8,2024-08,4,0.6579846669090856,0.2178025823967831
H77,19.61346016192836,-103.5100682060295,2024,8,2024-08,4,0.6376219060479249,0.18253731236165785
H78,19.61409204222733,-103.5105722727903,2024,8,2024-08,4,0.6040953250741814,0.16878184698523443
H79,19.61353215599024,-103.5123741788091,2024,8,2024-08,4,0.6029604176769787,0.16838623305959635
H80,19.61779554429717,-103.5110620628573,2024,8,2024-08,4,0.5033559064028408,0.17495156852494226
H81,19.61991823018052,-103.513120060683,2024,8,2024-08,4,0.42655530952483234,0.13187644247461414
H82,19.62073465959264,-103.514415855126,2024,8,2024-08,4,0.37109454057004876,0.10897773546619034
H83,19.61823643269025,-103.5148556403709,2024,8,2024-08,4,0.45162672660975905,0.11292494522194463
H84,19.61655830108952,-103.5173207877669,2024,8,2024-08,4,0.5292944937052483,0.14383533427646614
H85,19.61530473873262,-103.515910301509,2024,8,2024-08,4,0.5321789039866776,0.13710249385110865
H86,19.6126488644727,-103.5176299849256,2024,8,2024-08,4,0.5722549778443715,0.17726105944409254
H87,19.61074534974949,-103.5147577998847,2024,8,2024-08,4,0.5820264073257058,0.17477812358000505
H88,19.60922824229959,-103.51816450361,2024,8,2024-08,4,0.4581309555056985,0.13759944514832828
H89,19.60972792389859,-103.5241137226966,2024,8,2024-08,4,0.5115690645907042,0.1808263535159342
H90,19.60887219704412,-103.5257551584595,2024,8,2024-08,4,0.5958020931431608,0.2227959354689517
H91,19.6076221074036,-103.5233747651936,2024,8,2024-08,4,0.42832774594397155,0.16972750233022507
H92,19.60560940953978,-103.5215470361636,2024,8,2024-08,4,0.4840684309657662,0.18381741450239109
H93,19.60208824925957,-103.526896999217,2024,8,2024-08,4,0.3764182590960958,0.10878846581612013
H94,19.60248937810072,-103.5219082769416,2024,8,2024-08,4,0.5576938915296279,0.22326149145192462
H95,19.60312115256844,-103.5188596816631,2024,8,2024-08,4,0.5000925862079214,0.19555362962866799
H96,19.60407294309323,-103.520077159053,2024,8,2024-08,4,0.5383654401173927,0.19880317300023134
H97,19.60595122525007,-103.5194188749723,2024,8,2024-08,4,0.46115947086486975,0.17029257547810286
H98,19.60823320763247,-103.514985563467,2024,8,2024-08,4,0.5531647390289693,0.19000399879600133
H99,19.60388855172959,-103.5158544085341,2024,8,2024-08,4,0.4669366205356599,0.17001226506537898
H100,19.6382574968776,-103.5003223970978,2024,8,2024-08,4,0.6229908306316622,0.17980333165911497
H1,19.66316440676028,-103.4874704375219,2024,9,2024-09,4,0.5569648009694588,0.18118171459998833
H2,19.65958480327006,-103.4916814554342,2024,9,2024-09,4,0.4499659881952184,0.16174220091374575
H3,19.64923190063498,-103.495946402958,2024,9,2024-09,4,0.5904768178012326,0.20391749664577735
H4,19.64892797006392,-103.4934247600402,2024,9,2024-09,4,0.49390157327200124,0.14422081107668616
H5,19.64768676086755,-103.4905412268389,2024,9,2024-09,4,0.3115569321940401,0.05696579425769522
H6,19.64498379789444,-103.4931777628067,2024,9,2024-09,4,0.3157685424494396,0.12347805894732844
H7,19.64523781970015,-103.4907449690666,2024,9,2024-09,4,0.3237651372185754,0.07818958027321724
H8,19.64391544066743,-103.4919779953152,2024,9,2024-09,4,0.3046140774728665,0.09797871436976553
H9,19.64289593962869,-103.4923312690368,2024,9,2024-09,4,0.30555932165291966,0.10845083715631187
H10,19.64326268753868,-103.4935692151058,2024,9,2024-09,4,0.3120252058408092,0.1323363111111035
H11,19.63699143780181,-103.4910115238732,2024,9,2024-09,4,0.5085692118862059,0.14483889009584902
H12,19.6423261120543,-103.4866375453042,2024,9,2024-09,4,0.5746504059429742,0.16512732824749807
H13,19.63928751073353,-103.4859554790877,2024,9,2024-09,4,0.5027940851210492,0.1647519045745607
H14,19.63810334260486,-103.4783889889258,2024,9,2024-09,4,0.6110381184638836,0.18833526423403935
H15,19.63304594879294,-103.4860570044078,2024,9,2024-09,4,0.4664801249453127,0.09227301075363668
H16,19.63363829304725,-103.4780586924613,2024,9,2024-09,4,0.623420445492339,0.12045621286047661
H18,19.64603762240055,-103.4727003353048,2024,9,2024-09,4,0.4536771645829452,0.14705858960837406
H17,19.64350681735759,-103.4740222414965,2024,9,2024-09,4,0.39626133158093924,0.09747313139534071
H19,19.64471242055359,-103.4660382865516,2024,9,2024-09,4,0.40251271021612284,0.15398223867280178
H20,19.64573564260593,-103.463262682718,2024,9,2024-09,4,0.379824293430167,0.1727680577284076
H21,19.64156668442107,-103.4659894961305,2024,9,2024-09,4,0.3151620993804202,0.1124213881083227
H22,19.63841324577597,-103.466659499049,2024,9,2024-09,4,0.3911474581802163,0.12991054489979603
H23,19.64582256330241,-103.4600574738049,2024,9,2024-09,4,0.3554994738048129,0.14475612170919644
H24,19.63458571520362,-103.4659597724037,2024,9,2024-09,4,0.5850976572857922,0.18543165216863716
H25,19.6352254903721,-103.4698151940444,2024,9,2024-09,4,0.43230298568112563,0.16506242453605824
H26,19.6375519816719,-103.4725797498141,2024,9,2024-09,4,0.4051381519717094,0.1457054903818269
H27,19.63252169252172,-103.4706206808633,2024,9,2024-09,4,0.5819610379564364,0.20231546309964488
H28,19.62924958680501,-103.4667801634766,2024,9,2024-09,4,0.5826525175215743,0.18930891391197463
H29,19.62595823238879,-103.4724550507898,2024,9,2024-09,4,0.595965861002113,0.1413977626212672
H30,19.62454684136882,-103.4673631977053,2024,9,2024-09,4,0.5306385399178357,0.1485092202247499
H31,19.62400044564311,-103.4720322735746,2024,9,2024-09,4,0.6400451519818844,0.1793277262208803
H32,19.61959998384637,-103.4767867508887,2024,9,2024-09,4,0.6727773034739098,0.22658179589309166
H33,19.61742108024948,-103.4745293846265,2024,9,2024-09,4,0.7477835959776483,0.31097846330196977
H34,19.61706263447486,-103.4717205538295,2024,9,2024-09,4,0.6130391299205976,0.23384385839299063
H35,19.62235761063883,-103.4790615464518,2024,9,2024-09,4,0.4684093521527701,0.10173580488499491
H36,19.61265718886245,-103.475737660252,2024,9,2024-09,4,0.4667976735946899,0.14973084011032664
H37,19.61287910833094,-103.4782759946473,2024,9,2024-09,4,0.5623687759551498,0.18509778893308984
H38,19.61351141813728,-103.4814391298695,2024,9,2024-09,4,0.6780901873089346,0.22541835540355176
H39,19.61739633960506,-103.4846383837301,2024,9,2024-09,4,0.7662423149217021,0.27656987003006156
H40,19.61422321757896,-103.4865932661396,2024,9,2024-09,4,0.5999495136409242,0.20758601927957712
H41,19.60964441322967,-103.4875908955098,2024,9,2024-09,4,0.495479580502179,0.14802329381316062
H42,19.6171207933109,-103.4889001524713,2024,9,2024-09,4,0.53205432982829,0.16401412257397388
H43,19.61451845491155,-103.4926481384631,2024,9,2024-09,4,0.5307011450115009,0.08018518291703847
H44,19.61263647892398,-103.4912288771512,2024,9,2024-09,4,0.6131045881686539,0.13082904206310228
H45,19.60934749359883,-103.489216124793,2024,9,2024-09,4,0.6024938132292538,0.19953842646492653
H46,19.60942413443004,-103.4902280275767,2024,9,2024-09,4,0.6765483488400057,0.23190892361450877
H47,19.60921557442716,-103.4924523306077,2024,9,2024-09,4,0.7474087475249538,0.26423936672057124
H48,19.60806269214817,-103.4951061797037,2024,9,2024-09,4,0.5755184002730569,0.1893769738650274
H49,19.61498262970927,-103.4988105532358,2024,9,2024-09,4,0.6042382208403765,0.14668994975637306
H50,19.61011338081553,-103.5061892246769,2024,9,2024-09,4,0.6089169130705705,0.1990839784825353
H51,19.61961236528353,-103.5087860622131,2024,9,2024-09,4,0.35884329368106005,0.19093874420679785
H52,19.62373074157903,-103.506858857131,2024,9,2024-09,4,0.3883061420657931,0.13699749338215106
H53,19.6220524419853,-103.5039156451538,2024,9,2024-09,4,0.5276664209618297,0.151322292009021
H54,19.621438862174,-103.5012333605017,2024,9,2024-09,4,0.6031985629911173,0.11743986076773195
H55,19.62164911694436,-103.4994749950378,2024,9,2024-09,4,0.6020269088506497,0.15324444383821523
H56,19.61921532953394,-103.4972616233209,2024,9,2024-09,4,0.5239561229978839,0.10470283500759196
H57,19.61897530908676,-103.4950371159645,2024,9,2024-09,4,0.5577723243623605,0.1298679065515035
H58,19.62015890829346,-103.4904304573702,2024,9,2024-09,4,0.40458136233430647,0.1330708849410055
H59,19.62171827008233,-103.4865543693567,2024,9,2024-09,4,0.500198890029322,0.18632825946581505
H60,19.62410311838264,-103.4983277084877,2024,9,2024-09,4,0.6048108705536123,0.18090328472245493
H61,19.62663965521857,-103.4966882892999,2024,9,2024-09,4,0.48402964255425784,0.1310307419850427
H62,19.62574866158377,-103.4923995903546,2024,9,2024-09,4,0.4038433998193844,0.11505150061483069
H63,19.62967479841514,-103.4905956816595,2024,9,2024-09,4,0.4686175842477208,0.15813361123460604
H64,19.62318042476388,-103.4897338139707,2024,9,2024-09,4,0.5079710290666355,0.2380594568252852
H65,19.62549316602416,-103.5006797215266,2024,9,2024-09,4,0.6063237510480917,0.1711299606454627
H66,19.62754606705777,-103.5006843723593,2024,9,2024-09,4,0.5974658099889959,0.16616153143017728
H67,19.63204957316679,-103.5006313932001,2024,9,2024-09,4,0.6124118927824361,0.226703162819558
H68,19.62764543878409,-103.5041222734758,2024,9,2024-09,4,0.5366892283864695,0.15094579234498356
H69,19.62326850459801,-103.5088931720352,2024,9,2024-09,4,0.3163093945320235,0.14687112806494904
H70,19.6263645881459,-103.5081728823758,2024,9,2024-09,4,0.316984282586646,0.18649756818152777
H71,19.62298058031248,-103.5108963687992,2024,9,2024-09,4,0.2882314950535508,0.15264786574819114
H72,19.60791996745303,-103.5088436795277,2024,9,2024-09,4,0.43010332007322255,0.14402312574712872
H73,19.60688026534045,-103.5119994427884,2024,9,2024-09,4,0.37392877587523965,0.15241504271781028
H74,19.60589173726333,-103.5034448997359,2024,9,2024-09,4,0.5989567182471428,0.09914036289062042
H75,19.60306803601581,-103.5022381720191,2024,9,2024-09,4,0.6225889495609067,0.16031993576226714
H76,19.61379750235326,-103.5080848952479,2024,9,2024-09,4,0.37709324280154227,0.18255755101425275
H77,19.61346016192836,-103.5100682060295,2024,9,2024-09,4,0.3398960377168414,0.17227447386340167
H78,19.61409204222733,-103.5105722727903,2024,9,2024-09,4,0.33056174656882537,0.16801053200950697
H79,19.61353215599024,-103.5123741788091,2024,9,2024-09,4,0.29248249201221993,0.1550342681842681
H80,19.61779554429717,-103.5110620628573,2024,9,2024-09,4,0.36401349662429955,0.19236502480111203
H81,19.61991823018052,-103.513120060683,2024,9,2024-09,4,0.32887368566555775,0.1764440975432469
H82,19.62073465959264,-103.514415855126,2024,9,2024-09,4,0.34662542571498245,0.16512399211834453
H83,19.61823643269025,-103.5148556403709,2024,9,2024-09,4,0.26232622806066713,0.1476682440949935
H84,19.61655830108952,-103.5173207877669,2024,9,2024-09,4,0.12114302967172838,0.15818603313188773
H85,19.61530473873262,-103.515910301509,2024,9,2024-09,4,0.10864335664127213,0.15431159281549628
H86,19.6126488644727,-103.5176299849256,2024,9,2024-09,4,0.19696603204192983,0.2094548471413883
H87,19.61074534974949,-103.5147577998847,2024,9,2024-09,4,0.2871997729157415,0.16568160732122975
H88,19.60922824229959,-103.51816450361,2024,9,2024-09,4,0.34739250168844416,0.21200975624001273
H89,19.60972792389859,-103.5241137226966,2024,9,2024-09,4,0.3594646583222502,0.2262503776189124
H90,19.60887219704412,-103.5257551584595,2024,9,2024-09,4,0.37794308438956375,0.26078797947655563
H91,19.6076221074036,-103.5233747651936,2024,9,2024-09,4,0.3426727624526233,0.20782011336270137
H92,19.60560940953978,-103.5215470361636,2024,9,2024-09,4,0.33327365851328183,0.2133909109723254
H93,19.60208824925957,-103.526896999217,2024,9,2024-09,4,0.25770343813351254,0.1781086511860692
H94,19.60248937810072,-103.5219082769416,2024,9,2024-09,4,0.33918995055462026,0.21611449074284098
H95,19.60312115256844,-103.5188596816631,2024,9,2024-09,4,0.34113825497360983,0.18728759960548697
H96,19.60407294309323,-103.520077159053,2024,9,2024-09,4,0.3165496395806387,0.1920081117216031
H97,19.60595122525007,-103.5194188749723,2024,9,2024-09,4,0.35547810221271253,0.2279310551972786
H98,19.60823320763247,-103.514985563467,2024,9,2024-09,4,0.3295238273541556,0.16728025082753917
H99,19.60388855172959,-103.5158544085341,2024,9,2024-09,4,0.37948610847808867,0.20920341092621636
H100,19.6382574968776,-103.5003223970978,2024,9,2024-09,4,0.4387743756233799,0.21458503184542121
H1,19.66316440676028,-103.4874704375219,2024,10,2024-10,5,0.5608575814180919,0.14207237013336124
H2,19.65958480327006,-103.4916814554342,2024,10,2024-10,5,0.44848304416152923,0.12609471642463566
H3,19.64923190063498,-103.495946402958,2024,10,2024-10,5,0.6773863722685092,0.16750187895640709
H4,19.64892797006392,-103.4934247600402,2024,10,2024-10,5,0.6791967392188499,0.14667846644655805
H5,19.64768676086755,-103.4905412268389,2024,10,2024-10,5,0.5974667900935321,0.06171722498755646
H6,19.64498379789444,-103.4931777628067,2024,10,2024-10,5,0.5693848817611737,0.07277964700750482
H7,19.64523781970015,-103.4907449690666,2024,10,2024-10,5,0.609067639666481,0.08149623971167815
H8,19.64391544066743,-103.4919779953152,2024,10,2024-10,5,0.5592710724835585,0.0544776925083669
H9,19.64289593962869,-103.4923312690368,2024,10,2024-10,5,0.5470175827392557,0.0438240035927615
H10,19.64326268753868,-103.4935692151058,2024,10,2024-10,5,0.5471236452658509,0.048339246089959605
H11,19.63699143780181,-103.4910115238732,2024,10,2024-10,5,0.6366097424661831,0.15753648524186703
H12,19.6423261120543,-103.4866375453042,2024,10,2024-10,5,0.725715211172644,0.20593037063565844
H13,19.63928751073353,-103.4859554790877,2024,10,2024-10,5,0.7539688181343199,0.22019379228949323
H14,19.63810334260486,-103.4783889889258,2024,10,2024-10,5,0.6468399614869602,0.13405236396230252
H15,19.63304594879294,-103.4860570044078,2024,10,2024-10,5,0.5863891894070664,0.08704703919820438
H16,19.63363829304725,-103.4780586924613,2024,10,2024-10,5,0.6706033746901556,0.1440885491648872
H18,19.64603762240055,-103.4727003353048,2024,10,2024-10,5,0.6009439973562323,0.10023912707272473
H17,19.64350681735759,-103.4740222414965,2024,10,2024-10,5,0.6002371408159979,0.057968012830657695
H19,19.64471242055359,-103.4660382865516,2024,10,2024-10,5,0.6345984789486766,0.12806619559545465
H20,19.64573564260593,-103.463262682718,2024,10,2024-10,5,0.6497205363493699,0.15658510069220555
H21,19.64156668442107,-103.4659894961305,2024,10,2024-10,5,0.5557037225461479,0.0292686421457865
H22,19.63841324577597,-103.466659499049,2024,10,2024-10,5,0.5930598605146385,0.11144967455618111
H23,19.64582256330241,-103.4600574738049,2024,10,2024-10,5,0.6264179086045949,0.13556670522934547
H24,19.63458571520362,-103.4659597724037,2024,10,2024-10,5,0.5561671913924676,0.12746114723148336
H25,19.6352254903721,-103.4698151940444,2024,10,2024-10,5,0.6774995677187282,0.2179582974497955
H26,19.6375519816719,-103.4725797498141,2024,10,2024-10,5,0.6881719132089941,0.21410892556668926
H27,19.63252169252172,-103.4706206808633,2024,10,2024-10,5,0.711102572250602,0.22808074116201704
H28,19.62924958680501,-103.4667801634766,2024,10,2024-10,5,0.6324611869115843,0.18390164035225579
H29,19.62595823238879,-103.4724550507898,2024,10,2024-10,5,0.6515938341894396,0.13758824613285206
H30,19.62454684136882,-103.4673631977053,2024,10,2024-10,5,0.6642117211703397,0.15309293878480656
H31,19.62400044564311,-103.4720322735746,2024,10,2024-10,5,0.6828870270336354,0.1817008037644826
H32,19.61959998384637,-103.4767867508887,2024,10,2024-10,5,0.7366896133228531,0.22793504182182633
H33,19.61742108024948,-103.4745293846265,2024,10,2024-10,5,0.8664219815249237,0.32573505048538837
H34,19.61706263447486,-103.4717205538295,2024,10,2024-10,5,0.8392414938854335,0.3125604827238052
H35,19.62235761063883,-103.4790615464518,2024,10,2024-10,5,0.5057995079352127,0.06246296094999825
H36,19.61265718886245,-103.475737660252,2024,10,2024-10,5,0.5344341444606576,0.07739624857682646
H37,19.61287910833094,-103.4782759946473,2024,10,2024-10,5,0.6862106553408389,0.16842084503189617
H38,19.61351141813728,-103.4814391298695,2024,10,2024-10,5,0.7877630380629758,0.23570661974697474
H39,19.61739633960506,-103.4846383837301,2024,10,2024-10,5,0.7036512891723085,0.19001492749376955
H40,19.61422321757896,-103.4865932661396,2024,10,2024-10,5,0.7842883372158264,0.2287674603759689
H41,19.60964441322967,-103.4875908955098,2024,10,2024-10,5,0.6027799195350465,0.12329367072691773
H42,19.6171207933109,-103.4889001524713,2024,10,2024-10,5,0.622316195775609,0.13132956029547724
H43,19.61451845491155,-103.4926481384631,2024,10,2024-10,5,0.5496407397359512,0.0645396875945984
H44,19.61263647892398,-103.4912288771512,2024,10,2024-10,5,0.6480038728599462,0.11518254343455797
H45,19.60934749359883,-103.489216124793,2024,10,2024-10,5,0.6205610792260644,0.1381252090232805
H46,19.60942413443004,-103.4902280275767,2024,10,2024-10,5,0.6559462807281331,0.1644465605337713
H47,19.60921557442716,-103.4924523306077,2024,10,2024-10,5,0.7023450753209443,0.19378122770051534
H48,19.60806269214817,-103.4951061797037,2024,10,2024-10,5,0.5889712935255887,0.14893169854957355
H49,19.61498262970927,-103.4988105532358,2024,10,2024-10,5,0.6713830229227872,0.157497060920336
H50,19.61011338081553,-103.5061892246769,2024,10,2024-10,5,0.7569908159419215,0.2341143788881637
H51,19.61961236528353,-103.5087860622131,2024,10,2024-10,5,0.7429825901972098,0.20590646391451756
H52,19.62373074157903,-103.506858857131,2024,10,2024-10,5,0.6972659763550921,0.16566475214139545
H53,19.6220524419853,-103.5039156451538,2024,10,2024-10,5,0.6562953082549475,0.18816578697238906
H54,19.621438862174,-103.5012333605017,2024,10,2024-10,5,0.6371201443176525,0.11847458564589607
H55,19.62164911694436,-103.4994749950378,2024,10,2024-10,5,0.6464471714812197,0.14958758388385954
H56,19.61921532953394,-103.4972616233209,2024,10,2024-10,5,0.5727571486341791,0.084123054978681
H57,19.61897530908676,-103.4950371159645,2024,10,2024-10,5,0.6455822147720235,0.15431066915318487
H58,19.62015890829346,-103.4904304573702,2024,10,2024-10,5,0.72853392964665,0.206620206276473
H59,19.62171827008233,-103.4865543693567,2024,10,2024-10,5,0.7425408462861006,0.23364259055081066
H60,19.62410311838264,-103.4983277084877,2024,10,2024-10,5,0.6995033924725989,0.17519925394166708
H61,19.62663965521857,-103.4966882892999,2024,10,2024-10,5,0.6738469164709621,0.13436692410006937
H62,19.62574866158377,-103.4923995903546,2024,10,2024-10,5,0.647932220022639,0.1031541434840857
H63,19.62967479841514,-103.4905956816595,2024,10,2024-10,5,0.6249881381708764,0.12523621148898956
H64,19.62318042476388,-103.4897338139707,2024,10,2024-10,5,0.7834996372055889,0.2925648581236172
H65,19.62549316602416,-103.5006797215266,2024,10,2024-10,5,0.6632183386468526,0.1446672530188627
H66,19.62754606705777,-103.5006843723593,2024,10,2024-10,5,0.6472824716313015,0.1506494921906877
H67,19.63204957316679,-103.5006313932001,2024,10,2024-10,5,0.7061384882085657,0.21657484298868335
H68,19.62764543878409,-103.5041222734758,2024,10,2024-10,5,0.6447204033037836,0.15304379402586002
H69,19.62326850459801,-103.5088931720352,2024,10,2024-10,5,0.6902418036507437,0.18312490994876743
H70,19.6263645881459,-103.5081728823758,2024,10,2024-10,5,0.6882088615095878,0.16744492790548882
H71,19.62298058031248,-103.5108963687992,2024,10,2024-10,5,0.6638424111303352,0.1769236061562826
H72,19.60791996745303,-103.5088436795277,2024,10,2024-10,5,0.5460916005902633,0.09806880092861726
H73,19.60688026534045,-103.5119994427884,2024,10,2024-10,5,0.5977367458052478,0.11511489235625853
H74,19.60589173726333,-103.5034448997359,2024,10,2024-10,5,0.7278842559338264,0.18549306862263165
H75,19.60306803601581,-103.5022381720191,2024,10,2024-10,5,0.6605884288454271,0.15903293500935187
H76,19.61379750235326,-103.5080848952479,2024,10,2024-10,5,0.7103378207477539,0.21257974054864087
H77,19.61346016192836,-103.5100682060295,2024,10,2024-10,5,0.693301030644285,0.19044258005963557
H78,19.61409204222733,-103.5105722727903,2024,10,2024-10,5,0.6690212818380835,0.17114187980055953
H79,19.61353215599024,-103.5123741788091,2024,10,2024-10,5,0.6468914934747153,0.16291753863239913
H80,19.61779554429717,-103.5110620628573,2024,10,2024-10,5,0.6948270621644582,0.17818046806628637
H81,19.61991823018052,-103.513120060683,2024,10,2024-10,5,0.6259514300739846,0.1484113831270476
H82,19.62073465959264,-103.514415855126,2024,10,2024-10,5,0.5730162625108897,0.12671475026665785
H83,19.61823643269025,-103.5148556403709,2024,10,2024-10,5,0.5885035295200011,0.1021939784697026
H84,19.61655830108952,-103.5173207877669,2024,10,2024-10,5,0.6090616031295641,0.13665670678164024
H85,19.61530473873262,-103.515910301509,2024,10,2024-10,5,0.6216180282631518,0.14903623884294975
H86,19.6126488644727,-103.5176299849256,2024,10,2024-10,5,0.7461172412729764,0.2634419940679419
H87,19.61074534974949,-103.5147577998847,2024,10,2024-10,5,0.7286945127524046,0.2373331557467298
H88,19.60922824229959,-103.51816450361,2024,10,2024-10,5,0.7396273679912404,0.24357263545100596
H89,19.60972792389859,-103.5241137226966,2024,10,2024-10,5,0.7599525607189872,0.24379204929143777
H90,19.60887219704412,-103.5257551584595,2024,10,2024-10,5,0.7883419776351814,0.2719222474737445
H91,19.6076221074036,-103.5233747651936,2024,10,2024-10,5,0.7288018471642015,0.22309672433341757
H92,19.60560940953978,-103.5215470361636,2024,10,2024-10,5,0.7559893460233792,0.2498118506891333
H93,19.60208824925957,-103.526896999217,2024,10,2024-10,5,0.5133495646502712,0.16560486398606042
H94,19.60248937810072,-103.5219082769416,2024,10,2024-10,5,0.7626514129636209,0.26441966985359994
H95,19.60312115256844,-103.5188596816631,2024,10,2024-10,5,0.6904172700823615,0.20051789049746405
H96,19.60407294309323,-103.520077159053,2024,10,2024-10,5,0.7040946640360336,0.2155766688067166
H97,19.60595122525007,-103.5194188749723,2024,10,2024-10,5,0.7621312099550271,0.25396434997674744
H98,19.60823320763247,-103.514985563467,2024,10,2024-10,5,0.7070298423035386,0.20043074045134482
H99,19.60388855172959,-103.5158544085341,2024,10,2024-10,5,0.7177038734906603,0.21540645359670244
H100,19.6382574968776,-103.5003223970978,2024,10,2024-10,5,0.7462001198315075,0.2531542193148214
H1,19.66316440676028,-103.4874704375219,2024,11,2024-11,5,0.42772790900962315,0.04537554469503829
H2,19.65958480327006,-103.4916814554342,2024,11,2024-11,5,0.39958523277340313,0.10596783855545064
H3,19.64923190063498,-103.495946402958,2024,11,2024-11,5,0.5746732711361459,0.09832410280910579
H4,19.64892797006392,-103.4934247600402,2024,11,2024-11,5,0.6142753717798981,0.10667276928312004
H5,19.64768676086755,-103.4905412268389,2024,11,2024-11,5,0.5728831497207882,0.06129739269110434
H6,19.64498379789444,-103.4931777628067,2024,11,2024-11,5,0.5123615499873411,0.019657726610052332
H7,19.64523781970015,-103.4907449690666,2024,11,2024-11,5,0.5944167013592961,0.08468542739145363
H8,19.64391544066743,-103.4919779953152,2024,11,2024-11,5,0.5425690854458324,0.04770676587445935
H9,19.64289593962869,-103.4923312690368,2024,11,2024-11,5,0.5268292117239225,0.03496770751769201
H10,19.64326268753868,-103.4935692151058,2024,11,2024-11,5,0.5111145674247246,0.019707968048456672
H11,19.63699143780181,-103.4910115238732,2024,11,2024-11,5,0.5815594469885205,0.1408107749285153
H12,19.6423261120543,-103.4866375453042,2024,11,2024-11,5,0.6663443301770946,0.17601359411621684
H13,19.63928751073353,-103.4859554790877,2024,11,2024-11,5,0.7273998870644157,0.2306279862386222
H14,19.63810334260486,-103.4783889889258,2024,11,2024-11,5,0.5629238892485066,0.06943494541268602
H15,19.63304594879294,-103.4860570044078,2024,11,2024-11,5,0.49403446054630346,0.007241932213968526
H16,19.63363829304725,-103.4780586924613,2024,11,2024-11,5,0.46770211193156686,-0.04353013669061164
H18,19.64603762240055,-103.4727003353048,2024,11,2024-11,5,0.4988263651570744,0.0017941146134041197
H17,19.64350681735759,-103.4740222414965,2024,11,2024-11,5,0.5603217402823202,0.014774457423913158
H19,19.64471242055359,-103.4660382865516,2024,11,2024-11,5,0.5602272700092598,0.06011880540713494
H20,19.64573564260593,-103.463262682718,2024,11,2024-11,5,0.5608927130889181,0.06232326652802877
H21,19.64156668442107,-103.4659894961305,2024,11,2024-11,5,0.4662080938900301,-0.05691999693487968
H22,19.63841324577597,-103.466659499049,2024,11,2024-11,5,0.42542786444197417,-0.04151593113010194
H23,19.64582256330241,-103.4600574738049,2024,11,2024-11,5,0.553586099904887,0.06058247204507172
H24,19.63458571520362,-103.4659597724037,2024,11,2024-11,5,0.5224086400220416,0.09063311854870462
H25,19.6352254903721,-103.4698151940444,2024,11,2024-11,5,0.5159152519406305,0.045699027171874275
H26,19.6375519816719,-103.4725797498141,2024,11,2024-11,5,0.5687986346661881,0.09195429812542665
H27,19.63252169252172,-103.4706206808633,2024,11,2024-11,5,0.48915553021378894,-0.015561483998140686
H28,19.62924958680501,-103.4667801634766,2024,11,2024-11,5,0.4379004531173447,0.03375411898165733
H29,19.62595823238879,-103.4724550507898,2024,11,2024-11,5,0.6132029015072569,0.14594678610360828
H30,19.62454684136882,-103.4673631977053,2024,11,2024-11,5,0.5749012602961384,0.0925913397875877
H31,19.62400044564311,-103.4720322735746,2024,11,2024-11,5,0.6490097769430005,0.182891579416084
H32,19.61959998384637,-103.4767867508887,2024,11,2024-11,5,0.6591893681363206,0.21092402836555846
H33,19.61742108024948,-103.4745293846265,2024,11,2024-11,5,0.7579725943304975,0.29914060910031604
H34,19.61706263447486,-103.4717205538295,2024,11,2024-11,5,0.719483107694482,0.24751456657611706
H35,19.62235761063883,-103.4790615464518,2024,11,2024-11,5,0.4797177556838276,0.05940154262654207
H36,19.61265718886245,-103.475737660252,2024,11,2024-11,5,0.4565352144888112,0.058981459944384064
H37,19.61287910833094,-103.4782759946473,2024,11,2024-11,5,0.6152663901385726,0.15912041489224565
H38,19.61351141813728,-103.4814391298695,2024,11,2024-11,5,0.7490494967821207,0.23024150598483645
H39,19.61739633960506,-103.4846383837301,2024,11,2024-11,5,0.6725320768538384,0.20461080664726597
H40,19.61422321757896,-103.4865932661396,2024,11,2024-11,5,0.6790598167242771,0.22628882217516372
H41,19.60964441322967,-103.4875908955098,2024,11,2024-11,5,0.5079740320490771,0.12759673796830373
H42,19.6171207933109,-103.4889001524713,2024,11,2024-11,5,0.5532028304879416,0.10275852709105893
H43,19.61451845491155,-103.4926481384631,2024,11,2024-11,5,0.5060764637410996,0.07313334769620226
H44,19.61263647892398,-103.4912288771512,2024,11,2024-11,5,0.5995106967145007,0.1325941604770466
H45,19.60934749359883,-103.489216124793,2024,11,2024-11,5,0.5447341259076122,0.11669957322086198
H46,19.60942413443004,-103.4902280275767,2024,11,2024-11,5,0.5674759697475716,0.12208052595644306
H47,19.60921557442716,-103.4924523306077,2024,11,2024-11,5,0.5672779418327063,0.13286555975495404
H48,19.60806269214817,-103.4951061797037,2024,11,2024-11,5,0.4072396222192832,0.06987355405467698
H49,19.61498262970927,-103.4988105532358,2024,11,2024-11,5,0.4172723239448968,0.1480181955487278
H50,19.61011338081553,-103.5061892246769,2024,11,2024-11,5,0.6775243175962955,0.20905440854660182
H51,19.61961236528353,-103.5087860622131,2024,11,2024-11,5,0.654157826216681,0.1666610959164631
H52,19.62373074157903,-103.506858857131,2024,11,2024-11,5,0.672001442886757,0.18592151823551784
H53,19.6220524419853,-103.5039156451538,2024,11,2024-11,5,0.6197383618811296,0.20068450629137138
H54,19.621438862174,-103.5012333605017,2024,11,2024-11,5,0.5825473527848049,0.1469306732585414
H55,19.62164911694436,-103.4994749950378,2024,11,2024-11,5,0.5568835768659277,0.13078862080718123
H56,19.61921532953394,-103.4972616233209,2024,11,2024-11,5,0.5026801187010361,0.07913477356825883
H57,19.61897530908676,-103.4950371159645,2024,11,2024-11,5,0.5900576657508789,0.1258621103981845
H58,19.62015890829346,-103.4904304573702,2024,11,2024-11,5,0.5926410256162177,0.08167120201244435
H59,19.62171827008233,-103.4865543693567,2024,11,2024-11,5,0.6026745538810704,0.06696210123728734
H60,19.62410311838264,-103.4983277084877,2024,11,2024-11,5,0.6139394349625535,0.14956518368337954
H61,19.62663965521857,-103.4966882892999,2024,11,2024-11,5,0.6067707596398645,0.09484778759815228
H62,19.62574866158377,-103.4923995903546,2024,11,2024-11,5,0.5718685087905807,0.05501631857946842
H63,19.62967479841514,-103.4905956816595,2024,11,2024-11,5,0.44984702664670595,-0.02351139416762521
H64,19.62318042476388,-103.4897338139707,2024,11,2024-11,5,0.5531820078803734,0.0605240795696142
H65,19.62549316602416,-103.5006797215266,2024,11,2024-11,5,0.5847982891894369,0.11963800377355006
H66,19.62754606705777,-103.5006843723593,2024,11,2024-11,5,0.5962533053133606,0.12892349177675588
H67,19.63204957316679,-103.5006313932001,2024,11,2024-11,5,0.5965816543576639,0.1520902688408524
H68,19.62764543878409,-103.5041222734758,2024,11,2024-11,5,0.5781135536953741,0.13272582871588987
H69,19.62326850459801,-103.5088931720352,2024,11,2024-11,5,0.5948645958819834,0.1376591379787028
H70,19.6263645881459,-103.5081728823758,2024,11,2024-11,5,0.6472308401336386,0.17130806524209646
H71,19.62298058031248,-103.5108963687992,2024,11,2024-11,5,0.5193037887528208,0.08597124335600491
H72,19.60791996745303,-103.5088436795277,2024,11,2024-11,5,0.47380852738997564,0.10674394724236295
H73,19.60688026534045,-103.5119994427884,2024,11,2024-11,5,0.42247564194215875,0.09933492303402641
H74,19.60589173726333,-103.5034448997359,2024,11,2024-11,5,0.593914969618063,0.13241527391562427
H75,19.60306803601581,-103.5022381720191,2024,11,2024-11,5,0.5491764539542849,0.12140688160637825
H76,19.61379750235326,-103.5080848952479,2024,11,2024-11,5,0.5695867096013534,0.13718329708491075
H77,19.61346016192836,-103.5100682060295,2024,11,2024-11,5,0.577253968077367,0.144642061837423
H78,19.61409204222733,-103.5105722727903,2024,11,2024-11,5,0.5492399551846221,0.11819770177576909
H79,19.61353215599024,-103.5123741788091,2024,11,2024-11,5,0.49571265074333365,0.1207680633448471
H80,19.61779554429717,-103.5110620628573,2024,11,2024-11,5,0.6138399904771216,0.13693070911771843
H81,19.61991823018052,-103.513120060683,2024,11,2024-11,5,0.5991655115846837,0.12945293362609356
H82,19.62073465959264,-103.514415855126,2024,11,2024-11,5,0.528348682720607,0.10683143518361886
H83,19.61823643269025,-103.5148556403709,2024,11,2024-11,5,0.572602036338698,0.14144041334571503
H84,19.61655830108952,-103.5173207877669,2024,11,2024-11,5,0.4960737032730605,0.07551806216125065
H85,19.61530473873262,-103.515910301509,2024,11,2024-11,5,0.46213277700236594,0.05928192718320818
H86,19.6126488644727,-103.5176299849256,2024,11,2024-11,5,0.515043021993998,0.14106142763881527
H87,19.61074534974949,-103.5147577998847,2024,11,2024-11,5,0.4743787869817707,0.14940965218142532
H88,19.60922824229959,-103.51816450361,2024,11,2024-11,5,0.33152173543465185,0.16153010510980387
H89,19.60972792389859,-103.5241137226966,2024,11,2024-11,5,0.6136678334579782,0.1969248641073935
H90,19.60887219704412,-103.5257551584595,2024,11,2024-11,5,0.67885385702322,0.2209285632161913
H91,19.6076221074036,-103.5233747651936,2024,11,2024-11,5,0.4821229457786902,0.1635661922753178
H92,19.60560940953978,-103.5215470361636,2024,11,2024-11,5,0.3258556769697755,0.1894741887429552
H93,19.60208824925957,-103.526896999217,2024,11,2024-11,5,0.17069711078943972,0.13769645974628525
H94,19.60248937810072,-103.5219082769416,2024,11,2024-11,5,0.5530522528679522,0.2397580530739808
H95,19.60312115256844,-103.5188596816631,2024,11,2024-11,5,0.3380245900155579,0.1647314799596449
H96,19.60407294309323,-103.520077159053,2024,11,2024-11,5,0.3359578159767748,0.1826011508025723
H97,19.60595122525007,-103.5194188749723,2024,11,2024-11,5,0.17086109106063896,0.17946955707419748
H98,19.60823320763247,-103.514985563467,2024,11,2024-11,5,0.28609780875909335,0.15907362895482877
H99,19.60388855172959,-103.5158544085341,2024,11,2024-11,5,0.07212479631404246,0.13501979819146395
H100,19.6382574968776,-103.5003223970978,2024,11,2024-11,5,0.6895705093642769,0.23746014120816275
H1,19.66316440676028,-103.4874704375219,2024,12,2024-12,6,0.40087289940627363,-0.014478890721121044
H2,19.65958480327006,-103.4916814554342,2024,12,2024-12,6,0.42013377078342273,0.07434037834458707
H3,19.64923190063498,-103.495946402958,2024,12,2024-12,6,0.5411240528707251,0.05485940382407145
H4,19.64892797006392,-103.4934247600402,2024,12,2024-12,6,0.6301021667351704,0.06827032880293245
H5,19.64768676086755,-103.4905412268389,2024,12,2024-12,6,0.6080358720186234,0.0578391023180802
H6,19.64498379789444,-103.4931777628067,2024,12,2024-12,6,0.5165233262582078,-0.006874964432268897
H7,19.64523781970015,-103.4907449690666,2024,12,2024-12,6,0.6301327805266363,0.0811648954219329
H8,19.64391544066743,-103.4919779953152,2024,12,2024-12,6,0.5724856069684845,0.047398353066243036
H9,19.64289593962869,-103.4923312690368,2024,12,2024-12,6,0.564889497645126,0.0457020956144879
H10,19.64326268753868,-103.4935692151058,2024,12,2024-12,6,0.5279334181302204,0.011899874635108101
H11,19.63699143780181,-103.4910115238732,2024,12,2024-12,6,0.5882148953347434,0.11715942830946277
H12,19.6423261120543,-103.4866375453042,2024,12,2024-12,6,0.7077669563460864,0.1832764340693108
H13,19.63928751073353,-103.4859554790877,2024,12,2024-12,6,0.7630289013197792,0.2359687017184969
H14,19.63810334260486,-103.4783889889258,2024,12,2024-12,6,0.5880233043452299,0.03623090086614219
H15,19.63304594879294,-103.4860570044078,2024,12,2024-12,6,0.451899958013659,-0.060644372010683546
H16,19.63363829304725,-103.4780586924613,2024,12,2024-12,6,0.3873008275237952,-0.18612297057788965
H18,19.64603762240055,-103.4727003353048,2024,12,2024-12,6,0.4741940174885375,-0.04506386365247431
H17,19.64350681735759,-103.4740222414965,2024,12,2024-12,6,0.5399418642402243,-0.008342109819866186
H19,19.64471242055359,-103.4660382865516,2024,12,2024-12,6,0.5373797564941462,0.025756704135585947
H20,19.64573564260593,-103.463262682718,2024,12,2024-12,6,0.48994079100774446,6.203598172712175E-4
H21,19.64156668442107,-103.4659894961305,2024,12,2024-12,6,0.4735505369151666,-0.06162322238726096
H22,19.63841324577597,-103.466659499049,2024,12,2024-12,6,0.42027987111054543,-0.07090570951053601
H23,19.64582256330241,-103.4600574738049,2024,12,2024-12,6,0.4876315424686123,0.007790893785836441
H24,19.63458571520362,-103.4659597724037,2024,12,2024-12,6,0.48088221704663203,0.05382093235192522
H25,19.6352254903721,-103.4698151940444,2024,12,2024-12,6,0.48343517730589114,-0.017162420722562934
H26,19.6375519816719,-103.4725797498141,2024,12,2024-12,6,0.520400478848515,0.02955666777504724
H27,19.63252169252172,-103.4706206808633,2024,12,2024-12,6,0.4429904852799129,-0.10451249210460657
H28,19.62924958680501,-103.4667801634766,2024,12,2024-12,6,0.42480873396566843,0.017295684205592975
H29,19.62595823238879,-103.4724550507898,2024,12,2024-12,6,0.5833684393977902,0.09340097400568374
H30,19.62454684136882,-103.4673631977053,2024,12,2024-12,6,0.6333885544353217,0.12496646860686422
H31,19.62400044564311,-103.4720322735746,2024,12,2024-12,6,0.6609166713451303,0.1690326144241151
H32,19.61959998384637,-103.4767867508887,2024,12,2024-12,6,0.683157342452662,0.18149435960205995
H33,19.61742108024948,-103.4745293846265,2024,12,2024-12,6,0.8215154991906726,0.2766972207445774
H34,19.61706263447486,-103.4717205538295,2024,12,2024-12,6,0.7192304500808177,0.20080520940558583
H35,19.62235761063883,-103.4790615464518,2024,12,2024-12,6,0.5393757432954103,0.06811454008771801
H36,19.61265718886245,-103.475737660252,2024,12,2024-12,6,0.49410869425705345,0.03697412218598706
H37,19.61287910833094,-103.4782759946473,2024,12,2024-12,6,0.6543589806920318,0.1494698678493111
H38,19.61351141813728,-103.4814391298695,2024,12,2024-12,6,0.7443864097765858,0.21946571067678908
H39,19.61739633960506,-103.4846383837301,2024,12,2024-12,6,0.7521697238130786,0.21545897536252628
H40,19.61422321757896,-103.4865932661396,2024,12,2024-12,6,0.7585563152833789,0.20876863812862537
H41,19.60964441322967,-103.4875908955098,2024,12,2024-12,6,0.547161231419115,0.08817776444727192
H42,19.6171207933109,-103.4889001524713,2024,12,2024-12,6,0.49795527413615265,0.021273770525388848
H43,19.61451845491155,-103.4926481384631,2024,12,2024-12,6,0.5284857800253945,0.04981036452917455
H44,19.61263647892398,-103.4912288771512,2024,12,2024-12,6,0.6272631350130253,0.12171694924834017
H45,19.60934749359883,-103.489216124793,2024,12,2024-12,6,0.5436737347096718,0.07216015266963403
H46,19.60942413443004,-103.4902280275767,2024,12,2024-12,6,0.5601733481574995,0.07241367099936988
H47,19.60921557442716,-103.4924523306077,2024,12,2024-12,6,0.613046785495017,0.09475317085500501
H48,19.60806269214817,-103.4951061797037,2024,12,2024-12,6,0.46898300744353844,0.010942082050966313
H49,19.61498262970927,-103.4988105532358,2024,12,2024-12,6,0.6480866049760989,0.17564744808529129
H50,19.61011338081553,-103.5061892246769,2024,12,2024-12,6,0.7047963634454234,0.1890838194886528
H51,19.61961236528353,-103.5087860622131,2024,12,2024-12,6,0.6519562403227199,0.1277101218799294
H52,19.62373074157903,-103.506858857131,2024,12,2024-12,6,0.705407949236021,0.18237796910748033
H53,19.6220524419853,-103.5039156451538,2024,12,2024-12,6,0.6631751415187584,0.20779510047143468
H54,19.621438862174,-103.5012333605017,2024,12,2024-12,6,0.6242276468876345,0.1328476094119985
H55,19.62164911694436,-103.4994749950378,2024,12,2024-12,6,0.5871508989811959,0.09496442313139324
H56,19.61921532953394,-103.4972616233209,2024,12,2024-12,6,0.5766497586376331,0.07464448552936481
H57,19.61897530908676,-103.4950371159645,2024,12,2024-12,6,0.5722947130790038,0.07890083757836162
H58,19.62015890829346,-103.4904304573702,2024,12,2024-12,6,0.5474761488849967,0.011078168031693108
H59,19.62171827008233,-103.4865543693567,2024,12,2024-12,6,0.5114943477705103,-0.03833107762928754
H60,19.62410311838264,-103.4983277084877,2024,12,2024-12,6,0.6274990637291085,0.10920889254406584
H61,19.62663965521857,-103.4966882892999,2024,12,2024-12,6,0.5551060292490175,0.0071563169027709815
H62,19.62574866158377,-103.4923995903546,2024,12,2024-12,6,0.5385703707342666,-0.006237696750160664
H63,19.62967479841514,-103.4905956816595,2024,12,2024-12,6,0.39080775272108864,-0.1359032386615248
H64,19.62318042476388,-103.4897338139707,2024,12,2024-12,6,0.42471585977418463,-0.07669180969085546
H65,19.62549316602416,-103.5006797215266,2024,12,2024-12,6,0.5925986108891231,0.08651506065476318
H66,19.62754606705777,-103.5006843723593,2024,12,2024-12,6,0.6424555833889276,0.13083369587008797
H67,19.63204957316679,-103.5006313932001,2024,12,2024-12,6,0.5665656644239182,0.07926853817108913
H68,19.62764543878409,-103.5041222734758,2024,12,2024-12,6,0.5731009436404982,0.08954182066697079
H69,19.62326850459801,-103.5088931720352,2024,12,2024-12,6,0.6118903749722152,0.10555503637184473
H70,19.6263645881459,-103.5081728823758,2024,12,2024-12,6,0.5480625812704899,0.06903634300956885
H71,19.62298058031248,-103.5108963687992,2024,12,2024-12,6,0.5014011841918563,0.022858887515329388
H72,19.60791996745303,-103.5088436795277,2024,12,2024-12,6,0.5683461522728029,0.08904698303960044
H73,19.60688026534045,-103.5119994427884,2024,12,2024-12,6,0.576092158300254,0.07911066021507014
H74,19.60589173726333,-103.5034448997359,2024,12,2024-12,6,0.6684033698998221,0.12494416471281845
H75,19.60306803601581,-103.5022381720191,2024,12,2024-12,6,0.5970034978392651,0.09800125271549111
H76,19.61379750235326,-103.5080848952479,2024,12,2024-12,6,0.6051939119779457,0.10947771193259692
H77,19.61346016192836,-103.5100682060295,2024,12,2024-12,6,0.6249074317292271,0.11773109579267889
H78,19.61409204222733,-103.5105722727903,2024,12,2024-12,6,0.6022156953033756,0.09970007814507063
H79,19.61353215599024,-103.5123741788091,2024,12,2024-12,6,0.5974714032961436,0.10572542220182016
H80,19.61779554429717,-103.5110620628573,2024,12,2024-12,6,0.5982583401062019,0.08060679826342286
H81,19.61991823018052,-103.513120060683,2024,12,2024-12,6,0.5752960675958622,0.0818499630958581
H82,19.62073465959264,-103.514415855126,2024,12,2024-12,6,0.5169433414347534,0.0676837784856818
H83,19.61823643269025,-103.5148556403709,2024,12,2024-12,6,0.5901430647984829,0.10520793706640971
H84,19.61655830108952,-103.5173207877669,2024,12,2024-12,6,0.5092445428806848,0.02464694551087444
H85,19.61530473873262,-103.515910301509,2024,12,2024-12,6,0.47882247307591586,-0.009316547374475572
H86,19.6126488644727,-103.5176299849256,2024,12,2024-12,6,0.5830251597160117,0.0498752598527066
H87,19.61074534974949,-103.5147577998847,2024,12,2024-12,6,0.6222068126732908,0.12134458473119383
H88,19.60922824229959,-103.51816450361,2024,12,2024-12,6,0.6489629193558881,0.12681106390495628
H89,19.60972792389859,-103.5241137226966,2024,12,2024-12,6,0.6673332281525355,0.10819940482697789
H90,19.60887219704412,-103.5257551584595,2024,12,2024-12,6,0.684590620788082,0.11366968878300518
H91,19.6076221074036,-103.5233747651936,2024,12,2024-12,6,0.6390105362569727,0.09053240443607671
H92,19.60560940953978,-103.5215470361636,2024,12,2024-12,6,0.686845724795871,0.17553651221203717
H93,19.60208824925957,-103.526896999217,2024,12,2024-12,6,0.40568890745497094,0.0895990673878283
H94,19.60248937810072,-103.5219082769416,2024,12,2024-12,6,0.7156891049251116,0.22116826222748986
H95,19.60312115256844,-103.5188596816631,2024,12,2024-12,6,0.6289916856617949,0.14297209296349306
H96,19.60407294309323,-103.520077159053,2024,12,2024-12,6,0.6515340023835204,0.16886243368887605
H97,19.60595122525007,-103.5194188749723,2024,12,2024-12,6,0.6708659353533097,0.15483212052211073
H98,19.60823320763247,-103.514985563467,2024,12,2024-12,6,0.6883200708181203,0.18481806748859847
H99,19.60388855172959,-103.5158544085341,2024,12,2024-12,6,0.6367058577124851,0.1369216843651242
H100,19.6382574968776,-103.5003223970978,2024,12,2024-12,6,0.7462183514576526,0.23073856784355387
H1,19.66316440676028,-103.4874704375219,2025,1,2025-01,5,0.2763401023537884,-0.13347964952705185
H2,19.65958480327006,-103.4916814554342,2025,1,2025-01,5,0.28544407353998047,-0.01193478646920693
H3,19.64923190063498,-103.495946402958,2025,1,2025-01,5,0.4214064022538274,-0.07517028949371056
H4,19.64892797006392,-103.4934247600402,2025,1,2025-01,5,0.5502564075144163,-0.027029687624728953
H5,19.64768676086755,-103.4905412268389,2025,1,2025-01,5,0.589028036054392,0.03024912694936806
H6,19.64498379789444,-103.4931777628067,2025,1,2025-01,5,0.4642179412143085,-0.06178785529921647
H7,19.64523781970015,-103.4907449690666,2025,1,2025-01,5,0.6167205423887463,0.06588447118242083
H8,19.64391544066743,-103.4919779953152,2025,1,2025-01,5,0.5532312223472537,0.026152257701655832
H9,19.64289593962869,-103.4923312690368,2025,1,2025-01,5,0.5496993969379639,0.0298918819992192
H10,19.64326268753868,-103.4935692151058,2025,1,2025-01,5,0.4913626757172912,-0.027387636424326147
H11,19.63699143780181,-103.4910115238732,2025,1,2025-01,5,0.5972601960817551,0.07089432862610394
H12,19.6423261120543,-103.4866375453042,2025,1,2025-01,5,0.7193125639783555,0.1835283695269827
H13,19.63928751073353,-103.4859554790877,2025,1,2025-01,5,0.7850268849055096,0.24233912976401956
H14,19.63810334260486,-103.4783889889258,2025,1,2025-01,5,0.5867734577087955,0.030586251305721675
H15,19.63304594879294,-103.4860570044078,2025,1,2025-01,5,0.4160269009926365,-0.09511438473641401
H16,19.63363829304725,-103.4780586924613,2025,1,2025-01,5,0.3580432816015813,-0.23015460081602018
H18,19.64603762240055,-103.4727003353048,2025,1,2025-01,5,0.39481599868028366,-0.11392886861237757
H17,19.64350681735759,-103.4740222414965,2025,1,2025-01,5,0.3966394507393628,-0.14298479143521517
H19,19.64471242055359,-103.4660382865516,2025,1,2025-01,5,0.5030156250950213,-0.029648295078055505
H20,19.64573564260593,-103.463262682718,2025,1,2025-01,5,0.4565264121386395,-0.06022367010890815
H21,19.64156668442107,-103.4659894961305,2025,1,2025-01,5,0.45805791217251957,-0.10117310301603763
H22,19.63841324577597,-103.466659499049,2025,1,2025-01,5,0.39624847973882854,-0.11715439769203842
H23,19.64582256330241,-103.4600574738049,2025,1,2025-01,5,0.47088362415022855,-0.04498647221752067
H24,19.63458571520362,-103.4659597724037,2025,1,2025-01,5,0.46994065625159,0.017636093634518984
H25,19.6352254903721,-103.4698151940444,2025,1,2025-01,5,0.46000219267439274,-0.05865147215927805
H26,19.6375519816719,-103.4725797498141,2025,1,2025-01,5,0.48049597011656925,-0.030240537104215693
H27,19.63252169252172,-103.4706206808633,2025,1,2025-01,5,0.38820401934605725,-0.16996984360573836
H28,19.62924958680501,-103.4667801634766,2025,1,2025-01,5,0.39551159396738234,-0.028841522663478506
H29,19.62595823238879,-103.4724550507898,2025,1,2025-01,5,0.6047902678347633,0.08287070131900276
H30,19.62454684136882,-103.4673631977053,2025,1,2025-01,5,0.5903073601026337,0.06954703383155234
H31,19.62400044564311,-103.4720322735746,2025,1,2025-01,5,0.6677533020936416,0.1596801909644047
H32,19.61959998384637,-103.4767867508887,2025,1,2025-01,5,0.6466919038403534,0.1330086594030226
H33,19.61742108024948,-103.4745293846265,2025,1,2025-01,5,0.7855263152200019,0.26587446592374575
H34,19.61706263447486,-103.4717205538295,2025,1,2025-01,5,0.536152712219629,0.08450168067859687
H35,19.62235761063883,-103.4790615464518,2025,1,2025-01,5,0.5268933414415375,0.04226487077614019
H36,19.61265718886245,-103.475737660252,2025,1,2025-01,5,0.5016202585027987,0.011279772428903706
H37,19.61287910833094,-103.4782759946473,2025,1,2025-01,5,0.6417447849706719,0.12001502653599212
H38,19.61351141813728,-103.4814391298695,2025,1,2025-01,5,0.7128664666720189,0.18172095449389156
H39,19.61739633960506,-103.4846383837301,2025,1,2025-01,5,0.7023615921257724,0.17304029795993028
H40,19.61422321757896,-103.4865932661396,2025,1,2025-01,5,0.7159680572518881,0.1682986258744224
H41,19.60964441322967,-103.4875908955098,2025,1,2025-01,5,0.5091720758826345,0.022337862243815267
H42,19.6171207933109,-103.4889001524713,2025,1,2025-01,5,0.48040374976211603,-0.02248211065808173
H43,19.61451845491155,-103.4926481384631,2025,1,2025-01,5,0.5069439420388432,0.03133790200898879
H44,19.61263647892398,-103.4912288771512,2025,1,2025-01,5,0.611800251789234,0.10405006603366782
H45,19.60934749359883,-103.489216124793,2025,1,2025-01,5,0.4723785272213342,-0.018212461439424694
H46,19.60942413443004,-103.4902280275767,2025,1,2025-01,5,0.48188889490192327,-0.017316187875607607
H47,19.60921557442716,-103.4924523306077,2025,1,2025-01,5,0.5474581173719664,0.03672824946745702
H48,19.60806269214817,-103.4951061797037,2025,1,2025-01,5,0.419764862174749,-0.02035441166463052
H49,19.61498262970927,-103.4988105532358,2025,1,2025-01,5,0.6786303423064607,0.1897282435799255
H50,19.61011338081553,-103.5061892246769,2025,1,2025-01,5,0.6101063020911229,0.08338145769162508
H51,19.61961236528353,-103.5087860622131,2025,1,2025-01,5,0.5611330316067784,0.048424675509505584
H52,19.62373074157903,-103.506858857131,2025,1,2025-01,5,0.6790651921866449,0.17046102808423214
H53,19.6220524419853,-103.5039156451538,2025,1,2025-01,5,0.6645537318191481,0.21337774934460688
H54,19.621438862174,-103.5012333605017,2025,1,2025-01,5,0.6215465625504651,0.11787045560809066
H55,19.62164911694436,-103.4994749950378,2025,1,2025-01,5,0.5408812293430016,0.03392875959378996
H56,19.61921532953394,-103.4972616233209,2025,1,2025-01,5,0.5300215869076522,0.026615244188482053
H57,19.61897530908676,-103.4950371159645,2025,1,2025-01,5,0.4829273228138822,-0.018832855591851005
H58,19.62015890829346,-103.4904304573702,2025,1,2025-01,5,0.4363967575099652,-0.1009083971938618
H59,19.62171827008233,-103.4865543693567,2025,1,2025-01,5,0.39394198459470053,-0.158589254128133
H60,19.62410311838264,-103.4983277084877,2025,1,2025-01,5,0.5382984646973941,0.009574391652075883
H61,19.62663965521857,-103.4966882892999,2025,1,2025-01,5,0.43687060410125034,-0.11317181270454757
H62,19.62574866158377,-103.4923995903546,2025,1,2025-01,5,0.43980644823741744,-0.11327748117041023
H63,19.62967479841514,-103.4905956816595,2025,1,2025-01,5,0.3227986763848161,-0.20388725113399628
H64,19.62318042476388,-103.4897338139707,2025,1,2025-01,5,0.3645172819528185,-0.17897505487217488
H65,19.62549316602416,-103.5006797215266,2025,1,2025-01,5,0.5490853003895311,0.029415431459219026
H66,19.62754606705777,-103.5006843723593,2025,1,2025-01,5,0.612400119676894,0.10013947659963215
H67,19.63204957316679,-103.5006313932001,2025,1,2025-01,5,0.45866387512867723,-0.016087462965952586
H68,19.62764543878409,-103.5041222734758,2025,1,2025-01,5,0.52874380369995,0.03234737310276091
H69,19.62326850459801,-103.5088931720352,2025,1,2025-01,5,0.5875057655472281,0.08390461696062747
H70,19.6263645881459,-103.5081728823758,2025,1,2025-01,5,0.5035588515031321,0.0036559292941984456
H71,19.62298058031248,-103.5108963687992,2025,1,2025-01,5,0.46514331647821505,-0.017098939023670337
H72,19.60791996745303,-103.5088436795277,2025,1,2025-01,5,0.5060409759444685,0.011760931600426919
H73,19.60688026534045,-103.5119994427884,2025,1,2025-01,5,0.5167234223097025,0.01144080479038569
H74,19.60589173726333,-103.5034448997359,2025,1,2025-01,5,0.6100418875344958,0.06936580861250308
H75,19.60306803601581,-103.5022381720191,2025,1,2025-01,5,0.5789699853301897,0.08184223308303243
H76,19.61379750235326,-103.5080848952479,2025,1,2025-01,5,0.5319037153874624,0.040049998956716286
H77,19.61346016192836,-103.5100682060295,2025,1,2025-01,5,0.5583971890538588,0.05397738888563502
H78,19.61409204222733,-103.5105722727903,2025,1,2025-01,5,0.5427302321876325,0.046464580149721824
H79,19.61353215599024,-103.5123741788091,2025,1,2025-01,5,0.5488063325686414,0.05631426505117634
H80,19.61779554429717,-103.5110620628573,2025,1,2025-01,5,0.5103883144405204,0.004903186443873649
H81,19.61991823018052,-103.513120060683,2025,1,2025-01,5,0.4637163324703238,-0.019607693382152014
H82,19.62073465959264,-103.514415855126,2025,1,2025-01,5,0.43188160336530906,-0.01032146911521856
H83,19.61823643269025,-103.5148556403709,2025,1,2025-01,5,0.5134678592424269,0.03515635625105109
H84,19.61655830108952,-103.5173207877669,2025,1,2025-01,5,0.4322860052189812,-0.03934661934248669
H85,19.61530473873262,-103.515910301509,2025,1,2025-01,5,0.4135590053270492,-0.0702472888900283
H86,19.6126488644727,-103.5176299849256,2025,1,2025-01,5,0.4766472282805129,-0.05781617341353139
H87,19.61074534974949,-103.5147577998847,2025,1,2025-01,5,0.5613995288712447,0.058650061895927606
H88,19.60922824229959,-103.51816450361,2025,1,2025-01,5,0.5822263619943706,0.0451778522340704
H89,19.60972792389859,-103.5241137226966,2025,1,2025-01,5,0.5784356615328651,0.004113309875878484
H90,19.60887219704412,-103.5257551584595,2025,1,2025-01,5,0.5962036994942874,0.007954300564940125
H91,19.6076221074036,-103.5233747651936,2025,1,2025-01,5,0.5813435842571613,0.01271778778718674
H92,19.60560940953978,-103.5215470361636,2025,1,2025-01,5,0.6401198085155138,0.11571251860189578
H93,19.60208824925957,-103.526896999217,2025,1,2025-01,5,0.38739754822054484,0.060322805803356826
H94,19.60248937810072,-103.5219082769416,2025,1,2025-01,5,0.6687346786739664,0.16019455046106576
H95,19.60312115256844,-103.5188596816631,2025,1,2025-01,5,0.5667913923049132,0.0676748848064041
H96,19.60407294309323,-103.520077159053,2025,1,2025-01,5,0.6001942234619698,0.11288874025031854
H97,19.60595122525007,-103.5194188749723,2025,1,2025-01,5,0.6121707119658756,0.0831927613569664
H98,19.60823320763247,-103.514985563467,2025,1,2025-01,5,0.6471709426152341,0.14058167032608487
H99,19.60388855172959,-103.5158544085341,2025,1,2025-01,5,0.5683972578106354,0.05392574610738038
H100,19.6382574968776,-103.5003223970978,2025,1,2025-01,5,0.734602812474924,0.229266635152478
H1,19.66316440676028,-103.4874704375219,2025,2,2025-02,4,0.24459029030785123,-0.16019356219515538
H2,19.65958480327006,-103.4916814554342,2025,2,2025-02,4,0.27608339513281155,-0.03163339721943382
H3,19.64923190063498,-103.495946402958,2025,2,2025-02,4,0.370387160843563,-0.131305477806285
H4,19.64892797006392,-103.4934247600402,2025,2,2025-02,4,0.4862198640568133,-0.0944356399167464
H5,19.64768676086755,-103.4905412268389,2025,2,2025-02,4,0.5358847096751671,-0.029650572083059826
H6,19.64498379789444,-103.4931777628067,2025,2,2025-02,4,0.4104622324662014,-0.11206831671111782
H7,19.64523781970015,-103.4907449690666,2025,2,2025-02,4,0.5679720006627232,0.010463617752284413
H8,19.64391544066743,-103.4919779953152,2025,2,2025-02,4,0.5045756148893222,-0.026767858983245834
H9,19.64289593962869,-103.4923312690368,2025,2,2025-02,4,0.5036140966564934,-0.021991573617186948
H10,19.64326268753868,-103.4935692151058,2025,2,2025-02,4,0.4434767065239053,-0.07711754295482165
H11,19.63699143780181,-103.4910115238732,2025,2,2025-02,4,0.563509096684539,0.038857381999725736
H12,19.6423261120543,-103.4866375453042,2025,2,2025-02,4,0.6791979641206228,0.1201569076760443
H13,19.63928751073353,-103.4859554790877,2025,2,2025-02,4,0.7517553959792871,0.1651750283059412
H14,19.63810334260486,-103.4783889889258,2025,2,2025-02,4,0.561634513480923,0.005471808526183345
H15,19.63304594879294,-103.4860570044078,2025,2,2025-02,4,0.37977058745840536,-0.1254126473234603
H16,19.63363829304725,-103.4780586924613,2025,2,2025-02,4,0.32307794074739954,-0.25666460513295775
H18,19.64603762240055,-103.4727003353048,2025,2,2025-02,4,0.3398703262785725,-0.14638726653128478
H17,19.64350681735759,-103.4740222414965,2025,2,2025-02,4,0.32682101294790256,-0.18108444919963593
H19,19.64471242055359,-103.4660382865516,2025,2,2025-02,4,0.4573883778111386,-0.06918108829663873
H20,19.64573564260593,-103.463262682718,2025,2,2025-02,4,0.40460896902937604,-0.09868610466781595
H21,19.64156668442107,-103.4659894961305,2025,2,2025-02,4,0.44678807097177925,-0.11753043608932061
H22,19.63841324577597,-103.466659499049,2025,2,2025-02,4,0.37044482576667237,-0.1330384363818699
H23,19.64582256330241,-103.4600574738049,2025,2,2025-02,4,0.4265196871527229,-0.07442275771952109
H24,19.63458571520362,-103.4659597724037,2025,2,2025-02,4,0.43426971591101254,-0.004430997106092939
H25,19.6352254903721,-103.4698151940444,2025,2,2025-02,4,0.4109944603166653,-0.09230751035636958
H26,19.6375519816719,-103.4725797498141,2025,2,2025-02,4,0.4411269470324535,-0.06609180119893375
H27,19.63252169252172,-103.4706206808633,2025,2,2025-02,4,0.3270017979264222,-0.20937411879338885
H28,19.62924958680501,-103.4667801634766,2025,2,2025-02,4,0.34643420202750147,-0.06163959747621146
H29,19.62595823238879,-103.4724550507898,2025,2,2025-02,4,0.5801078543148576,0.07318836325565567
H30,19.62454684136882,-103.4673631977053,2025,2,2025-02,4,0.5481750958611431,0.04176190232921097
H31,19.62400044564311,-103.4720322735746,2025,2,2025-02,4,0.63451271104832,0.13474769513977616
H32,19.61959998384637,-103.4767867508887,2025,2,2025-02,4,0.613593809185899,0.11598028187946498
H33,19.61742108024948,-103.4745293846265,2025,2,2025-02,4,0.7572915985381696,0.24432248611396334
H34,19.61706263447486,-103.4717205538295,2025,2,2025-02,4,0.5193587989890469,0.06632890844087548
H35,19.62235761063883,-103.4790615464518,2025,2,2025-02,4,0.497671179490394,0.02361297547011565
H36,19.61265718886245,-103.475737660252,2025,2,2025-02,4,0.4659951704285391,-0.010994319407330706
H37,19.61287910833094,-103.4782759946473,2025,2,2025-02,4,0.6178036911301873,0.11082772735606994
H38,19.61351141813728,-103.4814391298695,2025,2,2025-02,4,0.6936535829020767,0.17015184315277904
H39,19.61739633960506,-103.4846383837301,2025,2,2025-02,4,0.6893059570449693,0.1555520580509656
H40,19.61422321757896,-103.4865932661396,2025,2,2025-02,4,0.7028597294542771,0.1696397182828108
H41,19.60964441322967,-103.4875908955098,2025,2,2025-02,4,0.4895473862044581,0.002874623592154206
H42,19.6171207933109,-103.4889001524713,2025,2,2025-02,4,0.41609333334588766,-0.0543441003678021
H43,19.61451845491155,-103.4926481384631,2025,2,2025-02,4,0.44204035759382987,-0.009230804365358556
H44,19.61263647892398,-103.4912288771512,2025,2,2025-02,4,0.5743532929292308,0.08330708044054529
H45,19.60934749359883,-103.489216124793,2025,2,2025-02,4,0.4398204196759065,-0.043881903949179665
H46,19.60942413443004,-103.4902280275767,2025,2,2025-02,4,0.4454089615914869,-0.04395306388594682
H47,19.60921557442716,-103.4924523306077,2025,2,2025-02,4,0.5139679183408309,0.010808327410274975
H48,19.60806269214817,-103.4951061797037,2025,2,2025-02,4,0.38073814842839226,-0.04143039816352204
H49,19.61498262970927,-103.4988105532358,2025,2,2025-02,4,0.6472098341770699,0.16700451842932953
H50,19.61011338081553,-103.5061892246769,2025,2,2025-02,4,0.5826293455757785,0.07316484368361455
H51,19.61961236528353,-103.5087860622131,2025,2,2025-02,4,0.5518254166214308,0.048275554223482245
H52,19.62373074157903,-103.506858857131,2025,2,2025-02,4,0.6601582583175681,0.1498610122688442
H53,19.6220524419853,-103.5039156451538,2025,2,2025-02,4,0.6438272335788593,0.19277951707656307
H54,19.621438862174,-103.5012333605017,2025,2,2025-02,4,0.5858232009413544,0.08297830437172096
H55,19.62164911694436,-103.4994749950378,2025,2,2025-02,4,0.4843345816013195,-0.012442461045376938
H56,19.61921532953394,-103.4972616233209,2025,2,2025-02,4,0.4450500778251601,-0.02960393923151706
H57,19.61897530908676,-103.4950371159645,2025,2,2025-02,4,0.39543971985408005,-0.07686950060955633
H58,19.62015890829346,-103.4904304573702,2025,2,2025-02,4,0.3859422885789594,-0.1394143156977365
H59,19.62171827008233,-103.4865543693567,2025,2,2025-02,4,0.36773458437822165,-0.18538978579884846
H60,19.62410311838264,-103.4983277084877,2025,2,2025-02,4,0.4758606660739169,-0.04315230709711533
H61,19.62663965521857,-103.4966882892999,2025,2,2025-02,4,0.3847442524988971,-0.1541193018280571
H62,19.62574866158377,-103.4923995903546,2025,2,2025-02,4,0.3821801916521336,-0.15942534328770352
H63,19.62967479841514,-103.4905956816595,2025,2,2025-02,4,0.2846048682484215,-0.238728696872401
H64,19.62318042476388,-103.4897338139707,2025,2,2025-02,4,0.335841832686882,-0.2121067984958058
H65,19.62549316602416,-103.5006797215266,2025,2,2025-02,4,0.5090712034921897,-0.009166509562092707
H66,19.62754606705777,-103.5006843723593,2025,2,2025-02,4,0.5705450773634975,0.05809108855165056
H67,19.63204957316679,-103.5006313932001,2025,2,2025-02,4,0.43919629440962604,-0.031105678298671297
H68,19.62764543878409,-103.5041222734758,2025,2,2025-02,4,0.47329867354707034,-0.015258449902923889
H69,19.62326850459801,-103.5088931720352,2025,2,2025-02,4,0.5693708984153542,0.06659107123075221
H70,19.6263645881459,-103.5081728823758,2025,2,2025-02,4,0.453990901753118,-0.029137377292634985
H71,19.62298058031248,-103.5108963687992,2025,2,2025-02,4,0.4330559644149798,-0.033896481835237885
H72,19.60791996745303,-103.5088436795277,2025,2,2025-02,4,0.435209863770487,-0.018922620486763932
H73,19.60688026534045,-103.5119994427884,2025,2,2025-02,4,0.4685221486500291,-0.017103064613561914
H74,19.60589173726333,-103.5034448997359,2025,2,2025-02,4,0.5377239986002977,0.02420006496848797
H75,19.60306803601581,-103.5022381720191,2025,2,2025-02,4,0.5320970282811632,0.05176091996765001
H76,19.61379750235326,-103.5080848952479,2025,2,2025-02,4,0.4927967456270792,0.020194673322953518
H77,19.61346016192836,-103.5100682060295,2025,2,2025-02,4,0.514807130321486,0.024439321903574326
H78,19.61409204222733,-103.5105722727903,2025,2,2025-02,4,0.5058430844141045,0.020622735955578515
H79,19.61353215599024,-103.5123741788091,2025,2,2025-02,4,0.471936894629423,0.009119887840020997
H80,19.61779554429717,-103.5110620628573,2025,2,2025-02,4,0.48375980421018167,-0.01207154174500307
H81,19.61991823018052,-103.513120060683,2025,2,2025-02,4,0.3995078655556889,-0.056763461915945376
H82,19.62073465959264,-103.514415855126,2025,2,2025-02,4,0.3682382051441296,-0.04256391883242199
H83,19.61823643269025,-103.5148556403709,2025,2,2025-02,4,0.47375393693257895,0.00953361973191561
H84,19.61655830108952,-103.5173207877669,2025,2,2025-02,4,0.3907313265261007,-0.06062969683596293
H85,19.61530473873262,-103.515910301509,2025,2,2025-02,4,0.3762065775002254,-0.09176741971797979
H86,19.6126488644727,-103.5176299849256,2025,2,2025-02,4,0.40237809946483954,-0.10715781756018368
H87,19.61074534974949,-103.5147577998847,2025,2,2025-02,4,0.47784955447139105,0.005987440473637748
H88,19.60922824229959,-103.51816450361,2025,2,2025-02,4,0.5010797997252444,-0.010161821519363703
H89,19.60972792389859,-103.5241137226966,2025,2,2025-02,4,0.5113723749235943,-0.04557497384624535
H90,19.60887219704412,-103.5257551584595,2025,2,2025-02,4,0.530167325329667,-0.04330315971800919
H91,19.6076221074036,-103.5233747651936,2025,2,2025-02,4,0.5099238854176736,-0.03598756927110563
H92,19.60560940953978,-103.5215470361636,2025,2,2025-02,4,0.5749521581482646,0.06669630107685111
H93,19.60208824925957,-103.526896999217,2025,2,2025-02,4,0.34320207909812,0.0285777129984146
H94,19.60248937810072,-103.5219082769416,2025,2,2025-02,4,0.6134398505874964,0.11923734980943605
H95,19.60312115256844,-103.5188596816631,2025,2,2025-02,4,0.5055072579757046,0.023080289883566894
H96,19.60407294309323,-103.520077159053,2025,2,2025-02,4,0.5543581079514994,0.0811528677770232
H97,19.60595122525007,-103.5194188749723,2025,2,2025-02,4,0.5403440765046348,0.03341822873960749
H98,19.60823320763247,-103.514985563467,2025,2,2025-02,4,0.6028450731805932,0.10400912505219821
H99,19.60388855172959,-103.5158544085341,2025,2,2025-02,4,0.5167148346252473,0.022701797649302163
H100,19.6382574968776,-103.5003223970978,2025,2,2025-02,4,0.7138194106511512,0.20461585199317342
H1,19.66316440676028,-103.4874704375219,2025,3,2025-03,7,0.2151774376755638,-0.15788691760814375
H2,19.65958480327006,-103.4916814554342,2025,3,2025-03,7,0.2617689512152092,-0.03569528860347208
H3,19.64923190063498,-103.495946402958,2025,3,2025-03,7,0.3165708356931805,-0.16080543854048812
H4,19.64892797006392,-103.4934247600402,2025,3,2025-03,7,0.4178904512509202,-0.12996667433849318
H5,19.64768676086755,-103.4905412268389,2025,3,2025-03,7,0.48211843623502487,-0.061083887699935786
H6,19.64498379789444,-103.4931777628067,2025,3,2025-03,7,0.3726608240008123,-0.12788790736420358
H7,19.64523781970015,-103.4907449690666,2025,3,2025-03,7,0.5105047067339312,-0.02426847830917842
H8,19.64391544066743,-103.4919779953152,2025,3,2025-03,7,0.4588966646111684,-0.05445948502677669
H9,19.64289593962869,-103.4923312690368,2025,3,2025-03,7,0.4595478076960214,-0.0510863274376875
H10,19.64326268753868,-103.4935692151058,2025,3,2025-03,7,0.4078132845712115,-0.09449959426091982
H11,19.63699143780181,-103.4910115238732,2025,3,2025-03,7,0.5254632004376681,0.030105918925722654
H12,19.6423261120543,-103.4866375453042,2025,3,2025-03,7,0.6065383250526731,0.052129486054489915
H13,19.63928751073353,-103.4859554790877,2025,3,2025-03,7,0.6727892566658309,0.09890676917117325
H14,19.63810334260486,-103.4783889889258,2025,3,2025-03,7,0.5086700568140925,-0.015640035860386047
H15,19.63304594879294,-103.4860570044078,2025,3,2025-03,7,0.3802814115190626,-0.10784415097633761
H16,19.63363829304725,-103.4780586924613,2025,3,2025-03,7,0.28182163793797965,-0.26254619481691355
H18,19.64603762240055,-103.4727003353048,2025,3,2025-03,7,0.2958423568384822,-0.14646626503684382
H17,19.64350681735759,-103.4740222414965,2025,3,2025-03,7,0.2925709257794333,-0.17802053028150136
H19,19.64471242055359,-103.4660382865516,2025,3,2025-03,7,0.4028073722377038,-0.09013046473970397
H20,19.64573564260593,-103.463262682718,2025,3,2025-03,7,0.35852305942569784,-0.10875684079731184
H21,19.64156668442107,-103.4659894961305,2025,3,2025-03,7,0.45121475844703424,-0.09738812225289636
H22,19.63841324577597,-103.466659499049,2025,3,2025-03,7,0.36760411311651975,-0.11457632444996356
H23,19.64582256330241,-103.4600574738049,2025,3,2025-03,7,0.3834009700878667,-0.08437688961955546
H24,19.63458571520362,-103.4659597724037,2025,3,2025-03,7,0.385677845111677,-0.02124435305277054
H25,19.6352254903721,-103.4698151940444,2025,3,2025-03,7,0.3514835712346861,-0.11289697315508401
H26,19.6375519816719,-103.4725797498141,2025,3,2025-03,7,0.3880139464789394,-0.09464780411544504
H27,19.63252169252172,-103.4706206808633,2025,3,2025-03,7,0.2714168291464264,-0.21746096375075966
H28,19.62924958680501,-103.4667801634766,2025,3,2025-03,7,0.27461013516524196,-0.08408181018315747
H29,19.62595823238879,-103.4724550507898,2025,3,2025-03,7,0.5568173146555329,0.08320045364659102
H30,19.62454684136882,-103.4673631977053,2025,3,2025-03,7,0.4850664766422287,0.02105493609579771
H31,19.62400044564311,-103.4720322735746,2025,3,2025-03,7,0.6062643013785578,0.142040303961085
H32,19.61959998384637,-103.4767867508887,2025,3,2025-03,7,0.6056715440727568,0.13299685913968642
H33,19.61742108024948,-103.4745293846265,2025,3,2025-03,7,0.7473815113757222,0.23315411075327505
H34,19.61706263447486,-103.4717205538295,2025,3,2025-03,7,0.5195734306308525,0.06251740708415504
H35,19.62235761063883,-103.4790615464518,2025,3,2025-03,7,0.45954266746604333,0.021831106780946123
H36,19.61265718886245,-103.475737660252,2025,3,2025-03,7,0.4316563183138996,-0.0039259209799299135
H37,19.61287910833094,-103.4782759946473,2025,3,2025-03,7,0.6149071381159966,0.13227845557611015
H38,19.61351141813728,-103.4814391298695,2025,3,2025-03,7,0.6877834630591905,0.1805034581025908
H39,19.61739633960506,-103.4846383837301,2025,3,2025-03,7,0.6463696884718386,0.13021828735314978
H40,19.61422321757896,-103.4865932661396,2025,3,2025-03,7,0.7128434729631967,0.21313551710581685
H41,19.60964441322967,-103.4875908955098,2025,3,2025-03,7,0.4134771300646864,-0.012599358502410486
H42,19.6171207933109,-103.4889001524713,2025,3,2025-03,7,0.3787557320143625,-0.056736599966227104
H43,19.61451845491155,-103.4926481384631,2025,3,2025-03,7,0.3985995633892394,-0.024703399140369342
H44,19.61263647892398,-103.4912288771512,2025,3,2025-03,7,0.54117383730325,0.07951864455197792
H45,19.60934749359883,-103.489216124793,2025,3,2025-03,7,0.36852115623039616,-0.05979493505085085
H46,19.60942413443004,-103.4902280275767,2025,3,2025-03,7,0.38066154454666196,-0.0601303734401348
H47,19.60921557442716,-103.4924523306077,2025,3,2025-03,7,0.47489966929832267,-7.990983253575251E-4
H48,19.60806269214817,-103.4951061797037,2025,3,2025-03,7,0.3557270176603331,-0.043103954575587446
H49,19.61498262970927,-103.4988105532358,2025,3,2025-03,7,0.5717393292037628,0.1355274721606822
H50,19.61011338081553,-103.5061892246769,2025,3,2025-03,7,0.5806574051730008,0.10710541230979767
H51,19.61961236528353,-103.5087860622131,2025,3,2025-03,7,0.532378047373646,0.05415363869971797
H52,19.62373074157903,-103.506858857131,2025,3,2025-03,7,0.5940663959660876,0.11186471502202999
H53,19.6220524419853,-103.5039156451538,2025,3,2025-03,7,0.582876758916178,0.16044066120830372
H54,19.621438862174,-103.5012333605017,2025,3,2025-03,7,0.507437126393897,0.04886220640239494
H55,19.62164911694436,-103.4994749950378,2025,3,2025-03,7,0.39543652496676135,-0.04951708638710174
H56,19.61921532953394,-103.4972616233209,2025,3,2025-03,7,0.3374994910954939,-0.06659950396888019
H57,19.61897530908676,-103.4950371159645,2025,3,2025-03,7,0.30767150048268244,-0.11062998810163235
H58,19.62015890829346,-103.4904304573702,2025,3,2025-03,7,0.2977865575369821,-0.17464585557832238
H59,19.62171827008233,-103.4865543693567,2025,3,2025-03,7,0.3161629474946194,-0.19111685383534688
H60,19.62410311838264,-103.4983277084877,2025,3,2025-03,7,0.4045277598414358,-0.076813267608991
H61,19.62663965521857,-103.4966882892999,2025,3,2025-03,7,0.34415867814818374,-0.1714367260849371
H62,19.62574866158377,-103.4923995903546,2025,3,2025-03,7,0.32003712380793875,-0.17391318669692465
H63,19.62967479841514,-103.4905956816595,2025,3,2025-03,7,0.2609281178379521,-0.23576484037034418
H64,19.62318042476388,-103.4897338139707,2025,3,2025-03,7,0.2934044857360719,-0.21497692819663172
H65,19.62549316602416,-103.5006797215266,2025,3,2025-03,7,0.4327588729274862,-0.035961757683050447
H66,19.62754606705777,-103.5006843723593,2025,3,2025-03,7,0.48958623026768966,0.022555156308262034
H67,19.63204957316679,-103.5006313932001,2025,3,2025-03,7,0.3857405949068199,-0.04334225317029339
H68,19.62764543878409,-103.5041222734758,2025,3,2025-03,7,0.40411547509085666,-0.04275220394776368
H69,19.62326850459801,-103.5088931720352,2025,3,2025-03,7,0.5083378070161507,0.04000898286684978
H70,19.6263645881459,-103.5081728823758,2025,3,2025-03,7,0.3906218400667673,-0.048384907902395115
H71,19.62298058031248,-103.5108963687992,2025,3,2025-03,7,0.3795215327059943,-0.04093621064512112
H72,19.60791996745303,-103.5088436795277,2025,3,2025-03,7,0.37415624600434194,-0.032545557465834936
H73,19.60688026534045,-103.5119994427884,2025,3,2025-03,7,0.37354743214318115,-0.048932522047031315
H74,19.60589173726333,-103.5034448997359,2025,3,2025-03,7,0.4683993416885491,-0.0032400614635593327
H75,19.60306803601581,-103.5022381720191,2025,3,2025-03,7,0.48199964339191265,0.034290030639809455
H76,19.61379750235326,-103.5080848952479,2025,3,2025-03,7,0.4578950043902578,0.02211479129564128
H77,19.61346016192836,-103.5100682060295,2025,3,2025-03,7,0.44179169895625486,0.001004774255907126
H78,19.61409204222733,-103.5105722727903,2025,3,2025-03,7,0.43147817637129565,-4.4446463862867684E-4
H79,19.61353215599024,-103.5123741788091,2025,3,2025-03,7,0.3887841204261996,-0.01713114415070898
H80,19.61779554429717,-103.5110620628573,2025,3,2025-03,7,0.436651850027477,-0.01648348690421201
H81,19.61991823018052,-103.513120060683,2025,3,2025-03,7,0.33582304373812516,-0.071124931892096
H82,19.62073465959264,-103.514415855126,2025,3,2025-03,7,0.3151568755357451,-0.05338139399975852
H83,19.61823643269025,-103.5148556403709,2025,3,2025-03,7,0.40158416263219415,-0.013298592096255312
H84,19.61655830108952,-103.5173207877669,2025,3,2025-03,7,0.34880741924301684,-0.06601965707309027
H85,19.61530473873262,-103.515910301509,2025,3,2025-03,7,0.33118802852001733,-0.09491530309662136
H86,19.6126488644727,-103.5176299849256,2025,3,2025-03,7,0.3188096875743612,-0.13677795392270703
H87,19.61074534974949,-103.5147577998847,2025,3,2025-03,7,0.3911073151493848,-0.0288135889839601
H88,19.60922824229959,-103.51816450361,2025,3,2025-03,7,0.4045601608080426,-0.053671432013290776
H89,19.60972792389859,-103.5241137226966,2025,3,2025-03,7,0.4126164840856549,-0.09371898655848658
H90,19.60887219704412,-103.5257551584595,2025,3,2025-03,7,0.42010552158369907,-0.1028197939391471
H91,19.6076221074036,-103.5233747651936,2025,3,2025-03,7,0.4198862737676551,-0.07872400648371165
H92,19.60560940953978,-103.5215470361636,2025,3,2025-03,7,0.5051808352856588,0.03205588625191068
H93,19.60208824925957,-103.526896999217,2025,3,2025-03,7,0.2958951726832538,0.004640781543511256
H94,19.60248937810072,-103.5219082769416,2025,3,2025-03,7,0.549826927580042,0.08941444992366322
H95,19.60312115256844,-103.5188596816631,2025,3,2025-03,7,0.41454367834200684,-0.019677890360832655
H96,19.60407294309323,-103.520077159053,2025,3,2025-03,7,0.5005518237967957,0.06609081254704835
H97,19.60595122525007,-103.5194188749723,2025,3,2025-03,7,0.4606456787247167,0.0021729071772278435
H98,19.60823320763247,-103.514985563467,2025,3,2025-03,7,0.4961028108401025,0.047174431006260016
H99,19.60388855172959,-103.5158544085341,2025,3,2025-03,7,0.4283181764930358,-0.011792444331560844
H100,19.6382574968776,-103.5003223970978,2025,3,2025-03,7,0.653133478404899,0.1789723886997956
H1,19.66316440676028,-103.4874704375219,2025,4,2025-04,7,0.19236633160008482,-0.148555663072404
H2,19.65958480327006,-103.4916814554342,2025,4,2025-04,7,0.24709479179033364,-0.023198611336045907
H3,19.64923190063498,-103.495946402958,2025,4,2025-04,7,0.2921473278586583,-0.14989629183130995
H4,19.64892797006392,-103.4934247600402,2025,4,2025-04,7,0.39460519649219294,-0.12306187372182154
H5,19.64768676086755,-103.4905412268389,2025,4,2025-04,7,0.4708597464601407,-0.04235582041422483
H6,19.64498379789444,-103.4931777628067,2025,4,2025-04,7,0.35020768814838515,-0.11667262137062326
H7,19.64523781970015,-103.4907449690666,2025,4,2025-04,7,0.4898491170954546,-0.020835125594052335
H8,19.64391544066743,-103.4919779953152,2025,4,2025-04,7,0.4386440444769671,-0.05026750509131961
H9,19.64289593962869,-103.4923312690368,2025,4,2025-04,7,0.441385085127144,-0.04443901238641281
H10,19.64326268753868,-103.4935692151058,2025,4,2025-04,7,0.3904339557186563,-0.08141490916505356
H11,19.63699143780181,-103.4910115238732,2025,4,2025-04,7,0.5177020779253692,0.05608869750990949
H12,19.6423261120543,-103.4866375453042,2025,4,2025-04,7,0.5801482462684655,0.047829065135361976
H13,19.63928751073353,-103.4859554790877,2025,4,2025-04,7,0.6541749194470478,0.10105303967091848
H14,19.63810334260486,-103.4783889889258,2025,4,2025-04,7,0.46555755146710004,-0.01357268814945804
H15,19.63304594879294,-103.4860570044078,2025,4,2025-04,7,0.37785313474850035,-0.07298574363135256
H16,19.63363829304725,-103.4780586924613,2025,4,2025-04,7,0.25598496967742335,-0.2381410361462893
H18,19.64603762240055,-103.4727003353048,2025,4,2025-04,7,0.28060263048548795,-0.1336505203688053
H17,19.64350681735759,-103.4740222414965,2025,4,2025-04,7,0.2879725768176384,-0.15139692396065033
H19,19.64471242055359,-103.4660382865516,2025,4,2025-04,7,0.38113815256748107,-0.08378920018207184
H20,19.64573564260593,-103.463262682718,2025,4,2025-04,7,0.3371030396754455,-0.09399889825829259
H21,19.64156668442107,-103.4659894961305,2025,4,2025-04,7,0.44407218656646336,-0.06936192743658565
H22,19.63841324577597,-103.466659499049,2025,4,2025-04,7,0.3589834855601081,-0.09124644135499237
H23,19.64582256330241,-103.4600574738049,2025,4,2025-04,7,0.3681542985872321,-0.06785075543359612
H24,19.63458571520362,-103.4659597724037,2025,4,2025-04,7,0.3558851149899588,-0.01668552700792665
H25,19.6352254903721,-103.4698151940444,2025,4,2025-04,7,0.313684821517473,-0.10477718483505037
H26,19.6375519816719,-103.4725797498141,2025,4,2025-04,7,0.3449162392980584,-0.09989430623738287
H27,19.63252169252172,-103.4706206808633,2025,4,2025-04,7,0.23280452138932084,-0.19404577105531198
H28,19.62924958680501,-103.4667801634766,2025,4,2025-04,7,0.2521117865107287,-0.07698391420179936
H29,19.62595823238879,-103.4724550507898,2025,4,2025-04,7,0.5334133804979049,0.0964166415501723
H30,19.62454684136882,-103.4673631977053,2025,4,2025-04,7,0.46354719475220735,0.03941118060657233
H31,19.62400044564311,-103.4720322735746,2025,4,2025-04,7,0.5826975371736098,0.15222847679883
H32,19.61959998384637,-103.4767867508887,2025,4,2025-04,7,0.5796255226679643,0.12476935303383703
H33,19.61742108024948,-103.4745293846265,2025,4,2025-04,7,0.7398799715302706,0.22076570013764496
H34,19.61706263447486,-103.4717205538295,2025,4,2025-04,7,0.5035556338077847,0.06305007394239795
H35,19.62235761063883,-103.4790615464518,2025,4,2025-04,7,0.46525759556361007,0.051969603112470085
H36,19.61265718886245,-103.475737660252,2025,4,2025-04,7,0.4140471321850827,0.025182511449904278
H37,19.61287910833094,-103.4782759946473,2025,4,2025-04,7,0.5909639060497736,0.1307833884798569
H38,19.61351141813728,-103.4814391298695,2025,4,2025-04,7,0.6657476296047673,0.16815048423863513
H39,19.61739633960506,-103.4846383837301,2025,4,2025-04,7,0.6212159851599564,0.1324005544022834
H40,19.61422321757896,-103.4865932661396,2025,4,2025-04,7,0.7150800046855104,0.22348713749325824
H41,19.60964441322967,-103.4875908955098,2025,4,2025-04,7,0.39902925675550405,0.0033261107547984505
H42,19.6171207933109,-103.4889001524713,2025,4,2025-04,7,0.3714049889462515,-0.033976475282093924
H43,19.61451845491155,-103.4926481384631,2025,4,2025-04,7,0.38550718117416516,-0.0019499030876951563
H44,19.61263647892398,-103.4912288771512,2025,4,2025-04,7,0.5376901367148853,0.10326295329192589
H45,19.60934749359883,-103.489216124793,2025,4,2025-04,7,0.33998458919312835,-0.04846690792362129
H46,19.60942413443004,-103.4902280275767,2025,4,2025-04,7,0.34594548747704185,-0.051982991972848246
H47,19.60921557442716,-103.4924523306077,2025,4,2025-04,7,0.44485115439779627,0.008906160110666441
H48,19.60806269214817,-103.4951061797037,2025,4,2025-04,7,0.32659780805066924,-0.030271817256585336
H49,19.61498262970927,-103.4988105532358,2025,4,2025-04,7,0.5766220263764481,0.16310693622285538
H50,19.61011338081553,-103.5061892246769,2025,4,2025-04,7,0.5782283064426349,0.12037020618771076
H51,19.61961236528353,-103.5087860622131,2025,4,2025-04,7,0.5213982421425163,0.06543565762850616
H52,19.62373074157903,-103.506858857131,2025,4,2025-04,7,0.5519379732370441,0.09448860120149481
H53,19.6220524419853,-103.5039156451538,2025,4,2025-04,7,0.5629313917185436,0.1579875205343275
H54,19.621438862174,-103.5012333605017,2025,4,2025-04,7,0.5018534113048116,0.07351817795501857
H55,19.62164911694436,-103.4994749950378,2025,4,2025-04,7,0.3715399552866896,-0.03468832281241557
H56,19.61921532953394,-103.4972616233209,2025,4,2025-04,7,0.3087748068125615,-0.05071948464299029
H57,19.61897530908676,-103.4950371159645,2025,4,2025-04,7,0.26669542911595534,-0.1021440923020234
H58,19.62015890829346,-103.4904304573702,2025,4,2025-04,7,0.2699929784218867,-0.16062627690704598
H59,19.62171827008233,-103.4865543693567,2025,4,2025-04,7,0.27711895324210356,-0.1814165962134118
H60,19.62410311838264,-103.4983277084877,2025,4,2025-04,7,0.37321875961875955,-0.07007066051939585
H61,19.62663965521857,-103.4966882892999,2025,4,2025-04,7,0.3210819041125047,-0.15600149157645649
H62,19.62574866158377,-103.4923995903546,2025,4,2025-04,7,0.2994396157656659,-0.15301036843505478
H63,19.62967479841514,-103.4905956816595,2025,4,2025-04,7,0.25485796756756746,-0.20726077157591677
H64,19.62318042476388,-103.4897338139707,2025,4,2025-04,7,0.2763618854350705,-0.18990062479143882
H65,19.62549316602416,-103.5006797215266,2025,4,2025-04,7,0.40939036635171344,-0.026797589613199696
H66,19.62754606705777,-103.5006843723593,2025,4,2025-04,7,0.47341636265791276,0.03180114552085213
H67,19.63204957316679,-103.5006313932001,2025,4,2025-04,7,0.35426071805101794,-0.045617451127140704
H68,19.62764543878409,-103.5041222734758,2025,4,2025-04,7,0.37856290189515607,-0.039302315228285804
H69,19.62326850459801,-103.5088931720352,2025,4,2025-04,7,0.46907587861729594,0.03164150979553092
H70,19.6263645881459,-103.5081728823758,2025,4,2025-04,7,0.35744168626369477,-0.043014396148032076
H71,19.62298058031248,-103.5108963687992,2025,4,2025-04,7,0.3432428093282969,-0.041060052662334194
H72,19.60791996745303,-103.5088436795277,2025,4,2025-04,7,0.36372365431856146,-0.014851395431142438
H73,19.60688026534045,-103.5119994427884,2025,4,2025-04,7,0.3288682656324253,-0.04839863833414017
H74,19.60589173726333,-103.5034448997359,2025,4,2025-04,7,0.44183060573791305,0.0029142792548300265
H75,19.60306803601581,-103.5022381720191,2025,4,2025-04,7,0.46193747698542487,0.038682775951116
H76,19.61379750235326,-103.5080848952479,2025,4,2025-04,7,0.4276358491685033,0.024614700766752762
H77,19.61346016192836,-103.5100682060295,2025,4,2025-04,7,0.40623559396163933,-0.002942710830185518
H78,19.61409204222733,-103.5105722727903,2025,4,2025-04,7,0.399982510305319,-1.3353555613959708E-5
H79,19.61353215599024,-103.5123741788091,2025,4,2025-04,7,0.36643316957066885,-0.014834058474837993
H80,19.61779554429717,-103.5110620628573,2025,4,2025-04,7,0.4205923778776812,-0.001965468163699148
H81,19.61991823018052,-103.513120060683,2025,4,2025-04,7,0.3120346249919835,-0.0556838155696798
H82,19.62073465959264,-103.514415855126,2025,4,2025-04,7,0.2888524524700093,-0.046144787760746014
H83,19.61823643269025,-103.5148556403709,2025,4,2025-04,7,0.37695563662963694,-0.006572153859990295
H84,19.61655830108952,-103.5173207877669,2025,4,2025-04,7,0.31729053447559585,-0.0558409631004827
H85,19.61530473873262,-103.515910301509,2025,4,2025-04,7,0.29784919618624134,-0.08500041451410384
H86,19.6126488644727,-103.5176299849256,2025,4,2025-04,7,0.27248588294088233,-0.13749993222038848
H87,19.61074534974949,-103.5147577998847,2025,4,2025-04,7,0.3562474764362715,-0.03033881160335585
H88,19.60922824229959,-103.51816450361,2025,4,2025-04,7,0.35583839395380823,-0.0643771873846718
H89,19.60972792389859,-103.5241137226966,2025,4,2025-04,7,0.3477600637484804,-0.11413695828812025
H90,19.60887219704412,-103.5257551584595,2025,4,2025-04,7,0.3471683288094586,-0.13203065454904525
H91,19.6076221074036,-103.5233747651936,2025,4,2025-04,7,0.35936733232366475,-0.10162055301953206
H92,19.60560940953978,-103.5215470361636,2025,4,2025-04,7,0.4548180808784684,0.011047552989697213
H93,19.60208824925957,-103.526896999217,2025,4,2025-04,7,0.2690706131280946,-0.005462074070326711
H94,19.60248937810072,-103.5219082769416,2025,4,2025-04,7,0.5099648169940139,0.07629742471333245
H95,19.60312115256844,-103.5188596816631,2025,4,2025-04,7,0.364917591355507,-0.028930982492882115
H96,19.60407294309323,-103.520077159053,2025,4,2025-04,7,0.46263237598565976,0.06120396961111481
H97,19.60595122525007,-103.5194188749723,2025,4,2025-04,7,0.4076288559559373,-0.012102974637800537
H98,19.60823320763247,-103.514985563467,2025,4,2025-04,7,0.43909628759531655,0.027317896960307345
H99,19.60388855172959,-103.5158544085341,2025,4,2025-04,7,0.3856900272337664,-0.019679511011734544
H100,19.6382574968776,-103.5003223970978,2025,4,2025-04,7,0.6258079296671542,0.16380375205596345
H1,19.66316440676028,-103.4874704375219,2025,5,2025-05,9,0.17985757495394777,-0.14706770912709663
H2,19.65958480327006,-103.4916814554342,2025,5,2025-05,9,0.2485531200997475,-0.03632210987128296
H3,19.64923190063498,-103.495946402958,2025,5,2025-05,9,0.27048866616026673,-0.1531632331393622
H4,19.64892797006392,-103.4934247600402,2025,5,2025-05,9,0.36132456125642315,-0.1314586338539976
H5,19.64768676086755,-103.4905412268389,2025,5,2025-05,9,0.45067432590276413,-0.03944231594724606
H6,19.64498379789444,-103.4931777628067,2025,5,2025-05,9,0.3318864556835934,-0.12232853567612967
H7,19.64523781970015,-103.4907449690666,2025,5,2025-05,9,0.46820614673386424,-0.025535219344983047
H8,19.64391544066743,-103.4919779953152,2025,5,2025-05,9,0.41870711578059516,-0.05496678807963575
H9,19.64289593962869,-103.4923312690368,2025,5,2025-05,9,0.4196872512640633,-0.04610597537008495
H10,19.64326268753868,-103.4935692151058,2025,5,2025-05,9,0.3700636340292596,-0.08445840111378015
H11,19.63699143780181,-103.4910115238732,2025,5,2025-05,9,0.4800976958966386,0.041771727781617994
H12,19.6423261120543,-103.4866375453042,2025,5,2025-05,9,0.5507935254514438,0.04212035823972255
H13,19.63928751073353,-103.4859554790877,2025,5,2025-05,9,0.6190370490094135,0.0935255342573006
H14,19.63810334260486,-103.4783889889258,2025,5,2025-05,9,0.45112674000979447,-0.015731995824032324
H15,19.63304594879294,-103.4860570044078,2025,5,2025-05,9,0.36310550971374395,-0.07224656811631623
H16,19.63363829304725,-103.4780586924613,2025,5,2025-05,9,0.22951883590814554,-0.2367838716607369
H18,19.64603762240055,-103.4727003353048,2025,5,2025-05,9,0.2662403309533791,-0.1444275765775638
H17,19.64350681735759,-103.4740222414965,2025,5,2025-05,9,0.2851352782494185,-0.15701271659629748
H19,19.64471242055359,-103.4660382865516,2025,5,2025-05,9,0.3689875277697834,-0.08615638316530323
H20,19.64573564260593,-103.463262682718,2025,5,2025-05,9,0.3249004914603565,-0.09887087500501049
H21,19.64156668442107,-103.4659894961305,2025,5,2025-05,9,0.431125126695415,-0.06746888549022798
H22,19.63841324577597,-103.466659499049,2025,5,2025-05,9,0.3463999075053781,-0.09138891553473273
H23,19.64582256330241,-103.4600574738049,2025,5,2025-05,9,0.350114723781743,-0.0756371165857455
H24,19.63458571520362,-103.4659597724037,2025,5,2025-05,9,0.33859755244281464,-0.02666094328990534
H25,19.6352254903721,-103.4698151940444,2025,5,2025-05,9,0.2967639382478328,-0.11176791415899316
H26,19.6375519816719,-103.4725797498141,2025,5,2025-05,9,0.3138469679556729,-0.11364386959617812
H27,19.63252169252172,-103.4706206808633,2025,5,2025-05,9,0.22313554161027796,-0.188984183716946
H28,19.62924958680501,-103.4667801634766,2025,5,2025-05,9,0.23860383051354395,-0.08348024020483862
H29,19.62595823238879,-103.4724550507898,2025,5,2025-05,9,0.4944816686557181,0.08226809130615087
H30,19.62454684136882,-103.4673631977053,2025,5,2025-05,9,0.4355940500373891,0.028890209892522768
H31,19.62400044564311,-103.4720322735746,2025,5,2025-05,9,0.5401723035018438,0.13306203446924483
H32,19.61959998384637,-103.4767867508887,2025,5,2025-05,9,0.549355973183042,0.11662023489603329
H33,19.61742108024948,-103.4745293846265,2025,5,2025-05,9,0.6830526426574304,0.1956262441051589
H34,19.61706263447486,-103.4717205538295,2025,5,2025-05,9,0.4554211741749469,0.04747883867030486
H35,19.62235761063883,-103.4790615464518,2025,5,2025-05,9,0.47185565541416885,0.06260461151386346
H36,19.61265718886245,-103.475737660252,2025,5,2025-05,9,0.39802386989504307,0.015272881709264304
H37,19.61287910833094,-103.4782759946473,2025,5,2025-05,9,0.556453672707374,0.11518168988593276
H38,19.61351141813728,-103.4814391298695,2025,5,2025-05,9,0.6261329977478924,0.15680048109698289
H39,19.61739633960506,-103.4846383837301,2025,5,2025-05,9,0.5498499258810527,0.10225333469096486
H40,19.61422321757896,-103.4865932661396,2025,5,2025-05,9,0.6673845484819179,0.2068239657206296
H41,19.60964441322967,-103.4875908955098,2025,5,2025-05,9,0.3891120508472704,0.0020290326003858023
H42,19.6171207933109,-103.4889001524713,2025,5,2025-05,9,0.33504115770048687,-0.04204993093395342
H43,19.61451845491155,-103.4926481384631,2025,5,2025-05,9,0.362261682917842,-0.01046426662277003
H44,19.61263647892398,-103.4912288771512,2025,5,2025-05,9,0.5153351776708941,0.09954413770074014
H45,19.60934749359883,-103.489216124793,2025,5,2025-05,9,0.32025860612731144,-0.04995022175335857
H46,19.60942413443004,-103.4902280275767,2025,5,2025-05,9,0.3152550045477178,-0.05657187289427344
H47,19.60921557442716,-103.4924523306077,2025,5,2025-05,9,0.3845420463194034,-0.011657174236556926
H48,19.60806269214817,-103.4951061797037,2025,5,2025-05,9,0.2843401681397117,-0.04141611702143555
H49,19.61498262970927,-103.4988105532358,2025,5,2025-05,9,0.5618202236797114,0.1628652154882396
H50,19.61011338081553,-103.5061892246769,2025,5,2025-05,9,0.5395877159222776,0.10377956001369504
H51,19.61961236528353,-103.5087860622131,2025,5,2025-05,9,0.49077252357981593,0.06603676266763943
H52,19.62373074157903,-103.506858857131,2025,5,2025-05,9,0.48247561632843167,0.06211286100374796
H53,19.6220524419853,-103.5039156451538,2025,5,2025-05,9,0.5047513645601519,0.11733924118061934
H54,19.621438862174,-103.5012333605017,2025,5,2025-05,9,0.46698159401397304,0.06332582381245859
H55,19.62164911694436,-103.4994749950378,2025,5,2025-05,9,0.3392503113369226,-0.043334695993314576
H56,19.61921532953394,-103.4972616233209,2025,5,2025-05,9,0.2906467423107289,-0.06776902049202525
H57,19.61897530908676,-103.4950371159645,2025,5,2025-05,9,0.24273157927846348,-0.12316487656347014
H58,19.62015890829346,-103.4904304573702,2025,5,2025-05,9,0.25395085526194333,-0.1620870207661845
H59,19.62171827008233,-103.4865543693567,2025,5,2025-05,9,0.26287994948599813,-0.18239626900122738
H60,19.62410311838264,-103.4983277084877,2025,5,2025-05,9,0.3363565060793433,-0.0786686438312756
H61,19.62663965521857,-103.4966882892999,2025,5,2025-05,9,0.30365126644524215,-0.15444055995162786
H62,19.62574866158377,-103.4923995903546,2025,5,2025-05,9,0.2903685077421594,-0.15169964786501358
H63,19.62967479841514,-103.4905956816595,2025,5,2025-05,9,0.2376768790318975,-0.20121234963277265
H64,19.62318042476388,-103.4897338139707,2025,5,2025-05,9,0.25956126359354176,-0.17394315308461586
H65,19.62549316602416,-103.5006797215266,2025,5,2025-05,9,0.3780903099743419,-0.035434368883328675
H66,19.62754606705777,-103.5006843723593,2025,5,2025-05,9,0.4196568847344821,0.01319410186220804
H67,19.63204957316679,-103.5006313932001,2025,5,2025-05,9,0.3167278186870479,-0.05484446445772395
H68,19.62764543878409,-103.5041222734758,2025,5,2025-05,9,0.3372189282281902,-0.05250179675452979
H69,19.62326850459801,-103.5088931720352,2025,5,2025-05,9,0.41199682467771054,0.007361690747394406
H70,19.6263645881459,-103.5081728823758,2025,5,2025-05,9,0.32242927932984605,-0.05953009263923876
H71,19.62298058031248,-103.5108963687992,2025,5,2025-05,9,0.3018136674417743,-0.062229387700282
H72,19.60791996745303,-103.5088436795277,2025,5,2025-05,9,0.3377677339137375,-0.028168516424075047
H73,19.60688026534045,-103.5119994427884,2025,5,2025-05,9,0.29730299421184003,-0.06679917776838483
H74,19.60589173726333,-103.5034448997359,2025,5,2025-05,9,0.38708832929118026,-0.024307898779870222
H75,19.60306803601581,-103.5022381720191,2025,5,2025-05,9,0.41713968293591036,0.022756793176257048
H76,19.61379750235326,-103.5080848952479,2025,5,2025-05,9,0.3894119074813311,0.007874371738036175
H77,19.61346016192836,-103.5100682060295,2025,5,2025-05,9,0.3608061480348994,-0.02705597094207783
H78,19.61409204222733,-103.5105722727903,2025,5,2025-05,9,0.3567793424586456,-0.021687594832389183
H79,19.61353215599024,-103.5123741788091,2025,5,2025-05,9,0.3301914604341899,-0.0354285503418678
H80,19.61779554429717,-103.5110620628573,2025,5,2025-05,9,0.38977103417240333,-0.009820875537680875
H81,19.61991823018052,-103.513120060683,2025,5,2025-05,9,0.28085804225378697,-0.07833887414918445
H82,19.62073465959264,-103.514415855126,2025,5,2025-05,9,0.25789922135687865,-0.06936571077456692
H83,19.61823643269025,-103.5148556403709,2025,5,2025-05,9,0.34348581363679515,-0.027255642873967947
H84,19.61655830108952,-103.5173207877669,2025,5,2025-05,9,0.2911396488455408,-0.07028943087696052
H85,19.61530473873262,-103.515910301509,2025,5,2025-05,9,0.2715252056992783,-0.09252330356493259
H86,19.6126488644727,-103.5176299849256,2025,5,2025-05,9,0.23767398200009063,-0.1442491441966863
H87,19.61074534974949,-103.5147577998847,2025,5,2025-05,9,0.3236527366944498,-0.04314731476801078
H88,19.60922824229959,-103.51816450361,2025,5,2025-05,9,0.3199628012065963,-0.06755630701825857
H89,19.60972792389859,-103.5241137226966,2025,5,2025-05,9,0.2943281023968454,-0.12781982554153223
H90,19.60887219704412,-103.5257551584595,2025,5,2025-05,9,0.2900036804119735,-0.14716444243222276
H91,19.6076221074036,-103.5233747651936,2025,5,2025-05,9,0.3089539293820759,-0.10938544076745575
H92,19.60560940953978,-103.5215470361636,2025,5,2025-05,9,0.39986219438260207,-0.00956818421890682
H93,19.60208824925957,-103.526896999217,2025,5,2025-05,9,0.23840589848753985,-0.020437469377387163
H94,19.60248937810072,-103.5219082769416,2025,5,2025-05,9,0.45395172567470565,0.05732099279388245
H95,19.60312115256844,-103.5188596816631,2025,5,2025-05,9,0.333990845697957,-0.03528152466618514
H96,19.60407294309323,-103.520077159053,2025,5,2025-05,9,0.42205662706570385,0.04057884320924441
H97,19.60595122525007,-103.5194188749723,2025,5,2025-05,9,0.3679921243844192,-0.026594440932598367
H98,19.60823320763247,-103.514985563467,2025,5,2025-05,9,0.3972048589258379,0.008905681957808064
H99,19.60388855172959,-103.5158544085341,2025,5,2025-05,9,0.34349723260994824,-0.030448557401682515
H100,19.6382574968776,-103.5003223970978,2025,5,2025-05,9,0.5419644463309825,0.12428618426071676
H1,19.66316440676028,-103.4874704375219,2025,6,2025-06,1,0.30876008792417303,-0.11699176947428166
H2,19.65958480327006,-103.4916814554342,2025,6,2025-06,1,0.39144706510978516,-0.0016836793661504734
H3,19.64923190063498,-103.495946402958,2025,6,2025-06,1,0.3769954087074494,-0.13938890334026993
H4,19.64892797006392,-103.4934247600402,2025,6,2025-06,1,0.49377837725226303,-0.0871851876306126
H5,19.64768676086755,-103.4905412268389,2025,6,2025-06,1,0.5344975211250641,-0.03525963364971145
H6,19.64498379789444,-103.4931777628067,2025,6,2025-06,1,0.40623612374239193,-0.12182428314185446
H7,19.64523781970015,-103.4907449690666,2025,6,2025-06,1,0.5553392742268509,-0.006010274991027442
H8,19.64391544066743,-103.4919779953152,2025,6,2025-06,1,0.49229207963856475,-0.043803314295692
H9,19.64289593962869,-103.4923312690368,2025,6,2025-06,1,0.49255015800128765,-0.0355626792777262
H10,19.64326268753868,-103.4935692151058,2025,6,2025-06,1,0.43599894791185534,-0.08191048478738816
H11,19.63699143780181,-103.4910115238732,2025,6,2025-06,1,0.5513154136100019,0.051952633715312946
H12,19.6423261120543,-103.4866375453042,2025,6,2025-06,1,0.6364230649947225,0.06810771167678797
H13,19.63928751073353,-103.4859554790877,2025,6,2025-06,1,0.7077671419368162,0.11503319876474516
H14,19.63810334260486,-103.4783889889258,2025,6,2025-06,1,0.5827638873924328,0.008840890524138962
H15,19.63304594879294,-103.4860570044078,2025,6,2025-06,1,0.41750144376254356,-0.08658939602209874
H16,19.63363829304725,-103.4780586924613,2025,6,2025-06,1,0.37467124149476205,-0.20301473358150574
H18,19.64603762240055,-103.4727003353048,2025,6,2025-06,1,0.37230955332225596,-0.10690145445273541
H17,19.64350681735759,-103.4740222414965,2025,6,2025-06,1,0.4058493360867155,-0.13768219759170094
H19,19.64471242055359,-103.4660382865516,2025,6,2025-06,1,0.5139200040394503,-0.00819270454931319
H20,19.64573564260593,-103.463262682718,2025,6,2025-06,1,0.47075805727495174,-0.0397174108468927
H21,19.64156668442107,-103.4659894961305,2025,6,2025-06,1,0.5622527516434772,0.0027433644889606414
H22,19.63841324577597,-103.466659499049,2025,6,2025-06,1,0.47407138854914715,-0.03322988142956575
H23,19.64582256330241,-103.4600574738049,2025,6,2025-06,1,0.5089853500992333,-0.00999053299912088
H24,19.63458571520362,-103.4659597724037,2025,6,2025-06,1,0.4723451841328535,0.022419693373055043
H25,19.6352254903721,-103.4698151940444,2025,6,2025-06,1,0.42249483671133775,-0.06111158157861153
H26,19.6375519816719,-103.4725797498141,2025,6,2025-06,1,0.4477356848855218,-0.05517184369315721
H27,19.63252169252172,-103.4706206808633,2025,6,2025-06,1,0.36010855334694314,-0.1553076295853721
H28,19.62924958680501,-103.4667801634766,2025,6,2025-06,1,0.3846398318448671,-0.03920445399688003
H29,19.62595823238879,-103.4724550507898,2025,6,2025-06,1,0.6279117649271457,0.11613589787399643
H30,19.62454684136882,-103.4673631977053,2025,6,2025-06,1,0.6095433614936407,0.09615917382444197
H31,19.62400044564311,-103.4720322735746,2025,6,2025-06,1,0.6634364934810578,0.17769253568780002
H32,19.61959998384637,-103.4767867508887,2025,6,2025-06,1,0.6763074005835521,0.17385124297159626
H33,19.61742108024948,-103.4745293846265,2025,6,2025-06,1,0.795845532960216,0.25001176027613853
H34,19.61706263447486,-103.4717205538295,2025,6,2025-06,1,0.5107955320246634,0.09354550030792141
H35,19.62235761063883,-103.4790615464518,2025,6,2025-06,1,0.61645053853929,0.11697342952789165
H36,19.61265718886245,-103.475737660252,2025,6,2025-06,1,0.5019076022760828,0.06715060505137055
H37,19.61287910833094,-103.4782759946473,2025,6,2025-06,1,0.6790339967208597,0.17239112903222162
H38,19.61351141813728,-103.4814391298695,2025,6,2025-06,1,0.7427309220495587,0.21789293698831205
H39,19.61739633960506,-103.4846383837301,2025,6,2025-06,1,0.7272621870903125,0.18616421719051804
H40,19.61422321757896,-103.4865932661396,2025,6,2025-06,1,0.7689226792259276,0.25676825576490203
H41,19.60964441322967,-103.4875908955098,2025,6,2025-06,1,0.5559283439430434,0.07327649899246928
H42,19.6171207933109,-103.4889001524713,2025,6,2025-06,1,0.4690809870525542,0.002661938061771591
H43,19.61451845491155,-103.4926481384631,2025,6,2025-06,1,0.48225506165952364,0.02481357118710157
H44,19.61263647892398,-103.4912288771512,2025,6,2025-06,1,0.6081293232850346,0.11974660155624474
H45,19.60934749359883,-103.489216124793,2025,6,2025-06,1,0.4830819086189978,0.01120574805103246
H46,19.60942413443004,-103.4902280275767,2025,6,2025-06,1,0.4794539057893726,-0.003018729408861931
H47,19.60921557442716,-103.4924523306077,2025,6,2025-06,1,0.5430162912451273,0.03626212922081171
H48,19.60806269214817,-103.4951061797037,2025,6,2025-06,1,0.4238466205433276,-0.007885209300282026
H49,19.61498262970927,-103.4988105532358,2025,6,2025-06,1,0.6829176616008833,0.20184637655255633
H50,19.61011338081553,-103.5061892246769,2025,6,2025-06,1,0.6366995109784662,0.13798532788048964
H51,19.61961236528353,-103.5087860622131,2025,6,2025-06,1,0.6056405225687698,0.10266378517613371
H52,19.62373074157903,-103.506858857131,2025,6,2025-06,1,0.6341612700319289,0.10118142268090694
H53,19.6220524419853,-103.5039156451538,2025,6,2025-06,1,0.6290785532716713,0.16437111235090876
H54,19.621438862174,-103.5012333605017,2025,6,2025-06,1,0.5767770563261474,0.08440476984308924
H55,19.62164911694436,-103.4994749950378,2025,6,2025-06,1,0.44132077401682335,-0.028710496027747848
H56,19.61921532953394,-103.4972616233209,2025,6,2025-06,1,0.43049433898379946,-0.05974036660252411
H57,19.61897530908676,-103.4950371159645,2025,6,2025-06,1,0.37308252353470667,-0.12359083780474171
H58,19.62015890829346,-103.4904304573702,2025,6,2025-06,1,0.43138397698077474,-0.11669892081889446
H59,19.62171827008233,-103.4865543693567,2025,6,2025-06,1,0.41862666145098965,-0.15586732983890372
H60,19.62410311838264,-103.4983277084877,2025,6,2025-06,1,0.4603299987243368,-0.05692403895442437
H61,19.62663965521857,-103.4966882892999,2025,6,2025-06,1,0.41949469039914083,-0.13635239520000275
H62,19.62574866158377,-103.4923995903546,2025,6,2025-06,1,0.40799504821295046,-0.14501744722311208
H63,19.62967479841514,-103.4905956816595,2025,6,2025-06,1,0.335019029666288,-0.1667334825172228
H64,19.62318042476388,-103.4897338139707,2025,6,2025-06,1,0.40773184213224983,-0.16041147684166046
H65,19.62549316602416,-103.5006797215266,2025,6,2025-06,1,0.5377411693210286,0.013408348663384362
H66,19.62754606705777,-103.5006843723593,2025,6,2025-06,1,0.5547987285219417,0.06013064605639924
H67,19.63204957316679,-103.5006313932001,2025,6,2025-06,1,0.4572012017988508,-0.03226712401653976
H68,19.62764543878409,-103.5041222734758,2025,6,2025-06,1,0.4644871814745619,-0.030893433623449335
H69,19.62326850459801,-103.5088931720352,2025,6,2025-06,1,0.546012319568564,0.027906335827813673
H70,19.6263645881459,-103.5081728823758,2025,6,2025-06,1,0.4932205603942417,-0.04163921492436544
H71,19.62298058031248,-103.5108963687992,2025,6,2025-06,1,0.4421363983511725,-0.03694118022573793
H72,19.60791996745303,-103.5088436795277,2025,6,2025-06,1,0.4865368625626727,0.009816002324778281
H73,19.60688026534045,-103.5119994427884,2025,6,2025-06,1,0.499281348616995,-0.0012500040108450194
H74,19.60589173726333,-103.5034448997359,2025,6,2025-06,1,0.552880746535111,-0.0010189915388764475
H75,19.60306803601581,-103.5022381720191,2025,6,2025-06,1,0.5707382340076002,0.06515495325668984
H76,19.61379750235326,-103.5080848952479,2025,6,2025-06,1,0.5683988232446949,0.07116221667807168
H77,19.61346016192836,-103.5100682060295,2025,6,2025-06,1,0.5740169385349002,0.0468934476134408
H78,19.61409204222733,-103.5105722727903,2025,6,2025-06,1,0.5642662085989212,0.048896854906031045
H79,19.61353215599024,-103.5123741788091,2025,6,2025-06,1,0.5268772731575834,0.022511507209666572
H80,19.61779554429717,-103.5110620628573,2025,6,2025-06,1,0.5756089085623226,0.04935652910552189
H81,19.61991823018052,-103.513120060683,2025,6,2025-06,1,0.5174958274783917,0.006485587143212771
H82,19.62073465959264,-103.514415855126,2025,6,2025-06,1,0.4479283321719082,-0.004485787770551538
H83,19.61823643269025,-103.5148556403709,2025,6,2025-06,1,0.5432775987981037,0.04315752256606456
H84,19.61655830108952,-103.5173207877669,2025,6,2025-06,1,0.4596746014921579,-0.029471262125410642
H85,19.61530473873262,-103.515910301509,2025,6,2025-06,1,0.42987309817120006,-0.04745881145494949
H86,19.6126488644727,-103.5176299849256,2025,6,2025-06,1,0.434331544789144,-0.07592643498036775
H87,19.61074534974949,-103.5147577998847,2025,6,2025-06,1,0.5188798325195116,0.018279476577839106
H88,19.60922824229959,-103.51816450361,2025,6,2025-06,1,0.4966486022697383,0.0016219669138958634
H89,19.60972792389859,-103.5241137226966,2025,6,2025-06,1,0.4600164841987174,-0.08249670809663219
H90,19.60887219704412,-103.5257551584595,2025,6,2025-06,1,0.4518990281074676,-0.09705908940966464
H91,19.6076221074036,-103.5233747651936,2025,6,2025-06,1,0.4750488402391976,-0.04787426947462356
H92,19.60560940953978,-103.5215470361636,2025,6,2025-06,1,0.535818216320287,0.03240218619518249
H93,19.60208824925957,-103.526896999217,2025,6,2025-06,1,0.3079180057850076,1.544318601245346E-4
H94,19.60248937810072,-103.5219082769416,2025,6,2025-06,1,0.5963508833304718,0.10957242080842036
H95,19.60312115256844,-103.5188596816631,2025,6,2025-06,1,0.48084683477280254,0.001285697524225531
H96,19.60407294309323,-103.520077159053,2025,6,2025-06,1,0.5540928478171847,0.07035717160271138
H97,19.60595122525007,-103.5194188749723,2025,6,2025-06,1,0.5134947520108136,0.015880760451147707
H98,19.60823320763247,-103.514985563467,2025,6,2025-06,1,0.5712059828234118,0.0683307099590041
H99,19.60388855172959,-103.5158544085341,2025,6,2025-06,1,0.47149967000135523,0.01457019973904664
H100,19.6382574968776,-103.5003223970978,2025,6,2025-06,1,0.6746912004641806,0.17859024588205108
H1,19.66316440676028,-103.4874704375219,2025,7,2025-07,5,0.5397676071989774,0.10632348009679031
H2,19.65958480327006,-103.4916814554342,2025,7,2025-07,5,0.4882295355860301,0.10082420209418805
H3,19.64923190063498,-103.495946402958,2025,7,2025-07,5,0.6275942524558262,0.1374672818006179
H4,19.64892797006392,-103.4934247600402,2025,7,2025-07,5,0.6783618960684715,0.1405624438666407
H5,19.64768676086755,-103.4905412268389,2025,7,2025-07,5,0.5787308131660205,0.0294924153021169
H6,19.64498379789444,-103.4931777628067,2025,7,2025-07,5,0.5765852746779522,0.06189622878928314
H7,19.64523781970015,-103.4907449690666,2025,7,2025-07,5,0.605439853755038,0.06032108273480491
H8,19.64391544066743,-103.4919779953152,2025,7,2025-07,5,0.5759596130858579,0.060174685698430985
H9,19.64289593962869,-103.4923312690368,2025,7,2025-07,5,0.5957295879074019,0.08549597464449152
H10,19.64326268753868,-103.4935692151058,2025,7,2025-07,5,0.5792909847232489,0.07756413339862364
H11,19.63699143780181,-103.4910115238732,2025,7,2025-07,5,0.6039421360217767,0.1338039141132869
H12,19.6423261120543,-103.4866375453042,2025,7,2025-07,5,0.7024683932434944,0.1629181751591075
H13,19.63928751073353,-103.4859554790877,2025,7,2025-07,5,0.7768689545304245,0.2326394294039831
H14,19.63810334260486,-103.4783889889258,2025,7,2025-07,5,0.7281505260358361,0.17176517136267175
H15,19.63304594879294,-103.4860570044078,2025,7,2025-07,5,0.5990305585583768,0.10531176043549316
H16,19.63363829304725,-103.4780586924613,2025,7,2025-07,5,0.6043716284380711,0.05845745619087524
H18,19.64603762240055,-103.4727003353048,2025,7,2025-07,5,0.5550742444281387,0.12414501753147623
H17,19.64350681735759,-103.4740222414965,2025,7,2025-07,5,0.650114043334341,0.15947519614292255
H19,19.64471242055359,-103.4660382865516,2025,7,2025-07,5,0.6680179969526535,0.1587229782517959
H20,19.64573564260593,-103.463262682718,2025,7,2025-07,5,0.6238730204012823,0.1373244610271208
H21,19.64156668442107,-103.4659894961305,2025,7,2025-07,5,0.5518385418024531,0.020120078252797734
H22,19.63841324577597,-103.466659499049,2025,7,2025-07,5,0.5059535430252963,0.07890964090840967
H23,19.64582256330241,-103.4600574738049,2025,7,2025-07,5,0.576372699726374,0.0908617507002021
H24,19.63458571520362,-103.4659597724037,2025,7,2025-07,5,0.5760478154614749,0.1726826160474029
H25,19.6352254903721,-103.4698151940444,2025,7,2025-07,5,0.6262225220894404,0.17609773300528414
H26,19.6375519816719,-103.4725797498141,2025,7,2025-07,5,0.7023228818016526,0.23164947751775058
H27,19.63252169252172,-103.4706206808633,2025,7,2025-07,5,0.5915018856491926,0.12728696717113372
H28,19.62924958680501,-103.4667801634766,2025,7,2025-07,5,0.44354694535300715,0.10283976507748166
H29,19.62595823238879,-103.4724550507898,2025,7,2025-07,5,0.6465825179727324,0.17752768140864533
H30,19.62454684136882,-103.4673631977053,2025,7,2025-07,5,0.4717173025495735,0.1153364657771158
H31,19.62400044564311,-103.4720322735746,2025,7,2025-07,5,0.6908212001553169,0.23105731541828448
H32,19.61959998384637,-103.4767867508887,2025,7,2025-07,5,0.7496241390843835,0.2531082441377751
H33,19.61742108024948,-103.4745293846265,2025,7,2025-07,5,0.822871445791904,0.3166809689924668
H34,19.61706263447486,-103.4717205538295,2025,7,2025-07,5,0.568779252847191,0.16183479353334104
H35,19.62235761063883,-103.4790615464518,2025,7,2025-07,5,0.679664294277159,0.17404315998893985
H36,19.61265718886245,-103.475737660252,2025,7,2025-07,5,0.5372306081934894,0.11126417821898021
H37,19.61287910833094,-103.4782759946473,2025,7,2025-07,5,0.6895325842346028,0.1898725003724547
H38,19.61351141813728,-103.4814391298695,2025,7,2025-07,5,0.7559809224650121,0.2378698795721137
H39,19.61739633960506,-103.4846383837301,2025,7,2025-07,5,0.6974066530640005,0.18764717310891155
H40,19.61422321757896,-103.4865932661396,2025,7,2025-07,5,0.7594604826987427,0.25299640123616063
H41,19.60964441322967,-103.4875908955098,2025,7,2025-07,5,0.5789266693221061,0.12023678516556441
H42,19.6171207933109,-103.4889001524713,2025,7,2025-07,5,0.5656402236053353,0.11138427355263754
H43,19.61451845491155,-103.4926481384631,2025,7,2025-07,5,0.5309843125040075,0.07646998034874027
H44,19.61263647892398,-103.4912288771512,2025,7,2025-07,5,0.6476535626816102,0.1538396187806384
H45,19.60934749359883,-103.489216124793,2025,7,2025-07,5,0.5137374910347495,0.07928113617642096
H46,19.60942413443004,-103.4902280275767,2025,7,2025-07,5,0.5243721987320281,0.08044420704078865
H47,19.60921557442716,-103.4924523306077,2025,7,2025-07,5,0.5562139194644383,0.09339854771882805
H48,19.60806269214817,-103.4951061797037,2025,7,2025-07,5,0.4890821402368951,0.0972774440676316
H49,19.61498262970927,-103.4988105532358,2025,7,2025-07,5,0.7202164271638327,0.2342139052359317
H50,19.61011338081553,-103.5061892246769,2025,7,2025-07,5,0.6379242616617574,0.18754019138858766
H51,19.61961236528353,-103.5087860622131,2025,7,2025-07,5,0.6577334655301735,0.1741870398745006
H52,19.62373074157903,-103.506858857131,2025,7,2025-07,5,0.6381729651554203,0.13797835810959716
H53,19.6220524419853,-103.5039156451538,2025,7,2025-07,5,0.6447689346133577,0.19683597450364254
H54,19.621438862174,-103.5012333605017,2025,7,2025-07,5,0.6014334239933731,0.12538340968842943
H55,19.62164911694436,-103.4994749950378,2025,7,2025-07,5,0.5397658799697195,0.09325579832939469
H56,19.61921532953394,-103.4972616233209,2025,7,2025-07,5,0.6267938301992294,0.1343631506515923
H57,19.61897530908676,-103.4950371159645,2025,7,2025-07,5,0.6414774208784191,0.14069258807449966
H58,19.62015890829346,-103.4904304573702,2025,7,2025-07,5,0.5960483931113717,0.10646703584344835
H59,19.62171827008233,-103.4865543693567,2025,7,2025-07,5,0.674198336582275,0.1256575997134844
H60,19.62410311838264,-103.4983277084877,2025,7,2025-07,5,0.6117586929942315,0.1120167547315702
H61,19.62663965521857,-103.4966882892999,2025,7,2025-07,5,0.6290233429707746,0.10223410847318415
H62,19.62574866158377,-103.4923995903546,2025,7,2025-07,5,0.6717356178916899,0.13940571071718952
H63,19.62967479841514,-103.4905956816595,2025,7,2025-07,5,0.5785038493451709,0.09189940973850999
H64,19.62318042476388,-103.4897338139707,2025,7,2025-07,5,0.6028678118321492,0.043417603727599896
H65,19.62549316602416,-103.5006797215266,2025,7,2025-07,5,0.6132801559088314,0.10978456625740904
H66,19.62754606705777,-103.5006843723593,2025,7,2025-07,5,0.5911235192411974,0.09810223113487528
H67,19.63204957316679,-103.5006313932001,2025,7,2025-07,5,0.6680190524152219,0.18032201073693205
H68,19.62764543878409,-103.5041222734758,2025,7,2025-07,5,0.5844420277469555,0.10346933844652288
H69,19.62326850459801,-103.5088931720352,2025,7,2025-07,5,0.573374980042967,0.08599328489756136
H70,19.6263645881459,-103.5081728823758,2025,7,2025-07,5,0.5503981166910394,0.06718516075645842
H71,19.62298058031248,-103.5108963687992,2025,7,2025-07,5,0.5207174432149317,0.06652869742728171
H72,19.60791996745303,-103.5088436795277,2025,7,2025-07,5,0.5052494772886885,0.07957750914934213
H73,19.60688026534045,-103.5119994427884,2025,7,2025-07,5,0.5240892279729472,0.08131267425599942
H74,19.60589173726333,-103.5034448997359,2025,7,2025-07,5,0.6262522485952259,0.12026192009038049
H75,19.60306803601581,-103.5022381720191,2025,7,2025-07,5,0.615877926696043,0.13648425822085852
H76,19.61379750235326,-103.5080848952479,2025,7,2025-07,5,0.6111506809507883,0.1421109052582468
H77,19.61346016192836,-103.5100682060295,2025,7,2025-07,5,0.6137896029051723,0.1422619754471167
H78,19.61409204222733,-103.5105722727903,2025,7,2025-07,5,0.6130989137493498,0.1353868364600205
H79,19.61353215599024,-103.5123741788091,2025,7,2025-07,5,0.6354866987710581,0.16994595753227246
H80,19.61779554429717,-103.5110620628573,2025,7,2025-07,5,0.6755877917933801,0.17068975971142494
H81,19.61991823018052,-103.513120060683,2025,7,2025-07,5,0.5718408957511042,0.11003936719076109
H82,19.62073465959264,-103.514415855126,2025,7,2025-07,5,0.48688640320036586,0.07333122989104686
H83,19.61823643269025,-103.5148556403709,2025,7,2025-07,5,0.5260233190450163,0.08845395219411888
H84,19.61655830108952,-103.5173207877669,2025,7,2025-07,5,0.46437014202411725,0.07261686946379664
H85,19.61530473873262,-103.515910301509,2025,7,2025-07,5,0.5585471491079561,0.10290892806011481
H86,19.6126488644727,-103.5176299849256,2025,7,2025-07,5,0.6428584067454303,0.18570107388548016
H87,19.61074534974949,-103.5147577998847,2025,7,2025-07,5,0.6070789056050468,0.17079250215644906
H88,19.60922824229959,-103.51816450361,2025,7,2025-07,5,0.648023493391183,0.21060495588465997
H89,19.60972792389859,-103.5241137226966,2025,7,2025-07,5,0.581048236762107,0.14704628313734977
H90,19.60887219704412,-103.5257551584595,2025,7,2025-07,5,0.5110282246152095,0.1355117325791854
H91,19.6076221074036,-103.5233747651936,2025,7,2025-07,5,0.5742055276664751,0.16967022186326636
H92,19.60560940953978,-103.5215470361636,2025,7,2025-07,5,0.6130647433501122,0.18512835844261505
H93,19.60208824925957,-103.526896999217,2025,7,2025-07,5,0.35725741298475483,0.11620915948939461
H94,19.60248937810072,-103.5219082769416,2025,7,2025-07,5,0.6581060178228698,0.2321567789299557
H95,19.60312115256844,-103.5188596816631,2025,7,2025-07,5,0.6081955493122746,0.16562752726144145
H96,19.60407294309323,-103.520077159053,2025,7,2025-07,5,0.5989478317302704,0.16364533405288834
H97,19.60595122525007,-103.5194188749723,2025,7,2025-07,5,0.6017356567894305,0.16165571737424156
H98,19.60823320763247,-103.514985563467,2025,7,2025-07,5,0.5985774786959863,0.1498471035917081
H99,19.60388855172959,-103.5158544085341,2025,7,2025-07,5,0.5961618908276666,0.16815954750163464
H100,19.6382574968776,-103.5003223970978,2025,7,2025-07,5,0.7186403107707199,0.21339772815056945
H1,19.66316440676028,-103.4874704375219,2025,8,2025-08,6,0.504372902166193,0.0801752482516229
H2,19.65958480327006,-103.4916814554342,2025,8,2025-08,6,0.406778231051684,0.10551863420403905
H3,19.64923190063498,-103.495946402958,2025,8,2025-08,6,0.6415466146332036,0.1692499443021795
H4,19.64892797006392,-103.4934247600402,2025,8,2025-08,6,0.7119473498596992,0.18785675577120137
H5,19.64768676086755,-103.4905412268389,2025,8,2025-08,6,0.6373811065988874,0.08979900985876715
H6,19.64498379789444,-103.4931777628067,2025,8,2025-08,6,0.6413552506551128,0.13161936697508753
H7,19.64523781970015,-103.4907449690666,2025,8,2025-08,6,0.6381445655307836,0.09186532755344369
H8,19.64391544066743,-103.4919779953152,2025,8,2025-08,6,0.6290559115977525,0.10818503919482617
H9,19.64289593962869,-103.4923312690368,2025,8,2025-08,6,0.6338028048081953,0.12096501756000858
H10,19.64326268753868,-103.4935692151058,2025,8,2025-08,6,0.6365691837824353,0.1324166762050743
H11,19.63699143780181,-103.4910115238732,2025,8,2025-08,6,0.6354934785897297,0.1584072632586866
H12,19.6423261120543,-103.4866375453042,2025,8,2025-08,6,0.699379915730489,0.16430366297060087
H13,19.63928751073353,-103.4859554790877,2025,8,2025-08,6,0.7758206051862266,0.22098670481033347
H14,19.63810334260486,-103.4783889889258,2025,8,2025-08,6,0.694419349508686,0.16819555547609125
H15,19.63304594879294,-103.4860570044078,2025,8,2025-08,6,0.6259949151927068,0.13048328857933522
H16,19.63363829304725,-103.4780586924613,2025,8,2025-08,6,0.5380175387309878,0.010858574230108433
H18,19.64603762240055,-103.4727003353048,2025,8,2025-08,6,0.5292827572713807,0.05906831197719983
H17,19.64350681735759,-103.4740222414965,2025,8,2025-08,6,0.5105401352928313,-0.019323948206297847
H19,19.64471242055359,-103.4660382865516,2025,8,2025-08,6,0.6723603577950311,0.16412295019303144
H20,19.64573564260593,-103.463262682718,2025,8,2025-08,6,0.6210767242853753,0.137578436505611
H21,19.64156668442107,-103.4659894961305,2025,8,2025-08,6,0.583770641961641,0.035406031159320464
H22,19.63841324577597,-103.466659499049,2025,8,2025-08,6,0.5602828541007203,0.0885086383077862
H23,19.64582256330241,-103.4600574738049,2025,8,2025-08,6,0.5762700983713233,0.10068565466324686
H24,19.63458571520362,-103.4659597724037,2025,8,2025-08,6,0.6207517487717591,0.1875647520156972
H25,19.6352254903721,-103.4698151940444,2025,8,2025-08,6,0.5977401545148321,0.14059845567145926
H26,19.6375519816719,-103.4725797498141,2025,8,2025-08,6,0.627550160392849,0.1520091148654486
H27,19.63252169252172,-103.4706206808633,2025,8,2025-08,6,0.5650019051263631,0.07635059572019583
H28,19.62924958680501,-103.4667801634766,2025,8,2025-08,6,0.6284559855630548,0.20000896083189915
H29,19.62595823238879,-103.4724550507898,2025,8,2025-08,6,0.6304534813813234,0.1346894607627968
H30,19.62454684136882,-103.4673631977053,2025,8,2025-08,6,0.6694193000045198,0.14263098194162888
H31,19.62400044564311,-103.4720322735746,2025,8,2025-08,6,0.7027425703523054,0.19872599659858756
H32,19.61959998384637,-103.4767867508887,2025,8,2025-08,6,0.7407103459771931,0.24051377893118264
H33,19.61742108024948,-103.4745293846265,2025,8,2025-08,6,0.8426563172881748,0.31756198740504094
H34,19.61706263447486,-103.4717205538295,2025,8,2025-08,6,0.6379506823525913,0.21926394751104153
H35,19.62235761063883,-103.4790615464518,2025,8,2025-08,6,0.6352431609507339,0.1390957745350066
H36,19.61265718886245,-103.475737660252,2025,8,2025-08,6,0.6302883049074809,0.16816972809657105
H37,19.61287910833094,-103.4782759946473,2025,8,2025-08,6,0.7298597196792811,0.21344283491484706
H38,19.61351141813728,-103.4814391298695,2025,8,2025-08,6,0.7898508662892055,0.25269846613610314
H39,19.61739633960506,-103.4846383837301,2025,8,2025-08,6,0.7597686904226202,0.21187470908390152
H40,19.61422321757896,-103.4865932661396,2025,8,2025-08,6,0.7771210170288287,0.24163188208094763
H41,19.60964441322967,-103.4875908955098,2025,8,2025-08,6,0.6322923960942478,0.14610282495917037
H42,19.6171207933109,-103.4889001524713,2025,8,2025-08,6,0.6041763963978978,0.11781847317947561
H43,19.61451845491155,-103.4926481384631,2025,8,2025-08,6,0.5302073540574244,0.060652043725214246
H44,19.61263647892398,-103.4912288771512,2025,8,2025-08,6,0.658118464689245,0.15882619931032907
H45,19.60934749359883,-103.489216124793,2025,8,2025-08,6,0.655063847218796,0.1714938840364874
H46,19.60942413443004,-103.4902280275767,2025,8,2025-08,6,0.6742963376080219,0.1887018609800545
H47,19.60921557442716,-103.4924523306077,2025,8,2025-08,6,0.7075188423452891,0.19402609676239438
H48,19.60806269214817,-103.4951061797037,2025,8,2025-08,6,0.6358986538750415,0.1776513858580924
H49,19.61498262970927,-103.4988105532358,2025,8,2025-08,6,0.7331475570459208,0.24037508116563416
H50,19.61011338081553,-103.5061892246769,2025,8,2025-08,6,0.7319156691399884,0.22448599040541117
H51,19.61961236528353,-103.5087860622131,2025,8,2025-08,6,0.7007153322166536,0.20762720977480195
H52,19.62373074157903,-103.506858857131,2025,8,2025-08,6,0.7194538566479513,0.19793364799393093
H53,19.6220524419853,-103.5039156451538,2025,8,2025-08,6,0.6753554636475236,0.2190975621717231
H54,19.621438862174,-103.5012333605017,2025,8,2025-08,6,0.6407634010914683,0.14609097887978845
H55,19.62164911694436,-103.4994749950378,2025,8,2025-08,6,0.5780893082041219,0.11574244078496594
H56,19.61921532953394,-103.4972616233209,2025,8,2025-08,6,0.5440182927547579,0.06305866740266299
H57,19.61897530908676,-103.4950371159645,2025,8,2025-08,6,0.603071283527008,0.11251561180245132
H58,19.62015890829346,-103.4904304573702,2025,8,2025-08,6,0.6611168184068917,0.1443540639162645
H59,19.62171827008233,-103.4865543693567,2025,8,2025-08,6,0.7035349346501789,0.17618053132763548
H60,19.62410311838264,-103.4983277084877,2025,8,2025-08,6,0.6362252605543307,0.13211630299172253
H61,19.62663965521857,-103.4966882892999,2025,8,2025-08,6,0.5749280318563507,0.02914579447183044
H62,19.62574866158377,-103.4923995903546,2025,8,2025-08,6,0.6671289699194775,0.1256116277469062
H63,19.62967479841514,-103.4905956816595,2025,8,2025-08,6,0.6298139489203298,0.14971725525394616
H64,19.62318042476388,-103.4897338139707,2025,8,2025-08,6,0.6975415365481147,0.15492404817358202
H65,19.62549316602416,-103.5006797215266,2025,8,2025-08,6,0.6860567516201068,0.17343973812130223
H66,19.62754606705777,-103.5006843723593,2025,8,2025-08,6,0.6318583156067564,0.13700114119927415
H67,19.63204957316679,-103.5006313932001,2025,8,2025-08,6,0.6814828905702418,0.20431750318601935
H68,19.62764543878409,-103.5041222734758,2025,8,2025-08,6,0.6313456977697196,0.15104246730104764
H69,19.62326850459801,-103.5088931720352,2025,8,2025-08,6,0.6236460377393948,0.1142457794305094
H70,19.6263645881459,-103.5081728823758,2025,8,2025-08,6,0.6562491844958884,0.146453161036402
H71,19.62298058031248,-103.5108963687992,2025,8,2025-08,6,0.5627556084082866,0.08486010443733917
H72,19.60791996745303,-103.5088436795277,2025,8,2025-08,6,0.5831092626543589,0.1428772000097567
H73,19.60688026534045,-103.5119994427884,2025,8,2025-08,6,0.6130102922143059,0.16571433922893394
H74,19.60589173726333,-103.5034448997359,2025,8,2025-08,6,0.6830287089057119,0.19137815179624384
H75,19.60306803601581,-103.5022381720191,2025,8,2025-08,6,0.6486410472098196,0.15838257406545284
H76,19.61379750235326,-103.5080848952479,2025,8,2025-08,6,0.6566628574395581,0.1581022776905326
H77,19.61346016192836,-103.5100682060295,2025,8,2025-08,6,0.6466584454317168,0.13895024543990406
H78,19.61409204222733,-103.5105722727903,2025,8,2025-08,6,0.6316717705197317,0.12358721077364355
H79,19.61353215599024,-103.5123741788091,2025,8,2025-08,6,0.6560457764235483,0.15465059377903387
H80,19.61779554429717,-103.5110620628573,2025,8,2025-08,6,0.6988806912379106,0.18623592536305697
H81,19.61991823018052,-103.513120060683,2025,8,2025-08,6,0.6562648915842442,0.18259380536598974
H82,19.62073465959264,-103.514415855126,2025,8,2025-08,6,0.5831141841882788,0.1459410719697289
H83,19.61823643269025,-103.5148556403709,2025,8,2025-08,6,0.5727222308811758,0.10916237905857668
H84,19.61655830108952,-103.5173207877669,2025,8,2025-08,6,0.5103504227551837,0.07567410742799908
H85,19.61530473873262,-103.515910301509,2025,8,2025-08,6,0.5818179741644641,0.10609479108789964
H86,19.6126488644727,-103.5176299849256,2025,8,2025-08,6,0.6737640775797309,0.20256390870103952
H87,19.61074534974949,-103.5147577998847,2025,8,2025-08,6,0.6543979897351196,0.2025627850375523
H88,19.60922824229959,-103.51816450361,2025,8,2025-08,6,0.6939351412204449,0.23712234271143348
H89,19.60972792389859,-103.5241137226966,2025,8,2025-08,6,0.713831976213054,0.22233251598908896
H90,19.60887219704412,-103.5257551584595,2025,8,2025-08,6,0.7527810787164854,0.262340046076382
H91,19.6076221074036,-103.5233747651936,2025,8,2025-08,6,0.7108199149418574,0.24571272074660383
H92,19.60560940953978,-103.5215470361636,2025,8,2025-08,6,0.7218994542887976,0.2387347303293584
H93,19.60208824925957,-103.526896999217,2025,8,2025-08,6,0.514286039951857,0.17833235711503634
H94,19.60248937810072,-103.5219082769416,2025,8,2025-08,6,0.7467455967801118,0.266271609496278
H95,19.60312115256844,-103.5188596816631,2025,8,2025-08,6,0.6677379298941292,0.17821464942265322
H96,19.60407294309323,-103.520077159053,2025,8,2025-08,6,0.6719568745531115,0.1890347941755958
H97,19.60595122525007,-103.5194188749723,2025,8,2025-08,6,0.6789897435251252,0.20408364396360737
H98,19.60823320763247,-103.514985563467,2025,8,2025-08,6,0.6172966796566149,0.1811536303993291
H99,19.60388855172959,-103.5158544085341,2025,8,2025-08,6,0.6546414610205197,0.19212647638958114
H100,19.6382574968776,-103.5003223970978,2025,8,2025-08,6,0.7337310854603344,0.22506244264917788
H1,19.66316440676028,-103.4874704375219,2025,9,2025-09,5,0.5038109852302957,0.09986037131829242
H2,19.65958480327006,-103.4916814554342,2025,9,2025-09,5,0.3543106801969758,0.10043744815282334
H3,19.64923190063498,-103.495946402958,2025,9,2025-09,5,0.4201477732185965,0.11746315272567519
H4,19.64892797006392,-103.4934247600402,2025,9,2025-09,5,0.5598936032813987,0.14128898193716063
H5,19.64768676086755,-103.4905412268389,2025,9,2025-09,5,0.49477061525771465,0.11357229497635606
H6,19.64498379789444,-103.4931777628067,2025,9,2025-09,5,0.509777544656525,0.12905293441680343
H7,19.64523781970015,-103.4907449690666,2025,9,2025-09,5,0.5218676730906373,0.13114951792843335
H8,19.64391544066743,-103.4919779953152,2025,9,2025-09,5,0.56026996734766,0.14271902777397832
H9,19.64289593962869,-103.4923312690368,2025,9,2025-09,5,0.6050082880672827,0.1515994536646837
H10,19.64326268753868,-103.4935692151058,2025,9,2025-09,5,0.6033132138726374,0.14614168531815944
H11,19.63699143780181,-103.4910115238732,2025,9,2025-09,5,0.5763592897387787,0.1598689309969973
H12,19.6423261120543,-103.4866375453042,2025,9,2025-09,5,0.575525510953821,0.1727397045217199
H13,19.63928751073353,-103.4859554790877,2025,9,2025-09,5,0.7242397433970872,0.24718723455248887
H14,19.63810334260486,-103.4783889889258,2025,9,2025-09,5,0.6784482259111394,0.17884819793812778
H15,19.63304594879294,-103.4860570044078,2025,9,2025-09,5,0.4763372262263533,0.04324886475791866
H16,19.63363829304725,-103.4780586924613,2025,9,2025-09,5,0.5788971720156082,0.0694935938419848
H18,19.64603762240055,-103.4727003353048,2025,9,2025-09,5,0.5239420135218004,0.07230988582139508
H17,19.64350681735759,-103.4740222414965,2025,9,2025-09,5,0.5308622214363136,0.014615905015598295
H19,19.64471242055359,-103.4660382865516,2025,9,2025-09,5,0.6724314951582174,0.1769964447401663
H20,19.64573564260593,-103.463262682718,2025,9,2025-09,5,0.6191757240319168,0.15445671516194937
H21,19.64156668442107,-103.4659894961305,2025,9,2025-09,5,0.6219472880849637,0.10335791095087592
H22,19.63841324577597,-103.466659499049,2025,9,2025-09,5,0.5733805519996606,0.10458469658948816
H23,19.64582256330241,-103.4600574738049,2025,9,2025-09,5,0.6009939432799486,0.14537488876609675
H24,19.63458571520362,-103.4659597724037,2025,9,2025-09,5,0.6212403004548241,0.1963770059978615
H25,19.6352254903721,-103.4698151940444,2025,9,2025-09,5,0.6034861249317482,0.15426840363975416
H26,19.6375519816719,-103.4725797498141,2025,9,2025-09,5,0.5694316183086474,0.10869196658283278
H27,19.63252169252172,-103.4706206808633,2025,9,2025-09,5,0.5807547645304398,0.10475793632549309
H28,19.62924958680501,-103.4667801634766,2025,9,2025-09,5,0.5826511890727266,0.1454337174556004
H29,19.62595823238879,-103.4724550507898,2025,9,2025-09,5,0.6714735901750675,0.19860503729589732
H30,19.62454684136882,-103.4673631977053,2025,9,2025-09,5,0.6671049827822404,0.1589214692576492
H31,19.62400044564311,-103.4720322735746,2025,9,2025-09,5,0.7048402918111438,0.22546771152272244
H32,19.61959998384637,-103.4767867508887,2025,9,2025-09,5,0.7355832142111893,0.24021439105245412
H33,19.61742108024948,-103.4745293846265,2025,9,2025-09,5,0.8480726252730241,0.3353384584510406
H34,19.61706263447486,-103.4717205538295,2025,9,2025-09,5,0.6874130280545258,0.24444903126438647
H35,19.62235761063883,-103.4790615464518,2025,9,2025-09,5,0.6592837172728881,0.1536471567459826
H36,19.61265718886245,-103.475737660252,2025,9,2025-09,5,0.6106440833184406,0.17322099926226978
H37,19.61287910833094,-103.4782759946473,2025,9,2025-09,5,0.7218092143585849,0.22781648305997707
H38,19.61351141813728,-103.4814391298695,2025,9,2025-09,5,0.7706129088548276,0.23747002347963733
H39,19.61739633960506,-103.4846383837301,2025,9,2025-09,5,0.7300590962390786,0.21091080722988612
H40,19.61422321757896,-103.4865932661396,2025,9,2025-09,5,0.768511656633266,0.25878185968262574
H41,19.60964441322967,-103.4875908955098,2025,9,2025-09,5,0.6495114502072371,0.1923836795281651
H42,19.6171207933109,-103.4889001524713,2025,9,2025-09,5,0.6281875833340625,0.16200833674778903
H43,19.61451845491155,-103.4926481384631,2025,9,2025-09,5,0.5901441346892639,0.12928439039399706
H44,19.61263647892398,-103.4912288771512,2025,9,2025-09,5,0.6713831116989545,0.19899925699658338
H45,19.60934749359883,-103.489216124793,2025,9,2025-09,5,0.6409747008716941,0.1907244578982299
H46,19.60942413443004,-103.4902280275767,2025,9,2025-09,5,0.6325942362740605,0.18016775829028328
H47,19.60921557442716,-103.4924523306077,2025,9,2025-09,5,0.6413940084099614,0.1591516671175012
H48,19.60806269214817,-103.4951061797037,2025,9,2025-09,5,0.6129118624038526,0.15699649980235544
H49,19.61498262970927,-103.4988105532358,2025,9,2025-09,5,0.6193677413028519,0.19520632611915006
H50,19.61011338081553,-103.5061892246769,2025,9,2025-09,5,0.6942366374121122,0.19941466385583612
H51,19.61961236528353,-103.5087860622131,2025,9,2025-09,5,0.6702702815182536,0.1857836745085925
H52,19.62373074157903,-103.506858857131,2025,9,2025-09,5,0.6951829569272864,0.22305902302304037
H53,19.6220524419853,-103.5039156451538,2025,9,2025-09,5,0.6558749350388674,0.221764549694641
H54,19.621438862174,-103.5012333605017,2025,9,2025-09,5,0.6036542637050891,0.13980338408522472
H55,19.62164911694436,-103.4994749950378,2025,9,2025-09,5,0.5412970434643051,0.11906353596074375
H56,19.61921532953394,-103.4972616233209,2025,9,2025-09,5,0.5132446282100235,0.09020786636343855
H57,19.61897530908676,-103.4950371159645,2025,9,2025-09,5,0.6066738439536892,0.14783745675700047
H58,19.62015890829346,-103.4904304573702,2025,9,2025-09,5,0.6427753911811694,0.1736622717440118
H59,19.62171827008233,-103.4865543693567,2025,9,2025-09,5,0.6118750919715896,0.10800001906377049
H60,19.62410311838264,-103.4983277084877,2025,9,2025-09,5,0.6543464619977293,0.20513029176967548
H61,19.62663965521857,-103.4966882892999,2025,9,2025-09,5,0.6665423132042418,0.18970604832314952
H62,19.62574866158377,-103.4923995903546,2025,9,2025-09,5,0.6825587924855702,0.18954890973289182
H63,19.62967479841514,-103.4905956816595,2025,9,2025-09,5,0.5066985541039515,0.08017664104704401
H64,19.62318042476388,-103.4897338139707,2025,9,2025-09,5,0.5924844365868536,0.11041072121900215
H65,19.62549316602416,-103.5006797215266,2025,9,2025-09,5,0.6712509050289617,0.20945393186808947
H66,19.62754606705777,-103.5006843723593,2025,9,2025-09,5,0.6746428277969851,0.22965968491666866
H67,19.63204957316679,-103.5006313932001,2025,9,2025-09,5,0.6476920055085339,0.19635703763831297
H68,19.62764543878409,-103.5041222734758,2025,9,2025-09,5,0.6484347999706943,0.19364384265705376
H69,19.62326850459801,-103.5088931720352,2025,9,2025-09,5,0.6072716733454436,0.16607991582655077
H70,19.6263645881459,-103.5081728823758,2025,9,2025-09,5,0.6525560169848553,0.17288793815591902
H71,19.62298058031248,-103.5108963687992,2025,9,2025-09,5,0.5541681697725299,0.14065680342935571
H72,19.60791996745303,-103.5088436795277,2025,9,2025-09,5,0.5087175356824268,0.11100850856485066
H73,19.60688026534045,-103.5119994427884,2025,9,2025-09,5,0.5009975734541445,0.10913094733549411
H74,19.60589173726333,-103.5034448997359,2025,9,2025-09,5,0.6786845496521906,0.18916955111172476
H75,19.60306803601581,-103.5022381720191,2025,9,2025-09,5,0.5975810334960516,0.12992768711691724
H76,19.61379750235326,-103.5080848952479,2025,9,2025-09,5,0.6767761221810342,0.1950256784723916
H77,19.61346016192836,-103.5100682060295,2025,9,2025-09,5,0.6444298437268757,0.18639745414604042
H78,19.61409204222733,-103.5105722727903,2025,9,2025-09,5,0.629164186274881,0.17322133960912156
H79,19.61353215599024,-103.5123741788091,2025,9,2025-09,5,0.6075737175986629,0.17293978379700978
H80,19.61779554429717,-103.5110620628573,2025,9,2025-09,5,0.6802310864700158,0.189644529158585
H81,19.61991823018052,-103.513120060683,2025,9,2025-09,5,0.550474614086014,0.1200803240698029
H82,19.62073465959264,-103.514415855126,2025,9,2025-09,5,0.47863491898122223,0.08843848966317833
H83,19.61823643269025,-103.5148556403709,2025,9,2025-09,5,0.5188970825053868,0.11236783825688337
H84,19.61655830108952,-103.5173207877669,2025,9,2025-09,5,0.5359953853254098,0.15422304143477922
H85,19.61530473873262,-103.515910301509,2025,9,2025-09,5,0.5959359553886849,0.1753982810406415
H86,19.6126488644727,-103.5176299849256,2025,9,2025-09,5,0.6015557043282201,0.18430435595854994
H87,19.61074534974949,-103.5147577998847,2025,9,2025-09,5,0.5638021106596823,0.1909305790077675
H88,19.60922824229959,-103.51816450361,2025,9,2025-09,5,0.5504779422570169,0.20530762853335566
H89,19.60972792389859,-103.5241137226966,2025,9,2025-09,5,0.6422952761497716,0.22657312126870818
H90,19.60887219704412,-103.5257551584595,2025,9,2025-09,5,0.6659847372411155,0.25848660403885776
H91,19.6076221074036,-103.5233747651936,2025,9,2025-09,5,0.6728138381234944,0.23152907512441145
H92,19.60560940953978,-103.5215470361636,2025,9,2025-09,5,0.6251132948721481,0.22670875411104258
H93,19.60208824925957,-103.526896999217,2025,9,2025-09,5,0.30535729820576435,0.15268335740455297
H94,19.60248937810072,-103.5219082769416,2025,9,2025-09,5,0.41655072101440865,0.1729538632358999
H95,19.60312115256844,-103.5188596816631,2025,9,2025-09,5,0.45768305989732544,0.15608661567166107
H96,19.60407294309323,-103.520077159053,2025,9,2025-09,5,0.5167536744201315,0.17682424950826767
H97,19.60595122525007,-103.5194188749723,2025,9,2025-09,5,0.5330975300063333,0.1829870926531106
H98,19.60823320763247,-103.514985563467,2025,9,2025-09,5,0.5064897952198403,0.14852965036820814
H99,19.60388855172959,-103.5158544085341,2025,9,2025-09,5,0.48180798543959275,0.16572312733855196
H100,19.6382574968776,-103.5003223970978,2025,9,2025-09,5,0.7070582491966418,0.22849294384990548
H1,19.66316440676028,-103.4874704375219,2025,10,2025-10,6,0.49012451894976006,0.10340914707112504
H2,19.65958480327006,-103.4916814554342,2025,10,2025-10,6,0.4507098901716277,0.12848926591144413
H3,19.64923190063498,-103.495946402958,2025,10,2025-10,6,0.6607788108662717,0.16327406874309286
H4,19.64892797006392,-103.4934247600402,2025,10,2025-10,6,0.6823941845886698,0.17016272895137893
H5,19.64768676086755,-103.4905412268389,2025,10,2025-10,6,0.649043528236624,0.13419777736204036
H6,19.64498379789444,-103.4931777628067,2025,10,2025-10,6,0.5809357235477467,0.10417621550868669
H7,19.64523781970015,-103.4907449690666,2025,10,2025-10,6,0.6876152564483529,0.17568461388940715
H8,19.64391544066743,-103.4919779953152,2025,10,2025-10,6,0.6319503051514864,0.14815616093177603
H9,19.64289593962869,-103.4923312690368,2025,10,2025-10,6,0.6143106223608231,0.13571233255493845
H10,19.64326268753868,-103.4935692151058,2025,10,2025-10,6,0.5797074649641588,0.10565250792416875
H11,19.63699143780181,-103.4910115238732,2025,10,2025-10,6,0.6155772080729743,0.17884092774514812
H12,19.6423261120543,-103.4866375453042,2025,10,2025-10,6,0.7224207053899986,0.23390740024484458
H13,19.63928751073353,-103.4859554790877,2025,10,2025-10,6,0.7487417953332023,0.2614534835221078
H14,19.63810334260486,-103.4783889889258,2025,10,2025-10,6,0.6965822976143476,0.1845774620010518
H15,19.63304594879294,-103.4860570044078,2025,10,2025-10,6,0.503214563303997,0.029411788260453122
H16,19.63363829304725,-103.4780586924613,2025,10,2025-10,6,0.4360074918272696,-0.06597089085641338
H18,19.64603762240055,-103.4727003353048,2025,10,2025-10,6,0.5579956351477177,0.10202706807087804
H17,19.64350681735759,-103.4740222414965,2025,10,2025-10,6,0.659662019055343,0.15278753699917225
H19,19.64471242055359,-103.4660382865516,2025,10,2025-10,6,0.6655297316310016,0.15197584603514228
H20,19.64573564260593,-103.463262682718,2025,10,2025-10,6,0.6215567073989048,0.1391347654441077
H21,19.64156668442107,-103.4659894961305,2025,10,2025-10,6,0.650522242725965,0.12902279984633985
H22,19.63841324577597,-103.466659499049,2025,10,2025-10,6,0.568930617955468,0.08705069420058195
H23,19.64582256330241,-103.4600574738049,2025,10,2025-10,6,0.6302237663906595,0.14752373878498895
H24,19.63458571520362,-103.4659597724037,2025,10,2025-10,6,0.5728612305486658,0.14077001247116677
H25,19.6352254903721,-103.4698151940444,2025,10,2025-10,6,0.5266995654206589,0.06126888018259119
H26,19.6375519816719,-103.4725797498141,2025,10,2025-10,6,0.6256457571870154,0.15046871239666118
H27,19.63252169252172,-103.4706206808633,2025,10,2025-10,6,0.46586997902892685,-0.007753309165052119
H28,19.62924958680501,-103.4667801634766,2025,10,2025-10,6,0.44330547286970623,0.05694009060636963
H29,19.62595823238879,-103.4724550507898,2025,10,2025-10,6,0.624985824135308,0.13570278847458284
H30,19.62454684136882,-103.4673631977053,2025,10,2025-10,6,0.6609800071678062,0.16671731547232455
H31,19.62400044564311,-103.4720322735746,2025,10,2025-10,6,0.7165348074873613,0.21529974675830443
H32,19.61959998384637,-103.4767867508887,2025,10,2025-10,6,0.7365356130515759,0.22888458956650734
H33,19.61742108024948,-103.4745293846265,2025,10,2025-10,6,0.8495921930528224,0.3217393655715096
H34,19.61706263447486,-103.4717205538295,2025,10,2025-10,6,0.6307763478949417,0.18242592560132156
H35,19.62235761063883,-103.4790615464518,2025,10,2025-10,6,0.6233954298178497,0.1449874532368138
H36,19.61265718886245,-103.475737660252,2025,10,2025-10,6,0.5860723628832446,0.12170707328848615
H37,19.61287910833094,-103.4782759946473,2025,10,2025-10,6,0.7152031481332558,0.2053263120188549
H38,19.61351141813728,-103.4814391298695,2025,10,2025-10,6,0.7837036060098784,0.25179707211919766
H39,19.61739633960506,-103.4846383837301,2025,10,2025-10,6,0.7300329319861656,0.20878880291328292
H40,19.61422321757896,-103.4865932661396,2025,10,2025-10,6,0.7826239886170405,0.2661371875889587
H41,19.60964441322967,-103.4875908955098,2025,10,2025-10,6,0.6378574549884604,0.17019345259714186
H42,19.6171207933109,-103.4889001524713,2025,10,2025-10,6,0.601578098225732,0.10518535129790649
H43,19.61451845491155,-103.4926481384631,2025,10,2025-10,6,0.5569589219627442,0.07768726258429474
H44,19.61263647892398,-103.4912288771512,2025,10,2025-10,6,0.6639833420976733,0.16776552887628274
H45,19.60934749359883,-103.489216124793,2025,10,2025-10,6,0.6331964291079962,0.16987465931069612
H46,19.60942413443004,-103.4902280275767,2025,10,2025-10,6,0.6434243461526614,0.1779213746283534
H47,19.60921557442716,-103.4924523306077,2025,10,2025-10,6,0.6725876153051826,0.17774266113401782
H48,19.60806269214817,-103.4951061797037,2025,10,2025-10,6,0.5805797003860164,0.11810633681519261
H49,19.61498262970927,-103.4988105532358,2025,10,2025-10,6,0.7314752859271254,0.24546989868630448
H50,19.61011338081553,-103.5061892246769,2025,10,2025-10,6,0.7296595156778186,0.21072152718871612
H51,19.61961236528353,-103.5087860622131,2025,10,2025-10,6,0.7064273399405128,0.1766696542896475
H52,19.62373074157903,-103.506858857131,2025,10,2025-10,6,0.733235544278153,0.19153009064153523
H53,19.6220524419853,-103.5039156451538,2025,10,2025-10,6,0.6984993366012132,0.248268543360688
H54,19.621438862174,-103.5012333605017,2025,10,2025-10,6,0.6451482019062922,0.15753575564361733
H55,19.62164911694436,-103.4994749950378,2025,10,2025-10,6,0.5968220799411751,0.13455128566943989
H56,19.61921532953394,-103.4972616233209,2025,10,2025-10,6,0.6347696321515073,0.18250926550747107
H57,19.61897530908676,-103.4950371159645,2025,10,2025-10,6,0.6421074795812888,0.18467586243034026
H58,19.62015890829346,-103.4904304573702,2025,10,2025-10,6,0.6090866566750507,0.10733382671083294
H59,19.62171827008233,-103.4865543693567,2025,10,2025-10,6,0.6236735855236254,0.11921335021621116
H60,19.62410311838264,-103.4983277084877,2025,10,2025-10,6,0.6709972518722096,0.18021414336980932
H61,19.62663965521857,-103.4966882892999,2025,10,2025-10,6,0.5822090501553122,0.05570883479343314
H62,19.62574866158377,-103.4923995903546,2025,10,2025-10,6,0.6145218414835388,0.09460099279638287
H63,19.62967479841514,-103.4905956816595,2025,10,2025-10,6,0.498193613881844,0.021730944055644998
H64,19.62318042476388,-103.4897338139707,2025,10,2025-10,6,0.6205878217550503,0.08874612408307285
H65,19.62549316602416,-103.5006797215266,2025,10,2025-10,6,0.6584286761091732,0.1457138506888219
H66,19.62754606705777,-103.5006843723593,2025,10,2025-10,6,0.6666474859012179,0.14697743836424632
H67,19.63204957316679,-103.5006313932001,2025,10,2025-10,6,0.6656638359021085,0.1770847792234912
H68,19.62764543878409,-103.5041222734758,2025,10,2025-10,6,0.682059573390704,0.19390958518380172
H69,19.62326850459801,-103.5088931720352,2025,10,2025-10,6,0.6788941796928901,0.16317542960038187
H70,19.6263645881459,-103.5081728823758,2025,10,2025-10,6,0.6445535707003718,0.14752431240914535
H71,19.62298058031248,-103.5108963687992,2025,10,2025-10,6,0.6279379317003541,0.14649974646910263
H72,19.60791996745303,-103.5088436795277,2025,10,2025-10,6,0.5847762158460194,0.139920952454951
H73,19.60688026534045,-103.5119994427884,2025,10,2025-10,6,0.628032059441961,0.16793264178416056
H74,19.60589173726333,-103.5034448997359,2025,10,2025-10,6,0.6971754271463698,0.204846305357369
H75,19.60306803601581,-103.5022381720191,2025,10,2025-10,6,0.5939799581167781,0.13971171195977858
H76,19.61379750235326,-103.5080848952479,2025,10,2025-10,6,0.7182371030088932,0.2349377346126257
H77,19.61346016192836,-103.5100682060295,2025,10,2025-10,6,0.7176884685203663,0.23567457098088057
H78,19.61409204222733,-103.5105722727903,2025,10,2025-10,6,0.7027873442247775,0.2226451444373367
H79,19.61353215599024,-103.5123741788091,2025,10,2025-10,6,0.6778068877955196,0.21303867939549576
H80,19.61779554429717,-103.5110620628573,2025,10,2025-10,6,0.7016103186702977,0.1807469066666834
H81,19.61991823018052,-103.513120060683,2025,10,2025-10,6,0.6572947425071328,0.19790766508217253
H82,19.62073465959264,-103.514415855126,2025,10,2025-10,6,0.5875311268242321,0.16574664444843737
H83,19.61823643269025,-103.5148556403709,2025,10,2025-10,6,0.6026502295441093,0.14558715511542386
H84,19.61655830108952,-103.5173207877669,2025,10,2025-10,6,0.5720351983904268,0.12414607069930624
H85,19.61530473873262,-103.515910301509,2025,10,2025-10,6,0.5906801374745031,0.13296116835404925
H86,19.6126488644727,-103.5176299849256,2025,10,2025-10,6,0.7003606111980181,0.22177635811093335
H87,19.61074534974949,-103.5147577998847,2025,10,2025-10,6,0.6823395362646784,0.20628137522791382
H88,19.60922824229959,-103.51816450361,2025,10,2025-10,6,0.7262679029196515,0.23014189866284762
H89,19.60972792389859,-103.5241137226966,2025,10,2025-10,6,0.7315101531688767,0.20852182451794507
H90,19.60887219704412,-103.5257551584595,2025,10,2025-10,6,0.753630696084356,0.22679382520227692
H91,19.6076221074036,-103.5233747651936,2025,10,2025-10,6,0.7300223661701244,0.20712864451461804
H92,19.60560940953978,-103.5215470361636,2025,10,2025-10,6,0.7535309523218197,0.23906260907066348
H93,19.60208824925957,-103.526896999217,2025,10,2025-10,6,0.5652954134444995,0.20856517470578687
H94,19.60248937810072,-103.5219082769416,2025,10,2025-10,6,0.7445141414286882,0.21975883133824559
H95,19.60312115256844,-103.5188596816631,2025,10,2025-10,6,0.6787486290856773,0.196895081182457
H96,19.60407294309323,-103.520077159053,2025,10,2025-10,6,0.701482624542972,0.20905934375216934
H97,19.60595122525007,-103.5194188749723,2025,10,2025-10,6,0.7383159602614754,0.23444720065937477
H98,19.60823320763247,-103.514985563467,2025,10,2025-10,6,0.7131479994470297,0.22694877616136358
H99,19.60388855172959,-103.5158544085341,2025,10,2025-10,6,0.6760817117381127,0.2105627065453664
H100,19.6382574968776,-103.5003223970978,2025,10,2025-10,6,0.7881954127188646,0.31129137014982206
H1,19.66316440676028,-103.4874704375219,2025,11,2025-11,7,0.413764617633323,0.056705319289341666
H2,19.65958480327006,-103.4916814554342,2025,11,2025-11,7,0.3486104795591738,0.046990769474222
H3,19.64923190063498,-103.495946402958,2025,11,2025-11,7,0.5741336043200664,0.06749930598708864
H4,19.64892797006392,-103.4934247600402,2025,11,2025-11,7,0.6133894111819894,0.06993390232609945
H5,19.64768676086755,-103.4905412268389,2025,11,2025-11,7,0.6190524810738803,0.07689307543511904
H6,19.64498379789444,-103.4931777628067,2025,11,2025-11,7,0.510517445277253,0.012093541143053988
H7,19.64523781970015,-103.4907449690666,2025,11,2025-11,7,0.6518927049495571,0.11834073215917774
H8,19.64391544066743,-103.4919779953152,2025,11,2025-11,7,0.5838278365387441,0.07578510122634541
H9,19.64289593962869,-103.4923312690368,2025,11,2025-11,7,0.5764787918149438,0.07527811830694339
H10,19.64326268753868,-103.4935692151058,2025,11,2025-11,7,0.5255796195905637,0.032253520397008524
H11,19.63699143780181,-103.4910115238732,2025,11,2025-11,7,0.6044725393311606,0.13268644529615753
H12,19.6423261120543,-103.4866375453042,2025,11,2025-11,7,0.7205863330544492,0.20291679560939593
H13,19.63928751073353,-103.4859554790877,2025,11,2025-11,7,0.7886866420702885,0.25541393318046535
H14,19.63810334260486,-103.4783889889258,2025,11,2025-11,7,0.6602139871687243,0.13110924386495892
H15,19.63304594879294,-103.4860570044078,2025,11,2025-11,7,0.47633398832066054,-0.04252240488620283
H16,19.63363829304725,-103.4780586924613,2025,11,2025-11,7,0.4025366399622847,-0.14501657826816033
H18,19.64603762240055,-103.4727003353048,2025,11,2025-11,7,0.4576100392821368,-0.006054635268660381
H17,19.64350681735759,-103.4740222414965,2025,11,2025-11,7,0.521541927810323,0.02089664548401374
H19,19.64471242055359,-103.4660382865516,2025,11,2025-11,7,0.5692833017917533,0.04072767386703141
H20,19.64573564260593,-103.463262682718,2025,11,2025-11,7,0.530034677529742,0.03392734833872674
H21,19.64156668442107,-103.4659894961305,2025,11,2025-11,7,0.5482888062224013,0.0018102952888629448
H22,19.63841324577597,-103.466659499049,2025,11,2025-11,7,0.47288986583796383,-0.007706277364538147
H23,19.64582256330241,-103.4600574738049,2025,11,2025-11,7,0.524479116827395,0.03791380896775946
H24,19.63458571520362,-103.4659597724037,2025,11,2025-11,7,0.5343544397433114,0.09164464691054978
H25,19.6352254903721,-103.4698151940444,2025,11,2025-11,7,0.4919000364564976,0.017519484090589024
H26,19.6375519816719,-103.4725797498141,2025,11,2025-11,7,0.5551900579368599,0.08185242879432134
H27,19.63252169252172,-103.4706206808633,2025,11,2025-11,7,0.4080506635565981,-0.08008059680990338
H28,19.62924958680501,-103.4667801634766,2025,11,2025-11,7,0.3622004828009928,-0.02154388099140087
H29,19.62595823238879,-103.4724550507898,2025,11,2025-11,7,0.6592163079251318,0.13951857436315104
H30,19.62454684136882,-103.4673631977053,2025,11,2025-11,7,0.6025315970842368,0.07113414168957334
H31,19.62400044564311,-103.4720322735746,2025,11,2025-11,7,0.7071605564299549,0.20338759272467202
H32,19.61959998384637,-103.4767867508887,2025,11,2025-11,7,0.7044601318272468,0.18511885955556273
H33,19.61742108024948,-103.4745293846265,2025,11,2025-11,7,0.8243348986295554,0.2780668323089719
H34,19.61706263447486,-103.4717205538295,2025,11,2025-11,7,0.5771119132632235,0.11096565972879809
H35,19.62235761063883,-103.4790615464518,2025,11,2025-11,7,0.601440596630102,0.09269206252611502
H36,19.61265718886245,-103.475737660252,2025,11,2025-11,7,0.5707974305731249,0.08176245199514184
H37,19.61287910833094,-103.4782759946473,2025,11,2025-11,7,0.705572188475603,0.19090066470714886
H38,19.61351141813728,-103.4814391298695,2025,11,2025-11,7,0.7635465586364815,0.2372073946548751
H39,19.61739633960506,-103.4846383837301,2025,11,2025-11,7,0.7166133715013772,0.17573040754733543
H40,19.61422321757896,-103.4865932661396,2025,11,2025-11,7,0.7819452154961148,0.2525720669177416
H41,19.60964441322967,-103.4875908955098,2025,11,2025-11,7,0.6317410713475917,0.16038140941844586
H42,19.6171207933109,-103.4889001524713,2025,11,2025-11,7,0.5727519003924848,0.06675480279527686
H43,19.61451845491155,-103.4926481384631,2025,11,2025-11,7,0.5532497890232834,0.07209282286587952
H44,19.61263647892398,-103.4912288771512,2025,11,2025-11,7,0.6687255114167125,0.1778587842550732
H45,19.60934749359883,-103.489216124793,2025,11,2025-11,7,0.5801088278456963,0.10982141851757977
H46,19.60942413443004,-103.4902280275767,2025,11,2025-11,7,0.5828775457532676,0.10831573964271751
H47,19.60921557442716,-103.4924523306077,2025,11,2025-11,7,0.6312476930520686,0.13872878568110852
H48,19.60806269214817,-103.4951061797037,2025,11,2025-11,7,0.5429122374883715,0.07620431362692262
H49,19.61498262970927,-103.4988105532358,2025,11,2025-11,7,0.7568104949489537,0.2681855026697811
H50,19.61011338081553,-103.5061892246769,2025,11,2025-11,7,0.6856443161942407,0.1746529412567418
H51,19.61961236528353,-103.5087860622131,2025,11,2025-11,7,0.6593250948419849,0.1351394334307905
H52,19.62373074157903,-103.506858857131,2025,11,2025-11,7,0.7318693352393819,0.17802424497899555
H53,19.6220524419853,-103.5039156451538,2025,11,2025-11,7,0.7119957177259567,0.24381071259540749
H54,19.621438862174,-103.5012333605017,2025,11,2025-11,7,0.6666581270531625,0.1702554639175094
H55,19.62164911694436,-103.4994749950378,2025,11,2025-11,7,0.5820589019534191,0.12108193410855307
H56,19.61921532953394,-103.4972616233209,2025,11,2025-11,7,0.6550740525996896,0.18512900145699973
H57,19.61897530908676,-103.4950371159645,2025,11,2025-11,7,0.6103489626334578,0.13180857365130888
H58,19.62015890829346,-103.4904304573702,2025,11,2025-11,7,0.5739501239948108,0.0420693157443624
H59,19.62171827008233,-103.4865543693567,2025,11,2025-11,7,0.5166010161868884,-0.011993421470915148
H60,19.62410311838264,-103.4983277084877,2025,11,2025-11,7,0.6157629845720971,0.1128542607165114
H61,19.62663965521857,-103.4966882892999,2025,11,2025-11,7,0.5474650208960132,-0.004074317089266824
H62,19.62574866158377,-103.4923995903546,2025,11,2025-11,7,0.5339821211467545,-0.003569223273057885
H63,19.62967479841514,-103.4905956816595,2025,11,2025-11,7,0.4194407483547408,-0.0799537283958949
H64,19.62318042476388,-103.4897338139707,2025,11,2025-11,7,0.4835708173771801,-0.005122583055160607
H65,19.62549316602416,-103.5006797215266,2025,11,2025-11,7,0.6418704113565392,0.1286851072215541
H66,19.62754606705777,-103.5006843723593,2025,11,2025-11,7,0.6307752719491652,0.11950115859917831
H67,19.63204957316679,-103.5006313932001,2025,11,2025-11,7,0.5867126396777523,0.11203843075316397
H68,19.62764543878409,-103.5041222734758,2025,11,2025-11,7,0.5858500781543478,0.1031955469044281
H69,19.62326850459801,-103.5088931720352,2025,11,2025-11,7,0.6446270275614868,0.13147937240880495
H70,19.6263645881459,-103.5081728823758,2025,11,2025-11,7,0.6413155525274401,0.14862536429485126
H71,19.62298058031248,-103.5108963687992,2025,11,2025-11,7,0.5705840523283539,0.09539651691211615
H72,19.60791996745303,-103.5088436795277,2025,11,2025-11,7,0.522262308747849,0.08062491381173392
H73,19.60688026534045,-103.5119994427884,2025,11,2025-11,7,0.595482507268076,0.10932182379494412
H74,19.60589173726333,-103.5034448997359,2025,11,2025-11,7,0.6141274975968498,0.07559701696451601
H75,19.60306803601581,-103.5022381720191,2025,11,2025-11,7,0.581988760552073,0.08090735447475825
H76,19.61379750235326,-103.5080848952479,2025,11,2025-11,7,0.6037423119359698,0.12187355652079775
H77,19.61346016192836,-103.5100682060295,2025,11,2025-11,7,0.6087348468482963,0.12827995631269393
H78,19.61409204222733,-103.5105722727903,2025,11,2025-11,7,0.5897587183596121,0.11366524217623784
H79,19.61353215599024,-103.5123741788091,2025,11,2025-11,7,0.6003665211069094,0.12341165299848958
H80,19.61779554429717,-103.5110620628573,2025,11,2025-11,7,0.6211073960794705,0.10106445661289785
H81,19.61991823018052,-103.513120060683,2025,11,2025-11,7,0.5533898914523749,0.09751113212271725
H82,19.62073465959264,-103.514415855126,2025,11,2025-11,7,0.4870021421500823,0.0780998791821111
H83,19.61823643269025,-103.5148556403709,2025,11,2025-11,7,0.5515971947160976,0.0973887073422667
H84,19.61655830108952,-103.5173207877669,2025,11,2025-11,7,0.5039509545195257,0.07381834811212673
H85,19.61530473873262,-103.515910301509,2025,11,2025-11,7,0.5180373598849822,0.04857343914074804
H86,19.6126488644727,-103.5176299849256,2025,11,2025-11,7,0.5533477863698205,0.07477066918639737
H87,19.61074534974949,-103.5147577998847,2025,11,2025-11,7,0.6220026736162941,0.1409222576811494
H88,19.60922824229959,-103.51816450361,2025,11,2025-11,7,0.6409142793698914,0.13807898104372207
H89,19.60972792389859,-103.5241137226966,2025,11,2025-11,7,0.6577555494150026,0.1332844085895997
H90,19.60887219704412,-103.5257551584595,2025,11,2025-11,7,0.6766812743937659,0.1406599601500705
H91,19.6076221074036,-103.5233747651936,2025,11,2025-11,7,0.6590468417783413,0.12679654682986768
H92,19.60560940953978,-103.5215470361636,2025,11,2025-11,7,0.69165433980751,0.1810098719313546
H93,19.60208824925957,-103.526896999217,2025,11,2025-11,7,0.5104581829587671,0.15309693140727107
H94,19.60248937810072,-103.5219082769416,2025,11,2025-11,7,0.6898540539385695,0.16608550489512325
H95,19.60312115256844,-103.5188596816631,2025,11,2025-11,7,0.6004902032476819,0.10926240477882171
H96,19.60407294309323,-103.520077159053,2025,11,2025-11,7,0.6398357330721108,0.14998163772000744
H97,19.60595122525007,-103.5194188749723,2025,11,2025-11,7,0.6693807239198735,0.1756941008988528
H98,19.60823320763247,-103.514985563467,2025,11,2025-11,7,0.6708578933911086,0.17908415760704313
H99,19.60388855172959,-103.5158544085341,2025,11,2025-11,7,0.6048568330417747,0.13258712999846234
H100,19.6382574968776,-103.5003223970978,2025,11,2025-11,7,0.7416701477922123,0.20830861043951837
H1,19.66316440676028,-103.4874704375219,2025,12,2025-12,7,0.3626536106383215,-0.04394598122694908
H2,19.65958480327006,-103.4916814554342,2025,12,2025-12,7,0.3639353923510693,0.05388197539918286
H3,19.64923190063498,-103.495946402958,2025,12,2025-12,7,0.5270300023293336,-0.02250471473372105
H4,19.64892797006392,-103.4934247600402,2025,12,2025-12,7,0.5835325886056962,0.014507644715950877
H5,19.64768676086755,-103.4905412268389,2025,12,2025-12,7,0.6439353460248816,0.10254759611242605
H6,19.64498379789444,-103.4931777628067,2025,12,2025-12,7,0.48235056752301864,-0.03627776404398985
H7,19.64523781970015,-103.4907449690666,2025,12,2025-12,7,0.6584443507727926,0.1198491991887677
H8,19.64391544066743,-103.4919779953152,2025,12,2025-12,7,0.5734733486972786,0.05268826600532577
H9,19.64289593962869,-103.4923312690368,2025,12,2025-12,7,0.5669581233872231,0.0519232599425803
H10,19.64326268753868,-103.4935692151058,2025,12,2025-12,7,0.5111733652414163,-0.0052026687219051135
H11,19.63699143780181,-103.4910115238732,2025,12,2025-12,7,0.6160137755588811,0.12829618577187185
H12,19.6423261120543,-103.4866375453042,2025,12,2025-12,7,0.7480803685813441,0.20919826709418193
H13,19.63928751073353,-103.4859554790877,2025,12,2025-12,7,0.7954196072461808,0.24556422403836883
H14,19.63810334260486,-103.4783889889258,2025,12,2025-12,7,0.6699599892865468,0.11090120193864168
H15,19.63304594879294,-103.4860570044078,2025,12,2025-12,7,0.5017675021326812,-0.04004277729732675
H16,19.63363829304725,-103.4780586924613,2025,12,2025-12,7,0.4260085215270345,-0.1508636272422511
H18,19.64603762240055,-103.4727003353048,2025,12,2025-12,7,0.43740966948496396,-0.06211865742478639
H17,19.64350681735759,-103.4740222414965,2025,12,2025-12,7,0.48493282044692165,-0.08204613701922078
H19,19.64471242055359,-103.4660382865516,2025,12,2025-12,7,0.5336241023924392,-0.015114867525137908
H20,19.64573564260593,-103.463262682718,2025,12,2025-12,7,0.478820389684047,-0.026320290895959723
H21,19.64156668442107,-103.4659894961305,2025,12,2025-12,7,0.5370215792087111,-0.023552964754853665
H22,19.63841324577597,-103.466659499049,2025,12,2025-12,7,0.4336824963348148,-0.07580171847058985
H23,19.64582256330241,-103.4600574738049,2025,12,2025-12,7,0.49461579037358455,0.006513470687624445
H24,19.63458571520362,-103.4659597724037,2025,12,2025-12,7,0.5072543231135093,0.041533006137328174
H25,19.6352254903721,-103.4698151940444,2025,12,2025-12,7,0.4886948266875922,-0.020507178705155928
H26,19.6375519816719,-103.4725797498141,2025,12,2025-12,7,0.5567439147191929,0.028446304842903503
H27,19.63252169252172,-103.4706206808633,2025,12,2025-12,7,0.40233757007086135,-0.12807389584646875
H28,19.62924958680501,-103.4667801634766,2025,12,2025-12,7,0.3463849838509245,-0.055264046257587754
H29,19.62595823238879,-103.4724550507898,2025,12,2025-12,7,0.6673118779638867,0.13393523135868854
H30,19.62454684136882,-103.4673631977053,2025,12,2025-12,7,0.6266569056012955,0.07402373378959524
H31,19.62400044564311,-103.4720322735746,2025,12,2025-12,7,0.735374393369718,0.2157740216183543
H32,19.61959998384637,-103.4767867508887,2025,12,2025-12,7,0.7075322367235684,0.17507390282995386
H33,19.61742108024948,-103.4745293846265,2025,12,2025-12,7,0.8055446436988853,0.2369274708290577
H34,19.61706263447486,-103.4717205538295,2025,12,2025-12,7,0.5801560724037179,0.10338759662870475
H35,19.62235761063883,-103.4790615464518,2025,12,2025-12,7,0.6284032835339638,0.10612939787987043
H36,19.61265718886245,-103.475737660252,2025,12,2025-12,7,0.5519317093306721,0.07339980400819593
H37,19.61287910833094,-103.4782759946473,2025,12,2025-12,7,0.7125856717283694,0.18640748358578163
H38,19.61351141813728,-103.4814391298695,2025,12,2025-12,7,0.7846372871436383,0.24139176556883998
H39,19.61739633960506,-103.4846383837301,2025,12,2025-12,7,0.739559593888979,0.1826949411512118
H40,19.61422321757896,-103.4865932661396,2025,12,2025-12,7,0.7577622212753489,0.20986938157830856
H41,19.60964441322967,-103.4875908955098,2025,12,2025-12,7,0.5509339518162885,0.06539741222536763
H42,19.6171207933109,-103.4889001524713,2025,12,2025-12,7,0.5453370801808498,0.03310944628689411
H43,19.61451845491155,-103.4926481384631,2025,12,2025-12,7,0.5730312750816399,0.07989984985373645
H44,19.61263647892398,-103.4912288771512,2025,12,2025-12,7,0.6716437552025393,0.17059337188607962
H45,19.60934749359883,-103.489216124793,2025,12,2025-12,7,0.5036348548920525,0.033230019856235374
H46,19.60942413443004,-103.4902280275767,2025,12,2025-12,7,0.5248927167409655,0.051028661929206375
H47,19.60921557442716,-103.4924523306077,2025,12,2025-12,7,0.6213880553880631,0.1205268296405123
H48,19.60806269214817,-103.4951061797037,2025,12,2025-12,7,0.543559872631019,0.05951437953042259
H49,19.61498262970927,-103.4988105532358,2025,12,2025-12,7,0.736788622733825,0.23741536818710188
H50,19.61011338081553,-103.5061892246769,2025,12,2025-12,7,0.6744815876661159,0.1612580894662106
H51,19.61961236528353,-103.5087860622131,2025,12,2025-12,7,0.655455748568443,0.11069741617624021
H52,19.62373074157903,-103.506858857131,2025,12,2025-12,7,0.7343845819335317,0.17642559733039206
H53,19.6220524419853,-103.5039156451538,2025,12,2025-12,7,0.7265428105095391,0.2505488816882601
H54,19.621438862174,-103.5012333605017,2025,12,2025-12,7,0.677995802373102,0.17532015691754665
H55,19.62164911694436,-103.4994749950378,2025,12,2025-12,7,0.5646802643344061,0.09197735819768794
H56,19.61921532953394,-103.4972616233209,2025,12,2025-12,7,0.5232440835681911,0.0627995316012025
H57,19.61897530908676,-103.4950371159645,2025,12,2025-12,7,0.5228775293416087,0.022662121700757144
H58,19.62015890829346,-103.4904304573702,2025,12,2025-12,7,0.5587150781640686,0.002889663043046769
H59,19.62171827008233,-103.4865543693567,2025,12,2025-12,7,0.510729016319908,-0.07005735998334535
H60,19.62410311838264,-103.4983277084877,2025,12,2025-12,7,0.6022612316758017,0.0733070928407042
H61,19.62663965521857,-103.4966882892999,2025,12,2025-12,7,0.5493896350896231,-0.029444754883072508
H62,19.62574866158377,-103.4923995903546,2025,12,2025-12,7,0.5507146075031115,-0.03093781337484852
H63,19.62967479841514,-103.4905956816595,2025,12,2025-12,7,0.3773365245912414,-0.16470069853966457
H64,19.62318042476388,-103.4897338139707,2025,12,2025-12,7,0.5077136017319315,-0.04105419472211851
H65,19.62549316602416,-103.5006797215266,2025,12,2025-12,7,0.6147775109936282,0.08991488554714484
H66,19.62754606705777,-103.5006843723593,2025,12,2025-12,7,0.6391060010231577,0.10586231512700052
H67,19.63204957316679,-103.5006313932001,2025,12,2025-12,7,0.5375574994374227,0.04237891879163489
H68,19.62764543878409,-103.5041222734758,2025,12,2025-12,7,0.5791453679927122,0.06250804245499489
H69,19.62326850459801,-103.5088931720352,2025,12,2025-12,7,0.6533112932256893,0.11578959098871265
H70,19.6263645881459,-103.5081728823758,2025,12,2025-12,7,0.5993179675306459,0.07918103892745962
H71,19.62298058031248,-103.5108963687992,2025,12,2025-12,7,0.5438367046034217,0.04692903260013374
H72,19.60791996745303,-103.5088436795277,2025,12,2025-12,7,0.5618176608844312,0.09183197270892382
H73,19.60688026534045,-103.5119994427884,2025,12,2025-12,7,0.5992822468103238,0.08857524416188187
H74,19.60589173726333,-103.5034448997359,2025,12,2025-12,7,0.657869529803488,0.07865982306306311
H75,19.60306803601581,-103.5022381720191,2025,12,2025-12,7,0.6048199412032557,0.07331687426289914
H76,19.61379750235326,-103.5080848952479,2025,12,2025-12,7,0.6382987960010766,0.11115866291508952
H77,19.61346016192836,-103.5100682060295,2025,12,2025-12,7,0.6426330816695931,0.1118113302992113
H78,19.61409204222733,-103.5105722727903,2025,12,2025-12,7,0.6415911706276289,0.11066259475037842
H79,19.61353215599024,-103.5123741788091,2025,12,2025-12,7,0.6218536640332749,0.11092377464728154
H80,19.61779554429717,-103.5110620628573,2025,12,2025-12,7,0.6061010812762749,0.05342054852939127
H81,19.61991823018052,-103.513120060683,2025,12,2025-12,7,0.509863782953413,0.03153804484709987
H82,19.62073465959264,-103.514415855126,2025,12,2025-12,7,0.4547425887457771,0.024083602336663398
H83,19.61823643269025,-103.5148556403709,2025,12,2025-12,7,0.5519032819505356,0.07386942612849137
H84,19.61655830108952,-103.5173207877669,2025,12,2025-12,7,0.48539293848017295,0.028675304986479334
H85,19.61530473873262,-103.515910301509,2025,12,2025-12,7,0.4781018976678848,-0.007777363691707878
H86,19.6126488644727,-103.5176299849256,2025,12,2025-12,7,0.47896812418468865,-0.031245793396673584
H87,19.61074534974949,-103.5147577998847,2025,12,2025-12,7,0.6075870351354172,0.1077093850532335
H88,19.60922824229959,-103.51816450361,2025,12,2025-12,7,0.5964332714145391,0.07351569150173279
H89,19.60972792389859,-103.5241137226966,2025,12,2025-12,7,0.5750585170644456,0.02242241551403235
H90,19.60887219704412,-103.5257551584595,2025,12,2025-12,7,0.5953831454002521,0.02630250829201141
H91,19.6076221074036,-103.5233747651936,2025,12,2025-12,7,0.5818166972220662,0.0367313847528298
H92,19.60560940953978,-103.5215470361636,2025,12,2025-12,7,0.6699103460791052,0.14962733166049066
H93,19.60208824925957,-103.526896999217,2025,12,2025-12,7,0.4825035252205849,0.1188814015054912
H94,19.60248937810072,-103.5219082769416,2025,12,2025-12,7,0.6604257645782224,0.13730560909993347
H95,19.60312115256844,-103.5188596816631,2025,12,2025-12,7,0.5812397751945501,0.07370636508144784
H96,19.60407294309323,-103.520077159053,2025,12,2025-12,7,0.6415469293870105,0.13897795908011473
H97,19.60595122525007,-103.5194188749723,2025,12,2025-12,7,0.6505212433060074,0.1441348682107039
H98,19.60823320763247,-103.514985563467,2025,12,2025-12,7,0.6853519843276267,0.17412899248155647
H99,19.60388855172959,-103.5158544085341,2025,12,2025-12,7,0.5678141246671676,0.08164329454436182
H100,19.6382574968776,-103.5003223970978,2025,12,2025-12,7,0.744036565243719,0.19208716768257358
H1,19.66316440676028,-103.4874704375219,2026,1,2026-01,5,0.2805422393031325,-0.08643854001360485
H2,19.65958480327006,-103.4916814554342,2026,1,2026-01,5,0.2980102110992217,0.045993283834741855
H3,19.64923190063498,-103.495946402958,2026,1,2026-01,5,0.4176898168407645,-0.06573499595521133
H4,19.64892797006392,-103.4934247600402,2026,1,2026-01,5,0.5212037574389021,-0.02236940699115395
H5,19.64768676086755,-103.4905412268389,2026,1,2026-01,5,0.6243409319712883,0.10935974446262893
H6,19.64498379789444,-103.4931777628067,2026,1,2026-01,5,0.4589202443339391,-0.041481875198466585
H7,19.64523781970015,-103.4907449690666,2026,1,2026-01,5,0.6485744373579482,0.13131070697843264
H8,19.64391544066743,-103.4919779953152,2026,1,2026-01,5,0.5658394183292433,0.06303936753922046
H9,19.64289593962869,-103.4923312690368,2026,1,2026-01,5,0.5601679349012911,0.06058669115458762
H10,19.64326268753868,-103.4935692151058,2026,1,2026-01,5,0.4948811725691769,-0.006877816295947736
H11,19.63699143780181,-103.4910115238732,2026,1,2026-01,5,0.6009654231931474,0.11844621426993847
H12,19.6423261120543,-103.4866375453042,2026,1,2026-01,5,0.7190054172572403,0.19517550530015176
H13,19.63928751073353,-103.4859554790877,2026,1,2026-01,5,0.7569517720084394,0.20833598351932106
H14,19.63810334260486,-103.4783889889258,2026,1,2026-01,5,0.6450562272267595,0.0930420347779351
H15,19.63304594879294,-103.4860570044078,2026,1,2026-01,5,0.41574762449019015,-0.07293438107883202
H16,19.63363829304725,-103.4780586924613,2026,1,2026-01,5,0.3810430975537617,-0.16453894906569433
H18,19.64603762240055,-103.4727003353048,2026,1,2026-01,5,0.38369231590611536,-0.08693270602169305
H17,19.64350681735759,-103.4740222414965,2026,1,2026-01,5,0.43363850986404023,-0.1154222350611554
H19,19.64471242055359,-103.4660382865516,2026,1,2026-01,5,0.49230565366909707,-0.0386018596066548
H20,19.64573564260593,-103.463262682718,2026,1,2026-01,5,0.4407835910741003,-0.04521000222912224
H21,19.64156668442107,-103.4659894961305,2026,1,2026-01,5,0.532259094868708,-0.016916178883563053
H22,19.63841324577597,-103.466659499049,2026,1,2026-01,5,0.43026891491284924,-0.06994493612035957
H23,19.64582256330241,-103.4600574738049,2026,1,2026-01,5,0.4800638020029349,-0.0014875225260596889
H24,19.63458571520362,-103.4659597724037,2026,1,2026-01,5,0.46114804543901655,0.018668601433751996
H25,19.6352254903721,-103.4698151940444,2026,1,2026-01,5,0.42107667930420956,-0.054461082567422436
H26,19.6375519816719,-103.4725797498141,2026,1,2026-01,5,0.48164659767018575,-0.015882662686001112
H27,19.63252169252172,-103.4706206808633,2026,1,2026-01,5,0.33645274822202337,-0.14793228111011886
H28,19.62924958680501,-103.4667801634766,2026,1,2026-01,5,0.3235606250105376,-0.06312931386471722
H29,19.62595823238879,-103.4724550507898,2026,1,2026-01,5,0.6737817500038142,0.169116115263523
H30,19.62454684136882,-103.4673631977053,2026,1,2026-01,5,0.5992666616762188,0.0819780887701638
H31,19.62400044564311,-103.4720322735746,2026,1,2026-01,5,0.7149012822219529,0.21883830009079847
H32,19.61959998384637,-103.4767867508887,2026,1,2026-01,5,0.634999086054946,0.13155015152173613
H33,19.61742108024948,-103.4745293846265,2026,1,2026-01,5,0.7357683833501678,0.17240684753743932
H34,19.61706263447486,-103.4717205538295,2026,1,2026-01,5,0.5254707960342683,0.06859335756865148
H35,19.62235761063883,-103.4790615464518,2026,1,2026-01,5,0.5263839249054587,0.06731509570362768
H36,19.61265718886245,-103.475737660252,2026,1,2026-01,5,0.5430248406596546,0.08268375758600398
H37,19.61287910833094,-103.4782759946473,2026,1,2026-01,5,0.655656493971993,0.15044993079440136
H38,19.61351141813728,-103.4814391298695,2026,1,2026-01,5,0.7150833413150721,0.19359322666993445
H39,19.61739633960506,-103.4846383837301,2026,1,2026-01,5,0.704027619164174,0.1765114733640374
H40,19.61422321757896,-103.4865932661396,2026,1,2026-01,5,0.7376145000632042,0.205213903014512
H41,19.60964441322967,-103.4875908955098,2026,1,2026-01,5,0.5291437538153337,0.06832061192169847
H42,19.6171207933109,-103.4889001524713,2026,1,2026-01,5,0.5125710731102273,0.04427098126392414
H43,19.61451845491155,-103.4926481384631,2026,1,2026-01,5,0.5533735965517883,0.08488351396147217
H44,19.61263647892398,-103.4912288771512,2026,1,2026-01,5,0.6671986391467541,0.17832999761461157
H45,19.60934749359883,-103.489216124793,2026,1,2026-01,5,0.46892079009143384,0.02077935742845232
H46,19.60942413443004,-103.4902280275767,2026,1,2026-01,5,0.4882040519135645,0.034721525810636866
H47,19.60921557442716,-103.4924523306077,2026,1,2026-01,5,0.6015362446460043,0.11625935930181185
H48,19.60806269214817,-103.4951061797037,2026,1,2026-01,5,0.48677216971868414,0.06625465001511498
H49,19.61498262970927,-103.4988105532358,2026,1,2026-01,5,0.7494629607085693,0.26037331913445
H50,19.61011338081553,-103.5061892246769,2026,1,2026-01,5,0.6597237797333688,0.17067022349935632
H51,19.61961236528353,-103.5087860622131,2026,1,2026-01,5,0.6653132508670173,0.14615158797003375
H52,19.62373074157903,-103.506858857131,2026,1,2026-01,5,0.7200231588266791,0.1703547004466517
H53,19.6220524419853,-103.5039156451538,2026,1,2026-01,5,0.7094558551315198,0.24708837506234954
H54,19.621438862174,-103.5012333605017,2026,1,2026-01,5,0.6506075552591494,0.1739859986402548
H55,19.62164911694436,-103.4994749950378,2026,1,2026-01,5,0.5092220319823029,0.0667010151936598
H56,19.61921532953394,-103.4972616233209,2026,1,2026-01,5,0.46800905288247907,0.04310503669744724
H57,19.61897530908676,-103.4950371159645,2026,1,2026-01,5,0.4397786893277268,-0.015180609014348456
H58,19.62015890829346,-103.4904304573702,2026,1,2026-01,5,0.49179472611280456,-0.01403146389297884
H59,19.62171827008233,-103.4865543693567,2026,1,2026-01,5,0.4536382824277724,-0.08544539876328838
H60,19.62410311838264,-103.4983277084877,2026,1,2026-01,5,0.5241896922782677,0.024668842286008227
H61,19.62663965521857,-103.4966882892999,2026,1,2026-01,5,0.466491644439953,-0.06280481019161856
H62,19.62574866158377,-103.4923995903546,2026,1,2026-01,5,0.48004818735573984,-0.05907755042449706
H63,19.62967479841514,-103.4905956816595,2026,1,2026-01,5,0.32516537053792216,-0.192283908991257
H64,19.62318042476388,-103.4897338139707,2026,1,2026-01,5,0.4963226524167516,-0.034697541535190196
H65,19.62549316602416,-103.5006797215266,2026,1,2026-01,5,0.5804069404463402,0.0656559005633955
H66,19.62754606705777,-103.5006843723593,2026,1,2026-01,5,0.6252520176389311,0.10833654578539044
H67,19.63204957316679,-103.5006313932001,2026,1,2026-01,5,0.4765281014604108,0.016083453416679203
H68,19.62764543878409,-103.5041222734758,2026,1,2026-01,5,0.5337541736760478,0.041596568746213286
H69,19.62326850459801,-103.5088931720352,2026,1,2026-01,5,0.6355205591255679,0.11711460128382986
H70,19.6263645881459,-103.5081728823758,2026,1,2026-01,5,0.4948585576068325,0.018610691483694295
H71,19.62298058031248,-103.5108963687992,2026,1,2026-01,5,0.5092949816043557,0.04233706221904012
H72,19.60791996745303,-103.5088436795277,2026,1,2026-01,5,0.48969794438913145,0.05774234948403986
H73,19.60688026534045,-103.5119994427884,2026,1,2026-01,5,0.5013921581504336,0.03671504034685569
H74,19.60589173726333,-103.5034448997359,2026,1,2026-01,5,0.6296584873798593,0.08578395060993249
H75,19.60306803601581,-103.5022381720191,2026,1,2026-01,5,0.5884753307770288,0.10159068715241734
H76,19.61379750235326,-103.5080848952479,2026,1,2026-01,5,0.5848992199058014,0.1103078461472575
H77,19.61346016192836,-103.5100682060295,2026,1,2026-01,5,0.5858024944806072,0.09512412942498633
H78,19.61409204222733,-103.5105722727903,2026,1,2026-01,5,0.5926016177623706,0.09723833923537274
H79,19.61353215599024,-103.5123741788091,2026,1,2026-01,5,0.5684496439352384,0.08356944779740431
H80,19.61779554429717,-103.5110620628573,2026,1,2026-01,5,0.5854526436884404,0.051248599865038304
H81,19.61991823018052,-103.513120060683,2026,1,2026-01,5,0.4575788778629326,-0.008789129503741236
H82,19.62073465959264,-103.514415855126,2026,1,2026-01,5,0.40690137891197886,-0.009393105380202875
H83,19.61823643269025,-103.5148556403709,2026,1,2026-01,5,0.5244310837315862,0.06302624854651925
H84,19.61655830108952,-103.5173207877669,2026,1,2026-01,5,0.4609971950584844,0.024760925003509904
H85,19.61530473873262,-103.515910301509,2026,1,2026-01,5,0.4451602630398161,-0.013617798116536519
H86,19.6126488644727,-103.5176299849256,2026,1,2026-01,5,0.39972180424382653,-0.08363316475295912
H87,19.61074534974949,-103.5147577998847,2026,1,2026-01,5,0.561736589003915,0.0770733997462191
H88,19.60922824229959,-103.51816450361,2026,1,2026-01,5,0.5342957337881343,0.02347947408006716
H89,19.60972792389859,-103.5241137226966,2026,1,2026-01,5,0.5243979536367828,-0.027686034292479976
H90,19.60887219704412,-103.5257551584595,2026,1,2026-01,5,0.5449438709087113,-0.023601364619568684
H91,19.6076221074036,-103.5233747651936,2026,1,2026-01,5,0.5416620178320614,-0.008255574872688076
H92,19.60560940953978,-103.5215470361636,2026,1,2026-01,5,0.6185730154381521,0.10213705272768851
H93,19.60208824925957,-103.526896999217,2026,1,2026-01,5,0.4481640614425243,0.0958923996587653
H94,19.60248937810072,-103.5219082769416,2026,1,2026-01,5,0.6246114517606947,0.12393893148918567
H95,19.60312115256844,-103.5188596816631,2026,1,2026-01,5,0.5431068139558637,0.052123505903594505
H96,19.60407294309323,-103.520077159053,2026,1,2026-01,5,0.6067200798852799,0.12676705559169094
H97,19.60595122525007,-103.5194188749723,2026,1,2026-01,5,0.5906926988216314,0.09462113465079973
H98,19.60823320763247,-103.514985563467,2026,1,2026-01,5,0.639471475444719,0.14365245057484788
H99,19.60388855172959,-103.5158544085341,2026,1,2026-01,5,0.5258565544874149,0.05216709854026754
H100,19.6382574968776,-103.5003223970978,2026,1,2026-01,5,0.749460914273908,0.24290726031268586
H1,19.66316440676028,-103.4874704375219,2026,2,2026-02,5,0.23904429159292004,-0.14895274426055286
H2,19.65958480327006,-103.4916814554342,2026,2,2026-02,5,0.2836964019368982,-0.0010740253641580183
H3,19.64923190063498,-103.495946402958,2026,2,2026-02,5,0.3593608572347993,-0.1331748934414945
H4,19.64892797006392,-103.4934247600402,2026,2,2026-02,5,0.4832219860814815,-0.07841033926206685
H5,19.64768676086755,-103.4905412268389,2026,2,2026-02,5,0.592271030380764,0.04867315448133301
H6,19.64498379789444,-103.4931777628067,2026,2,2026-02,5,0.44359415968731514,-0.07418305229502457
H7,19.64523781970015,-103.4907449690666,2026,2,2026-02,5,0.6164836530688305,0.08198212813424621
H8,19.64391544066743,-103.4919779953152,2026,2,2026-02,5,0.5496581742171742,0.029398495398220557
H9,19.64289593962869,-103.4923312690368,2026,2,2026-02,5,0.5477632234581009,0.03154867902463569
H10,19.64326268753868,-103.4935692151058,2026,2,2026-02,5,0.4849912670635841,-0.031035334559675574
H11,19.63699143780181,-103.4910115238732,2026,2,2026-02,5,0.5725900798611494,0.08040015706741442
H12,19.6423261120543,-103.4866375453042,2026,2,2026-02,5,0.6920170434936271,0.15254841939393007
H13,19.63928751073353,-103.4859554790877,2026,2,2026-02,5,0.7128457315698985,0.13581850997854444
H14,19.63810334260486,-103.4783889889258,2026,2,2026-02,5,0.6027347261372519,0.03697925700912645
H15,19.63304594879294,-103.4860570044078,2026,2,2026-02,5,0.4145082428521531,-0.12407436399121621
H16,19.63363829304725,-103.4780586924613,2026,2,2026-02,5,0.3430476108071161,-0.22066793162940226
H18,19.64603762240055,-103.4727003353048,2026,2,2026-02,5,0.34348913107402823,-0.1425056189534093
H17,19.64350681735759,-103.4740222414965,2026,2,2026-02,5,0.39687709782244923,-0.16617652200113991
H19,19.64471242055359,-103.4660382865516,2026,2,2026-02,5,0.4487203103062151,-0.08164561646127087
H20,19.64573564260593,-103.463262682718,2026,2,2026-02,5,0.39849173727667203,-0.09419370064610179
H21,19.64156668442107,-103.4659894961305,2026,2,2026-02,5,0.5127991781168294,-0.042297770354738334
H22,19.63841324577597,-103.466659499049,2026,2,2026-02,5,0.4092641619672758,-0.09097307231832323
H23,19.64582256330241,-103.4600574738049,2026,2,2026-02,5,0.44360624760589007,-0.04477697722631006
H24,19.63458571520362,-103.4659597724037,2026,2,2026-02,5,0.4209416842539661,-0.02506191406580949
H25,19.6352254903721,-103.4698151940444,2026,2,2026-02,5,0.37876949936682613,-0.11015757441319508
H26,19.6375519816719,-103.4725797498141,2026,2,2026-02,5,0.42340208580032607,-0.10104467513758678
H27,19.63252169252172,-103.4706206808633,2026,2,2026-02,5,0.31766871920967144,-0.18411828309499667
H28,19.62924958680501,-103.4667801634766,2026,2,2026-02,5,0.27710484641221245,-0.11980597267656783
H29,19.62595823238879,-103.4724550507898,2026,2,2026-02,5,0.6442441031501714,0.14276670599561506
H30,19.62454684136882,-103.4673631977053,2026,2,2026-02,5,0.5586047609343965,0.03905861958695056
H31,19.62400044564311,-103.4720322735746,2026,2,2026-02,5,0.6691950490873942,0.18065100124619293
H32,19.61959998384637,-103.4767867508887,2026,2,2026-02,5,0.5885044223433727,0.0726282600635739
H33,19.61742108024948,-103.4745293846265,2026,2,2026-02,5,0.6642509647576128,0.0864825685046585
H34,19.61706263447486,-103.4717205538295,2026,2,2026-02,5,0.4632603292439074,-0.005304012952412132
H35,19.62235761063883,-103.4790615464518,2026,2,2026-02,5,0.5233602051005672,0.02673952318381224
H36,19.61265718886245,-103.475737660252,2026,2,2026-02,5,0.4842916021074861,0.02214134294679735
H37,19.61287910833094,-103.4782759946473,2026,2,2026-02,5,0.6164481583238629,0.09479684914332609
H38,19.61351141813728,-103.4814391298695,2026,2,2026-02,5,0.6701183127218056,0.12533496854702605
H39,19.61739633960506,-103.4846383837301,2026,2,2026-02,5,0.6800226445547466,0.13522348273123636
H40,19.61422321757896,-103.4865932661396,2026,2,2026-02,5,0.6730676826456896,0.11907060844816837
H41,19.60964441322967,-103.4875908955098,2026,2,2026-02,5,0.509552554100247,0.023608845282429923
H42,19.6171207933109,-103.4889001524713,2026,2,2026-02,5,0.47530852798657397,-0.0013075381233541082
H43,19.61451845491155,-103.4926481384631,2026,2,2026-02,5,0.5171957684483888,0.03849143049713047
H44,19.61263647892398,-103.4912288771512,2026,2,2026-02,5,0.6280713840306186,0.13585648474693637
H45,19.60934749359883,-103.489216124793,2026,2,2026-02,5,0.45336050586536486,-0.028483210586521448
H46,19.60942413443004,-103.4902280275767,2026,2,2026-02,5,0.4704240832050429,-0.01753882298162364
H47,19.60921557442716,-103.4924523306077,2026,2,2026-02,5,0.5809701829751333,0.06754377529224762
H48,19.60806269214817,-103.4951061797037,2026,2,2026-02,5,0.4866949804379489,0.022418436578944573
H49,19.61498262970927,-103.4988105532358,2026,2,2026-02,5,0.7101002872615064,0.22788439712258224
H50,19.61011338081553,-103.5061892246769,2026,2,2026-02,5,0.6374143010966457,0.13121783925971361
H51,19.61961236528353,-103.5087860622131,2026,2,2026-02,5,0.6206559592623985,0.10278837489800557
H52,19.62373074157903,-103.506858857131,2026,2,2026-02,5,0.6737913498916479,0.1169123460012182
H53,19.6220524419853,-103.5039156451538,2026,2,2026-02,5,0.6681944856061013,0.19423649083522107
H54,19.621438862174,-103.5012333605017,2026,2,2026-02,5,0.6136336422977451,0.12313755494110429
H55,19.62164911694436,-103.4994749950378,2026,2,2026-02,5,0.48144121763018777,0.014176775993833112
H56,19.61921532953394,-103.4972616233209,2026,2,2026-02,5,0.46223779931958553,-0.0042247325257258085
H57,19.61897530908676,-103.4950371159645,2026,2,2026-02,5,0.4037966802734192,-0.09370812056405073
H58,19.62015890829346,-103.4904304573702,2026,2,2026-02,5,0.3863451647795819,-0.13316533125462518
H59,19.62171827008233,-103.4865543693567,2026,2,2026-02,5,0.40813397654750677,-0.16528103643296815
H60,19.62410311838264,-103.4983277084877,2026,2,2026-02,5,0.4846287284282628,-0.038308217040995865
H61,19.62663965521857,-103.4966882892999,2026,2,2026-02,5,0.44519743864230105,-0.11595094443897115
H62,19.62574866158377,-103.4923995903546,2026,2,2026-02,5,0.42875079712088365,-0.13265066909942735
H63,19.62967479841514,-103.4905956816595,2026,2,2026-02,5,0.29606161833974803,-0.23565512747277126
H64,19.62318042476388,-103.4897338139707,2026,2,2026-02,5,0.430785202234528,-0.12187007647957586
H65,19.62549316602416,-103.5006797215266,2026,2,2026-02,5,0.5309943068447289,-0.005710397013786501
H66,19.62754606705777,-103.5006843723593,2026,2,2026-02,5,0.5902157896816239,0.06657357673599618
H67,19.63204957316679,-103.5006313932001,2026,2,2026-02,5,0.4374766181084049,-0.03754482863729096
H68,19.62764543878409,-103.5041222734758,2026,2,2026-02,5,0.49139766082031405,-0.018765837695303683
H69,19.62326850459801,-103.5088931720352,2026,2,2026-02,5,0.5946275531474429,0.06594246805639181
H70,19.6263645881459,-103.5081728823758,2026,2,2026-02,5,0.4521965320207821,-0.056049255836943604
H71,19.62298058031248,-103.5108963687992,2026,2,2026-02,5,0.47222884367425466,-0.0016132639539924868
H72,19.60791996745303,-103.5088436795277,2026,2,2026-02,5,0.4655307468703246,0.011332169673479922
H73,19.60688026534045,-103.5119994427884,2026,2,2026-02,5,0.45363833050486135,-0.045685689678065855
H74,19.60589173726333,-103.5034448997359,2026,2,2026-02,5,0.5748184034249106,0.0363187239581927
H75,19.60306803601581,-103.5022381720191,2026,2,2026-02,5,0.5733335473966459,0.07835302888040152
H76,19.61379750235326,-103.5080848952479,2026,2,2026-02,5,0.5124195217558892,0.020388191474199357
H77,19.61346016192836,-103.5100682060295,2026,2,2026-02,5,0.5198277128190633,0.003969092792735913
H78,19.61409204222733,-103.5105722727903,2026,2,2026-02,5,0.5181638857129843,0.008159930626052865
H79,19.61353215599024,-103.5123741788091,2026,2,2026-02,5,0.4868516502987206,-0.008423381348459297
H80,19.61779554429717,-103.5110620628573,2026,2,2026-02,5,0.5247059826427202,-0.013157110190223094
H81,19.61991823018052,-103.513120060683,2026,2,2026-02,5,0.41627844536119607,-0.06443139854178742
H82,19.62073465959264,-103.514415855126,2026,2,2026-02,5,0.3650392437964822,-0.058290787459945995
H83,19.61823643269025,-103.5148556403709,2026,2,2026-02,5,0.4841232219531,0.012573106353177523
H84,19.61655830108952,-103.5173207877669,2026,2,2026-02,5,0.4346885373760603,-0.021401038027505762
H85,19.61530473873262,-103.515910301509,2026,2,2026-02,5,0.4147254393291779,-0.06551356198000195
H86,19.6126488644727,-103.5176299849256,2026,2,2026-02,5,0.3522914314315138,-0.16021001389357867
H87,19.61074534974949,-103.5147577998847,2026,2,2026-02,5,0.47545119265220404,-0.01651815295867932
H88,19.60922824229959,-103.51816450361,2026,2,2026-02,5,0.48040638072001474,-0.05694086270664892
H89,19.60972792389859,-103.5241137226966,2026,2,2026-02,5,0.4700224783987258,-0.1035594458608246
H90,19.60887219704412,-103.5257551584595,2026,2,2026-02,5,0.47907036525859414,-0.10721882161220116
H91,19.6076221074036,-103.5233747651936,2026,2,2026-02,5,0.4943418714143617,-0.07524839074441184
H92,19.60560940953978,-103.5215470361636,2026,2,2026-02,5,0.5797074395597017,0.034680968715684116
H93,19.60208824925957,-103.526896999217,2026,2,2026-02,5,0.4099655741088977,0.035474065974290356
H94,19.60248937810072,-103.5219082769416,2026,2,2026-02,5,0.6031956913588479,0.08239124068270404
H95,19.60312115256844,-103.5188596816631,2026,2,2026-02,5,0.5148696946004472,-0.005907930167887642
H96,19.60407294309323,-103.520077159053,2026,2,2026-02,5,0.5905161083129549,0.08235845069659964
H97,19.60595122525007,-103.5194188749723,2026,2,2026-02,5,0.5539037415760637,0.019289014350589627
H98,19.60823320763247,-103.514985563467,2026,2,2026-02,5,0.5851289098971014,0.06417450454662856
H99,19.60388855172959,-103.5158544085341,2026,2,2026-02,5,0.481000297345896,-0.011316450824083023
H100,19.6382574968776,-103.5003223970978,2026,2,2026-02,5,0.7241299416482149,0.21650239059871748
H1,19.66316440676028,-103.4874704375219,2026,3,2026-03,7,0.19572687170950584,-0.16301874265200647
H2,19.65958480327006,-103.4916814554342,2026,3,2026-03,7,0.25999825550912925,-0.014015249469512485
H3,19.64923190063498,-103.495946402958,2026,3,2026-03,7,0.3163561352496314,-0.15380846691478123
H4,19.64892797006392,-103.4934247600402,2026,3,2026-03,7,0.44744252247867866,-0.09358331046414399
H5,19.64768676086755,-103.4905412268389,2026,3,2026-03,7,0.5657938943633265,0.029112500484957393
H6,19.64498379789444,-103.4931777628067,2026,3,2026-03,7,0.41426778667561875,-0.08871759452207337
H7,19.64523781970015,-103.4907449690666,2026,3,2026-03,7,0.5785445558395753,0.05154787884348464
H8,19.64391544066743,-103.4919779953152,2026,3,2026-03,7,0.5224137710105938,0.012752198659049054
H9,19.64289593962869,-103.4923312690368,2026,3,2026-03,7,0.5248490438929238,0.021937371815869904
H10,19.64326268753868,-103.4935692151058,2026,3,2026-03,7,0.46191817467961127,-0.037994792776367955
H11,19.63699143780181,-103.4910115238732,2026,3,2026-03,7,0.5570471793506204,0.08603816795891944
H12,19.6423261120543,-103.4866375453042,2026,3,2026-03,7,0.663205375417663,0.14609124634636772
H13,19.63928751073353,-103.4859554790877,2026,3,2026-03,7,0.6719229501199961,0.14605043792895933
H14,19.63810334260486,-103.4783889889258,2026,3,2026-03,7,0.5616112211604353,0.022052552092229696
H15,19.63304594879294,-103.4860570044078,2026,3,2026-03,7,0.44538986885097914,-0.06641973003065797
H16,19.63363829304725,-103.4780586924613,2026,3,2026-03,7,0.29126572753360386,-0.24189022612642455
H18,19.64603762240055,-103.4727003353048,2026,3,2026-03,7,0.30080092254037166,-0.15738760422068088
H17,19.64350681735759,-103.4740222414965,2026,3,2026-03,7,0.344870921679248,-0.1848871385849169
H19,19.64471242055359,-103.4660382865516,2026,3,2026-03,7,0.4156696456459694,-0.0970204858816089
H20,19.64573564260593,-103.463262682718,2026,3,2026-03,7,0.3579898113795661,-0.10870015356542025
H21,19.64156668442107,-103.4659894961305,2026,3,2026-03,7,0.47636136661588846,-0.06420671390928098
H22,19.63841324577597,-103.466659499049,2026,3,2026-03,7,0.38321978214920627,-0.10460521160897795
H23,19.64582256330241,-103.4600574738049,2026,3,2026-03,7,0.39566134321527546,-0.06442969339936601
H24,19.63458571520362,-103.4659597724037,2026,3,2026-03,7,0.3997021885642687,-0.026899885783226767
H25,19.6352254903721,-103.4698151940444,2026,3,2026-03,7,0.3342535657504014,-0.13030722043735854
H26,19.6375519816719,-103.4725797498141,2026,3,2026-03,7,0.3553285652466645,-0.13751428145271688
H27,19.63252169252172,-103.4706206808633,2026,3,2026-03,7,0.26307688384124417,-0.20894375467118176
H28,19.62924958680501,-103.4667801634766,2026,3,2026-03,7,0.22468553994672263,-0.143340696938021
H29,19.62595823238879,-103.4724550507898,2026,3,2026-03,7,0.6010875346504803,0.1325326618965837
H30,19.62454684136882,-103.4673631977053,2026,3,2026-03,7,0.5335163104194982,0.03285053811822294
H31,19.62400044564311,-103.4720322735746,2026,3,2026-03,7,0.6564182791894172,0.18846053743036956
H32,19.61959998384637,-103.4767867508887,2026,3,2026-03,7,0.6072649235747521,0.12636269150559426
H33,19.61742108024948,-103.4745293846265,2026,3,2026-03,7,0.7013466659920311,0.17338462304693114
H34,19.61706263447486,-103.4717205538295,2026,3,2026-03,7,0.47415109902841157,0.03959797302240642
H35,19.62235761063883,-103.4790615464518,2026,3,2026-03,7,0.5451960440008929,0.06606713015202112
H36,19.61265718886245,-103.475737660252,2026,3,2026-03,7,0.45631249050323075,0.028704221375558777
H37,19.61287910833094,-103.4782759946473,2026,3,2026-03,7,0.6286210600793416,0.14662212223824833
H38,19.61351141813728,-103.4814391298695,2026,3,2026-03,7,0.7000609222791837,0.20192953590997959
H39,19.61739633960506,-103.4846383837301,2026,3,2026-03,7,0.6248129889833934,0.12781216419561578
H40,19.61422321757896,-103.4865932661396,2026,3,2026-03,7,0.6703147427025509,0.1596100905765549
H41,19.60964441322967,-103.4875908955098,2026,3,2026-03,7,0.4830235305058123,0.0463530208302158
H42,19.6171207933109,-103.4889001524713,2026,3,2026-03,7,0.42099204182128686,-0.01940125132868235
H43,19.61451845491155,-103.4926481384631,2026,3,2026-03,7,0.4676445871645883,0.019539132265498426
H44,19.61263647892398,-103.4912288771512,2026,3,2026-03,7,0.6157906314734549,0.15124214434749192
H45,19.60934749359883,-103.489216124793,2026,3,2026-03,7,0.40243241600177215,-0.03308606712960595
H46,19.60942413443004,-103.4902280275767,2026,3,2026-03,7,0.40076257479661004,-0.04196550412248715
H47,19.60921557442716,-103.4924523306077,2026,3,2026-03,7,0.49290035307160085,0.024458546742236388
H48,19.60806269214817,-103.4951061797037,2026,3,2026-03,7,0.3977365982834462,-0.02164179081319486
H49,19.61498262970927,-103.4988105532358,2026,3,2026-03,7,0.6793149171048073,0.22562528886715227
H50,19.61011338081553,-103.5061892246769,2026,3,2026-03,7,0.6340021487335148,0.1855639269610193
H51,19.61961236528353,-103.5087860622131,2026,3,2026-03,7,0.603736429360233,0.1252298846504264
H52,19.62373074157903,-103.506858857131,2026,3,2026-03,7,0.603569869898866,0.0701481648138107
H53,19.6220524419853,-103.5039156451538,2026,3,2026-03,7,0.6169572597656388,0.15971198525404154
H54,19.621438862174,-103.5012333605017,2026,3,2026-03,7,0.5659124324833612,0.10361157294531677
H55,19.62164911694436,-103.4994749950378,2026,3,2026-03,7,0.42310341413471336,-0.012784232810868063
H56,19.61921532953394,-103.4972616233209,2026,3,2026-03,7,0.4125141184094606,-0.02254280702447844
H57,19.61897530908676,-103.4950371159645,2026,3,2026-03,7,0.3378256097407951,-0.12001819408762848
H58,19.62015890829346,-103.4904304573702,2026,3,2026-03,7,0.34131575253182955,-0.15725857729333728
H59,19.62171827008233,-103.4865543693567,2026,3,2026-03,7,0.3325137179091896,-0.19294359066729375
H60,19.62410311838264,-103.4983277084877,2026,3,2026-03,7,0.4280659428311713,-0.06680827269169838
H61,19.62663965521857,-103.4966882892999,2026,3,2026-03,7,0.40747886598900873,-0.1277617566206398
H62,19.62574866158377,-103.4923995903546,2026,3,2026-03,7,0.3779586556873816,-0.15120918702241865
H63,19.62967479841514,-103.4905956816595,2026,3,2026-03,7,0.2795105630550871,-0.22453418337705458
H64,19.62318042476388,-103.4897338139707,2026,3,2026-03,7,0.3691967904661239,-0.15136767210592317
H65,19.62549316602416,-103.5006797215266,2026,3,2026-03,7,0.47173280772099635,-0.03642414163250139
H66,19.62754606705777,-103.5006843723593,2026,3,2026-03,7,0.529226203572072,0.03296214963957908
H67,19.63204957316679,-103.5006313932001,2026,3,2026-03,7,0.39146944361360375,-0.05626773091736662
H68,19.62764543878409,-103.5041222734758,2026,3,2026-03,7,0.4373013764608642,-0.04526544770728756
H69,19.62326850459801,-103.5088931720352,2026,3,2026-03,7,0.53386493464346,0.03297862988745234
H70,19.6263645881459,-103.5081728823758,2026,3,2026-03,7,0.39955996658112974,-0.08382633364977873
H71,19.62298058031248,-103.5108963687992,2026,3,2026-03,7,0.4267580182251993,-0.015727339901815744
H72,19.60791996745303,-103.5088436795277,2026,3,2026-03,7,0.44153086464158325,0.018862098747203446
H73,19.60688026534045,-103.5119994427884,2026,3,2026-03,7,0.40411847716904403,-0.06726012781679028
H74,19.60589173726333,-103.5034448997359,2026,3,2026-03,7,0.5209496317619885,0.021558172535632688
H75,19.60306803601581,-103.5022381720191,2026,3,2026-03,7,0.5443102247206197,0.07757764556640713
H76,19.61379750235326,-103.5080848952479,2026,3,2026-03,7,0.4897446829264772,0.025612672216334953
H77,19.61346016192836,-103.5100682060295,2026,3,2026-03,7,0.46054196241460305,-0.018992736120019053
H78,19.61409204222733,-103.5105722727903,2026,3,2026-03,7,0.45519000171995283,-0.017447654027095468
H79,19.61353215599024,-103.5123741788091,2026,3,2026-03,7,0.42519871553848043,-0.03622352998154882
H80,19.61779554429717,-103.5110620628573,2026,3,2026-03,7,0.47645539631271794,-0.010897304633306114
H81,19.61991823018052,-103.513120060683,2026,3,2026-03,7,0.3661072457344413,-0.07343114539850706
H82,19.62073465959264,-103.514415855126,2026,3,2026-03,7,0.3265164151071365,-0.06303709025268836
H83,19.61823643269025,-103.5148556403709,2026,3,2026-03,7,0.4239913284742042,-0.013692350230576735
H84,19.61655830108952,-103.5173207877669,2026,3,2026-03,7,0.38962942650468846,-0.025845906478510303
H85,19.61530473873262,-103.515910301509,2026,3,2026-03,7,0.36920879065133433,-0.06974474331666335
H86,19.6126488644727,-103.5176299849256,2026,3,2026-03,7,0.2922963503474917,-0.17732664640853027
H87,19.61074534974949,-103.5147577998847,2026,3,2026-03,7,0.41450561125721275,-0.04686902945272286
H88,19.60922824229959,-103.51816450361,2026,3,2026-03,7,0.4068919866415928,-0.09073232957022052
H89,19.60972792389859,-103.5241137226966,2026,3,2026-03,7,0.3937102654849441,-0.13538110217070332
H90,19.60887219704412,-103.5257551584595,2026,3,2026-03,7,0.38434870396658766,-0.15047141463069483
H91,19.6076221074036,-103.5233747651936,2026,3,2026-03,7,0.42457399746687957,-0.10511995960957159
H92,19.60560940953978,-103.5215470361636,2026,3,2026-03,7,0.5085380319416557,0.0017496761112850176
H93,19.60208824925957,-103.526896999217,2026,3,2026-03,7,0.34982137393258306,0.0020816106814955564
H94,19.60248937810072,-103.5219082769416,2026,3,2026-03,7,0.560501215345924,0.07249704579599653
H95,19.60312115256844,-103.5188596816631,2026,3,2026-03,7,0.4428347505418706,-0.030616200892338682
H96,19.60407294309323,-103.520077159053,2026,3,2026-03,7,0.5340154756808877,0.06657667513549519
H97,19.60595122525007,-103.5194188749723,2026,3,2026-03,7,0.48086022692973013,-0.013550325840166851
H98,19.60823320763247,-103.514985563467,2026,3,2026-03,7,0.5082004041656772,0.0157111897154535
H99,19.60388855172959,-103.5158544085341,2026,3,2026-03,7,0.4198448786467222,-0.03250033601576757
H100,19.6382574968776,-103.5003223970978,2026,3,2026-03,7,0.6884128440520961,0.19035157349714676
H1,19.66316440676028,-103.4874704375219,2026,4,2026-04,7,0.1981336754006719,-0.15565963725946286
H2,19.65958480327006,-103.4916814554342,2026,4,2026-04,7,0.25814036688139347,-0.023457578783502544
H3,19.64923190063498,-103.495946402958,2026,4,2026-04,7,0.3200505079974709,-0.1562070759280338
H4,19.64892797006392,-103.4934247600402,2026,4,2026-04,7,0.45086370064339626,-0.09489716075245182
H5,19.64768676086755,-103.4905412268389,2026,4,2026-04,7,0.5708828034497873,0.02731962905181939
H6,19.64498379789444,-103.4931777628067,2026,4,2026-04,7,0.4182467827355405,-0.08073885558878169
H7,19.64523781970015,-103.4907449690666,2026,4,2026-04,7,0.5809354818820747,0.0457354136487112
H8,19.64391544066743,-103.4919779953152,2026,4,2026-04,7,0.5261652678593796,0.013553678636735738
H9,19.64289593962869,-103.4923312690368,2026,4,2026-04,7,0.5325344435098442,0.0289620687000071
H10,19.64326268753868,-103.4935692151058,2026,4,2026-04,7,0.46549505159216037,-0.029445582389900565
H11,19.63699143780181,-103.4910115238732,2026,4,2026-04,7,0.5687075047325546,0.08883196258426315
H12,19.6423261120543,-103.4866375453042,2026,4,2026-04,7,0.6789939361321519,0.14793400638103424
H13,19.63928751073353,-103.4859554790877,2026,4,2026-04,7,0.7100701111978994,0.1719379653275131
H14,19.63810334260486,-103.4783889889258,2026,4,2026-04,7,0.57014967144694,0.02609131220576698
H15,19.63304594879294,-103.4860570044078,2026,4,2026-04,7,0.4849328484584061,-0.01812570884989866
H16,19.63363829304725,-103.4780586924613,2026,4,2026-04,7,0.29681137856896667,-0.22352666848560013
H18,19.64603762240055,-103.4727003353048,2026,4,2026-04,7,0.3007687783363999,-0.14569659469592097
H17,19.64350681735759,-103.4740222414965,2026,4,2026-04,7,0.34172599437038476,-0.17042656252675456
H19,19.64471242055359,-103.4660382865516,2026,4,2026-04,7,0.42737751011412023,-0.08623833648632824
H20,19.64573564260593,-103.463262682718,2026,4,2026-04,7,0.36703465655634976,-0.1019614061246065
H21,19.64156668442107,-103.4659894961305,2026,4,2026-04,7,0.48889687622060696,-0.06087553257014612
H22,19.63841324577597,-103.466659499049,2026,4,2026-04,7,0.4119629995088794,-0.07672956486378604
H23,19.64582256330241,-103.4600574738049,2026,4,2026-04,7,0.40988278559928404,-0.06188416222513299
H24,19.63458571520362,-103.4659597724037,2026,4,2026-04,7,0.43127937584032194,-0.002095218926445912
H25,19.6352254903721,-103.4698151940444,2026,4,2026-04,7,0.34320605375039204,-0.11722903905917369
H26,19.6375519816719,-103.4725797498141,2026,4,2026-04,7,0.34876262731314805,-0.13096961112196362
H27,19.63252169252172,-103.4706206808633,2026,4,2026-04,7,0.2670699932766022,-0.1936819740949833
H28,19.62924958680501,-103.4667801634766,2026,4,2026-04,7,0.22331563359907375,-0.13105386549759382
H29,19.62595823238879,-103.4724550507898,2026,4,2026-04,7,0.6465879215333609,0.1517594637124407
H30,19.62454684136882,-103.4673631977053,2026,4,2026-04,7,0.5148076452722264,0.02685395526254453
H31,19.62400044564311,-103.4720322735746,2026,4,2026-04,7,0.6838752032314137,0.19926865131957341
H32,19.61959998384637,-103.4767867508887,2026,4,2026-04,7,0.619916853348135,0.12756157920229846
H33,19.61742108024948,-103.4745293846265,2026,4,2026-04,7,0.7646886832687372,0.2158728421380622
H34,19.61706263447486,-103.4717205538295,2026,4,2026-04,7,0.5166362340314492,0.0697124867794958
H35,19.62235761063883,-103.4790615464518,2026,4,2026-04,7,0.5044333277595514,0.0374750003795256
H36,19.61265718886245,-103.475737660252,2026,4,2026-04,7,0.469532287124307,0.03853806964094286
H37,19.61287910833094,-103.4782759946473,2026,4,2026-04,7,0.659159496116732,0.16413991619806673
H38,19.61351141813728,-103.4814391298695,2026,4,2026-04,7,0.7226747288589483,0.2019119582592861
H39,19.61739633960506,-103.4846383837301,2026,4,2026-04,7,0.6641124898800981,0.15468698001209735
H40,19.61422321757896,-103.4865932661396,2026,4,2026-04,7,0.7259963923920875,0.20710973721778303
H41,19.60964441322967,-103.4875908955098,2026,4,2026-04,7,0.4717105315793822,0.028565140352036174
H42,19.6171207933109,-103.4889001524713,2026,4,2026-04,7,0.43016661068773493,-0.012856986492420982
H43,19.61451845491155,-103.4926481384631,2026,4,2026-04,7,0.4701225305453778,0.01980766356420768
H44,19.61263647892398,-103.4912288771512,2026,4,2026-04,7,0.6288763674246054,0.15156610019633457
H45,19.60934749359883,-103.489216124793,2026,4,2026-04,7,0.39672107234885495,-0.045424102818851245
H46,19.60942413443004,-103.4902280275767,2026,4,2026-04,7,0.40156201555111287,-0.0474092734614153
H47,19.60921557442716,-103.4924523306077,2026,4,2026-04,7,0.508020796321011,0.027377452436419494
H48,19.60806269214817,-103.4951061797037,2026,4,2026-04,7,0.39294293852877177,-0.029638413102164158
H49,19.61498262970927,-103.4988105532358,2026,4,2026-04,7,0.7082765592857392,0.23619332534702545
H50,19.61011338081553,-103.5061892246769,2026,4,2026-04,7,0.6738544488162254,0.21503951230228782
H51,19.61961236528353,-103.5087860622131,2026,4,2026-04,7,0.63890273644933,0.1495384057097068
H52,19.62373074157903,-103.506858857131,2026,4,2026-04,7,0.598637631706736,0.05580043058905737
H53,19.6220524419853,-103.5039156451538,2026,4,2026-04,7,0.6219503250508324,0.15499485456209477
H54,19.621438862174,-103.5012333605017,2026,4,2026-04,7,0.5757517281993472,0.10527881911094332
H55,19.62164911694436,-103.4994749950378,2026,4,2026-04,7,0.41805335805672594,-0.016486925875549587
H56,19.61921532953394,-103.4972616233209,2026,4,2026-04,7,0.43380046495230423,-0.013217607241874449
H57,19.61897530908676,-103.4950371159645,2026,4,2026-04,7,0.34090821399510796,-0.12337116542563192
H58,19.62015890829346,-103.4904304573702,2026,4,2026-04,7,0.31658354024982593,-0.1627938686492409
H59,19.62171827008233,-103.4865543693567,2026,4,2026-04,7,0.32949784307847013,-0.1868907636039093
H60,19.62410311838264,-103.4983277084877,2026,4,2026-04,7,0.4125738142309145,-0.0790372924013804
H61,19.62663965521857,-103.4966882892999,2026,4,2026-04,7,0.4108905572742643,-0.1226012847643289
H62,19.62574866158377,-103.4923995903546,2026,4,2026-04,7,0.3738025128753709,-0.14811093267776568
H63,19.62967479841514,-103.4905956816595,2026,4,2026-04,7,0.29024109312201746,-0.1962899075210526
H64,19.62318042476388,-103.4897338139707,2026,4,2026-04,7,0.3554074854897075,-0.15690566507528778
H65,19.62549316602416,-103.5006797215266,2026,4,2026-04,7,0.475036432688266,-0.03567561953880246
H66,19.62754606705777,-103.5006843723593,2026,4,2026-04,7,0.5370778649769672,0.03579886592729697
H67,19.63204957316679,-103.5006313932001,2026,4,2026-04,7,0.408013166676302,-0.045155520947189484
H68,19.62764543878409,-103.5041222734758,2026,4,2026-04,7,0.43769258002426487,-0.04361006196829987
H69,19.62326850459801,-103.5088931720352,2026,4,2026-04,7,0.5116511571007488,0.01643677821039714
H70,19.6263645881459,-103.5081728823758,2026,4,2026-04,7,0.40479246688013487,-0.08127132617112351
H71,19.62298058031248,-103.5108963687992,2026,4,2026-04,7,0.39490775415917084,-0.033590152152896034
H72,19.60791996745303,-103.5088436795277,2026,4,2026-04,7,0.45997217238952703,0.03259816187787841
H73,19.60688026534045,-103.5119994427884,2026,4,2026-04,7,0.3986215348636772,-0.0662041126570915
H74,19.60589173726333,-103.5034448997359,2026,4,2026-04,7,0.5000533845999457,2.4477873627700493E-4
H75,19.60306803601581,-103.5022381720191,2026,4,2026-04,7,0.5264898323312575,0.05772398666147998
H76,19.61379750235326,-103.5080848952479,2026,4,2026-04,7,0.5119090431879105,0.0437690017134172
H77,19.61346016192836,-103.5100682060295,2026,4,2026-04,7,0.4678686782394907,-0.01070147177848477
H78,19.61409204222733,-103.5105722727903,2026,4,2026-04,7,0.4711244430709228,-0.01055018575036228
H79,19.61353215599024,-103.5123741788091,2026,4,2026-04,7,0.42186991292638415,-0.04021959942852674
H80,19.61779554429717,-103.5110620628573,2026,4,2026-04,7,0.5035962908493171,0.007896824504743761
H81,19.61991823018052,-103.513120060683,2026,4,2026-04,7,0.3697938652862457,-0.07191328992260262
H82,19.62073465959264,-103.514415855126,2026,4,2026-04,7,0.3272175823114346,-0.06335340899083186
H83,19.61823643269025,-103.5148556403709,2026,4,2026-04,7,0.4212518159750207,-0.016823990274509985
H84,19.61655830108952,-103.5173207877669,2026,4,2026-04,7,0.4025962639904363,-0.016231619625070682
H85,19.61530473873262,-103.515910301509,2026,4,2026-04,7,0.36805522451206485,-0.06308751291568318
H86,19.6126488644727,-103.5176299849256,2026,4,2026-04,7,0.2933604253115114,-0.15971347799947072
H87,19.61074534974949,-103.5147577998847,2026,4,2026-04,7,0.42540592430832747,-0.03916511508852741
H88,19.60922824229959,-103.51816450361,2026,4,2026-04,7,0.4113982925213077,-0.07129969064601141
H89,19.60972792389859,-103.5241137226966,2026,4,2026-04,7,0.3818387562877088,-0.13574237609865608
H90,19.60887219704412,-103.5257551584595,2026,4,2026-04,7,0.3689888706203929,-0.15254778426600576
H91,19.6076221074036,-103.5233747651936,2026,4,2026-04,7,0.41660819054771675,-0.0981769410848446
H92,19.60560940953978,-103.5215470361636,2026,4,2026-04,7,0.5004990473405898,0.006449727332711487
H93,19.60208824925957,-103.526896999217,2026,4,2026-04,7,0.3421548015011786,-0.0015443242699279193
H94,19.60248937810072,-103.5219082769416,2026,4,2026-04,7,0.5560607669732491,0.08613151285526494
H95,19.60312115256844,-103.5188596816631,2026,4,2026-04,7,0.4313336551619277,-0.031490986485369285
H96,19.60407294309323,-103.520077159053,2026,4,2026-04,7,0.5259844097152189,0.06367382256576525
H97,19.60595122525007,-103.5194188749723,2026,4,2026-04,7,0.47033540066315177,-0.011827495398985508
H98,19.60823320763247,-103.514985563467,2026,4,2026-04,7,0.49808085755010073,0.014801140781108382
H99,19.60388855172959,-103.5158544085341,2026,4,2026-04,7,0.40322123004742866,-0.03377348509627607
H100,19.6382574968776,-103.5003223970978,2026,4,2026-04,7,0.6754853967925659,0.16260006559247128
