name,lat,lon,year,month,date,image_count,NDVI,NDMI,stress_class,NDVI_std,NDMI_std,NDVI_minmax,NDMI_minmax
H1,19.66316440676028,-103.4874704375219,2023,1,2023-01-01,4,0.3194924035404868,-0.0638287339891721,moderate_possible_stress,-1.3664666510773245,-1.0225311199480245,0.33790766733252553,0.31103604085908587
H1,19.66316440676028,-103.4874704375219,2023,2,2023-02-01,6,0.2401429833329914,-0.1076858183546861,severe_possible_stress,-1.9402787883570696,-1.393119569573154,0.2418502500054136,0.24241963891979504
H1,19.66316440676028,-103.4874704375219,2023,3,2023-03-01,6,0.2186205939131048,-0.139269644431747,severe_possible_stress,-2.0959170808625203,-1.6600000817745388,0.21579605657871254,0.1930053074329448
H1,19.66316440676028,-103.4874704375219,2023,4,2023-04-01,6,0.1946781007694058,-0.1412752305498119,severe_possible_stress,-2.26905625600288,-1.6769471055185017,0.1868121768006148,0.1898674767907142
H1,19.66316440676028,-103.4874704375219,2023,5,2023-05-01,6,0.1972943072137961,-0.1539164832975562,severe_possible_stress,-2.2501372644400557,-1.7837645632879853,0.18997925771419327,0.17008966228014802
H1,19.66316440676028,-103.4874704375219,2023,6,2023-06-01,5,0.1977371670232871,-0.1698881862621553,severe_possible_stress,-2.246934741559172,-1.9187240282217297,0.19051536710763867,0.14510120702534207
H1,19.66316440676028,-103.4874704375219,2023,7,2023-07-01,3,0.4921598269654564,0.0339185806137149,no_relative_stress,-0.11782913091672373,-0.19657503331433177,0.5469323420857599,0.4639661574938332
H1,19.66316440676028,-103.4874704375219,2023,8,2023-08-01,1,0.1216930804986059,0.366872770542794,no_relative_stress,-2.7968444913986725,2.6168581628748866,0.09845926215489806,0.9848881215063153
H1,19.66316440676028,-103.4874704375219,2023,9,2023-09-01,5,0.4293570851164867,0.0278025242974175,no_relative_stress,-0.5719846298876076,-0.24825516346586723,0.4709057099150624,0.45439730939201106
H1,19.66316440676028,-103.4874704375219,2023,10,2023-10-01,2,0.405934921900819,-0.0268318248694638,no_relative_stress,-0.7413610601041419,-0.7099105390328112,0.442551721935972,0.36891938680867403
H1,19.66316440676028,-103.4874704375219,2023,11,2023-11-01,5,0.4089115371360735,0.0159966444735315,no_relative_stress,-0.7198357868817991,-0.3480137945670898,0.44615510014752535,0.43592647379128174
H1,19.66316440676028,-103.4874704375219,2023,12,2023-12-01,4,0.3924607211625678,0.0118876159780565,no_relative_stress,-0.8387992002132222,-0.3827347187150011,0.4262403623812463,0.4294977119411845
H1,19.66316440676028,-103.4874704375219,2024,1,2024-01-01,4,0.3031839624443843,-0.0184635083632321,no_relative_stress,-1.484400486215435,-0.6391990112401579,0.31816528322654863,0.38201199835031835
H1,19.66316440676028,-103.4874704375219,2024,2,2024-02-01,5,0.2674217169460524,-0.0746020396038962,moderate_possible_stress,-1.7430137245939854,-1.113564591115973,0.27487285674876316,0.2941807145425011
H1,19.66316440676028,-103.4874704375219,2024,3,2024-03-01,6,0.2264034538980276,-0.1243085209709111,severe_possible_stress,-2.0396356422531463,-1.5335799234759846,0.22521769353100868,0.2164126651199345
H1,19.66316440676028,-103.4874704375219,2024,4,2024-04-01,5,0.184211202095497,-0.1434596251369452,severe_possible_stress,-2.344747212320653,-1.695405044871438,0.17414134377611235,0.1864498921711901
H1,19.66316440676028,-103.4874704375219,2024,5,2024-05-01,7,0.1731023958827686,-0.1371437702788526,severe_possible_stress,-2.425080097159427,-1.6420366348692823,0.16069344167939018,0.19633133417315493
H1,19.66316440676028,-103.4874704375219,2024,6,2024-06-01,3,0.194787263381106,-0.1339353206113707,severe_possible_stress,-2.268266850971729,-1.614925521461403,0.18694432494386753,0.20135109951257257
H1,19.66316440676028,-103.4874704375219,2024,7,2024-07-01,3,0.3891818260019704,0.0309675057859476,no_relative_stress,-0.8625103985445857,-0.2215113522915683,0.42227105548537053,0.45934906678968623
H1,19.66316440676028,-103.4874704375219,2024,8,2024-08-01,4,0.4589214684120349,0.15007880871771,no_relative_stress,-0.358190982475756,0.7849685294631891,0.5066952380151167,0.6457041142288426
H1,19.66316440676028,-103.4874704375219,2024,9,2024-09-01,4,0.5569648009694588,0.1811817145999883,no_relative_stress,0.3508054292647546,1.0477853089300275,0.6253828010367767,0.6943660242115429
H1,19.66316440676028,-103.4874704375219,2024,10,2024-10-01,5,0.5608575814180919,0.1420723701333612,no_relative_stress,0.37895591433887243,0.7173148378209386,0.6300952543242659,0.6331776771445317
H1,19.66316440676028,-103.4874704375219,2024,11,2024-11-01,5,0.4277279090096231,0.0453755446950382,no_relative_stress,-0.583765951306717,-0.09976470910484113,0.46893349072572077,0.4818910985559494
H1,19.66316440676028,-103.4874704375219,2024,12,2024-12-01,6,0.4008728994062736,-0.014478890721121,no_relative_stress,-0.7779668719545336,-0.6055293477022867,0.4364238282978551,0.38824611376544327
H1,19.66316440676028,-103.4874704375219,2025,1,2025-01-01,5,0.2763401023537884,-0.1334796495270518,severe_possible_stress,-1.6785207796107011,-1.6110751414573565,0.28566911797858374,0.20206401763574638
H1,19.66316440676028,-103.4874704375219,2025,2,2025-02-01,4,0.2445902903078512,-0.1601935621951553,severe_possible_stress,-1.9081182670361796,-1.8368053198838576,0.24723399220477416,0.16026888703087083
H1,19.66316440676028,-103.4874704375219,2025,3,2025-03-01,7,0.2151774376755638,-0.1578869176081437,severe_possible_stress,-2.12081612655794,-1.8173143789400268,0.21162790141428856,0.16387773733187108
H1,19.66316440676028,-103.4874704375219,2025,4,2025-04-01,7,0.1923663316000848,-0.148555663072404,severe_possible_stress,-2.2857737216690026,-1.738466110718704,0.18401363617762426,0.17847690918939685
H1,19.66316440676028,-103.4874704375219,2025,5,2025-05-01,9,0.1798575749539477,-0.1470677091270966,severe_possible_stress,-2.3762302916989135,-1.725893032647453,0.16887100685205075,0.1808048807692552
H1,19.66316440676028,-103.4874704375219,2025,6,2025-06-01,1,0.308760087924173,-0.1169917694742816,severe_possible_stress,-1.4440769593272655,-1.4717540261858217,0.32491553056143474,0.22786005540695078
H1,19.66316440676028,-103.4874704375219,2025,7,2025-07-01,5,0.5397676071989774,0.1063234800967903,no_relative_stress,0.22644461494689921,0.4152399068004581,0.6045645264413652,0.5772469137771044
H1,19.66316440676028,-103.4874704375219,2025,8,2025-08-01,6,0.504372902166193,0.0801752482516229,no_relative_stress,-0.029510769353812846,0.19428968085341108,0.5617170305981246,0.5363368165317755
H1,19.66316440676028,-103.4874704375219,2025,9,2025-09-01,5,0.5038109852302957,0.0998603713182924,no_relative_stress,-0.03357424905054905,0.3606272143099953,0.5610367951348595,0.5671350863234881
H1,19.66316440676028,-103.4874704375219,2025,10,2025-10-01,6,0.49012451894976,0.103409147071125,no_relative_stress,-0.13254737888193105,0.3906140527725998,0.5444684749151905,0.5726873072923823
H1,19.66316440676028,-103.4874704375219,2025,11,2025-11-01,7,0.413764617633323,0.0567053192893416,no_relative_stress,-0.6847409306719442,-0.004029124711852745,0.45203005647899364,0.49961704588444045
H1,19.66316440676028,-103.4874704375219,2025,12,2025-12-01,7,0.3626536106383215,-0.043945981226949,moderate_possible_stress,-1.054348119806156,-0.8545236331980407,0.3901569978468144,0.34214351129241494
H1,19.66316440676028,-103.4874704375219,2026,1,2026-01-01,5,0.2805422393031325,-0.0864385400136048,moderate_possible_stress,-1.6481331954577227,-1.2135819634351945,0.29075606658581116,0.27566197164344547
H1,19.66316440676028,-103.4874704375219,2026,2,2026-02-01,5,0.23904429159292,-0.1489527442605528,severe_possible_stress,-1.9482239334373157,-1.7418214113279502,0.2405202151959101,0.1778556576218856
H1,19.66316440676028,-103.4874704375219,2026,3,2026-03-01,7,0.1957268717095058,-0.1630187426520064,severe_possible_stress,-2.2614721111776,-1.8606778426601078,0.18808177937124854,0.15584876379233753
H1,19.66316440676028,-103.4874704375219,2026,4,2026-04-01,7,0.1981336754006719,-0.1556596372594628,severe_possible_stress,-2.244067407193256,-1.7984940587286087,0.19099536520441804,0.16736241867463594
H10,19.64326268753868,-103.4935692151058,2023,1,2023-01-01,4,0.400707286544234,-0.1159963712376301,severe_possible_stress,-0.779164494698083,-1.4633429999031369,0.43622334360922,0.22941740119233198
H10,19.64326268753868,-103.4935692151058,2023,2,2023-02-01,6,0.3548076740776442,-0.1340050867582322,severe_possible_stress,-1.111085694133363,-1.615515039177315,0.3806590027693426,0.20124194720470578
H10,19.64326268753868,-103.4935692151058,2023,3,2023-03-01,6,0.3498624059754954,-0.148499415755955,severe_possible_stress,-1.1468472012961752,-1.7379908259135246,0.37467244759804613,0.17856491067260777
H10,19.64326268753868,-103.4935692151058,2023,4,2023-04-01,6,0.3353684718759704,-0.1438362340374247,severe_possible_stress,-1.251659502148433,-1.6985873564765719,0.35712663727115207,0.1858606704282706
H10,19.64326268753868,-103.4935692151058,2023,5,2023-05-01,6,0.3203221798223659,-0.1610882424466725,severe_possible_stress,-1.360466157305297,-1.844365288178984,0.33891216322409184,0.1588691191111976
H10,19.64326268753868,-103.4935692151058,2023,6,2023-06-01,5,0.3212439548221382,-0.1539496551147462,severe_possible_stress,-1.3538003785090906,-1.7840448621833982,0.34002802929599624,0.1700377634643855
H10,19.64326268753868,-103.4935692151058,2023,7,2023-07-01,3,0.5305481202769986,0.0152568549852038,no_relative_stress,0.15977426648701712,-0.3542649497338,0.5934037630672842,0.4347690395109156
H10,19.64326268753868,-103.4935692151058,2023,8,2023-08-01,1,0.2188662382306405,0.3213954075030246,no_relative_stress,-2.0941407138709636,2.2325785030259166,0.2160934243308884,0.9137367199341306
H10,19.64326268753868,-103.4935692151058,2023,9,2023-09-01,5,0.5996192834194323,0.0784923825434755,no_relative_stress,0.65925960164784,0.1800696157776754,0.6770187097914325,0.5337038966395701
H10,19.64326268753868,-103.4935692151058,2023,10,2023-10-01,2,0.6061220368351432,0.0479178601114496,no_relative_stress,0.7062840011445838,-0.07828237068093062,0.6848906979798131,0.4858686665815638
H10,19.64326268753868,-103.4935692151058,2023,11,2023-11-01,5,0.5082285064023463,-0.00045400674844486914,no_relative_stress,-0.0016291225633682954,-0.48702032954025687,0.5663844797640024,0.41018868221802773
H10,19.64326268753868,-103.4935692151058,2023,12,2023-12-01,4,0.4647069211514998,-0.0161275815739469,no_relative_stress,-0.31635371393765865,-0.619460638299897,0.5136988890407681,0.38566666198774846
H10,19.64326268753868,-103.4935692151058,2024,1,2024-01-01,4,0.4382747719989411,-0.0196793566614563,no_relative_stress,-0.5074967362617716,-0.6494728208728968,0.48170112553650535,0.3801097484234227
H10,19.64326268753868,-103.4935692151058,2024,2,2024-02-01,5,0.4655250936550635,-0.043495059522516,moderate_possible_stress,-0.3104371324213005,-0.8507133850302544,0.5146893378356663,0.3428489987948823
H10,19.64326268753868,-103.4935692151058,2024,3,2024-03-01,6,0.4204641596094801,-0.0798365272680788,moderate_possible_stress,-0.6362934626238925,-1.157795544817415,0.46014026948145026,0.2859911206671217
H10,19.64326268753868,-103.4935692151058,2024,4,2024-04-01,5,0.3922978779537084,-0.0848819055604962,moderate_possible_stress,-0.8399767943213172,-1.2004285412012214,0.4260432305303596,0.27809739699951486
H10,19.64326268753868,-103.4935692151058,2024,5,2024-05-01,7,0.3689074582646029,-0.0750649648894762,moderate_possible_stress,-1.0091236725036488,-1.1174762684734003,0.3977276700680732,0.2934564468917269
H10,19.64326268753868,-103.4935692151058,2024,6,2024-06-01,3,0.3776746913333547,-0.0674850856302328,moderate_possible_stress,-0.9457237795736824,-1.0534269650674155,0.4083409519734348,0.3053155125233791
H10,19.64326268753868,-103.4935692151058,2024,7,2024-07-01,3,0.311756232966388,0.0776847282979998,no_relative_stress,-1.4224104570922422,0.17324500946847565,0.3285425508211923,0.5324402848619684
H10,19.64326268753868,-103.4935692151058,2024,8,2024-08-01,4,0.5441792492619824,0.0406469826517684,no_relative_stress,0.2583472268937343,-0.13972063645211155,0.609905094042688,0.4744930483104798
H10,19.64326268753868,-103.4935692151058,2024,9,2024-09-01,4,0.3120252058408092,0.1323363111111035,no_relative_stress,-1.420465390580876,0.6350460078082816,0.32886815924505214,0.6179451702681465
H10,19.64326268753868,-103.4935692151058,2024,10,2024-10-01,5,0.5471236452658509,0.0483392460899596,no_relative_stress,0.27963950804159515,-0.07472169676179108,0.6134694688671075,0.4865279440983282
H10,19.64326268753868,-103.4935692151058,2024,11,2024-11-01,5,0.5111145674247246,0.0197079680484566,no_relative_stress,0.019241311514664648,-0.3166534415115598,0.5698782364585462,0.4417330082161755
H10,19.64326268753868,-103.4935692151058,2024,12,2024-12-01,6,0.5279334181302204,0.0118998746351081,no_relative_stress,0.14086615319180495,-0.38263113415672595,0.5902385031996962,0.4295168911673382
H10,19.64326268753868,-103.4935692151058,2025,1,2025-01-01,5,0.4913626757172912,-0.0273876364243261,no_relative_stress,-0.12359369807107436,-0.7146070970776528,0.5459673408303305,0.3680497943676197
H10,19.64326268753868,-103.4935692151058,2025,2,2025-02-01,4,0.4434767065239053,-0.0771175429548216,moderate_possible_stress,-0.4698791561968697,-1.134820369978904,0.48799839140519286,0.29024509521203656
H10,19.64326268753868,-103.4935692151058,2025,3,2025-03-01,7,0.4078132845712115,-0.0944995942609198,moderate_possible_stress,-0.7277777560842013,-1.2816971525562832,0.4448255969869773,0.2630500858719616
H10,19.64326268753868,-103.4935692151058,2025,4,2025-04-01,7,0.3904339557186563,-0.0814149091650535,moderate_possible_stress,-0.853455672914528,-1.171132731011584,0.4237868365260998,0.2835216704466305
H10,19.64326268753868,-103.4935692151058,2025,5,2025-05-01,9,0.3700636340292596,-0.0844584011137801,moderate_possible_stress,-1.0007628340141692,-1.1968499664147663,0.39912729287109694,0.2787599889560791
H10,19.64326268753868,-103.4935692151058,2025,6,2025-06-01,1,0.4359989479118553,-0.0819104847873881,moderate_possible_stress,-0.5239542665130145,-1.1753203008012758,0.47894609867525495,0.28274631985993803
H10,19.64326268753868,-103.4935692151058,2025,7,2025-07-01,5,0.5792909847232489,0.0775641333986236,no_relative_stress,0.5122563281315935,0.17222599332914318,0.652410037588116,0.5322516086604575
H10,19.64326268753868,-103.4935692151058,2025,8,2025-08-01,6,0.6365691837824353,0.1324166762050743,no_relative_stress,0.9264613183601396,0.6357250856815485,0.7217488664842336,0.618070905110523
H10,19.64326268753868,-103.4935692151058,2025,9,2025-09-01,5,0.6033132138726374,0.1461416853181594,no_relative_stress,0.6859721109865804,0.7517001880371555,0.6814904427693546,0.6395443057149738
H10,19.64326268753868,-103.4935692151058,2025,10,2025-10-01,6,0.5797074649641588,0.1056525079241687,no_relative_stress,0.515268088224438,0.4095702518110588,0.6529142128701151,0.5761971473151348
H10,19.64326268753868,-103.4935692151058,2025,11,2025-11-01,7,0.5255796195905637,0.0322535203970085,no_relative_stress,0.12384475382638378,-0.21064464357613275,0.5873890834051152,0.4613610951023057
H10,19.64326268753868,-103.4935692151058,2025,12,2025-12-01,7,0.5111733652414163,-0.0052026687219051,no_relative_stress,0.01966650555861644,-0.5271460995041675,0.569949414879272,0.40275918471816685
H10,19.64326268753868,-103.4935692151058,2026,1,2026-01-01,5,0.4948811725691769,-0.0068778162959477,no_relative_stress,-0.0981498297565598,-0.5413009470353884,0.5502267005028009,0.40013834019758315
H10,19.64326268753868,-103.4935692151058,2026,2,2026-02-01,5,0.4849912670635841,-0.0310353345596755,moderate_possible_stress,-0.1696682832098955,-0.745429820845915,0.5382543536602881,0.36234280483492864
H10,19.64326268753868,-103.4935692151058,2026,3,2026-03-01,7,0.4619181746796112,-0.0379947927763679,moderate_possible_stress,-0.33652042176212976,-0.8042366218010399,0.5103229376731434,0.3514544161245345
H10,19.64326268753868,-103.4935692151058,2026,4,2026-04-01,7,0.4654950515921603,-0.0294455823899005,no_relative_stress,-0.31065438038956156,-0.7319965568611263,0.5146529700466376,0.3648300443640323
H100,19.6382574968776,-103.5003223970978,2023,1,2023-01-01,4,0.6711838438147356,0.1583790384248111,no_relative_stress,1.1767758386478353,0.855104729878412,0.763652069250732,0.658690200878477
H100,19.6382574968776,-103.5003223970978,2023,2,2023-02-01,6,0.5976823722816298,0.1196832576301839,no_relative_stress,0.6452529067432389,0.5281288348964183,0.6746739581725435,0.5981488929741453
H100,19.6382574968776,-103.5003223970978,2023,3,2023-03-01,6,0.5656768437448766,0.0732557454570938,no_relative_stress,0.4138062158106762,0.1358204996504387,0.6359292716532174,0.5255109398954618
H100,19.6382574968776,-103.5003223970978,2023,4,2023-04-01,6,0.5503412188109031,0.0647826021460219,no_relative_stress,0.3029072615792171,0.06422319471033244,0.6173645421264905,0.5122543220529202
H100,19.6382574968776,-103.5003223970978,2023,5,2023-05-01,6,0.5404951268086163,0.0486131176043648,no_relative_stress,0.23170564371091773,-0.07240750690197183,0.6054452342596958,0.4869564285309807
H100,19.6382574968776,-103.5003223970978,2023,6,2023-06-01,5,0.5498043892929585,0.0546843960243843,no_relative_stress,0.299025200535278,-0.021105745978559305,0.6167146765458237,0.49645521957877264
H100,19.6382574968776,-103.5003223970978,2023,7,2023-07-01,3,0.7076681097758796,0.1778329973548106,no_relative_stress,1.4406103389315452,1.0194889470063615,0.807818546486969,0.6891268038711952
H100,19.6382574968776,-103.5003223970978,2023,8,2023-08-01,1,0.2763488107308183,0.3209022603865358,no_relative_stress,-1.6784578053328465,2.228411453893932,0.28567966001158684,0.9129651688552175
H100,19.6382574968776,-103.5003223970978,2023,9,2023-09-01,5,0.6777836279199672,0.146929672772671,no_relative_stress,1.2245019116689722,0.7583586117175296,0.7716415191346416,0.6407771479041915
H100,19.6382574968776,-103.5003223970978,2023,10,2023-10-01,2,0.7627426674728481,0.2233227838431508,no_relative_stress,1.8388797853773426,1.4038735838872398,0.8744897302079068,0.7602976424933556
H100,19.6382574968776,-103.5003223970978,2023,11,2023-11-01,5,0.7259604935025549,0.2248420863344641,no_relative_stress,1.572890975320534,1.416711554375085,0.8299626167643086,0.7626746602983352
H100,19.6382574968776,-103.5003223970978,2023,12,2023-12-01,4,0.7466928478151252,0.2769254010663885,no_relative_stress,1.722816160757657,1.8568109165893862,0.8550604234674759,0.8441613735552354
H100,19.6382574968776,-103.5003223970978,2024,1,2024-01-01,4,0.6848565505574467,0.2326732845794061,no_relative_stress,1.275649466935457,1.4828844807856267,0.7802037326925243,0.7749269259063916
H100,19.6382574968776,-103.5003223970978,2024,2,2024-02-01,5,0.7109368661192923,0.2100050547163193,no_relative_stress,1.4642482188146702,1.2913399610748502,0.8117755797129054,0.7394614499396202
H100,19.6382574968776,-103.5003223970978,2024,3,2024-03-01,6,0.6464739437379693,0.1556506062387472,no_relative_stress,0.9980871911701203,0.8320497213576953,0.7337391955639629,0.6544214447071188
H100,19.6382574968776,-103.5003223970978,2024,4,2024-04-01,5,0.6189378346232162,0.1353363442195174,no_relative_stress,0.7989609268296,0.6603960198885508,0.7004050197390603,0.6226388584276809
H100,19.6382574968776,-103.5003223970978,2024,5,2024-05-01,7,0.5881566278636643,0.133090664770878,no_relative_stress,0.5763678695323802,0.6414202289241909,0.6631424510170384,0.6191253908567309
H100,19.6382574968776,-103.5003223970978,2024,6,2024-06-01,3,0.5855405248590352,0.1220493296864043,no_relative_stress,0.5574496259900235,0.5481219326524912,0.659975495323736,0.6018507202518976
H100,19.6382574968776,-103.5003223970978,2024,7,2024-07-01,3,0.5062785244358876,0.2391116397142932,no_relative_stress,-0.01573033863910871,1.5372880071962873,0.5640239050925976,0.7850000251594438
H100,19.6382574968776,-103.5003223970978,2024,8,2024-08-01,4,0.6229908306316622,0.1798033316591149,no_relative_stress,0.828270004273533,1.0361380960694833,0.7053114239445398,0.6922094814484859
H100,19.6382574968776,-103.5003223970978,2024,9,2024-09-01,4,0.4387743756233799,0.2145850318454212,no_relative_stress,-0.5038838727678446,1.3300403591552807,0.4823059268535832,0.7466270323331987
H100,19.6382574968776,-103.5003223970978,2024,10,2024-10-01,5,0.7462001198315075,0.2531542193148214,no_relative_stress,1.7192530181834842,1.655946551834728,0.8544639455420248,0.8069702792261276
H100,19.6382574968776,-103.5003223970978,2024,11,2024-11-01,5,0.6895705093642769,0.2374601412081627,no_relative_stress,1.3097382702426856,1.5233329921787735,0.7859102735492366,0.7824161806805369
H100,19.6382574968776,-103.5003223970978,2024,12,2024-12-01,6,0.7462183514576526,0.2307385678435538,no_relative_stress,1.7193848594538685,1.4665362969978535,0.8544860160614639,0.7718999736338802
H100,19.6382574968776,-103.5003223970978,2025,1,2025-01-01,5,0.734602812474924,0.229266635152478,no_relative_stress,1.6353875569920908,1.454098597095321,0.8404246823727534,0.7695970680344861
H100,19.6382574968776,-103.5003223970978,2025,2,2025-02-01,4,0.7138194106511512,0.2046158519931734,no_relative_stress,1.485093223533101,1.245801678930025,0.8152650794765671,0.7310297973221818
H100,19.6382574968776,-103.5003223970978,2025,3,2025-03-01,7,0.653133478404899,0.1789723886997956,no_relative_stress,1.0462453479723615,1.0291167022063015,0.741800977225793,0.6909094334195269
H100,19.6382574968776,-103.5003223970978,2025,4,2025-04-01,7,0.6258079296671542,0.1638037520559634,no_relative_stress,0.8486417425201053,0.900943076027337,0.7087216978570201,0.6671774119255793
H100,19.6382574968776,-103.5003223970978,2025,5,2025-05-01,9,0.5419644463309825,0.1242861842607167,no_relative_stress,0.24233096867575152,0.5670231542162105,0.6072239370930337,0.6053503809058431
H100,19.6382574968776,-103.5003223970978,2025,6,2025-06-01,1,0.6746912004641806,0.178590245882051,no_relative_stress,1.2021391470369527,1.0258876294940555,0.7678979430140156,0.6903115536115113
H100,19.6382574968776,-103.5003223970978,2025,7,2025-07-01,5,0.7186403107707199,0.2133977281505694,no_relative_stress,1.519955368637478,1.3200077488740714,0.8211010794557326,0.7447694417357258
H100,19.6382574968776,-103.5003223970978,2025,8,2025-08-01,6,0.7337310854603344,0.2250624426491778,no_relative_stress,1.629083698185585,1.418573545572545,0.8393694025053419,0.7630194177686277
H100,19.6382574968776,-103.5003223970978,2025,9,2025-09-01,5,0.7070582491966418,0.2284929438499054,no_relative_stress,1.4362001567084115,1.4475609746232196,0.8070802722561303,0.7683865928247844
H100,19.6382574968776,-103.5003223970978,2025,10,2025-10-01,6,0.7881954127188646,0.311291370149822,no_relative_stress,2.022940287786332,2.1472002889506077,0.905301864257833,0.8979284942331509
H100,19.6382574968776,-103.5003223970978,2025,11,2025-11-01,7,0.7416701477922123,0.2083086104395183,no_relative_stress,1.6864947077775827,1.277005158305575,0.8489801321314056,0.7368072857595653
H100,19.6382574968776,-103.5003223970978,2025,12,2025-12-01,7,0.744036565243719,0.1920871676825735,no_relative_stress,1.7036073602959545,1.1399354144101976,0.8518448279050498,0.7114281012481356
H100,19.6382574968776,-103.5003223970978,2026,1,2026-01-01,5,0.749460914273908,0.2429072603126858,no_relative_stress,1.7428333219000203,1.5693606625784946,0.8584113403906894,0.7909384461091309
H100,19.6382574968776,-103.5003223970978,2026,2,2026-02-01,5,0.7241299416482149,0.2165023905987174,no_relative_stress,1.5596534132918072,1.3462418695392664,0.8277466196851686,0.7496268272530233
H100,19.6382574968776,-103.5003223970978,2026,3,2026-03-01,7,0.6884128440520961,0.1903515734971467,no_relative_stress,1.3013666601502616,1.1252697984062878,0.7845088475561232,0.7087126852565431
H100,19.6382574968776,-103.5003223970978,2026,4,2026-04-01,7,0.6754853967925659,0.1626000655924712,no_relative_stress,1.2078823458078927,0.890772032812912,0.768859367154934,0.6652941897419176
H11,19.63699143780181,-103.4910115238732,2023,1,2023-01-01,4,0.4920841054960589,-0.0273269518134253,no_relative_stress,-0.11837670767379795,-0.7140943175302847,0.5468406765289415,0.3681447381996901
H11,19.63699143780181,-103.4910115238732,2023,2,2023-02-01,6,0.4483856963702184,-0.0428383068155138,moderate_possible_stress,-0.43437999378041375,-0.84516388325657,0.4939410294873462,0.3438765182565685
H11,19.63699143780181,-103.4910115238732,2023,3,2023-03-01,6,0.4335642043214825,-0.0665561633805033,moderate_possible_stress,-0.5415610167534906,-1.045577654942727,0.4759986898531946,0.3067688536056675
H11,19.63699143780181,-103.4910115238732,2023,4,2023-04-01,6,0.4017207083679635,-0.0760886669113673,moderate_possible_stress,-0.7718359755845278,-1.1261264592158804,0.43745015387192676,0.29185481854783774
H11,19.63699143780181,-103.4910115238732,2023,5,2023-05-01,6,0.3853589990625561,-0.0940905914626145,moderate_possible_stress,-0.8901550176334179,-1.2782411154049518,0.4176432852795089,0.2636899893404393
H11,19.63699143780181,-103.4910115238732,2023,6,2023-06-01,5,0.3860232663239464,-0.0897724179912749,moderate_possible_stress,-0.885351395678946,-1.2417529348724938,0.41844742218910763,0.27044596801160714
H11,19.63699143780181,-103.4910115238732,2023,7,2023-07-01,3,0.5561714723250487,0.020695628375124,no_relative_stress,0.3450685051155447,-0.3083077998778052,0.6244224272813745,0.44327824768967294
H11,19.63699143780181,-103.4910115238732,2023,8,2023-08-01,1,0.2776256549118103,0.2914724835998837,no_relative_stress,-1.6692243580492705,1.9797324659957998,0.2872253594512868,0.8669209453918718
H11,19.63699143780181,-103.4910115238732,2023,9,2023-09-01,5,0.5751453542142464,0.0576060560235677,no_relative_stress,0.4822773680267514,0.003582020321758493,0.6473914935477697,0.5010262894465989
H11,19.63699143780181,-103.4910115238732,2023,10,2023-10-01,2,0.6173355832066428,0.0629229555590119,no_relative_stress,0.7873743102242199,0.04850934698194565,0.6984653945649597,0.509344820440459
H11,19.63699143780181,-103.4910115238732,2023,11,2023-11-01,5,0.565019904864701,0.0695926969350635,no_relative_stress,0.4090555887498863,0.10486806648440135,0.6351340062057016,0.5197799339850827
H11,19.63699143780181,-103.4910115238732,2023,12,2023-12-01,4,0.5743163958234676,0.0634841106485549,no_relative_stress,0.4762827888012838,0.05325105741804832,0.646387987764342,0.5102227730844027
H11,19.63699143780181,-103.4910115238732,2024,1,2024-01-01,4,0.5040043875721781,0.0603983127919186,no_relative_stress,-0.032175667802440466,0.027176340867884646,0.5612709207203731,0.5053949020779832
H11,19.63699143780181,-103.4910115238732,2024,2,2024-02-01,5,0.4907740333354445,0.0094158782030551,no_relative_stress,-0.1278504417541112,-0.40362068236647236,0.5452547525495136,0.42563056584354314
H11,19.63699143780181,-103.4910115238732,2024,3,2024-03-01,6,0.4985240472309213,0.0185157086638686,no_relative_stress,-0.07180652831804053,-0.3267279269288554,0.5546366272639354,0.4398676642168578
H11,19.63699143780181,-103.4910115238732,2024,4,2024-04-01,5,0.4858650513303666,0.014086049173631,no_relative_stress,-0.16334954746699037,-0.3641581543733686,0.539312123959664,0.432937260601716
H11,19.63699143780181,-103.4910115238732,2024,5,2024-05-01,7,0.4419187605499601,0.0038626276030798,no_relative_stress,-0.48114537977781313,-0.45054515443290327,0.48611240073001194,0.416942252866287
H11,19.63699143780181,-103.4910115238732,2024,6,2024-06-01,3,0.4391428226608555,-0.0013949585480814,no_relative_stress,-0.5012194628516105,-0.4949712882882915,0.4827519549499346,0.40871652035812694
H11,19.63699143780181,-103.4910115238732,2024,7,2024-07-01,3,0.4261963621829813,0.0693780252730603,no_relative_stress,-0.5948412705168797,0.1030541100951169,0.46707945786324945,0.5194440704123421
H11,19.63699143780181,-103.4910115238732,2024,8,2024-08-01,4,0.5000307759990713,0.1055750224440272,no_relative_stress,-0.060910679898578984,0.4089155064177084,0.5564606163202194,0.5760759177594823
H11,19.63699143780181,-103.4910115238732,2024,9,2024-09-01,4,0.5085692118862059,0.144838890095849,no_relative_stress,0.0008346754248861517,0.7406916846539556,0.566796924981159,0.6375060233733202
H11,19.63699143780181,-103.4910115238732,2024,10,2024-10-01,5,0.6366097424661831,0.157536485241867,no_relative_stress,0.9267546168485935,0.8479852306615536,0.7217979652980725,0.6573719881269339
H11,19.63699143780181,-103.4910115238732,2024,11,2024-11-01,5,0.5815594469885205,0.1408107749285153,no_relative_stress,0.5286606216648053,0.7066544709091342,0.6551561525053541,0.6312038541028783
H11,19.63699143780181,-103.4910115238732,2024,12,2024-12-01,6,0.5882148953347434,0.1171594283094627,no_relative_stress,0.5767892284033881,0.5068027023316195,0.6632129874213549,0.5942002472854924
H11,19.63699143780181,-103.4910115238732,2025,1,2025-01-01,5,0.5972601960817551,0.0708943286261039,no_relative_stress,0.6421999565524841,0.11586673813218873,0.6741628875773092,0.521816395929178
H11,19.63699143780181,-103.4910115238732,2025,2,2025-02-01,4,0.563509096684539,0.0388573819997257,no_relative_stress,0.3981302402267145,-0.15484260228005703,0.6333050787669938,0.4716931367470942
H11,19.63699143780181,-103.4910115238732,2025,3,2025-03-01,7,0.5254632004376681,0.0301059189257226,no_relative_stress,0.1230028734097584,-0.22879168438312053,0.5872481507665993,0.4580010749848936
H11,19.63699143780181,-103.4910115238732,2025,4,2025-04-01,7,0.5177020779253692,0.0560886975099094,no_relative_stress,0.06687862845841906,-0.009239523728358155,0.5778528283793498,0.49865231308302077
H11,19.63699143780181,-103.4910115238732,2025,5,2025-05-01,9,0.4800976958966386,0.0417717277816179,no_relative_stress,-0.20505594606732727,-0.13021664046321965,0.5323303808502283,0.47625276318951304
H11,19.63699143780181,-103.4910115238732,2025,6,2025-06-01,1,0.5513154136100019,0.0519526337153129,no_relative_stress,0.3099521120436049,-0.04418889374155061,0.6185438656316935,0.49218125327860424
H11,19.63699143780181,-103.4910115238732,2025,7,2025-07-01,5,0.6039421360217767,0.1338039141132869,no_relative_stress,0.6905201361849563,0.6474471222260015,0.6822517922182625,0.6202413018724697
H11,19.63699143780181,-103.4910115238732,2025,8,2025-08-01,6,0.6354934785897297,0.1584072632586866,no_relative_stress,0.9186823995716313,0.855343227206225,0.7204466583225803,0.6587343599139871
H11,19.63699143780181,-103.4910115238732,2025,9,2025-09-01,5,0.5763592897387787,0.1598689309969973,no_relative_stress,0.49105589389411364,0.8676941891738102,0.6488610381390633,0.6610212055282041
H11,19.63699143780181,-103.4910115238732,2025,10,2025-10-01,6,0.6155772080729743,0.1788409277451481,no_relative_stress,0.7746586912448822,1.0280058688694789,0.6963367719034365,0.690703756780646
H11,19.63699143780181,-103.4910115238732,2025,11,2025-11-01,7,0.6044725393311606,0.1326864452961575,no_relative_stress,0.6943557263604355,0.6380046104303463,0.6828938784730573,0.6184929711154196
H11,19.63699143780181,-103.4910115238732,2025,12,2025-12-01,7,0.6160137755588811,0.1282961857718718,no_relative_stress,0.7778157114411226,0.6009073091825612,0.6968652640471161,0.6116242105378682
H11,19.63699143780181,-103.4910115238732,2026,1,2026-01-01,5,0.6009654231931474,0.1184462142699384,no_relative_stress,0.668994157220053,0.5176759288807845,0.6786482958638479,0.5962134824093317
H11,19.63699143780181,-103.4910115238732,2026,2,2026-02-01,5,0.5725900798611494,0.0804001570674144,no_relative_stress,0.4637990044287248,0.19619014027876983,0.6442981747273063,0.5366886965969303
H11,19.63699143780181,-103.4910115238732,2026,3,2026-03-01,7,0.5570471793506204,0.0860381679589194,no_relative_stress,0.35140114521121524,0.2438308292456673,0.6254825252000696,0.5455096209029201
H11,19.63699143780181,-103.4910115238732,2026,4,2026-04-01,7,0.5687075047325546,0.0888319625842631,no_relative_stress,0.4357223187155541,0.2674381445461632,0.6395980756156046,0.5498806395814703
H12,19.6423261120543,-103.4866375453042,2023,1,2023-01-01,4,0.5827613661137752,0.0199698517956841,no_relative_stress,0.5373522514246236,-0.3144405472147521,0.6566111504965949,0.4421427372421948
H12,19.6423261120543,-103.4866375453042,2023,2,2023-02-01,6,0.5381996440470983,0.0092251927992359,no_relative_stress,0.21510595254706155,-0.40523195701433895,0.602666409348137,0.42533222986198616
H12,19.6423261120543,-103.4866375453042,2023,3,2023-03-01,6,0.5377045530531264,-0.0090320424906684,no_relative_stress,0.21152572195865763,-0.5595039661642919,0.6020670708514159,0.39676795539924176
H12,19.6423261120543,-103.4866375453042,2023,4,2023-04-01,6,0.5111878649017766,-0.0167133563049286,no_relative_stress,0.019771359268692692,-0.6244103825094043,0.5699669676215943,0.3847501907957299
H12,19.6423261120543,-103.4866375453042,2023,5,2023-05-01,6,0.495882135766327,-0.0333917995637213,moderate_possible_stress,-0.09091140469947527,-0.7653417398683271,0.5514384288217514,0.3586560082269758
H12,19.6423261120543,-103.4866375453042,2023,6,2023-06-01,5,0.4828616621720537,-0.0444567620748649,moderate_possible_stress,-0.1850684352358965,-0.8588396857871683,0.5356763342459978,0.34134437143917273
H12,19.6423261120543,-103.4866375453042,2023,7,2023-07-01,3,0.6415909227565754,0.0705724357746729,no_relative_stress,0.9627758215547086,0.11314677225933133,0.7278279944108826,0.5213127799320202
H12,19.6423261120543,-103.4866375453042,2023,8,2023-08-01,1,0.2740361262538121,0.3220488852468753,no_relative_stress,-1.69518189000964,2.2381003316531882,0.28288001135161167,0.9147591155671084
H12,19.6423261120543,-103.4866375453042,2023,9,2023-09-01,5,0.6166446021116126,0.0587015723919387,no_relative_stress,0.7823775082573958,0.012839035884170062,0.6976289188952335,0.5027402745997552
H12,19.6423261120543,-103.4866375453042,2023,10,2023-10-01,2,0.682821962038344,0.1166180782000799,no_relative_stress,1.2609364219808974,0.5022283422107192,0.7777407365174126,0.5933532804332112
H12,19.6423261120543,-103.4866375453042,2023,11,2023-11-01,5,0.6377560415641041,0.0912088166490606,no_relative_stress,0.9350440326202516,0.28752234931265963,0.7231856317806097,0.5535993358017194
H12,19.6423261120543,-103.4866375453042,2023,12,2023-12-01,4,0.658037980893163,0.1455442174594222,no_relative_stress,1.0817120602397658,0.7466516379414639,0.7477381830814261,0.6386095400930905
H12,19.6423261120543,-103.4866375453042,2024,1,2024-01-01,4,0.5351499074134565,0.1171816373869347,no_relative_stress,0.19305190487646431,0.5069903670545947,0.5989745131277303,0.5942349943966734
H12,19.6423261120543,-103.4866375453042,2024,2,2024-02-01,5,0.6291803763309084,0.0991435190561715,no_relative_stress,0.8730294547797592,0.3545698766580983,0.7128042546765476,0.5660135383760951
H12,19.6423261120543,-103.4866375453042,2024,3,2024-03-01,6,0.6256481190823984,0.1061334124714565,no_relative_stress,0.847486078711109,0.4136338523256702,0.7085282371865699,0.5769495443380679
H12,19.6423261120543,-103.4866375453042,2024,4,2024-04-01,5,0.6359578784284086,0.1172722955941157,no_relative_stress,0.9220406883062919,0.5077564208160577,0.7210088432634906,0.5943768332825232
H12,19.6423261120543,-103.4866375453042,2024,5,2024-05-01,7,0.5806949989043353,0.0874103605604932,no_relative_stress,0.5224094001504378,0.2554257342914794,0.6541096842367384,0.5476564785987715
H12,19.6423261120543,-103.4866375453042,2024,6,2024-06-01,3,0.5490283577246738,0.0630136528942328,no_relative_stress,0.2934133594956139,0.04927573137185453,0.6157752419788312,0.5094867205439059
H12,19.6423261120543,-103.4866375453042,2024,7,2024-07-01,3,0.5201624082082409,0.1437435331831148,no_relative_stress,0.08467040783547057,0.7314360164774473,0.5808312114869558,0.6357922876957555
H12,19.6423261120543,-103.4866375453042,2024,8,2024-08-01,4,0.676187094489152,0.1436439432081856,no_relative_stress,1.2129566444473718,0.7305944900754724,0.7697088159385822,0.6356364746532852
H12,19.6423261120543,-103.4866375453042,2024,9,2024-09-01,4,0.5746504059429742,0.165127328247498,no_relative_stress,0.4786981695318043,0.9121271767462448,0.6467923278257695,0.669248207038148
H12,19.6423261120543,-103.4866375453042,2024,10,2024-10-01,5,0.725715211172644,0.2059303706356584,no_relative_stress,1.5711172260279112,1.2569092441676473,0.8296656872207077,0.7330864214875668
H12,19.6423261120543,-103.4866375453042,2024,11,2024-11-01,5,0.6663443301770946,0.1760135941162168,no_relative_stress,1.1417790906369791,1.0041151519812734,0.7577935364481544,0.6862802648065244
H12,19.6423261120543,-103.4866375453042,2024,12,2024-12-01,6,0.7077669563460864,0.1832764340693108,no_relative_stress,1.441325143924006,1.0654855015389602,0.8079382064192141,0.6976433080332215
H12,19.6423261120543,-103.4866375453042,2025,1,2025-01-01,5,0.7193125639783555,0.1835283695269827,no_relative_stress,1.5248167406406743,1.067614333676685,0.8219148838508559,0.6980374725080485
H12,19.6423261120543,-103.4866375453042,2025,2,2025-02-01,4,0.6791979641206228,0.1201569076760443,no_relative_stress,1.2347296269567227,0.5321311355212701,0.7733536612311052,0.598889939999854
H12,19.6423261120543,-103.4866375453042,2025,3,2025-03-01,7,0.6065383250526731,0.0521294860544899,no_relative_stress,0.7092943726280878,-0.042694507255619074,0.6853946408055459,0.49245794680177
H12,19.6423261120543,-103.4866375453042,2025,4,2025-04-01,7,0.5801482462684655,0.0478290651353619,no_relative_stress,0.5184555804787707,-0.07903268030590689,0.6534478061035257,0.48572974280544945
H12,19.6423261120543,-103.4866375453042,2025,5,2025-05-01,9,0.5507935254514438,0.0421203582397225,no_relative_stress,0.3061780988384656,-0.1272707441997034,0.617912087497542,0.47679821138762435
H12,19.6423261120543,-103.4866375453042,2025,6,2025-06-01,1,0.6364230649947225,0.0681077116767879,no_relative_stress,0.9254046662301681,0.09232007355367992,0.721571980587223,0.5174566070510223
H12,19.6423261120543,-103.4866375453042,2025,7,2025-07-01,5,0.7024683932434944,0.1629181751591075,no_relative_stress,1.4030087981906727,0.8934600302668276,0.801523965636499,0.6657918866180513
H12,19.6423261120543,-103.4866375453042,2025,8,2025-08-01,6,0.699379915730489,0.1643036629706008,no_relative_stress,1.3806745974108328,0.9051672786501597,0.7977851711677255,0.667959545274133
H12,19.6423261120543,-103.4866375453042,2025,9,2025-09-01,5,0.575525510953821,0.1727397045217199,no_relative_stress,0.48502645618223095,0.9764510770291666,0.6478516969681292,0.6811581157268308
H12,19.6423261120543,-103.4866375453042,2025,10,2025-10-01,6,0.7224207053899986,0.2339074002448445,no_relative_stress,1.5472931401117584,1.4933126480413719,0.8256774826941639,0.7768577559596059
H12,19.6423261120543,-103.4866375453042,2025,11,2025-11-01,7,0.7205863330544492,0.2029167956093959,no_relative_stress,1.534027950426995,1.2314448040898707,0.8234568606844704,0.7283715463820335
H12,19.6423261120543,-103.4866375453042,2025,12,2025-12-01,7,0.7480803685813441,0.2091982670941819,no_relative_stress,1.7328499613109831,1.2845226776555325,0.8567401038097164,0.7381991940336221
H12,19.6423261120543,-103.4866375453042,2026,1,2026-01-01,5,0.7190054172572403,0.1951755053001517,no_relative_stress,1.5225956214939846,1.1660315917137036,0.821543063607007,0.7162599458259893
H12,19.6423261120543,-103.4866375453042,2026,2,2026-02-01,5,0.6920170434936271,0.15254841939393,no_relative_stress,1.3274302832910392,0.8058365193197533,0.7888719555533834,0.6495679323837567
H12,19.6423261120543,-103.4866375453042,2026,3,2026-03-01,7,0.663205375417663,0.1460912463463677,no_relative_stress,1.1190798656820407,0.7512739832260652,0.7539936361274062,0.6394653916509877
H12,19.6423261120543,-103.4866375453042,2026,4,2026-04-01,7,0.6789939361321519,0.1479340063810342,no_relative_stress,1.233254206773144,0.7668451410938965,0.773106672638325,0.6423484734847579
H13,19.63928751073353,-103.4859554790877,2023,1,2023-01-01,4,0.6319758310100093,0.0648381707530078,no_relative_stress,0.8932446727345849,0.06469274448110847,0.7161883267469831,0.5123412616643266
H13,19.63928751073353,-103.4859554790877,2023,2,2023-02-01,6,0.5691688551022973,0.0438438765001462,no_relative_stress,0.4390585553383878,-0.11270716868456367,0.640156568984359,0.47949473404565884
H13,19.63928751073353,-103.4859554790877,2023,3,2023-03-01,6,0.5768432985650492,0.0283305622197967,no_relative_stress,0.4945559842330008,-0.24379329013733256,0.6494469609812655,0.4552234487226422
H13,19.63928751073353,-103.4859554790877,2023,4,2023-04-01,6,0.5660263312204761,0.0299684071853527,no_relative_stress,0.416333520418597,-0.2299536463194002,0.6363523480185704,0.4577859316167218
H13,19.63928751073353,-103.4859554790877,2023,5,2023-05-01,6,0.5516923133293788,0.0156885010858901,no_relative_stress,0.3126776471886668,-0.35061757869775706,0.6190001262261627,0.4354443694551813
H13,19.63928751073353,-103.4859554790877,2023,6,2023-06-01,5,0.538874351675071,0.0009253284256960822,no_relative_stress,0.21998507359209982,-0.47536507039356707,0.6034831849720103,0.412346714793314
H13,19.63928751073353,-103.4859554790877,2023,7,2023-07-01,3,0.7408271198164242,0.1608133309359043,no_relative_stress,1.680398384914623,0.875674284391011,0.8479595942386654,0.6624987621587228
H13,19.63928751073353,-103.4859554790877,2023,8,2023-08-01,1,0.2997198518037464,0.3004391411253271,no_relative_stress,-1.509451062833135,2.055499922012244,0.3139717614515324,0.8809496886546498
H13,19.63928751073353,-103.4859554790877,2023,9,2023-09-01,5,0.7355098133820498,0.1469318248521216,no_relative_stress,1.6419464975321927,0.7583767965968623,0.8415226634849534,0.6407805149303112
H13,19.63928751073353,-103.4859554790877,2023,10,2023-10-01,2,0.7634563387083511,0.1924207671398454,no_relative_stress,1.8440406701813923,1.142754300057858,0.8753536737064704,0.7119500327622355
H13,19.63928751073353,-103.4859554790877,2023,11,2023-11-01,5,0.708119274086088,0.1487391416167298,no_relative_stress,1.4438729154749914,0.7736484619952195,0.8083647089959762,0.6436081441570612
H13,19.63928751073353,-103.4859554790877,2023,12,2023-12-01,4,0.7112023857781529,0.1793835360833702,no_relative_stress,1.466168313536751,1.0325908609118024,0.8120970078041634,0.6915526921891368
H13,19.63928751073353,-103.4859554790877,2024,1,2024-01-01,4,0.5882206131060115,0.1542427124371879,no_relative_stress,0.5768305762360914,0.8201531443575388,0.6632199091397424,0.6522187308611526
H13,19.63928751073353,-103.4859554790877,2024,2,2024-02-01,5,0.6801232736700109,0.1364476239814738,no_relative_stress,1.2414209657061592,0.6697862347202289,0.7744738060955529,0.6243775061265999
H13,19.63928751073353,-103.4859554790877,2024,3,2024-03-01,6,0.6746415270557903,0.1427182923172905,no_relative_stress,1.201779935784244,0.722772822641039,0.7678378102580693,0.6341882517605872
H13,19.63928751073353,-103.4859554790877,2024,4,2024-04-01,5,0.6835784640477973,0.1612546762967868,no_relative_stress,1.266407035802217,0.87940361331027,0.7786565293365767,0.663189267036429
H13,19.63928751073353,-103.4859554790877,2024,5,2024-05-01,7,0.6319520227857652,0.1333461682848478,no_relative_stress,0.8930725045195859,0.6435792108192641,0.716159505408074,0.6195251377178159
H13,19.63928751073353,-103.4859554790877,2024,6,2024-06-01,3,0.6128621756847753,0.1107368099208913,no_relative_stress,0.7550250438485644,0.4525321500231744,0.693050056027153,0.5841517688873381
H13,19.63928751073353,-103.4859554790877,2024,7,2024-07-01,3,0.6862862189236472,0.178115436703425,no_relative_stress,1.2859880561610058,1.021875534300761,0.7819344353307084,0.6895686930699043
H13,19.63928751073353,-103.4859554790877,2024,8,2024-08-01,4,0.7636246052958849,0.2242229599906758,no_relative_stress,1.8452574832340032,1.4114799920132468,0.8755573708951667,0.7617060089921397
H13,19.63928751073353,-103.4859554790877,2024,9,2024-09-01,4,0.5027940851210492,0.1647519045745607,no_relative_stress,-0.04092792124576963,0.9089548802080872,0.5598057741908067,0.6686608396375908
H13,19.63928751073353,-103.4859554790877,2024,10,2024-10-01,5,0.7539688181343199,0.2201937922894932,no_relative_stress,1.7754320471588878,1.3774338844513172,0.8638684388957291,0.7554021929846501
H13,19.63928751073353,-103.4859554790877,2024,11,2024-11-01,5,0.7273998870644157,0.2306279862386222,no_relative_stress,1.583299891906922,1.4656018923031158,0.8317050923578047,0.7717269636866653
H13,19.63928751073353,-103.4859554790877,2024,12,2024-12-01,6,0.7630289013197792,0.2359687017184969,no_relative_stress,1.8409496739164122,1.5107304615687005,0.8748362341145,0.7800827558081003
H13,19.63928751073353,-103.4859554790877,2025,1,2025-01-01,5,0.7850268849055096,0.2423391297640195,no_relative_stress,2.0000272064826854,1.5645600101352035,0.9014661639126494,0.7900495800423311
H13,19.63928751073353,-103.4859554790877,2025,2,2025-02-01,4,0.7517553959792871,0.1651750283059412,no_relative_stress,1.7594257739667143,0.9125302379839267,0.8611889534614173,0.6693228359477077
H13,19.63928751073353,-103.4859554790877,2025,3,2025-03-01,7,0.6727892566658309,0.0989067691711732,no_relative_stress,1.1883853170396677,0.3525693612544926,0.7655955215383066,0.5656431324199506
H13,19.63928751073353,-103.4859554790877,2025,4,2025-04-01,7,0.6541749194470478,0.1010530396709184,no_relative_stress,1.0537764869357409,0.37070515547072086,0.7430617064982398,0.5690010701718902
H13,19.63928751073353,-103.4859554790877,2025,5,2025-05-01,9,0.6190370490094135,0.0935255342573006,no_relative_stress,0.7996783916685856,0.3070984063870784,0.70052512493548,0.5572239458022836
H13,19.63928751073353,-103.4859554790877,2025,6,2025-06-01,1,0.7077671419368162,0.1150331987647451,no_relative_stress,1.4413264860158956,0.4888362523971677,0.8079384310883565,0.5908736645186211
H13,19.63928751073353,-103.4859554790877,2025,7,2025-07-01,5,0.7768689545304245,0.2326394294039831,no_relative_stress,1.9410334614488083,1.4825984075741194,0.8915904808828816,0.7748739579456126
H13,19.63928751073353,-103.4859554790877,2025,8,2025-08-01,6,0.7758206051862266,0.2209867048103334,no_relative_stress,1.933452365377319,1.384133924502716,0.8903213886803566,0.7566427406639994
H13,19.63928751073353,-103.4859554790877,2025,9,2025-09-01,5,0.7242397433970872,0.2471872345524888,no_relative_stress,1.5604474402176842,1.6055260630128945,0.8278795415437921,0.7976346603462783
H13,19.63928751073353,-103.4859554790877,2025,10,2025-10-01,6,0.7487417953332023,0.2614534835221078,no_relative_stress,1.7376330422351447,1.726074593862666,0.857540802105538,0.8199548553074167
H13,19.63928751073353,-103.4859554790877,2025,11,2025-11-01,7,0.7886866420702885,0.2554139331804653,no_relative_stress,2.0264925930621356,1.6750409323705182,0.9058965279956355,0.8105057042803916
H13,19.63928751073353,-103.4859554790877,2025,12,2025-12-01,7,0.7954196072461808,0.2455642240383688,no_relative_stress,2.0751817596333098,1.5918117689859534,0.9140472018639305,0.7950953866257452
H13,19.63928751073353,-103.4859554790877,2026,1,2026-01-01,5,0.7569517720084394,0.208335983519321,no_relative_stress,1.797003157992962,1.277236458387473,0.8674794904245814,0.7368501121871137
H13,19.63928751073353,-103.4859554790877,2026,2,2026-02-01,5,0.7128457315698985,0.1358185099785444,no_relative_stress,1.478052102461552,0.6644702775298235,0.8140863802799505,0.623393228673706
H13,19.63928751073353,-103.4859554790877,2026,3,2026-03-01,7,0.6719229501199961,0.1460504379289593,no_relative_stress,1.182120656134711,0.7509291557402025,0.7645468034860656,0.6394015450270748
H13,19.63928751073353,-103.4859554790877,2026,4,2026-04-01,7,0.7100701111978994,0.1719379653275131,no_relative_stress,1.4579803154999185,0.969676452375403,0.8107263188741135,0.6799037583157979
H14,19.63810334260486,-103.4783889889258,2023,1,2023-01-01,4,0.4552655781800012,-0.0960776170757709,moderate_possible_stress,-0.38462840548675936,-1.2950313045385475,0.5022695550951626,0.2605811974517743
H14,19.63810334260486,-103.4783889889258,2023,2,2023-02-01,6,0.3958471080320669,-0.1252394986245985,severe_possible_stress,-0.8143106799170173,-1.5414466015807184,0.43033979468842526,0.21495610826472908
H14,19.63810334260486,-103.4783889889258,2023,3,2023-03-01,6,0.3911697508623051,-0.1372608789538869,severe_possible_stress,-0.8481347999595257,-1.643026192723993,0.4246775623939878,0.19614811232808743
H14,19.63810334260486,-103.4783889889258,2023,4,2023-04-01,6,0.3808322955093326,-0.1212443644543506,severe_possible_stress,-0.9228896921138953,-1.5076880743184562,0.4121634285749348,0.22120667726613497
H14,19.63810334260486,-103.4783889889258,2023,5,2023-05-01,6,0.3638049084578423,-0.1326356995021234,severe_possible_stress,-1.0460225559805199,-1.6039438390503677,0.3915507155933122,0.203384415810065
H14,19.63810334260486,-103.4783889889258,2023,6,2023-06-01,5,0.363816256757438,-0.1310235564589998,severe_possible_stress,-1.0459404912089252,-1.5903213741836675,0.3915644534170716,0.20590668687826175
H14,19.63810334260486,-103.4783889889258,2023,7,2023-07-01,3,0.609741580867869,0.053738536970093,no_relative_stress,0.732458588078747,-0.029098170590564087,0.6892723815608174,0.4949753800959136
H14,19.63810334260486,-103.4783889889258,2023,8,2023-08-01,1,0.3407015225000546,0.3046381196728794,no_relative_stress,-1.2130937612920458,2.0909809160741792,0.363582627347509,0.8875191814497492
H14,19.63810334260486,-103.4783889889258,2023,9,2023-09-01,5,0.7149117700031896,0.1992382187872566,no_relative_stress,1.4929925762042562,1.2003611581734657,0.8165874485357933,0.7226162457403212
H14,19.63810334260486,-103.4783889889258,2023,10,2023-10-01,2,0.5431262145470489,-0.0241765523481728,no_relative_stress,0.2507322487524239,-0.6874737231515623,0.6086303299069478,0.3730736813591463
H14,19.63810334260486,-103.4783889889258,2023,11,2023-11-01,5,0.5253981291140987,-0.0389860175347902,moderate_possible_stress,0.12253231275341858,-0.8126123825650777,0.5871693778749033,0.34990359993554127
H14,19.63810334260486,-103.4783889889258,2023,12,2023-12-01,4,0.5237758484046694,-0.0248615787237989,no_relative_stress,0.11080085512321679,-0.6932621349023265,0.5852055059937997,0.3720019264577663
H14,19.63810334260486,-103.4783889889258,2024,1,2024-01-01,4,0.4252935698651245,-0.0153916841318859,no_relative_stress,-0.6013697768131387,-0.6132423705768622,0.46598657151059164,0.386818006984824
H14,19.63810334260486,-103.4783889889258,2024,2,2024-02-01,5,0.509850643597255,-0.0312039400801744,moderate_possible_stress,0.010101297247356283,-0.7468545224498606,0.5683481779118366,0.3620790138344299
H14,19.63810334260486,-103.4783889889258,2024,3,2024-03-01,6,0.4892012519906059,-0.0414054626739649,moderate_possible_stress,-0.13922394672233418,-0.833056478109761,0.5433508027334922,0.34611826804352397
H14,19.63810334260486,-103.4783889889258,2024,4,2024-04-01,5,0.4737908541610576,-0.0464212093033771,moderate_possible_stress,-0.2506636181374627,-0.8754390895851364,0.5246955559576638,0.33827090445954583
H14,19.63810334260486,-103.4783889889258,2024,5,2024-05-01,7,0.4440214895196379,-0.0432715862288904,moderate_possible_stress,-0.46593957989854856,-0.8488250556391093,0.4886578851662935,0.34319863292035935
H14,19.63810334260486,-103.4783889889258,2024,6,2024-06-01,3,0.4575466757100055,-0.0410013313857149,moderate_possible_stress,-0.36813274054538286,-0.8296416047837234,0.5050309657876477,0.3467505498130939
H14,19.63810334260486,-103.4783889889258,2024,7,2024-07-01,3,0.554522283234539,0.056020234543545,no_relative_stress,0.33314246061100755,-0.009818029685349438,0.6224259811283446,0.49854519966027555
H14,19.63810334260486,-103.4783889889258,2024,8,2024-08-01,4,0.5203428570570366,0.1616020975019212,no_relative_stress,0.08597531641988618,0.8823392914940866,0.5810496560619716,0.6637328233033037
H14,19.63810334260486,-103.4783889889258,2024,9,2024-09-01,4,0.6110381184638836,0.1883352642340393,no_relative_stress,0.7418344475001165,1.1082321650435163,0.6908419211064749,0.705558077766491
H14,19.63810334260486,-103.4783889889258,2024,10,2024-10-01,5,0.6468399614869602,0.1340523639623025,no_relative_stress,1.000734033784491,0.6495465012815934,0.7341822828552376,0.6206300129541215
H14,19.63810334260486,-103.4783889889258,2024,11,2024-11-01,5,0.5629238892485066,0.069434945412686,no_relative_stress,0.39389833621602793,0.1035350801961051,0.6325966487021125,0.5195331245579949
H14,19.63810334260486,-103.4783889889258,2024,12,2024-12-01,6,0.5880233043452299,0.0362309008661421,no_relative_stress,0.5754037458770029,-0.1770361335041656,0.6629810545907471,0.4675838876313539
H14,19.63810334260486,-103.4783889889258,2025,1,2025-01-01,5,0.5867734577087955,0.0305862513057216,no_relative_stress,0.5663655302498578,-0.22473291863104633,0.6614680373609184,0.4587525768260964
H14,19.63810334260486,-103.4783889889258,2025,2,2025-02-01,4,0.561634513480923,0.0054718085261833,no_relative_stress,0.3845742672685908,-0.4369477192160702,0.6310357789960155,0.4194598895630742
H14,19.63810334260486,-103.4783889889258,2025,3,2025-03-01,7,0.5086700568140925,-0.015640035860386,no_relative_stress,0.0015639314604455846,-0.6153409205228532,0.5669190040498907,0.38642944941717866
H14,19.63810334260486,-103.4783889889258,2025,4,2025-04-01,7,0.4655575514671,-0.013572688149458,no_relative_stress,-0.31020241506045054,-0.5978720168300373,0.5147286300395433,0.38966390887871216
H14,19.63810334260486,-103.4783889889258,2025,5,2025-05-01,9,0.4511267400097944,-0.0157319958240323,no_relative_stress,-0.4145582470670889,-0.6161179740102953,0.4972592336041509,0.38628557387416973
H14,19.63810334260486,-103.4783889889258,2025,6,2025-06-01,1,0.5827638873924328,0.0088408905241389,no_relative_stress,0.5373704839497186,-0.4084792769485294,0.6566142026615077,0.4247309714847883
H14,19.63810334260486,-103.4783889889258,2025,7,2025-07-01,5,0.7281505260358361,0.1717651713626717,no_relative_stress,1.5887281074047779,0.9682163587904882,0.8326137876041111,0.6796334143037467
H14,19.63810334260486,-103.4783889889258,2025,8,2025-08-01,6,0.694419349508686,0.1681955554760912,no_relative_stress,1.3448024625117099,0.9380534230572295,0.7917800966693804,0.6740485879983509
H14,19.63810334260486,-103.4783889889258,2025,9,2025-09-01,5,0.6784482259111394,0.1788481979381277,no_relative_stress,1.2293079252825454,1.0280673013514545,0.7724460564132488,0.6907151313280169
H14,19.63810334260486,-103.4783889889258,2025,10,2025-10-01,6,0.6965822976143476,0.1845774620010518,no_relative_stress,1.3604437346481588,1.0764790714745394,0.7943984801219516,0.69967882536845
H14,19.63810334260486,-103.4783889889258,2025,11,2025-11-01,7,0.6602139871687243,0.1311092438649589,no_relative_stress,1.0974477620060654,0.6246773990666554,0.7503723742622995,0.6160253677872912
H14,19.63810334260486,-103.4783889889258,2025,12,2025-12-01,7,0.6699599892865468,0.1109012019386416,no_relative_stress,1.1679255839049127,0.4539212479048551,0.7621705170874712,0.584408967671269
H14,19.63810334260486,-103.4783889889258,2026,1,2026-01-01,5,0.6450562272267595,0.0930420347779351,no_relative_stress,0.9878350313027034,0.30301287892795004,0.7320229613909506,0.5564674888901668
H14,19.63810334260486,-103.4783889889258,2026,2,2026-02-01,5,0.6027347261372519,0.0369792570091264,no_relative_stress,0.6817888002205578,-0.17071259086998933,0.6807901473208027,0.46875472483231306
H14,19.63810334260486,-103.4783889889258,2026,3,2026-03-01,7,0.5616112211604353,0.0220525520922296,no_relative_stress,0.3844058297908335,-0.296841915543343,0.6310075821907489,0.44540121652175263
H14,19.63810334260486,-103.4783889889258,2026,4,2026-04-01,7,0.57014967144694,0.0260913122057669,no_relative_stress,0.44615128924276404,-0.2627147529529245,0.6413439082830233,0.4517200402943781
H15,19.63304594879294,-103.4860570044078,2023,1,2023-01-01,4,0.4060365398787343,-0.1308742810564679,severe_possible_stress,-0.7406262137884266,-1.5890600103517627,0.44267473682993114,0.20614023503058337
H15,19.63304594879294,-103.4860570044078,2023,2,2023-02-01,6,0.3577683118637703,-0.1431524563987607,severe_possible_stress,-1.089675961191071,-1.6928094964417155,0.38424303928319065,0.18693047162391419
H15,19.63304594879294,-103.4860570044078,2023,3,2023-03-01,6,0.3370075687792713,-0.168058447947024,severe_possible_stress,-1.239806438889341,-1.9032629027220735,0.3591108662027338,0.14796391578701923
H15,19.63304594879294,-103.4860570044078,2023,4,2023-04-01,6,0.3002956591163302,-0.1731523596203823,severe_possible_stress,-1.5052871354366772,-1.9463060018443124,0.314668812081269,0.1399942594389278
H15,19.63304594879294,-103.4860570044078,2023,5,2023-05-01,6,0.307693639518499,-0.1795470293563565,severe_possible_stress,-1.451788938033073,-2.000340390532103,0.3236245283172623,0.12998950797812053
H15,19.63304594879294,-103.4860570044078,2023,6,2023-06-01,5,0.3109280202313697,-0.1723394673694151,severe_possible_stress,-1.4283996441381013,-1.9394371348560842,0.3275399477005237,0.14126606631420563
H15,19.63304594879294,-103.4860570044078,2023,7,2023-07-01,3,0.5894959703929782,0.0518781028114243,no_relative_stress,0.5860532711053921,-0.04481867322919376,0.6647638086015781,0.4920646462917946
H15,19.63304594879294,-103.4860570044078,2023,8,2023-08-01,1,0.3348695193146715,0.2452488238149041,no_relative_stress,-1.2552676575054782,1.5891466652400894,0.35652262410657204,0.794601928640152
H15,19.63304594879294,-103.4860570044078,2023,9,2023-09-01,5,0.6429881223753849,0.1077447203511296,no_relative_stress,0.972879614340832,0.42724926013573317,0.7295193916072619,0.5794705087550853
H15,19.63304594879294,-103.4860570044078,2023,10,2023-10-01,2,0.5233263066862803,-0.0467837941613637,moderate_possible_stress,0.10755001228717961,-0.8785028992825374,0.5846613077332916,0.3377036239685456
H15,19.63304594879294,-103.4860570044078,2023,11,2023-11-01,5,0.4608033227391667,-0.0584436289385465,moderate_possible_stress,-0.3445824286806947,-0.9770274627703707,0.5089733399341658,0.31946128248161343
H15,19.63304594879294,-103.4860570044078,2023,12,2023-12-01,4,0.4818328526349065,-0.0568334689260614,moderate_possible_stress,-0.19250822997945585,-0.9634217543356248,0.5344308961974092,0.321980451008241
H15,19.63304594879294,-103.4860570044078,2024,1,2024-01-01,4,0.394357779355962,-0.0674331437605575,moderate_possible_stress,-0.8250807002714577,-1.0529880609033089,0.4285368695277405,0.3053967779394158
H15,19.63304594879294,-103.4860570044078,2024,2,2024-02-01,5,0.3821255729436248,-0.1192863223689865,severe_possible_stress,-0.9135374084207528,-1.4911427934085737,0.4137290214916907,0.22427012310817176
H15,19.63304594879294,-103.4860570044078,2024,3,2024-03-01,6,0.3743599550794079,-0.1219635985553418,severe_possible_stress,-0.9696941613284844,-1.5137655382962811,0.4043282572008447,0.22008140282356706
H15,19.63304594879294,-103.4860570044078,2024,4,2024-04-01,5,0.3472248759413479,-0.1327987638353329,severe_possible_stress,-1.1659203935397495,-1.605321718116145,0.37147955315041953,0.20312929424894582
H15,19.63304594879294,-103.4860570044078,2024,5,2024-05-01,7,0.3396069806616025,-0.1030752406345374,moderate_possible_stress,-1.221008896525825,-1.3541605992287957,0.36225761625249103,0.24963309732896433
H15,19.63304594879294,-103.4860570044078,2024,6,2024-06-01,3,0.3552067776512795,-0.0968915290454399,moderate_possible_stress,-1.1081995927102548,-1.301908788058819,0.3811421425128868,0.25930779518023794
H15,19.63304594879294,-103.4860570044078,2024,7,2024-07-01,3,0.4201010606461516,0.0159717739092956,no_relative_stress,-0.6389191981572682,-0.3482239486157418,0.459700715562086,0.4358875626630853
H15,19.63304594879294,-103.4860570044078,2024,8,2024-08-01,4,0.5614031509180771,0.1253016435524,no_relative_stress,0.38290117821102826,0.5756036946239139,0.6307557001977705,0.6069391131236629
H15,19.63304594879294,-103.4860570044078,2024,9,2024-09-01,4,0.4664801249453127,0.0922730107536366,no_relative_stress,-0.30353086209955255,0.2965146945408147,0.5158454627193519,0.5552643158494681
H15,19.63304594879294,-103.4860570044078,2024,10,2024-10-01,5,0.5863891894070664,0.0870470391982043,no_relative_stress,0.5635867094982071,0.2523557011984404,0.6610028566383844,0.5470880458133138
H15,19.63304594879294,-103.4860570044078,2024,11,2024-11-01,5,0.4940344605463034,0.0072419322139685,no_relative_stress,-0.10427279365768241,-0.4219903319982173,0.5492017028415154,0.4222293285305865
H15,19.63304594879294,-103.4860570044078,2024,12,2024-12-01,6,0.451899958013659,-0.0606443720106835,moderate_possible_stress,-0.4089667522052422,-0.9956235453628514,0.4981952621761031,0.3160181199142084
H15,19.63304594879294,-103.4860570044078,2025,1,2025-01-01,5,0.4160269009926365,-0.095114384736414,moderate_possible_stress,-0.6683813196483787,-1.2868920772179153,0.4547686914455694,0.2620882182287918
H15,19.63304594879294,-103.4860570044078,2025,2,2025-02-01,4,0.3797705874584053,-0.1254126473234603,severe_possible_stress,-0.9305673911352194,-1.5429096926364536,0.41087816482554895,0.21468520925517912
H15,19.63304594879294,-103.4860570044078,2025,3,2025-03-01,7,0.3802814115190626,-0.1078441509763376,severe_possible_stress,-0.9268733875085616,-1.3944574660984652,0.411496549179801,0.2421719203364803
H15,19.63304594879294,-103.4860570044078,2025,4,2025-04-01,7,0.3778531347485003,-0.0729857436313525,moderate_possible_stress,-0.9444333732019604,-1.0999070343662292,0.4085569688460609,0.29670948305753997
H15,19.63304594879294,-103.4860570044078,2025,5,2025-05-01,9,0.3631055097137439,-0.0722465681163162,moderate_possible_stress,-1.0510802298376498,-1.0936610672190479,0.3907040498348953,0.2978659567487846
H15,19.63304594879294,-103.4860570044078,2025,6,2025-06-01,1,0.4175014437625435,-0.0865893960220987,moderate_possible_stress,-0.6577182229792639,-1.2148566832464447,0.45655371734550976,0.2754259505612526
H15,19.63304594879294,-103.4860570044078,2025,7,2025-07-01,5,0.5990305585583768,0.1053117604354931,no_relative_stress,0.6550022615197262,0.40669096593583903,0.6763060216643942,0.5756640323810023
H15,19.63304594879294,-103.4860570044078,2025,8,2025-08-01,6,0.6259949151927068,0.1304832885793352,no_relative_stress,0.8499939208192934,0.6193881327556384,0.7089480554865424,0.6150460322911963
H15,19.63304594879294,-103.4860570044078,2025,9,2025-09-01,5,0.4763372262263533,0.0432488647579186,no_relative_stress,-0.23224963107522625,-0.11773496481490245,0.527778098004053,0.4785638111296934
H15,19.63304594879294,-103.4860570044078,2025,10,2025-10-01,6,0.503214563303997,0.0294117882604531,no_relative_stress,-0.03788725019605179,-0.23465702656901732,0.5603147892307496,0.4569150760085465
H15,19.63304594879294,-103.4860570044078,2025,11,2025-11-01,7,0.4763339883206605,-0.0425224048862028,moderate_possible_stress,-0.23227304585987196,-0.8424945401410708,0.5277741783174619,0.3443707611837624
H15,19.63304594879294,-103.4860570044078,2025,12,2025-12-01,7,0.5017675021326812,-0.0400427772973267,moderate_possible_stress,-0.04835161479148283,-0.8215419082663477,0.5585630315182488,0.3482502512538288
H15,19.63304594879294,-103.4860570044078,2026,1,2026-01-01,5,0.4157476244901901,-0.072934381078832,moderate_possible_stress,-0.6704008964309403,-1.0994730253803895,0.45443060983797856,0.2967898421055561
H15,19.63304594879294,-103.4860570044078,2026,2,2026-02-01,5,0.4145082428521531,-0.1240743639912162,severe_possible_stress,-0.6793634348435411,-1.5316013178908339,0.4529302611407712,0.21677901435787586
H15,19.63304594879294,-103.4860570044078,2026,3,2026-03-01,7,0.4453898688509791,-0.0664197300306579,moderate_possible_stress,-0.4560441998608233,-1.0444248053101572,0.49031439360893514,0.3069823097828473
H15,19.63304594879294,-103.4860570044078,2026,4,2026-04-01,7,0.4849328484584061,-0.0181257088498986,no_relative_stress,-0.17009073500105432,-0.636344635493538,0.5381836342987278,0.382540501043033
H16,19.63363829304725,-103.4780586924613,2023,1,2023-01-01,4,0.4395183126348926,-0.116504459085254,severe_possible_stress,-0.4985041222232113,-1.4676362968800871,0.4832065089598304,0.22862247466045232
H16,19.63363829304725,-103.4780586924613,2023,2,2023-02-01,6,0.3274434191323748,-0.1798801990610072,severe_possible_stress,-1.3089692019668537,-2.00315564480846,0.3475328671246245,0.12946824883153024
H16,19.63363829304725,-103.4780586924613,2023,3,2023-03-01,6,0.2636756972542427,-0.2497525232007766,severe_possible_stress,-1.7701029151643566,-2.5935705492479966,0.2703380665018932,0.020149821786781485
H16,19.63363829304725,-103.4780586924613,2023,4,2023-04-01,6,0.2452380951082202,-0.2437159929446918,severe_possible_stress,-1.9034336927057334,-2.5425624072093362,0.24801820027955063,0.029594247752678715
H16,19.63363829304725,-103.4780586924613,2023,5,2023-05-01,6,0.2431453329985837,-0.2548820997108748,severe_possible_stress,-1.9185674176379182,-2.636915013058399,0.24548478134837198,0.01212436618052587
H16,19.63363829304725,-103.4780586924613,2023,6,2023-06-01,5,0.2359565020392697,-0.2626315493385042,severe_possible_stress,-1.970553159266779,-2.702397170946884,0.23678225354480198,0.0
H16,19.63363829304725,-103.4780586924613,2023,7,2023-07-01,3,0.6404257854521036,0.0665777850806883,no_relative_stress,0.954350178050887,0.07939233032835442,0.7264175231055301,0.5150629673512038
H16,19.63363829304725,-103.4780586924613,2023,8,2023-08-01,1,0.3741913508009958,0.2814648538025319,no_relative_stress,-0.9709134163790841,1.8951688871652126,0.4041241512162992,0.8512635536940627
H16,19.63363829304725,-103.4780586924613,2023,9,2023-09-01,5,0.6819328759711437,0.1305059946035129,no_relative_stress,1.2545070318843878,0.6195799966339354,0.7766644424351943,0.6150815568980861
H16,19.63363829304725,-103.4780586924613,2023,10,2023-10-01,2,0.6309857439574957,0.0649181229368158,no_relative_stress,0.8860848980795187,0.06536833330034265,0.7149897646787944,0.5124663504899851
H16,19.63363829304725,-103.4780586924613,2023,11,2023-11-01,5,0.5860721372937953,0.0212471898564835,no_relative_stress,0.5612939599069757,-0.3036471545748383,0.6606190453001378,0.4441411906975523
H16,19.63363829304725,-103.4780586924613,2023,12,2023-12-01,4,0.5746087545122297,0.0149805665329184,no_relative_stress,0.47839696888744193,-0.35659956250304936,0.6467419061736032,0.43433677366909174
H16,19.63363829304725,-103.4780586924613,2024,1,2024-01-01,4,0.3736920982777795,-0.0482163424997916,moderate_possible_stress,-0.9745237408986576,-0.8906078049193678,0.40351977492912783,0.33546233697901817
H16,19.63363829304725,-103.4780586924613,2024,2,2024-02-01,5,0.3569100835253434,-0.1423420508087514,severe_possible_stress,-1.095882204864421,-1.685961641516703,0.38320410040436015,0.18819838800509645
H16,19.63363829304725,-103.4780586924613,2024,3,2024-03-01,6,0.308583407836725,-0.2040431842359108,severe_possible_stress,-1.4453546142657414,-2.207330713530623,0.32470164830685744,0.09166416023785195
H16,19.63363829304725,-103.4780586924613,2024,4,2024-04-01,5,0.2461441117432469,-0.2337572464466296,severe_possible_stress,-1.896881869889685,-2.458411887896006,0.2491149898690459,0.045175159306841794
H16,19.63363829304725,-103.4780586924613,2024,5,2024-05-01,7,0.212305827291969,-0.2195333449457731,severe_possible_stress,-2.1415820614234553,-2.338221189378713,0.20815163811839393,0.06742909972826894
H16,19.63363829304725,-103.4780586924613,2024,6,2024-06-01,3,0.2201089256168114,-0.2142578089980365,severe_possible_stress,-2.085154270073836,-2.2936433813438803,0.21759777484218906,0.07568291550904871
H16,19.63363829304725,-103.4780586924613,2024,7,2024-07-01,3,0.5988678390187846,0.0787490053919223,no_relative_stress,0.6538255617209571,0.18223805594920364,0.676109039522861,0.5341053947503218
H16,19.63363829304725,-103.4780586924613,2024,8,2024-08-01,4,0.5016418705275711,0.1573774853981936,no_relative_stress,-0.04926011468536439,0.8466416961696918,0.5584109466323105,0.6571232256444384
H16,19.63363829304725,-103.4780586924613,2024,9,2024-09-01,4,0.623420445492339,0.1204562128604766,no_relative_stress,0.8313767468403657,0.5346602376234324,0.705831499502169,0.5993582165653083
H16,19.63363829304725,-103.4780586924613,2024,10,2024-10-01,5,0.6706033746901556,0.1440885491648872,no_relative_stress,1.172578199545632,0.7343513707384675,0.7629493752071023,0.6363320808813551
H16,19.63363829304725,-103.4780586924613,2024,11,2024-11-01,5,0.4677021119315668,-0.0435301366906116,moderate_possible_stress,-0.29469411241093596,-0.85100978397081,0.5173247541067366,0.3427941189710235
H16,19.63363829304725,-103.4780586924613,2024,12,2024-12-01,6,0.3873008275237952,-0.1861229705778896,severe_possible_stress,-0.8761127633023775,-2.0559065070984426,0.4199939896248103,0.11970114903876816
H16,19.63363829304725,-103.4780586924613,2025,1,2025-01-01,5,0.3580432816015813,-0.2301546008160201,severe_possible_stress,-1.0876875286035614,-2.4279698537728676,0.384575907283841,0.05081166214808197
H16,19.63363829304725,-103.4780586924613,2025,2,2025-02-01,4,0.3230779407473995,-0.2566646051329577,severe_possible_stress,-1.340537983134767,-2.6519770248262744,0.3422481835319592,0.009335555426914
H16,19.63363829304725,-103.4780586924613,2025,3,2025-03-01,7,0.2818216379379796,-0.2625461948169135,severe_possible_stress,-1.6388812757439468,-2.7016759328554243,0.2923048583510677,0.00013354102867374484
H16,19.63363829304725,-103.4780586924613,2025,4,2025-04-01,7,0.2559849696774233,-0.2381410361462893,severe_possible_stress,-1.82571810197418,-2.4954545197029883,0.2610279615702646,0.03831652106399269
H16,19.63363829304725,-103.4780586924613,2025,5,2025-05-01,9,0.2295188359081455,-0.2367838716607369,severe_possible_stress,-2.0171068826857295,-2.4839866008966336,0.22898905756992327,0.04043986658925108
H16,19.63363829304725,-103.4780586924613,2025,6,2025-06-01,1,0.374671241494762,-0.2030147335815057,severe_possible_stress,-0.9674431061495883,-2.1986403972671087,0.40470508880250905,0.0932732180331503
H16,19.63363829304725,-103.4780586924613,2025,7,2025-07-01,5,0.6043716284380711,0.0584574561908752,no_relative_stress,0.6936259933001677,0.010776275767092301,0.6827717195493374,0.5023583437073033
H16,19.63363829304725,-103.4780586924613,2025,8,2025-08-01,6,0.5380175387309878,0.0108585742301084,no_relative_stress,0.2137890652859558,-0.39143002966621165,0.6024459595162243,0.427887729353171
H16,19.63363829304725,-103.4780586924613,2025,9,2025-09-01,5,0.5788971720156082,0.0694935938419848,no_relative_stress,0.509408487392892,0.10403065419061992,0.6519333027675257,0.519624882691398
H16,19.63363829304725,-103.4780586924613,2025,10,2025-10-01,6,0.4360074918272696,-0.0659708908564133,moderate_possible_stress,-0.5238924815327107,-1.0406321543366437,0.47895644161722495,0.30768453907217697
H16,19.63363829304725,-103.4780586924613,2025,11,2025-11-01,7,0.4025366399622847,-0.1450165782681603,severe_possible_stress,-0.7659355991131277,-1.7085611599069754,0.43843788990655863,0.1840139682287381
H16,19.63363829304725,-103.4780586924613,2025,12,2025-12-01,7,0.4260085215270345,-0.1508636272422511,severe_possible_stress,-0.596199632657082,-1.7579682020197516,0.4668520650451029,0.17486599434107106
H16,19.63363829304725,-103.4780586924613,2026,1,2026-01-01,5,0.3810430975537617,-0.1645389490656943,severe_possible_stress,-0.9213652856174083,-1.873523451211363,0.4124186175845354,0.15347033175971658
H16,19.63363829304725,-103.4780586924613,2026,2,2026-02-01,5,0.3430476108071161,-0.2206679316294022,severe_possible_stress,-1.19612811816319,-2.3478083456189043,0.3664227134251182,0.06565398729101629
H16,19.63363829304725,-103.4780586924613,2026,3,2026-03-01,7,0.2912657275336038,-0.2418902261264245,severe_possible_stress,-1.570586722093073,-2.527134840503814,0.3037375172563159,0.03245074292699446
H16,19.63363829304725,-103.4780586924613,2026,4,2026-04-01,7,0.2968113785689666,-0.2235266684856001,severe_possible_stress,-1.5304835699227366,-2.3719644169754774,0.3104508733773989,0.06118136354045561
H17,19.64350681735759,-103.4740222414965,2023,1,2023-01-01,4,0.456883839633198,-0.0882513305484124,moderate_possible_stress,-0.37292601294616984,-1.2288998817033252,0.5042285614161618,0.2728257784544174
H17,19.64350681735759,-103.4740222414965,2023,2,2023-02-01,6,0.3551870844439999,-0.14527676243985,severe_possible_stress,-1.1083420033457638,-1.710759692942138,0.381118302658415,0.18360689826589902
H17,19.64350681735759,-103.4740222414965,2023,3,2023-03-01,6,0.3074099205281619,-0.2001047088289611,severe_possible_stress,-1.4538406404879423,-2.1740509477627037,0.3232810688012738,0.09782608402874982
H17,19.64350681735759,-103.4740222414965,2023,4,2023-04-01,6,0.2803830911247058,-0.2013433769993478,severe_possible_stress,-1.6492840691020216,-2.1845175832790527,0.290563407799496,0.09588813137461732
H17,19.64350681735759,-103.4740222414965,2023,5,2023-05-01,6,0.2660636261239605,-0.2229203252520702,severe_possible_stress,-1.7528347036913339,-2.3668408707547157,0.2732288031876323,0.06213001508961724
H17,19.64350681735759,-103.4740222414965,2023,6,2023-06-01,5,0.2643494525761022,-0.2302282042744144,severe_possible_stress,-1.7652306806826323,-2.4285917964288375,0.2711536892998794,0.050696506191903634
H17,19.64350681735759,-103.4740222414965,2023,7,2023-07-01,3,0.6131261147553214,0.050288344532946,no_relative_stress,0.7569337086098904,-0.05825198883198036,0.6933695707177718,0.489577397205347
H17,19.64350681735759,-103.4740222414965,2023,8,2023-08-01,1,0.2601604147839458,0.2649143118579411,no_relative_stress,-1.7955235388078368,1.7553182844989659,0.26608259803862017,0.8253694785449148
H17,19.64350681735759,-103.4740222414965,2023,9,2023-09-01,5,0.5629360517548644,-0.0144239691604265,no_relative_stress,0.3939862888910395,-0.6050652654149385,0.6326113721738896,0.38833204104351626
H17,19.64350681735759,-103.4740222414965,2023,10,2023-10-01,2,0.5807176724164548,-0.02552020313852,no_relative_stress,0.5225733627403962,-0.6988274524392277,0.654137131935918,0.37097147862427854
H17,19.64350681735759,-103.4740222414965,2023,11,2023-11-01,5,0.4813712867096934,-0.0922449327904574,moderate_possible_stress,-0.19584602538299425,-1.2626454643089633,0.533872141885327,0.26657760622431614
H17,19.64350681735759,-103.4740222414965,2023,12,2023-12-01,4,0.4684541828664391,-0.0927987253371695,moderate_possible_stress,-0.28925554172703477,-1.267324961915087,0.5182351828340254,0.26571117261328336
H17,19.64350681735759,-103.4740222414965,2024,1,2024-01-01,4,0.3313242626016182,-0.0650688120819664,moderate_possible_stress,-1.2809050386785588,-1.0330096691829136,0.35223086995478375,0.3090958823172611
H17,19.64350681735759,-103.4740222414965,2024,2,2024-02-01,5,0.4024076644499425,-0.1305590775868994,severe_possible_stress,-0.7668682803375184,-1.5863965691587658,0.438281757012561,0.20663338518576277
H17,19.64350681735759,-103.4740222414965,2024,3,2024-03-01,6,0.3990016664832124,-0.1309749910320784,severe_possible_stress,-0.7914986174937221,-1.5899110006595596,0.43415858425024023,0.20598266969613946
H17,19.64350681735759,-103.4740222414965,2024,4,2024-04-01,5,0.3303429782628135,-0.1627476780399045,severe_possible_stress,-1.2880011568638743,-1.8583873708742982,0.3510429641200261,0.15627285669875352
H17,19.64350681735759,-103.4740222414965,2024,5,2024-05-01,7,0.2749127944853508,-0.1584017168683189,severe_possible_stress,-1.6888422989917216,-1.8216643867541922,0.28394127287002136,0.16307231048999907
H17,19.64350681735759,-103.4740222414965,2024,6,2024-06-01,3,0.286470769308465,-0.1584491826605613,severe_possible_stress,-1.6052612694324133,-1.8220654684633808,0.29793292155676576,0.16299804810055865
H17,19.64350681735759,-103.4740222414965,2024,7,2024-07-01,3,0.4968118447226118,0.0078946323289959,no_relative_stress,-0.08418825181620429,-0.4164750742651167,0.5525638994423693,0.4232505075279244
H17,19.64350681735759,-103.4740222414965,2024,8,2024-08-01,4,0.3927414896054549,0.0791943946578288,no_relative_stress,-0.8367688345234356,0.18600155550508737,0.4265802500757016,0.5348022265012468
H17,19.64350681735759,-103.4740222414965,2024,9,2024-09-01,4,0.3962613315809392,0.0974731313953407,no_relative_stress,-0.8113152390017786,0.34045524996880133,0.4308412381041011,0.5634001409560851
H17,19.64350681735759,-103.4740222414965,2024,10,2024-10-01,5,0.6002371408159979,0.0579680128306576,no_relative_stress,0.6637276125334939,0.006640523045121996,0.6777666646679187,0.5015925873234244
H17,19.64350681735759,-103.4740222414965,2024,11,2024-11-01,5,0.5603217402823202,0.0147744574239131,no_relative_stress,0.37508100074081996,-0.35834116608351785,0.6294465852418042,0.4340143065997127
H17,19.64350681735759,-103.4740222414965,2024,12,2024-12-01,6,0.5399418642402243,-0.0083421098198661,no_relative_stress,0.22770474772433386,-0.5536740966570659,0.6047754754475388,0.3978473864224322
H17,19.64350681735759,-103.4740222414965,2025,1,2025-01-01,5,0.3966394507393628,-0.1429847914352151,severe_possible_stress,-0.8085808855323505,-1.6913927424601016,0.4312989749055181,0.1871927910803081
H17,19.64350681735759,-103.4740222414965,2025,2,2025-02-01,4,0.3268210129479025,-0.1810844491996359,severe_possible_stress,-1.3134701072291008,-2.0133314510274936,0.34677940565694787,0.1275841447524964
H17,19.64350681735759,-103.4740222414965,2025,3,2025-03-01,7,0.2925709257794333,-0.1780205302815013,severe_possible_stress,-1.561148233531282,-1.9874416095554632,0.30531754105820896,0.1323777851651599
H17,19.64350681735759,-103.4740222414965,2025,4,2025-04-01,7,0.2879725768176384,-0.1513969239606503,severe_possible_stress,-1.5944010088990899,-1.7624745117054252,0.2997509531224209,0.174031627385037
H17,19.64350681735759,-103.4740222414965,2025,5,2025-05-01,9,0.2851352782494185,-0.1570127165962974,severe_possible_stress,-1.6149188192532635,-1.8099274583928056,0.29631622641696514,0.16524546455023006
H17,19.64350681735759,-103.4740222414965,2025,6,2025-06-01,1,0.4058493360867155,-0.1376821975917009,severe_possible_stress,-0.7419799704727765,-1.6465862976202599,0.4424481149752516,0.19548894016890278
H17,19.64350681735759,-103.4740222414965,2025,7,2025-07-01,5,0.650114043334341,0.1594751961429225,no_relative_stress,1.024410424835133,0.8643671647889039,0.7381457629355528,0.6604051894524536
H17,19.64350681735759,-103.4740222414965,2025,8,2025-08-01,6,0.5105401352928313,-0.0193239482062978,no_relative_stress,0.015087328681999366,-0.6464696511390597,0.5691828505707213,0.3806658011060072
H17,19.64350681735759,-103.4740222414965,2025,9,2025-09-01,5,0.5308622214363136,0.0146159050155982,no_relative_stress,0.16204567637353243,-0.359680919786524,0.5937840020918964,0.433766244150173
H17,19.64350681735759,-103.4740222414965,2025,10,2025-10-01,6,0.659662019055343,0.1527875369991722,no_relative_stress,1.0934562268187722,0.807857041748154,0.7497041824685893,0.6499420427458436
H17,19.64350681735759,-103.4740222414965,2025,11,2025-11-01,7,0.521541927810323,0.0208966454840137,no_relative_stress,0.09464634829250358,-0.3066092232439664,0.5825012059214661,0.4435927480934229
H17,19.64350681735759,-103.4740222414965,2025,12,2025-12-01,7,0.4849328204469216,-0.0820461370192207,moderate_possible_stress,-0.17009093756497676,-1.1764665500563347,0.5381836003890804,0.2825340857773936
H17,19.64350681735759,-103.4740222414965,2026,1,2026-01-01,5,0.4336385098640402,-0.1154222350611554,severe_possible_stress,-0.5410236792143472,-1.4584916004407331,0.47608864134234874,0.23031566333681353
H17,19.64350681735759,-103.4740222414965,2026,2,2026-02-01,5,0.3968770978224492,-0.1661765220011399,severe_possible_stress,-0.8068623502197104,-1.887360796399135,0.43158666150709507,0.15090827446910943
H17,19.64350681735759,-103.4740222414965,2026,3,2026-03-01,7,0.344870921679248,-0.1848871385849169,severe_possible_stress,-1.1829429190057479,-2.045463837028177,0.3686299448441184,0.12163466436442283
H17,19.64350681735759,-103.4740222414965,2026,4,2026-04-01,7,0.3417259943703847,-0.1704265625267545,severe_possible_stress,-1.2056853342114209,-1.9232732596195576,0.3648228143801408,0.14425889288839594
H18,19.64603762240055,-103.4727003353048,2023,1,2023-01-01,4,0.4596587783582141,-0.0431424361082367,moderate_possible_stress,-0.35285915528724754,-0.8477337486433439,0.5075877976458534,0.343400694154422
H18,19.64603762240055,-103.4727003353048,2023,2,2023-02-01,6,0.3437185271976807,-0.1122558249708864,severe_possible_stress,-1.191276413298817,-1.431735717709211,0.36723489951988153,0.23526965584684384
H18,19.64603762240055,-103.4727003353048,2023,3,2023-03-01,6,0.2897483270156654,-0.1706887141868887,severe_possible_stress,-1.5815597428414387,-1.9254884177565217,0.30190060938196933,0.14384874470045655
H18,19.64603762240055,-103.4727003353048,2023,4,2023-04-01,6,0.2516932634213543,-0.1807311098344148,severe_possible_stress,-1.856753402962292,-2.0103457649190073,0.255832583736292,0.1281369602498269
H18,19.64603762240055,-103.4727003353048,2023,5,2023-05-01,6,0.2440042781188454,-0.1943288404242624,severe_possible_stress,-1.9123559905855905,-2.1252453751100178,0.2465245879362753,0.10686269268021076
H18,19.64603762240055,-103.4727003353048,2023,6,2023-06-01,5,0.2460815111611674,-0.2014488859829375,severe_possible_stress,-1.8973345634784229,-2.1854091247760694,0.24903920796387247,0.0957230577740592
H18,19.64603762240055,-103.4727003353048,2023,7,2023-07-01,3,0.605024811390133,0.0663469799119896,no_relative_stress,0.698349459518033,0.0774420472470473,0.6835624382118441,0.5147018621739169
H18,19.64603762240055,-103.4727003353048,2023,8,2023-08-01,1,0.2316766260201768,0.2818851437453623,no_relative_stress,-2.001502910372535,1.8987202996806563,0.23160119694981668,0.8519211164131879
H18,19.64603762240055,-103.4727003353048,2023,9,2023-09-01,5,0.6194024467280762,0.0950959628333175,no_relative_stress,0.8023207505586031,0.32036838772880966,0.700967461641409,0.5596809526906315
H18,19.64603762240055,-103.4727003353048,2023,10,2023-10-01,2,0.5923323009162806,0.0314083651336272,no_relative_stress,0.6065640810817229,-0.2177861301405081,0.6681973634283436,0.46003881127764545
H18,19.64603762240055,-103.4727003353048,2023,11,2023-11-01,5,0.5112858731991899,0.0006163387823140098,no_relative_stress,0.02048010232519953,-0.4779760053097336,0.570085612772391,0.41186328645164216
H18,19.64603762240055,-103.4727003353048,2023,12,2023-12-01,4,0.5002445651759214,-0.0150930319318054,no_relative_stress,-0.05936467207426408,-0.6107187861342084,0.5567194214397402,0.3872852619265796
H18,19.64603762240055,-103.4727003353048,2024,1,2024-01-01,4,0.321442331273107,-0.0239286222144164,no_relative_stress,-1.3523658271914034,-0.6853787356435376,0.34026817635048956,0.3734615793226522
H18,19.64603762240055,-103.4727003353048,2024,2,2024-02-01,5,0.3791718375564651,-0.0931064289653673,moderate_possible_stress,-0.9348972269428398,-1.2699250301176948,0.41015334076187165,0.26522975630082096
H18,19.64603762240055,-103.4727003353048,2024,3,2024-03-01,6,0.3524170089353964,-0.1100683311759434,severe_possible_stress,-1.1283736928510122,-1.4132515903268181,0.37776495365521207,0.2386920893178554
H18,19.64603762240055,-103.4727003353048,2024,4,2024-04-01,5,0.2870328769779284,-0.1408058001721553,severe_possible_stress,-1.6011964104535739,-1.6729804607134608,0.298613387914897,0.1906019219537202
H18,19.64603762240055,-103.4727003353048,2024,5,2024-05-01,7,0.2505799159484099,-0.1314997959113872,severe_possible_stress,-1.8648045303847063,-1.594345555062626,0.25448480724896483,0.20516158860834446
H18,19.64603762240055,-103.4727003353048,2024,6,2024-06-01,3,0.2571163312543541,-0.1288103496617411,severe_possible_stress,-1.8175367062841137,-1.5716199742260173,0.26239754525290426,0.2093693495101372
H18,19.64603762240055,-103.4727003353048,2024,7,2024-07-01,3,0.5356244525205917,0.0658968156526135,no_relative_stress,0.1964835587114745,0.0736381994224069,0.5995489795482464,0.5139975597286695
H18,19.64603762240055,-103.4727003353048,2024,8,2024-08-01,4,0.4013249464844542,0.102429969573151,no_relative_stress,-0.7746979117100403,0.38234009028440175,0.4369710594524968,0.5711553395899482
H18,19.64603762240055,-103.4727003353048,2024,9,2024-09-01,4,0.4536771645829452,0.147058589608374,no_relative_stress,-0.39611495445747,0.759447947476277,0.5003466814638056,0.6409788441533452
H18,19.64603762240055,-103.4727003353048,2024,10,2024-10-01,5,0.6009439973562323,0.1002391270727247,no_relative_stress,0.6688392171430981,0.3638276666394719,0.6786223585532444,0.5677276669169983
H18,19.64603762240055,-103.4727003353048,2024,11,2024-11-01,5,0.4988263651570744,0.0017941146134041,no_relative_stress,-0.06962032840769133,-0.46802390462716226,0.5550026019506062,0.413705970273187
H18,19.64603762240055,-103.4727003353048,2024,12,2024-12-01,6,0.4741940174885375,-0.0450638636524743,moderate_possible_stress,-0.24774815876789047,-0.8639696399477359,0.5251836102861952,0.3403945334262295
H18,19.64603762240055,-103.4727003353048,2025,1,2025-01-01,5,0.3948159986802836,-0.1139288686123775,severe_possible_stress,-0.8217671056775173,-1.445872787198101,0.429091572570921,0.23265210302436765
H18,19.64603762240055,-103.4727003353048,2025,2,2025-02-01,4,0.3398703262785725,-0.1463872665312847,severe_possible_stress,-1.2191045233001396,-1.7201433534271189,0.36257641253057854,0.18186946413876795
H18,19.64603762240055,-103.4727003353048,2025,3,2025-03-01,7,0.2958423568384822,-0.1464662650368438,severe_possible_stress,-1.5374910115497298,-1.7208108837502443,0.3092778121940812,0.18174586738607754
H18,19.64603762240055,-103.4727003353048,2025,4,2025-04-01,7,0.2806026304854879,-0.1336505203688053,severe_possible_stress,-1.6476964790541297,-1.6125189848237742,0.29082917387495355,0.20179668243717852
H18,19.64603762240055,-103.4727003353048,2025,5,2025-05-01,9,0.2662403309533791,-0.1444275765775638,severe_possible_stress,-1.7515568698322936,-1.703584148176657,0.27344271539390674,0.18493548814574998
H18,19.64603762240055,-103.4727003353048,2025,6,2025-06-01,1,0.3723095533222559,-0.1069014544527354,moderate_possible_stress,-0.9845215590772884,-1.3864917645885981,0.4018461181157706,0.2436468118963288
H18,19.64603762240055,-103.4727003353048,2025,7,2025-07-01,5,0.5550742444281387,0.1241450175314762,no_relative_stress,0.33713394575817934,0.5658303079501003,0.6230941645452283,0.605129519141452
H18,19.64603762240055,-103.4727003353048,2025,8,2025-08-01,6,0.5292827572713807,0.0590683119771998,no_relative_stress,0.1506238448608775,0.015937952656324292,0.5918719623057527,0.5033140553504226
H18,19.64603762240055,-103.4727003353048,2025,9,2025-09-01,5,0.5239420135218004,0.072309885821395,no_relative_stress,0.11200247147722328,0.12782807012559239,0.5854066592216333,0.5240310995029642
H18,19.64603762240055,-103.4727003353048,2025,10,2025-10-01,6,0.5579956351477177,0.102027068070878,no_relative_stress,0.3582598651189925,0.3789356085401389,0.6266306900395839,0.5705249818764372
H18,19.64603762240055,-103.4727003353048,2025,11,2025-11-01,7,0.4576100392821368,-0.0060546352686603,no_relative_stress,-0.367674529424807,-0.5343451408052976,0.5051076713398198,0.4014262443310728
H18,19.64603762240055,-103.4727003353048,2025,12,2025-12-01,7,0.4374096694849639,-0.0621186574247863,moderate_possible_stress,-0.5137526902588299,-1.0080811255650344,0.48065386503984975,0.31371153337269964
H18,19.64603762240055,-103.4727003353048,2026,1,2026-01-01,5,0.3836923159061153,-0.086932706021693,moderate_possible_stress,-0.9022075697713491,-1.2177576221102806,0.41562566146963537,0.27488882646231305
H18,19.64603762240055,-103.4727003353048,2026,2,2026-02-01,5,0.3434891310740282,-0.1425056189534093,severe_possible_stress,-1.1929352821305304,-1.687343777744265,0.3669572012188065,0.18794247820806634
H18,19.64603762240055,-103.4727003353048,2026,3,2026-03-01,7,0.3008009225403716,-0.1573876042206808,severe_possible_stress,-1.5016333433298121,-1.8130952253685129,0.315280464938421,0.1646589358220006
H18,19.64603762240055,-103.4727003353048,2026,4,2026-04-01,7,0.3007687783363999,-0.1456965946959209,severe_possible_stress,-1.5018657928465686,-1.7143072380453022,0.31524155237664697,0.1829500516185124
H19,19.64471242055359,-103.4660382865516,2023,1,2023-01-01,4,0.4360139812759672,-0.0891640022424654,moderate_possible_stress,-0.5238455533457475,-1.2366118760825457,0.4789642974992231,0.27139786210512634
H19,19.64471242055359,-103.4660382865516,2023,2,2023-02-01,6,0.3581187893831679,-0.1288236662049045,severe_possible_stress,-1.0871414971212876,-1.5717324978275444,0.38466731415824973,0.20934851517307712
H19,19.64471242055359,-103.4660382865516,2023,3,2023-03-01,6,0.3157160302399592,-0.1614229607390943,severe_possible_stress,-1.393775342546972,-1.8471936278838301,0.333336132151006,0.15834543712865096
H19,19.64471242055359,-103.4660382865516,2023,4,2023-04-01,6,0.2981251744839374,-0.1579441270226576,severe_possible_stress,-1.5209829076627297,-1.8177977933880094,0.3120413051934978,0.1637882306025071
H19,19.64471242055359,-103.4660382865516,2023,5,2023-05-01,6,0.306563562505956,-0.1558541018957386,severe_possible_stress,-1.4599610444474906,-1.8001372675535212,0.32225649967985376,0.167058169912122
H19,19.64471242055359,-103.4660382865516,2023,6,2023-06-01,5,0.3204965156780792,-0.1465991007565268,severe_possible_stress,-1.3592054545842216,-1.7219333337289497,0.33912320764008813,0.18153803986481096
H19,19.64471242055359,-103.4660382865516,2023,7,2023-07-01,3,0.5604705104738704,0.0325259804566455,no_relative_stress,0.3761568263908844,-0.20834238038316405,0.6296266808283656,0.46178737124981806
H19,19.64471242055359,-103.4660382865516,2023,8,2023-08-01,1,0.2489106147611583,0.2929417712637563,no_relative_stress,-1.8768760147070327,1.9921478156544752,0.2524640141496685,0.8692197127259813
H19,19.64471242055359,-103.4660382865516,2023,9,2023-09-01,5,0.5984611176636555,0.08218553167342,no_relative_stress,0.6508843726177015,0.211276396394782,0.675616677980164,0.5394819963192031
H19,19.64471242055359,-103.4660382865516,2023,10,2023-10-01,2,0.592362483671148,0.0411885905194479,no_relative_stress,0.6067823464582577,-0.13514409829660337,0.6682339015337613,0.4753404184373321
H19,19.64471242055359,-103.4660382865516,2023,11,2023-11-01,5,0.5454039785858857,0.0387339255437174,no_relative_stress,0.2672038076866434,-0.15588579831760085,0.6113877052006688,0.4714999835101652
H19,19.64471242055359,-103.4660382865516,2023,12,2023-12-01,4,0.5210638406207048,0.0183853894821089,no_relative_stress,0.09118908003063644,-0.3278291123866539,0.5819224515894015,0.43966377393355716
H19,19.64471242055359,-103.4660382865516,2024,1,2024-01-01,4,0.3671447123311523,0.00010859997190559566,no_relative_stress,-1.0218708987456235,-0.4822663529533567,0.3955937562810744,0.41106890600435103
H19,19.64471242055359,-103.4660382865516,2024,2,2024-02-01,5,0.4357081145928989,-0.058030094715961,moderate_possible_stress,-0.5260574159488408,-0.9735331354881995,0.47859402682118757,0.32010827556934573
H19,19.64471242055359,-103.4660382865516,2024,3,2024-03-01,6,0.4007588526179957,-0.0783908712740927,moderate_possible_stress,-0.7787915967119482,-1.145579880660683,0.4362857675545279,0.28825291517955615
H19,19.64471242055359,-103.4660382865516,2024,4,2024-04-01,5,0.3624884690598171,-0.1086422599950691,severe_possible_stress,-1.055542334481797,-1.4012014160933746,0.3899570836762637,0.24092324249998198
H19,19.64471242055359,-103.4660382865516,2024,5,2024-05-01,7,0.339215314030277,-0.1026635218456682,moderate_possible_stress,-1.2238412180000633,-1.3506816121995404,0.3617834793909997,0.25027725008812995
H19,19.64471242055359,-103.4660382865516,2024,6,2024-06-01,3,0.3522379242477462,-0.1011640385370355,moderate_possible_stress,-1.1296687365590308,-1.338011112036928,0.37754816048226225,0.2526232598809584
H19,19.64471242055359,-103.4660382865516,2024,7,2024-07-01,3,0.482598086195908,0.0875836065358401,no_relative_stress,-0.1869744742946855,0.2568896473248339,0.5353572591037747,0.547927529801804
H19,19.64471242055359,-103.4660382865516,2024,8,2024-08-01,4,0.5053093263584637,0.1321495099769697,no_relative_stress,-0.02273905551189435,0.6334675548926725,0.5628506304303217,0.6176529114030652
H19,19.64471242055359,-103.4660382865516,2024,9,2024-09-01,4,0.4025127102161228,0.1539822386728017,no_relative_stress,-0.7661086461089827,0.8179521642899307,0.4384089214577962,0.6518112078173768
H19,19.64471242055359,-103.4660382865516,2024,10,2024-10-01,5,0.6345984789486766,0.1280661955954546,no_relative_stress,0.9122102457039112,0.5989639127133131,0.7193632054907455,0.6112643804530498
H19,19.64471242055359,-103.4660382865516,2024,11,2024-11-01,5,0.5602272700092598,0.0601188054071349,no_relative_stress,0.37439784276496524,0.024814528406242386,0.6293322230899366,0.5049576000699546
H19,19.64471242055359,-103.4660382865516,2024,12,2024-12-01,6,0.5373797564941462,0.0257567041355859,no_relative_stress,0.2091769687201061,-0.2655421612896707,0.6016738843790914,0.4511965307595372
H19,19.64471242055359,-103.4660382865516,2025,1,2025-01-01,5,0.5030156250950213,-0.0296482950780555,moderate_possible_stress,-0.03932586384414754,-0.7337094609884643,0.5600739621331865,0.3645128911494521
H19,19.64471242055359,-103.4660382865516,2025,2,2025-02-01,4,0.4573883778111386,-0.0691810882966387,moderate_possible_stress,-0.36927746542728096,-1.067758036268256,0.5048393363177196,0.3026620392628601
H19,19.64471242055359,-103.4660382865516,2025,3,2025-03-01,7,0.4028073722377038,-0.0901304647397039,moderate_possible_stress,-0.7639778095642866,-1.2447783979490579,0.4387656281949525,0.26988578759928183
H19,19.64471242055359,-103.4660382865516,2025,4,2025-04-01,7,0.381138152567481,-0.0837892001820718,moderate_possible_stress,-0.9206778991130229,-1.1911952782530408,0.412533687601405,0.27980698423113104
H19,19.64471242055359,-103.4660382865516,2025,5,2025-05-01,9,0.3689875277697834,-0.0861563831653032,moderate_possible_stress,-1.0085446531008806,-1.2111977632432314,0.39782459919312774,0.27610341885757467
H19,19.64471242055359,-103.4660382865516,2025,6,2025-06-01,1,0.5139200040394503,-0.0081927045493131,no_relative_stress,0.039528713435044625,-0.5524116354519705,0.5732743922840176,0.3980811377591758
H19,19.64471242055359,-103.4660382865516,2025,7,2025-07-01,5,0.6680179969526535,0.1587229782517959,no_relative_stress,1.1538821445353722,0.8580109907274999,0.7598196143641112,0.6592283103709966
H19,19.64471242055359,-103.4660382865516,2025,8,2025-08-01,6,0.6723603577950311,0.1641229501930314,no_relative_stress,1.1852837521248023,0.9036402718042702,0.765076312731036,0.6676768119196327
H19,19.64471242055359,-103.4660382865516,2025,9,2025-09-01,5,0.6724314951582174,0.1769964447401663,no_relative_stress,1.1857981791023862,1.01242015205622,0.7651624289416558,0.6878179792815028
H19,19.64471242055359,-103.4660382865516,2025,10,2025-10-01,6,0.6655297316310016,0.1519758460351422,no_relative_stress,1.1358883540501672,0.8009983255273572,0.7568074141514634,0.6486721153385815
H19,19.64471242055359,-103.4660382865516,2025,11,2025-11-01,7,0.5692833017917533,0.0407276738670314,no_relative_stress,0.4398861719650705,-0.13903880288302473,0.6402951138329797,0.47461929338444114
H19,19.64471242055359,-103.4660382865516,2025,12,2025-12-01,7,0.5336241023924392,-0.0151148675251379,no_relative_stress,0.18201810730248538,-0.6109032949495299,0.5971274310787323,0.38725109914831096
H19,19.64471242055359,-103.4660382865516,2026,1,2026-01-01,5,0.492305653669097,-0.0386018596066548,moderate_possible_stress,-0.11677459098096032,-0.809366282349833,0.5471088743968016,0.3505046324753567
H19,19.64471242055359,-103.4660382865516,2026,2,2026-02-01,5,0.4487203103062151,-0.0816456164612708,moderate_possible_stress,-0.43196024657525744,-1.173082187079156,0.49434610050625793,0.2831607183952894
H19,19.64471242055359,-103.4660382865516,2026,3,2026-03-01,7,0.4156696456459694,-0.0970204858816089,moderate_possible_stress,-0.6709647973031566,-1.3029984618179347,0.4543362115882824,0.2591060363485371
H19,19.64471242055359,-103.4660382865516,2026,4,2026-04-01,7,0.4273775101141202,-0.0862383364863282,moderate_possible_stress,-0.5862998468109718,-1.2118902614933922,0.4685093110297852,0.27597519916178176
H2,19.65958480327006,-103.4916814554342,2023,1,2023-01-01,4,0.2888120837713615,0.0432455970109053,no_relative_stress,-1.5883301481654208,-0.11776257698559152,0.3007672285985608,0.4785586985909612
H2,19.65958480327006,-103.4916814554342,2023,2,2023-02-01,6,0.2378301147134687,0.0028041972084796,no_relative_stress,-1.9570042046530567,-0.45948879682604493,0.2390503784294486,0.41528629040477516
H2,19.65958480327006,-103.4916814554342,2023,3,2023-03-01,6,0.2308030340410622,-0.0317402497230633,moderate_possible_stress,-2.007820255594912,-0.7513862910786363,0.2305436594266439,0.3612399330210843
H2,19.65958480327006,-103.4916814554342,2023,4,2023-04-01,6,0.2129242038814022,-0.0431485124889377,moderate_possible_stress,-2.1371102960154844,-0.8477850935180866,0.2089002215101966,0.34339118738062363
H2,19.65958480327006,-103.4916814554342,2023,5,2023-05-01,6,0.2241955913673074,-0.0467928343434291,moderate_possible_stress,-2.055601711245958,-0.8785792880143563,0.22254493836834083,0.3376894801927981
H2,19.65958480327006,-103.4916814554342,2023,6,2023-06-01,5,0.2656016922489967,-0.0358647592262835,moderate_possible_stress,-1.7561751599086795,-0.786238028360661,0.2726696034494503,0.35478695043070674
H2,19.65958480327006,-103.4916814554342,2023,7,2023-07-01,3,0.3849452515510335,0.0510659747946157,no_relative_stress,-0.8931470161037298,-0.05168108250697252,0.41714241813670616,0.4907940350955949
H2,19.65958480327006,-103.4916814554342,2023,8,2023-08-01,1,0.1025932423811719,0.3765317283325847,no_relative_stress,-2.9349642017028277,2.698475494352757,0.07533771802604339,0.9999999999999999
H2,19.65958480327006,-103.4916814554342,2023,9,2023-09-01,5,0.3931286139389484,0.1025021999057017,no_relative_stress,-0.8339693604930772,0.38295043014951413,0.4270488882026422,0.5712683472283312
H2,19.65958480327006,-103.4916814554342,2023,10,2023-10-01,2,0.4021307308893534,0.0741838105003942,no_relative_stress,-0.768870914230376,0.14366256645728767,0.43794651168207427,0.526962939839329
H2,19.65958480327006,-103.4916814554342,2023,11,2023-11-01,5,0.3795423753642951,0.0915749685428355,no_relative_stress,-0.9322176977049718,0.2906163001441939,0.4106018998660103,0.5541721970823441
H2,19.65958480327006,-103.4916814554342,2023,12,2023-12-01,4,0.3651579719616737,0.0925943696153811,no_relative_stress,-1.0362379317327501,0.29923014824846783,0.39318868327244266,0.5557670963954898
H2,19.65958480327006,-103.4916814554342,2024,1,2024-01-01,4,0.286160544361193,0.0893527361550523,no_relative_stress,-1.607504648647613,0.2718386347519433,0.29755737492835355,0.5506954135038501
H2,19.65958480327006,-103.4916814554342,2024,2,2024-02-01,5,0.2602835075198275,0.0467322674670248,no_relative_stress,-1.7946333986445542,-0.08830052273870465,0.2662316094651637,0.4840137530002568
H2,19.65958480327006,-103.4916814554342,2024,3,2024-03-01,6,0.2383592515611931,0.0025601438840557,no_relative_stress,-1.9531777728440751,-0.4615510256411285,0.23969093155349286,0.4149044578856837
H2,19.65958480327006,-103.4916814554342,2024,4,2024-04-01,5,0.2059885219761457,-0.0209186476351668,no_relative_stress,-2.187265400452804,-0.6599447190217607,0.2005041464099731,0.37817082136518165
H2,19.65958480327006,-103.4916814554342,2024,5,2024-05-01,7,0.1972487247882264,-0.0129876320128538,no_relative_stress,-2.250466891915217,-0.5929283446789012,0.1899240773478556,0.39057925579716457
H2,19.65958480327006,-103.4916814554342,2024,6,2024-06-01,3,0.2114280580994113,-0.0254411900834917,no_relative_stress,-2.147929613996653,-0.6981597991743858,0.2070890438180712,0.37109509814027486
H2,19.65958480327006,-103.4916814554342,2024,7,2024-07-01,3,0.3452272417036116,0.1102129860828432,no_relative_stress,-1.1803662050965475,0.44810588533122475,0.36906129243547814,0.5833322226831871
H2,19.65958480327006,-103.4916814554342,2024,8,2024-08-01,4,0.4093157644155876,0.1537304085622248,no_relative_stress,-0.7169126335859308,0.8158242223257586,0.4466444424562877,0.6514172081628684
H2,19.65958480327006,-103.4916814554342,2024,9,2024-09-01,4,0.4499659881952184,0.1617422009137457,no_relative_stress,-0.4229521770773084,0.8835231528229089,0.49585407120757174,0.6639520214592665
H2,19.65958480327006,-103.4916814554342,2024,10,2024-10-01,5,0.4484830441615292,0.1260947164246356,no_relative_stress,-0.43367602714719294,0.582305089630296,0.4940588750543504,0.6081799116800588
H2,19.65958480327006,-103.4916814554342,2024,11,2024-11-01,5,0.3995852327734031,0.1059678385554506,no_relative_stress,-0.7872785813631102,0.4122347675091876,0.43486502760582235,0.5766904964205948
H2,19.65958480327006,-103.4916814554342,2024,12,2024-12-01,6,0.4201337707834227,0.074340378344587,no_relative_stress,-0.638682656116644,0.14498555077053996,0.45974031322138154,0.5272078973480947
H2,19.65958480327006,-103.4916814554342,2025,1,2025-01-01,5,0.2854440735399804,-0.0119347864692069,no_relative_stress,-1.6126857785429984,-0.5840318937779919,0.2966900423568496,0.39222648050551007
H2,19.65958480327006,-103.4916814554342,2025,2,2025-02-01,4,0.2760833951328115,-0.0316333972194338,moderate_possible_stress,-1.680377147543053,-0.7504833969571622,0.28535835789247627,0.3614071086198121
H2,19.65958480327006,-103.4916814554342,2025,3,2025-03-01,7,0.2617689512152092,-0.035695288603472,moderate_possible_stress,-1.7838914723717874,-0.784806016719365,0.2680298316146147,0.3550520949230953
H2,19.65958480327006,-103.4916814554342,2025,4,2025-04-01,7,0.2470947917903336,-0.0231986113360459,no_relative_stress,-1.8900070654076668,-0.6792102088584436,0.2502658473017627,0.3746037145232702
H2,19.65958480327006,-103.4916814554342,2025,5,2025-05-01,9,0.2485531200997475,-0.0363221098712829,moderate_possible_stress,-1.8794612229567438,-0.7901026005025942,0.25203124458697285,0.3540714045585067
H2,19.65958480327006,-103.4916814554342,2025,6,2025-06-01,1,0.3914470651097851,-0.0016836793661504,no_relative_stress,-0.8461294131447447,-0.4974109534391018,0.4250132685696761,0.40826480351494254
H2,19.65958480327006,-103.4916814554342,2025,7,2025-07-01,5,0.4882295355860301,0.100824202094188,no_relative_stress,-0.14625087477651982,0.36877149836598244,0.5421744794792851,0.5686430433816712
H2,19.65958480327006,-103.4916814554342,2025,8,2025-08-01,6,0.406778231051684,0.105518634204039,no_relative_stress,-0.7352627039349345,0.4084390308211968,0.44357260020866235,0.5759876957949889
H2,19.65958480327006,-103.4916814554342,2025,9,2025-09-01,5,0.3543106801969758,0.1004374481528233,no_relative_stress,-1.1146796853702938,0.36550346207058615,0.38005736070970886,0.5680379492611611
H2,19.65958480327006,-103.4916814554342,2025,10,2025-10-01,6,0.4507098901716277,0.1284892659114441,no_relative_stress,-0.41757267988761443,0.602538819133865,0.4967546109016433,0.6119262931923596
H2,19.65958480327006,-103.4916814554342,2025,11,2025-11-01,7,0.3486104795591738,0.046990769474222,no_relative_stress,-1.1559004567678342,-0.08611620384340843,0.3731569126650753,0.48441819114028745
H2,19.65958480327006,-103.4916814554342,2025,12,2025-12-01,7,0.3639353923510693,0.0538819753991828,no_relative_stress,-1.0450789669604945,-0.027886128663425644,0.3917086744763563,0.49519979603797526
H2,19.65958480327006,-103.4916814554342,2026,1,2026-01-01,5,0.2980102110992217,0.0459932838347418,no_relative_stress,-1.5218142607503782,-0.09454486849374182,0.3119021348530707,0.4828575795183014
H2,19.65958480327006,-103.4916814554342,2026,2,2026-02-01,5,0.2836964019368982,-0.001074025364158,no_relative_stress,-1.6253239953718719,-0.4922594315202445,0.294574376986025,0.4092186349118491
H2,19.65958480327006,-103.4916814554342,2026,3,2026-03-01,7,0.2599982555091292,-0.0140152494695124,no_relative_stress,-1.7966961870744396,-0.6016116204958015,0.26588629413250736,0.38897150157761223
H2,19.65958480327006,-103.4916814554342,2026,4,2026-04-01,7,0.2581403668813934,-0.0234575787835025,no_relative_stress,-1.8101314338792813,-0.6813984606824017,0.2636372041858507,0.3741985481807979
H20,19.64573564260593,-103.463262682718,2023,1,2023-01-01,4,0.4031192440128987,-0.0931176310787069,moderate_possible_stress,-0.7617225213792708,-1.2700196869758762,0.43914316841117723,0.2652122300853281
H20,19.64573564260593,-103.463262682718,2023,2,2023-02-01,6,0.338622110660034,-0.1183701148435779,severe_possible_stress,-1.2281309442870427,-1.4834009215698924,0.36106536974953946,0.22570357142633385
H20,19.64573564260593,-103.463262682718,2023,3,2023-03-01,6,0.3003826562053757,-0.1487598685091183,severe_possible_stress,-1.5046580194901238,-1.7401916284381738,0.3147741274782414,0.17815742050184527
H20,19.64573564260593,-103.463262682718,2023,4,2023-04-01,6,0.2777213628590834,-0.1419511560336777,severe_possible_stress,-1.6685322498821809,-1.6826586155459424,0.28734121988490674,0.18880996064815878
H20,19.64573564260593,-103.463262682718,2023,5,2023-05-01,6,0.2785467337342583,-0.1468057940573387,severe_possible_stress,-1.6625636136313537,-1.723679873678058,0.2883403827571621,0.18121465880079704
H20,19.64573564260593,-103.463262682718,2023,6,2023-06-01,5,0.2846233710288575,-0.1446177959193352,severe_possible_stress,-1.618620655707152,-1.7051914846418055,0.29569653083015923,0.1846378813394508
H20,19.64573564260593,-103.463262682718,2023,7,2023-07-01,3,0.530254936878507,0.0124999568068303,no_relative_stress,0.15765412254565642,-0.3775604933495801,0.5930488462955089,0.43045574700071576
H20,19.64573564260593,-103.463262682718,2023,8,2023-08-01,1,0.2488201527614593,0.2986742597897537,no_relative_stress,-1.8775301870154644,2.0405868322028184,0.25235450426245565,0.8781884515854551
H20,19.64573564260593,-103.463262682718,2023,9,2023-09-01,5,0.6144806685608298,0.121266326650586,no_relative_stress,0.7667291099142313,0.5415056268653275,0.6950093424999412,0.6006256764122838
H20,19.64573564260593,-103.463262682718,2023,10,2023-10-01,2,0.5915509321949709,0.0683941032079149,no_relative_stress,0.6009136446348549,0.09474005643766702,0.6672514679050627,0.5179046796189122
H20,19.64573564260593,-103.463262682718,2023,11,2023-11-01,5,0.5302162806737306,0.0499453001468641,no_relative_stress,0.15737458175728192,-0.06115068328533665,0.5930020505510059,0.4890406886708206
H20,19.64573564260593,-103.463262682718,2023,12,2023-12-01,4,0.5033312502839226,0.0084509653608978,no_relative_stress,-0.03704343299904285,-0.4117741097858206,0.5604560460905734,0.4241209158435101
H20,19.64573564260593,-103.463262682718,2024,1,2024-01-01,4,0.3330499279021671,-0.0173906163209936,no_relative_stress,-1.268425959540386,-0.6301331692148511,0.35431989532520586,0.38369058671689
H20,19.64573564260593,-103.463262682718,2024,2,2024-02-01,5,0.4165567845320268,-0.0751246525845073,moderate_possible_stress,-0.66454948816868,-1.117980624170622,0.4554101484864007,0.2933630627798477
H20,19.64573564260593,-103.463262682718,2024,3,2024-03-01,6,0.3749521942398797,-0.0892814507825986,moderate_possible_stress,-0.965411407685642,-1.237604305767017,0.40504519960629815,0.27121410852566363
H20,19.64573564260593,-103.463262682718,2024,4,2024-04-01,5,0.3304382883742223,-0.1111381087976406,severe_possible_stress,-1.2873119256308188,-1.4222911157764433,0.3511583429485437,0.2370183736037813
H20,19.64573564260593,-103.463262682718,2024,5,2024-05-01,7,0.2981445972342155,-0.1024296566386581,moderate_possible_stress,-1.5208424528261375,-1.3487054720675422,0.31206481764291744,0.2506431428344439
H20,19.64573564260593,-103.463262682718,2024,6,2024-06-01,3,0.3139225442463777,-0.1006059706455426,moderate_possible_stress,-1.4067448642960556,-1.3332954881488854,0.331165005605843,0.2534963824632293
H20,19.64573564260593,-103.463262682718,2024,7,2024-07-01,3,0.4510648394969347,0.0700424513873295,no_relative_stress,-0.4150058781334515,0.10866845147552756,0.4971842991763885,0.5204835952684792
H20,19.64573564260593,-103.463262682718,2024,8,2024-08-01,4,0.5325995599611106,0.1337053798398176,no_relative_stress,0.17460916996284134,0.6466145164071649,0.5958871586276154,0.6200871405229186
H20,19.64573564260593,-103.463262682718,2024,9,2024-09-01,4,0.379824293430167,0.1727680577284076,no_relative_stress,-0.9301790185628593,0.9766906590957882,0.4109431792507203,0.6812024756074406
H20,19.64573564260593,-103.463262682718,2024,10,2024-10-01,5,0.6497205363493699,0.1565851006922055,no_relative_stress,1.0215647949176072,0.8399461161066973,0.7376693982113033,0.655883503755416
H20,19.64573564260593,-103.463262682718,2024,11,2024-11-01,5,0.5608927130889181,0.0623232665280287,no_relative_stress,0.3792099676018987,0.04344202817896544,0.6301377834008126,0.5084065796936372
H20,19.64573564260593,-103.463262682718,2024,12,2024-12-01,6,0.4899407910077444,0.0006203598172712175,no_relative_stress,-0.13387600009693548,-0.4779420279231327,0.5442460607935158,0.41186957754360204
H20,19.64573564260593,-103.463262682718,2025,1,2025-01-01,5,0.4565264121386395,-0.0602236701089081,moderate_possible_stress,-0.3755107354814934,-0.9920686518310806,0.5037958731631259,0.31667632716182803
H20,19.64573564260593,-103.463262682718,2025,2,2025-02-01,4,0.404608969029376,-0.0986861046678159,moderate_possible_stress,-0.750949634905386,-1.3170727919421759,0.4409465733665783,0.2565001000496371
H20,19.64573564260593,-103.463262682718,2025,3,2025-03-01,7,0.3585230594256978,-0.1087568407973118,severe_possible_stress,-1.0842180345863925,-1.4021696136485524,0.3851567082343072,0.2407439756267971
H20,19.64573564260593,-103.463262682718,2025,4,2025-04-01,7,0.3371030396754455,-0.0939988982582925,moderate_possible_stress,-1.2391160449477283,-1.2774663160099975,0.35922643967122825,0.2638334475263603
H20,19.64573564260593,-103.463262682718,2025,5,2025-05-01,9,0.3249004914603565,-0.0988708750050104,moderate_possible_stress,-1.3273582810377906,-1.3186340848048512,0.34445449473091355,0.2562110184586738
H20,19.64573564260593,-103.463262682718,2025,6,2025-06-01,1,0.4707580572749517,-0.0397174108468927,moderate_possible_stress,-0.2725951667058214,-0.8187925907918558,0.5210241663571443,0.3487593018545134
H20,19.64573564260593,-103.463262682718,2025,7,2025-07-01,5,0.6238730204012823,0.1373244610271208,no_relative_stress,0.8346495240717667,0.677195429517859,0.7063793696288374,0.6257493575396564
H20,19.64573564260593,-103.463262682718,2025,8,2025-08-01,6,0.6210767242853753,0.137578436505611,no_relative_stress,0.8144282213005576,0.6793414996494727,0.7029942789467194,0.6261467137197794
H20,19.64573564260593,-103.463262682718,2025,9,2025-09-01,5,0.6191757240319168,0.1544567151619493,no_relative_stress,0.8006812145101623,0.8219614482868179,0.7006929996908924,0.652553547851173
H20,19.64573564260593,-103.463262682718,2025,10,2025-10-01,6,0.6215567073989048,0.1391347654441077,no_relative_stress,0.8178991998598505,0.6924923403122353,0.7035753284128112,0.6285816610843518
H20,19.64573564260593,-103.463262682718,2025,11,2025-11-01,7,0.530034677529742,0.0339273483387267,no_relative_stress,0.15606132593365596,-0.19650094682030533,0.5927822086297365,0.46397987499813625
H20,19.64573564260593,-103.463262682718,2025,12,2025-12-01,7,0.478820389684047,-0.0263202908959597,no_relative_stress,-0.21429273451381226,-0.7055881225996631,0.5307841220924884,0.36971970496113105
H20,19.64573564260593,-103.463262682718,2026,1,2026-01-01,5,0.4407835910741003,-0.0452100022291222,moderate_possible_stress,-0.48935431213566166,-0.8652044978808127,0.4847382073484532,0.34016589298058253
H20,19.64573564260593,-103.463262682718,2026,2,2026-02-01,5,0.398491737276672,-0.0941937006461017,moderate_possible_stress,-0.7951861500188643,-1.279112378805231,0.4335412831726539,0.2635286703362204
H20,19.64573564260593,-103.463262682718,2026,3,2026-03-01,7,0.3579898113795661,-0.1087001535654202,severe_possible_stress,-1.0880741963611218,-1.4016906115971353,0.38451117824842707,0.24083266537771356
H20,19.64573564260593,-103.463262682718,2026,4,2026-04-01,7,0.3670346565563497,-0.1019614061246065,moderate_possible_stress,-1.0226667626497872,-1.3447487970046872,0.3954605269082343,0.25137574204721125
H21,19.64156668442107,-103.4659894961305,2023,1,2023-01-01,4,0.4049222470409149,-0.1277016834169962,severe_possible_stress,-0.7486841775788697,-1.5622518433815782,0.4413258159195183,0.21110390824258585
H21,19.64156668442107,-103.4659894961305,2023,2,2023-02-01,6,0.3352189920833381,-0.1598115696827307,severe_possible_stress,-1.2527404592501505,-1.8335775172381543,0.35694568266826643,0.16086653167938142
H21,19.64156668442107,-103.4659894961305,2023,3,2023-03-01,6,0.320056107484307,-0.1729764901828556,severe_possible_stress,-1.3623902487047468,-1.9448199207896242,0.33859006608022757,0.14026941516778557
H21,19.64156668442107,-103.4659894961305,2023,4,2023-04-01,6,0.3105273754815095,-0.1548984598446487,severe_possible_stress,-1.4312968905150252,-1.7920621774914818,0.3270549422671305,0.16855331533814202
H21,19.64156668442107,-103.4659894961305,2023,5,2023-05-01,6,0.3226135694845274,-0.1477483535249862,severe_possible_stress,-1.3438960652246315,-1.7316444170773369,0.3416860331838435,0.17973998167121932
H21,19.64156668442107,-103.4659894961305,2023,6,2023-06-01,5,0.3354735679208711,-0.1396802902061917,severe_possible_stress,-1.2508995043313549,-1.6634700019276492,0.35725386258191116,0.19236283345361835
H21,19.64156668442107,-103.4659894961305,2023,7,2023-07-01,3,0.5356135499343158,-0.0106652513695151,no_relative_stress,0.1964047170978056,-0.5733044354631975,0.5995357812882325,0.39421272587354433
H21,19.64156668442107,-103.4659894961305,2023,8,2023-08-01,1,0.2881313614444198,0.2766828679206515,no_relative_stress,-1.5932527642638756,1.854761533148565,0.29994317180681696,0.8437819194247966
H21,19.64156668442107,-103.4659894961305,2023,9,2023-09-01,5,0.6374043927688342,0.1224713636358218,no_relative_stress,0.9325010985161579,0.5516880818679822,0.7227599390031264,0.6025110115485992
H21,19.64156668442107,-103.4659894961305,2023,10,2023-10-01,2,0.514939363605611,-0.0570333442014972,moderate_possible_stress,0.04690017109391216,-0.9651106825786613,0.5745083905539108,0.32166773705482976
H21,19.64156668442107,-103.4659894961305,2023,11,2023-11-01,5,0.5146613043099597,-0.0231026811170345,no_relative_stress,0.04488939649327949,-0.6783996070674227,0.5741717824509882,0.37475380171125905
H21,19.64156668442107,-103.4659894961305,2023,12,2023-12-01,4,0.4413790246635971,-0.0792473768724526,moderate_possible_stress,-0.4850484581079468,-1.1528172765428644,0.4854590168092824,0.28691287323991166
H21,19.64156668442107,-103.4659894961305,2024,1,2024-01-01,4,0.3250891471337191,-0.0614101568247698,moderate_possible_stress,-1.325994025131962,-1.0020943587127207,0.34468287417842475,0.31482001476511945
H21,19.64156668442107,-103.4659894961305,2024,2,2024-02-01,5,0.4304499262126862,-0.0888157123481077,moderate_possible_stress,-0.5640817935029487,-1.2336688575523032,0.47222866215561254,0.2719427774757759
H21,19.64156668442107,-103.4659894961305,2024,3,2024-03-01,6,0.434403397642552,-0.0766764995411247,moderate_possible_stress,-0.5354924240417285,-1.1310935924864212,0.47701458565746513,0.2909351276796463
H21,19.64156668442107,-103.4659894961305,2024,4,2024-04-01,5,0.3882834010099421,-0.1147221451580071,severe_possible_stress,-0.8690073226999635,-1.452575903226489,0.42118345605275087,0.23141098581168912
H21,19.64156668442107,-103.4659894961305,2024,5,2024-05-01,7,0.3665908443703068,-0.1001300143584434,moderate_possible_stress,-1.0258761726033587,-1.3292736999913461,0.3949232646036314,0.2542410377081824
H21,19.64156668442107,-103.4659894961305,2024,6,2024-06-01,3,0.3874266050755172,-0.0903023744897928,moderate_possible_stress,-0.875203208001448,-1.2462310199982105,0.4201462511882162,0.2696168269814014
H21,19.64156668442107,-103.4659894961305,2024,7,2024-07-01,3,0.4910720735931323,0.016024698312833,no_relative_stress,-0.12569517563103122,-0.34777674212816956,0.5456155488519709,0.43597036529800864
H21,19.64156668442107,-103.4659894961305,2024,8,2024-08-01,4,0.4717978328193443,0.0691078408621977,no_relative_stress,-0.2650760717224056,0.10077107593124113,0.5222828794407821,0.519021354620773
H21,19.64156668442107,-103.4659894961305,2024,9,2024-09-01,4,0.3151620993804202,0.1124213881083227,no_relative_stress,-1.3977810712540766,0.46676668539605937,0.33266556433077543,0.5867873680312212
H21,19.64156668442107,-103.4659894961305,2024,10,2024-10-01,5,0.5557037225461479,0.0292686421457865,no_relative_stress,0.34168599142305184,-0.23586659846536231,0.6238561870290948,0.4566911174056865
H21,19.64156668442107,-103.4659894961305,2024,11,2024-11-01,5,0.4662080938900301,-0.0569199969348796,moderate_possible_stress,-0.3054980437226823,-0.9641529082894499,0.515516152177008,0.3218450740054609
H21,19.64156668442107,-103.4659894961305,2024,12,2024-12-01,6,0.4735505369151666,-0.0616232223872609,moderate_possible_stress,-0.25240146262491214,-1.0038947437044363,0.5244046369576372,0.31448666400806813
H21,19.64156668442107,-103.4659894961305,2025,1,2025-01-01,5,0.4580579121725195,-0.1011731030160376,moderate_possible_stress,-0.3644357546513034,-1.3380877060756942,0.5056498493800435,0.2526090780915491
H21,19.64156668442107,-103.4659894961305,2025,2,2025-02-01,4,0.4467880709717792,-0.1175304360893206,severe_possible_stress,-0.4459331575219204,-1.4763057110189586,0.4920070043964385,0.22701728700354418
H21,19.64156668442107,-103.4659894961305,2025,3,2025-03-01,7,0.4512147584470342,-0.0973881222528963,moderate_possible_stress,-0.41392174528219233,-1.3061049563519929,0.49736578540675147,0.2585308525353698
H21,19.64156668442107,-103.4659894961305,2025,4,2025-04-01,7,0.4440721865664633,-0.0693619274365856,moderate_possible_stress,-0.46557296624571287,-1.0692861108649603,0.488719257100347,0.30237910820867653
H21,19.64156668442107,-103.4659894961305,2025,5,2025-05-01,9,0.431125126695415,-0.0674688854902279,moderate_possible_stress,-0.5591991083985864,-1.0532900753298742,0.4730460344108772,0.3053408583787667
H21,19.64156668442107,-103.4659894961305,2025,6,2025-06-01,1,0.5622527516434772,0.0027433644889606,no_relative_stress,0.3890450316481601,-0.46000282787802144,0.6317841948134559,0.4151911148500395
H21,19.64156668442107,-103.4659894961305,2025,7,2025-07-01,5,0.5518385418024531,0.0201200782527977,no_relative_stress,0.3137350925039124,-0.3131711470564921,0.6191771449041376,0.44237777336263806
H21,19.64156668442107,-103.4659894961305,2025,8,2025-08-01,6,0.583770641961641,0.0354060311593204,no_relative_stress,0.5446507890806556,-0.18400620892564434,0.657832941797188,0.4662933414819767
H21,19.64156668442107,-103.4659894961305,2025,9,2025-09-01,5,0.6219472880849637,0.1033579109508759,no_relative_stress,0.8207236683646182,0.3901811121281722,0.7040481506698935,0.5726071460534016
H21,19.64156668442107,-103.4659894961305,2025,10,2025-10-01,6,0.650522242725965,0.1290227998463398,no_relative_stress,1.0273623022997898,0.6070471332777679,0.7386399137335218,0.6127610312843847
H21,19.64156668442107,-103.4659894961305,2025,11,2025-11-01,7,0.5482888062224013,0.0018102952888629,no_relative_stress,0.28806532258447115,-0.4678871793632986,0.6148799688047749,0.41373128567540746
H21,19.64156668442107,-103.4659894961305,2025,12,2025-12-01,7,0.5370215792087111,-0.0235529647548536,no_relative_stress,0.20658682410224857,-0.6822044636292547,0.6012402884574809,0.37404931249301143
H21,19.64156668442107,-103.4659894961305,2026,1,2026-01-01,5,0.532259094868708,-0.016916178883563,no_relative_stress,0.17214711035572872,-0.6261242152014882,0.5954750044192959,0.38443286565249984
H21,19.64156668442107,-103.4659894961305,2026,2,2026-02-01,5,0.5127991781168294,-0.0422977703547383,moderate_possible_stress,0.03142350590490988,-0.8405963983938014,0.5719175626673839,0.34472221211862053
H21,19.64156668442107,-103.4659894961305,2026,3,2026-03-01,7,0.4763613666158884,-0.0642067139092809,moderate_possible_stress,-0.2320750608202998,-1.0257250165466933,0.5278073214497435,0.31044467409363896
H21,19.64156668442107,-103.4659894961305,2026,4,2026-04-01,7,0.4888968762206069,-0.0608755325701461,moderate_possible_stress,-0.1414250278475972,-0.9975768314644027,0.5429823368986242,0.3156564587119177
H22,19.63841324577597,-103.466659499049,2023,1,2023-01-01,4,0.3517689116974917,-0.1286006768339459,severe_possible_stress,-1.133060381931723,-1.569848257539756,0.3769803915665772,0.2096973921795458
H22,19.63841324577597,-103.466659499049,2023,2,2023-02-01,6,0.292529219717319,-0.1584157402833249,severe_possible_stress,-1.5614498292401953,-1.821782883359717,0.3052670532713656,0.16305037021981159
H22,19.63841324577597,-103.466659499049,2023,3,2023-03-01,6,0.2709829991850997,-0.1735983379893616,severe_possible_stress,-1.7172604554749362,-1.9500744792685971,0.2791840107982982,0.13929650600946875
H22,19.63841324577597,-103.466659499049,2023,4,2023-04-01,6,0.2650223175557135,-0.1516676646028599,severe_possible_stress,-1.7603648846750268,-1.7647622459745522,0.27196823428309796,0.17360804134424299
H22,19.63841324577597,-103.466659499049,2023,5,2023-05-01,6,0.2853882426905434,-0.1420721637067679,severe_possible_stress,-1.6130895170827106,-1.6836811195863273,0.29662245563485373,0.18862063864341047
H22,19.63841324577597,-103.466659499049,2023,6,2023-06-01,5,0.2919156494741693,-0.1399936376802334,severe_possible_stress,-1.565886837748541,-1.6661177601240509,0.30452428826121675,0.1918725870878017
H22,19.63841324577597,-103.466659499049,2023,7,2023-07-01,3,0.4956021655826392,-0.0072146811048998,no_relative_stress,-0.09293599781000347,-0.5441474246133868,0.5510995074697954,0.3996112998923586
H22,19.63841324577597,-103.466659499049,2023,8,2023-08-01,1,0.2947720509075363,0.2622332547351827,no_relative_stress,-1.5452308857942205,1.732663591036016,0.30798214017520936,0.8211748428134515
H22,19.63841324577597,-103.466659499049,2023,9,2023-09-01,5,0.5561514276275158,0.083332226626537,no_relative_stress,0.34492355269242164,0.22096586643175364,0.6243981619260502,0.5412760526944305
H22,19.63841324577597,-103.466659499049,2023,10,2023-10-01,2,0.5165850736045624,-0.0167211602210183,no_relative_stress,0.05880105668792886,-0.6244763249040374,0.5765006250498315,0.3847379812142938
H22,19.63841324577597,-103.466659499049,2023,11,2023-11-01,5,0.4496381487484036,-0.0156467271980842,no_relative_stress,-0.42532293483671596,-0.6153974617293508,0.49545720112992486,0.3864189805152064
H22,19.63841324577597,-103.466659499049,2023,12,2023-12-01,4,0.4001468229407889,-0.075196078420143,moderate_possible_stress,-0.783217464679708,-1.1185841661085858,0.43554486749544374,0.2932513138134553
H22,19.63841324577597,-103.466659499049,2024,1,2024-01-01,4,0.297382693317115,-0.0435717437039365,moderate_possible_stress,-1.5263521303251038,-0.8513613595209104,0.31114248547796014,0.3427290229075004
H22,19.63841324577597,-103.466659499049,2024,2,2024-02-01,5,0.3453356600921455,-0.1137675595138981,severe_possible_stress,-1.1795821818852574,-1.4445097397091775,0.3691925396502165,0.23290447844097037
H22,19.63841324577597,-103.466659499049,2024,3,2024-03-01,6,0.3350434284219156,-0.1251391300969727,severe_possible_stress,-1.2540100407987753,-1.5405984964779258,0.3567331519169561,0.21511313938828097
H22,19.63841324577597,-103.466659499049,2024,4,2024-04-01,5,0.3156368485155467,-0.1296243265995545,severe_possible_stress,-1.3943479419988625,-1.5784980067213117,0.3332402777398876,0.20809584559298588
H22,19.63841324577597,-103.466659499049,2024,5,2024-05-01,7,0.3133057976195744,-0.1011003374228537,moderate_possible_stress,-1.4112048426948978,-1.337472843305991,0.3304183953853648,0.25272292316952205
H22,19.63841324577597,-103.466659499049,2024,6,2024-06-01,3,0.3360423831314554,-0.0925736718895502,moderate_possible_stress,-1.2467861400389741,-1.2654232803636885,0.35794244883650794,0.26606327896150683
H22,19.63841324577597,-103.466659499049,2024,7,2024-07-01,3,0.475372914897452,0.0283824005448487,no_relative_stress,-0.23922300962283263,-0.24335526091605375,0.5266107390553509,0.45530455213840926
H22,19.63841324577597,-103.466659499049,2024,8,2024-08-01,4,0.3821731438959131,0.0814564328121228,no_relative_stress,-0.9131934009946923,0.2051155760725801,0.41378660909352394,0.5383412880107505
H22,19.63841324577597,-103.466659499049,2024,9,2024-09-01,4,0.3911474581802163,0.129910544899796,no_relative_stress,-0.8482960085924511,0.6145484997680903,0.4246505757132894,0.6141499487714639
H22,19.63841324577597,-103.466659499049,2024,10,2024-10-01,5,0.5930598605146385,0.1114496745561811,no_relative_stress,0.6118253990225527,0.458555792584155,0.6690781196555102,0.585267078011303
H22,19.63841324577597,-103.466659499049,2024,11,2024-11-01,5,0.4254278644419741,-0.0415159311301019,moderate_possible_stress,-0.6003986309879312,-0.8339899267072807,0.4661491434635999,0.3459454351227411
H22,19.63841324577597,-103.466659499049,2024,12,2024-12-01,6,0.4202798711105454,-0.070905709510536,moderate_possible_stress,-0.637626137483687,-1.0823309316418337,0.45991717677069743,0.2999637909839833
H22,19.63841324577597,-103.466659499049,2025,1,2025-01-01,5,0.3962484797388285,-0.1171543976920384,severe_possible_stress,-0.8114081765805313,-1.4731282201149372,0.4308256801484434,0.2276056161682802
H22,19.63841324577597,-103.466659499049,2025,2,2025-02-01,4,0.3704448257666723,-0.1330384363818699,severe_possible_stress,-0.9980062613134969,-1.6073469297489706,0.3995887492208289,0.20275431565597923
H22,19.63841324577597,-103.466659499049,2025,3,2025-03-01,7,0.3676041131165197,-0.1145763244499635,severe_possible_stress,-1.0185487604637014,-1.4513437312547561,0.3961498895564663,0.2316391289374565
H22,19.63841324577597,-103.466659499049,2025,4,2025-04-01,7,0.3589834855601081,-0.0912464413549923,moderate_possible_stress,-1.0808884815341513,-1.2542083007723022,0.38571408275860375,0.26813979145983735
H22,19.63841324577597,-103.466659499049,2025,5,2025-05-01,9,0.3463999075053781,-0.0913889155347327,moderate_possible_stress,-1.1718861195676686,-1.2554121948784762,0.3704808774558975,0.26791688412971104
H22,19.63841324577597,-103.466659499049,2025,6,2025-06-01,1,0.4740713885491471,-0.0332298814295657,moderate_possible_stress,-0.2486349450055209,-0.7639735460822826,0.5250351603142029,0.3589093365075766
H22,19.63841324577597,-103.466659499049,2025,7,2025-07-01,5,0.5059535430252963,0.0789096409084096,no_relative_stress,-0.018080428624643208,0.18359541173039579,0.5636304948458801,0.5343567163172813
H22,19.63841324577597,-103.466659499049,2025,8,2025-08-01,6,0.5602828541007203,0.0885086383077862,no_relative_stress,0.37479979688430637,0.26470608325939066,0.6293995110960269,0.5493747840547651
H22,19.63841324577597,-103.466659499049,2025,9,2025-09-01,5,0.5733805519996606,0.1045846965894881,no_relative_stress,0.4695152718705426,0.40054734131127673,0.6452550905043324,0.5745265079464725
H22,19.63841324577597,-103.466659499049,2025,10,2025-10-01,6,0.568930617955468,0.0870506942005819,no_relative_stress,0.43733575300354893,0.2523865856424039,0.6398681680738549,0.5470937642306655
H22,19.63841324577597,-103.466659499049,2025,11,2025-11-01,7,0.4728898658379638,-0.0077062773645381,no_relative_stress,-0.25717907891822994,-0.548301369143364,0.5236048534530713,0.3988421751994796
H22,19.63841324577597,-103.466659499049,2025,12,2025-12-01,7,0.4336824963348148,-0.0758017184705898,moderate_possible_stress,-0.540705592822026,-1.1237017704950383,0.47614188970596494,0.2923037624261892
H22,19.63841324577597,-103.466659499049,2026,1,2026-01-01,5,0.4302689149128492,-0.0699449361203595,moderate_possible_stress,-0.5653907694294223,-1.0742124822223698,0.4720095366985657,0.30146696462324063
H22,19.63841324577597,-103.466659499049,2026,2,2026-02-01,5,0.4092641619672758,-0.0909730723183232,moderate_possible_stress,-0.71728579461316,-1.2518983568045183,0.4465819744773204,0.2685674897432324
H22,19.63841324577597,-103.466659499049,2026,3,2026-03-01,7,0.3832197821492062,-0.1046052116089779,moderate_possible_stress,-0.9056246786081849,-1.3670887174471422,0.4150536299138928,0.2472393881972144
H22,19.63841324577597,-103.466659499049,2026,4,2026-04-01,7,0.4119629995088794,-0.076729564863786,moderate_possible_stress,-0.6977692595979226,-1.1315419897280163,0.44984908548271885,0.2908521045703484
H23,19.64582256330241,-103.4600574738049,2023,1,2023-01-01,4,0.4184530401561244,-0.0762004834903555,moderate_possible_stress,-0.6508367919744691,-1.1270712993312029,0.45770568407275425,0.2916798764275776
H23,19.64582256330241,-103.4600574738049,2023,2,2023-02-01,6,0.3561365406999333,-0.1019511745589675,moderate_possible_stress,-1.1014760486601956,-1.3446623411879761,0.38226767861568783,0.25139174979671186
H23,19.64582256330241,-103.4600574738049,2023,3,2023-03-01,6,0.313744854564484,-0.1365066599287347,severe_possible_stress,-1.4080298200761152,-1.636653109258629,0.3309499011742825,0.19732812227468563
H23,19.64582256330241,-103.4600574738049,2023,4,2023-04-01,6,0.2902966209464371,-0.1289314172744452,severe_possible_stress,-1.5775947773577474,-1.5726429847507912,0.30256435334869697,0.20917993372713845
H23,19.64582256330241,-103.4600574738049,2023,5,2023-05-01,6,0.3010691634606315,-0.1327833751469696,severe_possible_stress,-1.4996935699154919,-1.6051916850725712,0.3156051872861613,0.20315337055135693
H23,19.64582256330241,-103.4600574738049,2023,6,2023-06-01,5,0.3014598573395923,-0.128742954729883,severe_possible_stress,-1.4968682828608117,-1.5710504930653062,0.31607814657030414,0.2094747919443516
H23,19.64582256330241,-103.4600574738049,2023,7,2023-07-01,3,0.5226163963365,0.0073749916778687,no_relative_stress,0.10241632417680367,-0.4208659914008405,0.5838019170212315,0.42243750610985076
H23,19.64582256330241,-103.4600574738049,2023,8,2023-08-01,1,0.2348304626089869,0.3028650756505424,no_relative_stress,-1.978696068067653,2.075998852289938,0.23541911265229626,0.8847451734860916
H23,19.64582256330241,-103.4600574738049,2023,9,2023-09-01,5,0.6641781580658279,0.1857775589217749,no_relative_stress,1.1261145042338097,1.0866197833728517,0.7551712501359144,0.701556431549293
H23,19.64582256330241,-103.4600574738049,2023,10,2023-10-01,2,0.5750782301893376,0.0670712310815204,no_relative_stress,0.48179196334332675,0.08356190500637103,0.6473102357332011,0.5158349860482573
H23,19.64582256330241,-103.4600574738049,2023,11,2023-11-01,5,0.5210273683706517,0.047978343360052,no_relative_stress,0.09092533242290794,-0.07777129262701693,0.5818782996581706,0.4859632953731658
H23,19.64582256330241,-103.4600574738049,2023,12,2023-12-01,4,0.4914612437876194,0.0117842254818814,no_relative_stress,-0.12288090703927262,-0.3836083591823923,0.5460866636211195,0.42933595281047876
H23,19.64582256330241,-103.4600574738049,2024,1,2024-01-01,4,0.3291553079509522,-0.0245422811435835,no_relative_stress,-1.2965897469033572,-0.690564098839671,0.3496052152052243,0.37250148203514366
H23,19.64582256330241,-103.4600574738049,2024,2,2024-02-01,5,0.4421734035058945,-0.0528455631658438,moderate_possible_stress,-0.47930393949499983,-0.9297243064931446,0.4864206618946636,0.32821971083359935
H23,19.64582256330241,-103.4600574738049,2024,3,2024-03-01,6,0.4057248618741923,-0.0583575705542426,moderate_possible_stress,-0.7428801007287676,-0.9763002771017879,0.4422974311851554,0.3195959247354949
H23,19.64582256330241,-103.4600574738049,2024,4,2024-04-01,5,0.359121627124116,-0.0847326209610244,moderate_possible_stress,-1.079889516376205,-1.1991670996559949,0.38588131172926826,0.27833095954086695
H23,19.64582256330241,-103.4600574738049,2024,5,2024-05-01,7,0.3203177045762477,-0.0778251965470768,moderate_possible_stress,-1.3604985198674078,-1.140799979691211,0.33890674565981865,0.28913793900175855
H23,19.64582256330241,-103.4600574738049,2024,6,2024-06-01,3,0.3365476885818573,-0.0815649357190321,moderate_possible_stress,-1.2431320440201752,-1.17240044200619,0.35855415256918793,0.28328694708372826
H23,19.64582256330241,-103.4600574738049,2024,7,2024-07-01,3,0.4422750240014042,0.0444235733809633,no_relative_stress,-0.4785690749734019,-0.10780878176663491,0.48654367983632774,0.48040169616483647
H23,19.64582256330241,-103.4600574738049,2024,8,2024-08-01,4,0.5692501681867865,0.1116863651999356,no_relative_stress,0.43964656763485516,0.46055580740453667,0.6402550035396527,0.5856373912818289
H23,19.64582256330241,-103.4600574738049,2024,9,2024-09-01,4,0.3554994738048129,0.1447561217091964,no_relative_stress,-1.106082972261191,0.7399922991719678,0.3814964694442806,0.6373765284703055
H23,19.64582256330241,-103.4600574738049,2024,10,2024-10-01,5,0.6264179086045949,0.1355667052293454,no_relative_stress,0.8530527806458186,0.6623425498670318,0.7094601153678384,0.6229992686982261
H23,19.64582256330241,-103.4600574738049,2024,11,2024-11-01,5,0.553586099904887,0.0605824720450717,no_relative_stress,0.3263724885574183,0.02873247012493561,0.6212926728753554,0.505683027600188
H23,19.64582256330241,-103.4600574738049,2024,12,2024-12-01,6,0.4876315424686123,0.0077908937858364,no_relative_stress,-0.15057523792733818,-0.41735165569847066,0.5414505715504264,0.4230882038618917
H23,19.64582256330241,-103.4600574738049,2025,1,2025-01-01,5,0.4708836241502285,-0.0449864722175206,moderate_possible_stress,-0.27168713490312246,-0.8633156892278311,0.5211761728835863,0.3405156158439111
H23,19.64582256330241,-103.4600574738049,2025,2,2025-02-01,4,0.4265196871527229,-0.074422757719521,moderate_possible_stress,-0.5925031590166544,-1.1120496751898994,0.46747086288510764,0.2944612091995603
H23,19.64582256330241,-103.4600574738049,2025,3,2025-03-01,7,0.3834009700878667,-0.0843768896195554,moderate_possible_stress,-0.9043144253251713,-1.1961612015616447,0.4152729692032416,0.2788875173937605
H23,19.64582256330241,-103.4600574738049,2025,4,2025-04-01,7,0.3681542985872321,-0.0678507554335961,moderate_possible_stress,-1.0145701163850906,-1.0565168422779874,0.39681592335015164,0.304743405495116
H23,19.64582256330241,-103.4600574738049,2025,5,2025-05-01,9,0.350114723781743,-0.0756371165857455,moderate_possible_stress,-1.1450225752397014,-1.1223108992551392,0.37497789402412474,0.29256128955672783
H23,19.64582256330241,-103.4600574738049,2025,6,2025-06-01,1,0.5089853500992333,-0.0099905329991208,no_relative_stress,0.0038439621568702753,-0.5676031254368833,0.5673006862170951,0.3952683534322063
H23,19.64582256330241,-103.4600574738049,2025,7,2025-07-01,5,0.576372699726374,0.0908617507002021,no_relative_stress,0.4911528676794646,0.2845896730126755,0.6488772717646073,0.5530563353494358
H23,19.64582256330241,-103.4600574738049,2025,8,2025-08-01,6,0.5762700983713233,0.1006856546632468,no_relative_stress,0.4904109101115897,0.36760078493678744,0.6487530664313528,0.5684262796285251
H23,19.64582256330241,-103.4600574738049,2025,9,2025-09-01,5,0.6009939432799486,0.1453748887660967,no_relative_stress,0.6692003990794139,0.7452208255916606,0.6786828212059728,0.638344617655834
H23,19.64582256330241,-103.4600574738049,2025,10,2025-10-01,6,0.6302237663906595,0.1475237387849889,no_relative_stress,0.8805746879854538,0.7633784165145167,0.7140673433562429,0.6417065911827267
H23,19.64582256330241,-103.4600574738049,2025,11,2025-11-01,7,0.524479116827395,0.0379138089677594,no_relative_stress,0.11588651240552948,-0.1628157102073919,0.5860568562393098,0.4702168738500698
H23,19.64582256330241,-103.4600574738049,2025,12,2025-12-01,7,0.4946157903735845,0.0065134706876244,no_relative_stress,-0.10006893041855162,-0.4281457668969333,0.5499054388193941,0.421089617361637
H23,19.64582256330241,-103.4600574738049,2026,1,2026-01-01,5,0.4800638020029349,-0.0014875225260596,no_relative_stress,-0.20530104839493069,-0.4957534456429434,0.5322893501800127,0.40857169980724134
H23,19.64582256330241,-103.4600574738049,2026,2,2026-02-01,5,0.44360624760589,-0.04477697722631,moderate_possible_stress,-0.4689423850783814,-0.861545475244842,0.4881552089564827,0.34084338027989985
H23,19.64582256330241,-103.4600574738049,2026,3,2026-03-01,7,0.3956613432152754,-0.064429693399366,moderate_possible_stress,-0.8156540307099502,-1.0276091733419823,0.4301149148029192,0.310095812546246
H23,19.64582256330241,-103.4600574738049,2026,4,2026-04-01,7,0.409882785599284,-0.0618841622251329,moderate_possible_stress,-0.712812242726755,-1.0060996620514127,0.44733085692955304,0.31407841177113927
H24,19.63458571520362,-103.4659597724037,2023,1,2023-01-01,4,0.4518120933197996,-0.01288233047823,no_relative_stress,-0.40960214220107405,-0.5920385561071358,0.498088896489444,0.3907440048343863
H24,19.63458571520362,-103.4659597724037,2023,2,2023-02-01,6,0.3963024555115545,-0.0356021108090331,moderate_possible_stress,-0.811017852953361,-0.7840186726703895,0.4308910211844931,0.3551978758177337
H24,19.63458571520362,-103.4659597724037,2023,3,2023-03-01,6,0.3699872893129804,-0.064433083186199,moderate_possible_stress,-1.001314917755974,-1.0276378167382585,0.3990348728350945,0.31009050907066876
H24,19.63458571520362,-103.4659597724037,2023,4,2023-04-01,6,0.3514515595228556,-0.0643901069071077,moderate_possible_stress,-1.1353553014046331,-1.0272746710146083,0.3765962169853519,0.31015774741272106
H24,19.63458571520362,-103.4659597724037,2023,5,2023-05-01,6,0.3130890428114921,-0.0791619965802846,moderate_possible_stress,-1.4127722963620593,-1.1520958206923253,0.3301560001844525,0.28704645458782496
H24,19.63458571520362,-103.4659597724037,2023,6,2023-06-01,5,0.3075003593136252,-0.0840346820461191,moderate_possible_stress,-1.4531866360523211,-1.1932695781004767,0.32339055058620786,0.2794229166968669
H24,19.63458571520362,-103.4659597724037,2023,7,2023-07-01,3,0.5029938028348551,0.0525259071023323,no_relative_stress,-0.03948367063988105,-0.03934478477305929,0.5600475449275367,0.49307816554976636
H24,19.63458571520362,-103.4659597724037,2023,8,2023-08-01,1,0.3062306421667257,0.2756075795724036,no_relative_stress,-1.4623685444758223,1.8456754425512956,0.3218534788653537,0.8420995819285533
H24,19.63458571520362,-103.4659597724037,2023,9,2023-09-01,5,0.5558843655269643,0.1028414231237587,no_relative_stress,0.3429923038653584,0.38581683607401385,0.6240748666130177,0.5717990773717978
H24,19.63458571520362,-103.4659597724037,2023,10,2023-10-01,2,0.5554099694366543,0.0607434656271985,no_relative_stress,0.3395617276395197,0.030092851528832114,0.6235005805866537,0.5059349093771158
H24,19.63458571520362,-103.4659597724037,2023,11,2023-11-01,5,0.4750575083540782,0.0388296863672981,no_relative_stress,-0.2415038593416091,-0.1550766279028548,0.5262289197819986,0.47164980567130316
H24,19.63458571520362,-103.4659597724037,2023,12,2023-12-01,4,0.4806144651556432,0.0540480849712086,no_relative_stress,-0.20131894997820018,-0.02648251760137013,0.532955962237518,0.4954596820136387
H24,19.63458571520362,-103.4659597724037,2024,1,2024-01-01,4,0.3128667307796511,-0.0063731220610381,no_relative_stress,-1.4143799368690737,-0.53703632578307,0.32988687761791646,0.40092795726812036
H24,19.63458571520362,-103.4659597724037,2024,2,2024-02-01,5,0.3278350651699174,-0.0561516246998988,moderate_possible_stress,-1.3061370294157273,-0.9576602314638916,0.3480069790560585,0.32304722729214613
H24,19.63458571520362,-103.4659597724037,2024,3,2024-03-01,6,0.3056229731616975,-0.0817073570100552,moderate_possible_stress,-1.466762878418302,-1.1736038892074216,0.3211178576716499,0.2830641225004042
H24,19.63458571520362,-103.4659597724037,2024,4,2024-04-01,5,0.2691160764027027,-0.0928293382751814,moderate_possible_stress,-1.7307610324054568,-1.2675836385097679,0.27692398444451694,0.26566327728030453
H24,19.63458571520362,-103.4659597724037,2024,5,2024-05-01,7,0.268721285738863,-0.0604706849045149,moderate_possible_stress,-1.7336159451950341,-0.9941559048134145,0.2764460657470125,0.31628986128646225
H24,19.63458571520362,-103.4659597724037,2024,6,2024-06-01,3,0.2855815964191657,-0.0544485656887948,moderate_possible_stress,-1.6116912873794358,-0.943269534779973,0.29685652237098686,0.3257117405246795
H24,19.63458571520362,-103.4659597724037,2024,7,2024-07-01,3,0.4837696537297836,0.0707388345413902,no_relative_stress,-0.1785023308458388,0.11455282699072579,0.5367755146024803,0.5215731183659233
H24,19.63458571520362,-103.4659597724037,2024,8,2024-08-01,4,0.4541029646370964,0.1414824434032121,no_relative_stress,-0.3930357985104272,0.7123300095889397,0.5008621389604394,0.6322547099610936
H24,19.63458571520362,-103.4659597724037,2024,9,2024-09-01,4,0.5850976572857922,0.1854316521686371,no_relative_stress,0.5542470469658805,1.0836969021732754,0.6594393765317851,0.7010152447114038
H24,19.63458571520362,-103.4659597724037,2024,10,2024-10-01,5,0.5561671913924676,0.1274611472314833,no_relative_stress,0.34503754772395345,0.5938513080247839,0.6244172449457455,0.6103177547861687
H24,19.63458571520362,-103.4659597724037,2024,11,2024-11-01,5,0.5224086400220416,0.0906331185487046,no_relative_stress,0.10091394275396484,0.2826577517328255,0.583550415057536,0.5526986299563309
H24,19.63458571520362,-103.4659597724037,2024,12,2024-12-01,6,0.480882217046632,0.0538209323519252,no_relative_stress,-0.19938271295936377,-0.02840193696602623,0.5332800925848548,0.4951042914159325
H24,19.63458571520362,-103.4659597724037,2025,1,2025-01-01,5,0.46994065625159,0.0176360936345189,no_relative_stress,-0.27850616929416194,-0.3341605954409007,0.5200346514871007,0.43849146652202975
H24,19.63458571520362,-103.4659597724037,2025,2,2025-02-01,4,0.4342697159110125,-0.0044309971060929,no_relative_stress,-0.5364591381007517,-0.5206255432049797,0.47685275559189033,0.40396650003613055
H24,19.63458571520362,-103.4659597724037,2025,3,2025-03-01,7,0.385677845111677,-0.0212443530527705,no_relative_stress,-0.8878492952673205,-0.6626969007385911,0.4180292682888796,0.3776612404349529
H24,19.63458571520362,-103.4659597724037,2025,4,2025-04-01,7,0.3558851149899588,-0.0166855270079266,no_relative_stress,-1.10329422355839,-0.6241752274328795,0.38196331212773327,0.3847937309958231
H24,19.63458571520362,-103.4659597724037,2025,5,2025-05-01,9,0.3385975524428146,-0.0266609432899053,no_relative_stress,-1.228308536046045,-0.7084666049328994,0.3610356404974027,0.3691867388070259
H24,19.63458571520362,-103.4659597724037,2025,6,2025-06-01,1,0.4723451841328535,0.022419693373055,no_relative_stress,-0.26111792273749446,-0.2937396044795128,0.5229454823105801,0.44597562574338867
H24,19.63458571520362,-103.4659597724037,2025,7,2025-07-01,5,0.5760478154614749,0.1726826160474029,no_relative_stress,0.4888034801990922,0.9759686845150568,0.6484839791188033,0.681068798213902
H24,19.63458571520362,-103.4659597724037,2025,8,2025-08-01,6,0.6207517487717591,0.1875647520156972,no_relative_stress,0.8120781739587613,1.1017214055495008,0.7026008758386576,0.7043525763785677
H24,19.63458571520362,-103.4659597724037,2025,9,2025-09-01,5,0.6212403004548241,0.1963770059978615,no_relative_stress,0.815611115783643,1.176184165402298,0.7031922980920695,0.7181397482797343
H24,19.63458571520362,-103.4659597724037,2025,10,2025-10-01,6,0.5728612305486658,0.1407700124711667,no_relative_stress,0.46575981970780034,0.7063100317816758,0.6446264195296146,0.6311400793855679
H24,19.63458571520362,-103.4659597724037,2025,11,2025-11-01,7,0.5343544397433114,0.0916446469105497,no_relative_stress,0.18729951244877838,0.2912050761341436,0.5980115499483959,0.554281212055745
H24,19.63458571520362,-103.4659597724037,2025,12,2025-12-01,7,0.5072543231135093,0.0415330061373281,no_relative_stress,-0.008673889791761761,-0.13223381705690318,0.5652051701926883,0.47587927232633387
H24,19.63458571520362,-103.4659597724037,2026,1,2026-01-01,5,0.4611480454390165,0.0186686014337519,no_relative_stress,-0.34208958035675724,-0.32543599666560025,0.5093906482415865,0.44010687190482195
H24,19.63458571520362,-103.4659597724037,2026,2,2026-02-01,5,0.4209416842539661,-0.0250619140658094,no_relative_stress,-0.6328402623844989,-0.6949549506668685,0.46071834281758084,0.3716884927092874
H24,19.63458571520362,-103.4659597724037,2026,3,2026-03-01,7,0.3997021885642687,-0.0268998857832267,no_relative_stress,-0.7864328202706113,-0.710485647681194,0.4350066098780384,0.36881290241549847
H24,19.63458571520362,-103.4659597724037,2026,4,2026-04-01,7,0.4312793758403219,-0.0020952189264459,no_relative_stress,-0.5580836619179296,-0.5008884260029013,0.47323276261186376,0.40762093116702697
H25,19.6352254903721,-103.4698151940444,2023,1,2023-01-01,4,0.4681514783970154,-0.0536855892900534,moderate_possible_stress,-0.2914445369094815,-0.9368224522891798,0.5178687402126404,0.3269054517803096
H25,19.6352254903721,-103.4698151940444,2023,2,2023-02-01,6,0.3852593271347524,-0.0957466290645377,moderate_possible_stress,-0.8908757911661074,-1.292234485376901,0.4175226262004658,0.2610990432398478
H25,19.6352254903721,-103.4698151940444,2023,3,2023-03-01,6,0.3335617230660399,-0.134898061845297,severe_possible_stress,-1.2647249334199262,-1.623060598984967,0.35493945526040854,0.19984484709232364
H25,19.6352254903721,-103.4698151940444,2023,4,2023-04-01,6,0.3125190966680934,-0.1344671982095545,severe_possible_stress,-1.4168938389495507,-1.6194198397078814,0.32946604486521686,0.20051895283461918
H25,19.6352254903721,-103.4698151940444,2023,5,2023-05-01,6,0.3019797251476925,-0.1473061343642242,severe_possible_stress,-1.493108879738661,-1.7279077046270634,0.31670747894434076,0.18043185364855396
H25,19.6352254903721,-103.4698151940444,2023,6,2023-06-01,5,0.3116676886722239,-0.1534049211790933,severe_possible_stress,-1.4230507615903139,-1.7794419090324463,0.32843536243601934,0.17089002446667237
H25,19.6352254903721,-103.4698151940444,2023,7,2023-07-01,3,0.6315533414500611,0.1078896235869659,no_relative_stress,0.8901894564930761,0.42847367954917837,0.7156768768098547,0.5796972164538823
H25,19.6352254903721,-103.4698151940444,2023,8,2023-08-01,1,0.3227778401913416,0.2872808186377217,no_relative_stress,-1.3427081482225536,1.944313271077839,0.3418848931099502,0.8603628950335422
H25,19.6352254903721,-103.4698151940444,2023,9,2023-09-01,5,0.6633640929930771,0.1689394642181624,no_relative_stress,1.1202276254379917,0.9443393855505211,0.7541857736419442,0.6752124670384324
H25,19.6352254903721,-103.4698151940444,2023,10,2023-10-01,2,0.6424809190649892,0.1237721224456844,no_relative_stress,0.9692117940239033,0.5626793777477024,0.7289053903968059,0.6045461078304165
H25,19.6352254903721,-103.4698151940444,2023,11,2023-11-01,5,0.5673749568300088,0.0777622460603209,no_relative_stress,0.4260860522124347,0.1739000276433631,0.6379849433501326,0.5325615649245582
H25,19.6352254903721,-103.4698151940444,2023,12,2023-12-01,4,0.5731540131530326,0.1035284177423294,no_relative_stress,0.4678770653225854,0.3916218793020383,0.6449808511151289,0.5728739116787278
H25,19.6352254903721,-103.4698151940444,2024,1,2024-01-01,4,0.347194314957517,-0.0075754523770095,no_relative_stress,-1.166141394063805,-0.5471959096719502,0.3714425571752745,0.3990468568388962
H25,19.6352254903721,-103.4698151940444,2024,2,2024-02-01,5,0.3698900949385553,-0.0850842198974291,moderate_possible_stress,-1.0020177749611634,-1.2021380792962768,0.3989172129887895,0.277780867023528
H25,19.6352254903721,-103.4698151940444,2024,3,2024-03-01,6,0.3314415957853865,-0.1215137702955011,severe_possible_stress,-1.2800565484844795,-1.5099645296377344,0.35237290908462343,0.22078517958226906
H25,19.6352254903721,-103.4698151940444,2024,4,2024-04-01,5,0.2860135718818943,-0.1435136451614084,severe_possible_stress,-1.6085674742139138,-1.6958615092580733,0.2973794555844859,0.18636537538752876
H25,19.6352254903721,-103.4698151940444,2024,5,2024-05-01,7,0.2715427047702572,-0.1217102431084101,severe_possible_stress,-1.7132129670720366,-1.511624707376013,0.27986156928370615,0.2204777889361342
H25,19.6352254903721,-103.4698151940444,2024,6,2024-06-01,3,0.2755032623200185,-0.1218319765036452,severe_possible_stress,-1.6845723546201101,-1.512653343703768,0.2846560709752198,0.2202873315061037
H25,19.6352254903721,-103.4698151940444,2024,7,2024-07-01,3,0.5373970785597673,0.1239104564507263,no_relative_stress,0.20930223254018387,0.5638482877470917,0.6016948538188426,0.6047625376690423
H25,19.6352254903721,-103.4698151940444,2024,8,2024-08-01,4,0.4260781744999461,0.1743630944160446,no_relative_stress,-0.5956959399880014,0.9901685767849862,0.46693638430880446,0.6836979830049383
H25,19.6352254903721,-103.4698151940444,2024,9,2024-09-01,4,0.4323029856811256,0.1650624245360582,no_relative_stress,-0.5506814685691159,0.9115787461757825,0.4744719061040418,0.6691466622315122
H25,19.6352254903721,-103.4698151940444,2024,10,2024-10-01,5,0.6774995677187282,0.2179582974497955,no_relative_stress,1.2224477417612047,1.3585441525237663,0.7712976465615959,0.7519046596973136
H25,19.6352254903721,-103.4698151940444,2024,11,2024-11-01,5,0.5159152519406305,0.0456990271718742,no_relative_stress,0.05395726829512159,-0.09703131103914997,0.5756897641898681,0.4823972015943071
H25,19.6352254903721,-103.4698151940444,2024,12,2024-12-01,6,0.4834351773058911,-0.0171624207225629,no_relative_stress,-0.1809210836377504,-0.6282049367694629,0.536370610050539,0.384047609102879
H25,19.6352254903721,-103.4698151940444,2025,1,2025-01-01,5,0.4600021926743927,-0.058651472159278,moderate_possible_stress,-0.35037576848714747,-0.9787837194401949,0.5080035220733162,0.3191361023156177
H25,19.6352254903721,-103.4698151940444,2025,2,2025-02-01,4,0.4109944603166653,-0.0923075103563695,moderate_possible_stress,-0.7047732117688429,-1.263174239157273,0.4486766084420437,0.26647970077808947
H25,19.6352254903721,-103.4698151940444,2025,3,2025-03-01,7,0.3514835712346861,-0.112896973155084,severe_possible_stress,-1.135123809999461,-1.4371533626575512,0.37663496915713357,0.23426655037036256
H25,19.6352254903721,-103.4698151940444,2025,4,2025-04-01,7,0.313684821517473,-0.1047771848350503,moderate_possible_stress,-1.408463946638385,-1.3685418758626913,0.3308772274302895,0.24697032826827256
H25,19.6352254903721,-103.4698151940444,2025,5,2025-05-01,9,0.2967639382478328,-0.1117679141589931,severe_possible_stress,-1.5308266326948632,-1.4276129148838357,0.3103934439127177,0.23603301448921
H25,19.6352254903721,-103.4698151940444,2025,6,2025-06-01,1,0.4224948367113377,-0.0611115815786115,moderate_possible_stress,-0.6216087029256498,-0.9995714245238431,0.4625985306422713,0.31528714930896595
H25,19.6352254903721,-103.4698151940444,2025,7,2025-07-01,5,0.6262225220894404,0.1760977330052841,no_relative_stress,0.8516398509285847,1.004826118086379,0.7092235878169476,0.6864119039228608
H25,19.6352254903721,-103.4698151940444,2025,8,2025-08-01,6,0.5977401545148321,0.1405984556714592,no_relative_stress,0.6456707566360786,0.7048603921317533,0.6747439071661756,0.630871670974602
H25,19.6352254903721,-103.4698151940444,2025,9,2025-09-01,5,0.6034861249317482,0.1542684036397541,no_relative_stress,0.6872225103483938,0.8203702327268583,0.6816997623802862,0.6522589259153175
H25,19.6352254903721,-103.4698151940444,2025,10,2025-10-01,6,0.5266995654206589,0.0612688801825911,no_relative_stress,0.13194359700285574,0.03453255764040684,0.5887448476149091,0.5067569443308557
H25,19.6352254903721,-103.4698151940444,2025,11,2025-11-01,7,0.4919000364564976,0.017519484090589,no_relative_stress,-0.1197077955219701,-0.33514593568231577,0.5466178494874344,0.4383090255902622
H25,19.6352254903721,-103.4698151940444,2025,12,2025-12-01,7,0.4886948266875922,-0.0205071787051559,no_relative_stress,-0.14288614091020532,-0.6564678432775638,0.542737743349449,0.3788145832088066
H25,19.6352254903721,-103.4698151940444,2026,1,2026-01-01,5,0.4210766793042095,-0.0544610825674224,moderate_possible_stress,-0.6318640511141481,-0.9433753012875249,0.460881762737278,0.3256921572991331
H25,19.6352254903721,-103.4698151940444,2026,2,2026-02-01,5,0.3787694993668261,-0.110157574413195,severe_possible_stress,-0.9378067193613393,-1.414005687718632,0.40966628531411,0.23855246421677517
H25,19.6352254903721,-103.4698151940444,2026,3,2026-03-01,7,0.3342535657504014,-0.1303072204373585,severe_possible_stress,-1.259721900904544,-1.5842683987177604,0.355776973937705,0.2070274271439594
H25,19.6352254903721,-103.4698151940444,2026,4,2026-04-01,7,0.343206053750392,-0.1172290390591736,severe_possible_stress,-1.1949823443984886,-1.4737589330071579,0.3666145184803408,0.22748883635670036
H26,19.6375519816719,-103.4725797498141,2023,1,2023-01-01,4,0.4713637313573569,-0.0344944678178649,moderate_possible_stress,-0.2682152589659657,-0.7746591882273713,0.5217573725727118,0.35693083362345135
H26,19.6375519816719,-103.4725797498141,2023,2,2023-02-01,6,0.3870870794595434,-0.0774820788590503,moderate_possible_stress,-0.877658473822593,-1.1379006658429633,0.4197352342746514,0.28967476222050903
H26,19.6375519816719,-103.4725797498141,2023,3,2023-03-01,6,0.3320214498048481,-0.1314558960744489,severe_possible_stress,-1.275863357490173,-1.5939746053575758,0.35307485850518094,0.2052302718986271
H26,19.6375519816719,-103.4725797498141,2023,4,2023-04-01,6,0.3054130566464846,-0.1350070541757835,severe_possible_stress,-1.4682808812459176,-1.6239815744524506,0.32086374065034173,0.19967432363721588
H26,19.6375519816719,-103.4725797498141,2023,5,2023-05-01,6,0.3074430125756074,-0.13944361756486,severe_possible_stress,-1.453601336679269,-1.6614701392261344,0.32332112878663183,0.19273311855853556
H26,19.6375519816719,-103.4725797498141,2023,6,2023-06-01,5,0.3161691228297511,-0.1396900568137336,severe_possible_stress,-1.3904988217273586,-1.6635525288899273,0.33388462896259774,0.19234755315219446
H26,19.6375519816719,-103.4725797498141,2023,7,2023-07-01,3,0.6339543760791063,0.1244751686219251,no_relative_stress,0.9075524417369802,0.568620055205796,0.7185834788338636,0.6056460555289176
H26,19.6375519816719,-103.4725797498141,2023,8,2023-08-01,1,0.2985887100222656,0.2799115843713269,no_relative_stress,-1.517630869081254,1.8820438990660724,0.3126024438449802,0.8488333930677128
H26,19.6375519816719,-103.4725797498141,2023,9,2023-09-01,5,0.6454848447840056,0.1572010202455963,no_relative_stress,0.9909345619099325,0.8451505813758109,0.7325418296506361,0.6568471378922754
H26,19.6375519816719,-103.4725797498141,2023,10,2023-10-01,2,0.6397976962770283,0.1319512683577115,no_relative_stress,0.949808176470916,0.6317924308985696,0.7256571820236283,0.617342753378999
H26,19.6375519816719,-103.4725797498141,2023,11,2023-11-01,5,0.5563872567734262,0.062231120693901,no_relative_stress,0.3466289416655713,0.042663404102540284,0.6246836478014022,0.5082624133478117
H26,19.6375519816719,-103.4725797498141,2023,12,2023-12-01,4,0.5798657152709793,0.1038832866555988,no_relative_stress,0.5164124689463688,0.3946204899550545,0.6531057847269056,0.5734291202235029
H26,19.6375519816719,-103.4725797498141,2024,1,2024-01-01,4,0.4080241885227358,0.0341260656332519,no_relative_stress,-0.7262526126506584,-0.1948218034126396,0.4450809093614664,0.4642907772377788
H26,19.6375519816719,-103.4725797498141,2024,2,2024-02-01,5,0.4706134724570261,0.0040527902506585,no_relative_stress,-0.2736407259950402,-0.4489382970286246,0.5208491374261411,0.41723977097194476
H26,19.6375519816719,-103.4725797498141,2024,3,2024-03-01,6,0.4271492964984659,-0.0338266298226174,moderate_possible_stress,-0.5879501643837088,-0.7690160167571279,0.4682330442283227,0.3579756965224603
H26,19.6375519816719,-103.4725797498141,2024,4,2024-04-01,5,0.3661983942491986,-0.0732125131840365,moderate_possible_stress,-1.028714159852414,-1.1018232168523006,0.3944481792789398,0.29635469178494017
H26,19.6375519816719,-103.4725797498141,2024,5,2024-05-01,7,0.3263633158421823,-0.0706679031231499,moderate_possible_stress,-1.316779925420252,-1.0803214888873203,0.3462253347919232,0.30033584988613515
H26,19.6375519816719,-103.4725797498141,2024,6,2024-06-01,3,0.3301283082202249,-0.069909679863131,moderate_possible_stress,-1.2895535346333098,-1.0739145699946209,0.3507830926576431,0.301522124640188
H26,19.6375519816719,-103.4725797498141,2024,7,2024-07-01,3,0.6452863609719611,0.2091053399866523,no_relative_stress,0.9894992342149495,1.2837374518885722,0.7323015526288712,0.7380538053500478
H26,19.6375519816719,-103.4725797498141,2024,8,2024-08-01,4,0.4733307433552282,0.2235387172654107,no_relative_stress,-0.2539908909037676,1.4056982020381095,0.5241385631582621,0.760635480147369
H26,19.6375519816719,-103.4725797498141,2024,9,2024-09-01,4,0.4051381519717094,0.1457054903818269,no_relative_stress,-0.7471228697650955,0.7480143797457839,0.44158718229101884,0.63886185891058
H26,19.6375519816719,-103.4725797498141,2024,10,2024-10-01,5,0.6881719132089941,0.2141089255666892,no_relative_stress,1.2996243784592865,1.3260173035818277,0.78421718575844,0.7458821424195184
H26,19.6375519816719,-103.4725797498141,2024,11,2024-11-01,5,0.5687986346661881,0.0919542981254266,no_relative_stress,0.4363813211613394,0.293821601270411,0.6397083940784632,0.5547656754560911
H26,19.6375519816719,-103.4725797498141,2024,12,2024-12-01,6,0.520400478848515,0.0295566677750472,no_relative_stress,0.08639200608485968,-0.23343280759795215,0.5811194108309,0.4571417465943817
H26,19.6375519816719,-103.4725797498141,2025,1,2025-01-01,5,0.4804959701165692,-0.0302405371042156,moderate_possible_stress,-0.2021758420821413,-0.738713853265168,0.532812516609437,0.363586301580167
H26,19.6375519816719,-103.4725797498141,2025,2,2025-02-01,4,0.4411269470324535,-0.0660918011989337,moderate_possible_stress,-0.48687134734782633,-1.0416538359423984,0.48515386113013215,0.3074953693455291
H26,19.6375519816719,-103.4725797498141,2025,3,2025-03-01,7,0.3880139464789394,-0.094647804115445,moderate_possible_stress,-0.8709558722915048,-1.2829495126026078,0.4208572645535878,0.26281820481792917
H26,19.6375519816719,-103.4725797498141,2025,4,2025-04-01,7,0.3449162392980584,-0.0998943062373828,moderate_possible_stress,-1.1826152064700035,-1.3272819874000599,0.3686848046453741,0.2546098137772949
H26,19.6375519816719,-103.4725797498141,2025,5,2025-05-01,9,0.3138469679556729,-0.1136438695961781,severe_possible_stress,-1.407291391199259,-1.443464570941001,0.331073515796878,0.23309799693935887
H26,19.6375519816719,-103.4725797498141,2025,6,2025-06-01,1,0.4477356848855218,-0.0551718436931572,moderate_possible_stress,-0.4390805256597244,-0.949381169380457,0.49315415008369534,0.32458013921147855
H26,19.6375519816719,-103.4725797498141,2025,7,2025-07-01,5,0.7023228818016526,0.2316494775177505,no_relative_stress,1.4019565380579133,1.4742334024665091,0.8013478149695084,0.7733251332230164
H26,19.6375519816719,-103.4725797498141,2025,8,2025-08-01,6,0.627550160392849,0.1520091148654486,no_relative_stress,0.8612406138632257,0.8012794441749477,0.710830776706753,0.6487241659357741
H26,19.6375519816719,-103.4725797498141,2025,9,2025-09-01,5,0.5694316183086474,0.1086919665828327,no_relative_stress,0.44095871688512567,0.4352534062730931,0.6404746602181018,0.580952518540057
H26,19.6375519816719,-103.4725797498141,2025,10,2025-10-01,6,0.6256457571870154,0.1504687123966611,no_relative_stress,0.8474689987597473,0.7882631807601466,0.708525377965042,0.6463141362569724
H26,19.6375519816719,-103.4725797498141,2025,11,2025-11-01,7,0.5551900579368599,0.0818524287943213,no_relative_stress,0.33797144648334443,0.20846170678837656,0.6232343640137342,0.5389608417242263
H26,19.6375519816719,-103.4725797498141,2025,12,2025-12-01,7,0.5567439147191929,0.0284463048429035,no_relative_stress,0.3492080992397927,-0.2428152752995194,0.625115404467676,0.45540453331737757
H26,19.6375519816719,-103.4725797498141,2026,1,2026-01-01,5,0.4816465976701857,-0.0158826626860011,no_relative_stress,-0.1938551252574041,-0.6173910955502854,0.5342054229572942,0.38604984872031267
H26,19.6375519816719,-103.4725797498141,2026,2,2026-02-01,5,0.423402085800326,-0.1010446751375867,moderate_possible_stress,-0.615047967668402,-1.3370025019620984,0.46369681219407977,0.2528100093448571
H26,19.6375519816719,-103.4725797498141,2026,3,2026-03-01,7,0.3553285652466645,-0.1375142814527168,severe_possible_stress,-1.1073188906179234,-1.6451674212286025,0.3812895739855374,0.19575165260068692
H26,19.6375519816719,-103.4725797498141,2026,4,2026-04-01,7,0.348762627313148,-0.1309696111219636,severe_possible_stress,-1.1548002064110963,-1.5898655408991262,0.3733410970014027,0.20599108681004877
H27,19.63252169252172,-103.4706206808633,2023,1,2023-01-01,4,0.4438444646277967,-0.0859784223999737,moderate_possible_stress,-0.4672197282761105,-1.2096940106552134,0.48844358550451383,0.2763818465638377
H27,19.63252169252172,-103.4706206808633,2023,2,2023-02-01,6,0.3479353370012272,-0.1363354288480753,severe_possible_stress,-1.1607827229914665,-1.6352062219056,0.37233961053136866,0.19759602108339583
H27,19.63252169252172,-103.4706206808633,2023,3,2023-03-01,6,0.2555397914779924,-0.2048181369552865,severe_possible_stress,-1.8289373901985655,-2.2138789948621573,0.2604890456213409,0.0904517114842262
H27,19.63252169252172,-103.4706206808633,2023,4,2023-04-01,6,0.2319775845828121,-0.2019765295415953,severe_possible_stress,-1.999326540644731,-2.1898676657663465,0.23196552604224896,0.0948975354433953
H27,19.63252169252172,-103.4706206808633,2023,5,2023-05-01,6,0.2343170468891391,-0.2125826598169004,severe_possible_stress,-1.9824088131733952,-2.2794885202328627,0.23479759093311092,0.07830376254400329
H27,19.63252169252172,-103.4706206808633,2023,6,2023-06-01,5,0.2335289862828212,-0.2194093519912671,severe_possible_stress,-1.9881076417172556,-2.3371734599767344,0.23384359446606445,0.06762309234148317
H27,19.63252169252172,-103.4706206808633,2023,7,2023-07-01,3,0.597955190619035,0.0531992913365704,no_relative_stress,0.6472257815653388,-0.03365474807822308,0.6750042217689516,0.494131705791771
H27,19.63252169252172,-103.4706206808633,2023,8,2023-08-01,1,0.3238737078295468,0.2487023975042348,no_relative_stress,-1.3347834255212423,1.6183290547607574,0.3432115091681782,0.8000052016534491
H27,19.63252169252172,-103.4706206808633,2023,9,2023-09-01,5,0.6662801890912154,0.1443221759620411,no_relative_stress,1.1413152569570415,0.7363254963284539,0.7577158896671445,0.6366976006246126
H27,19.63252169252172,-103.4706206808633,2023,10,2023-10-01,2,0.6085626823629151,0.0839662819627334,no_relative_stress,0.7239334310077241,0.22632357744736165,0.6878452514648375,0.5422680610878204
H27,19.63252169252172,-103.4706206808633,2023,11,2023-11-01,5,0.5299667331743748,0.0194238569936424,no_relative_stress,0.15556998906355182,-0.3190541545741852,0.5926999577540343,0.4412885035571322
H27,19.63252169252172,-103.4706206808633,2023,12,2023-12-01,4,0.5248592084591004,0.0342617575486112,no_relative_stress,0.11863512973607437,-0.1936752188353208,0.5865169808425369,0.4645030734070044
H27,19.63252169252172,-103.4706206808633,2024,1,2024-01-01,4,0.3572749638192449,-0.0266856136106185,no_relative_stress,-1.093243587710731,-0.7086750669416517,0.38364581073537557,0.36914814096892246
H27,19.63252169252172,-103.4706206808633,2024,2,2024-02-01,5,0.3509389054825907,-0.1068848752737279,moderate_possible_stress,-1.1390625384551403,-1.3863516720053057,0.375975617326761,0.24367275077546452
H27,19.63252169252172,-103.4706206808633,2024,3,2024-03-01,6,0.2931562695097937,-0.1672033369749966,severe_possible_stress,-1.5569153439136505,-1.896037291307963,0.3060261361158667,0.14930177577037618
H27,19.63252169252172,-103.4706206808633,2024,4,2024-04-01,5,0.2292307845083029,-0.2008850535331696,severe_possible_stress,-2.019189914785496,-2.180644790884961,0.22864035340228117,0.09660519926976951
H27,19.63252169252172,-103.4706206808633,2024,5,2024-05-01,7,0.2066226341586215,-0.1815490720310529,severe_possible_stress,-2.1826798437373287,-2.0172574724957753,0.20127177871761953,0.12685722121410115
H27,19.63252169252172,-103.4706206808633,2024,6,2024-06-01,3,0.2067436669824864,-0.1716258545210522,severe_possible_stress,-2.1818045997448547,-1.933407169961397,0.20141829649231613,0.14238254605153206
H27,19.63252169252172,-103.4706206808633,2024,7,2024-07-01,3,0.4814651566020185,0.1075841071946104,no_relative_stress,-0.19516720903625326,0.42589209329427635,0.5339857772389054,0.5792192221713122
H27,19.63252169252172,-103.4706206808633,2024,8,2024-08-01,4,0.4519361996662467,0.1702806240575416,no_relative_stress,-0.4087046721537999,0.9556720665247687,0.4982391349547338,0.6773107725672889
H27,19.63252169252172,-103.4706206808633,2024,9,2024-09-01,4,0.5819610379564364,0.2023154630996448,no_relative_stress,0.5315647105795004,1.2263635980379455,0.6556423033946615,0.7274307343379778
H27,19.63252169252172,-103.4706206808633,2024,10,2024-10-01,5,0.711102572250602,0.228080741162017,no_relative_stress,1.4654465160311911,1.4440778986904292,0.8119761773098034,0.7677416829836083
H27,19.63252169252172,-103.4706206808633,2024,11,2024-11-01,5,0.4891555302137889,-0.0155614839981406,no_relative_stress,-0.13955458191042988,-0.6146771642958756,0.543295453673787,0.3865523473761034
H27,19.63252169252172,-103.4706206808633,2024,12,2024-12-01,6,0.4429904852799129,-0.1045124921046065,moderate_possible_stress,-0.473395245545431,-1.366305245908345,0.4874097902934852,0.24738445207621138
H27,19.63252169252172,-103.4706206808633,2025,1,2025-01-01,5,0.3882040193460572,-0.1699698436057383,severe_possible_stress,-0.869581368006098,-1.9194140254889154,0.42108735960244326,0.14497345039971032
H27,19.63252169252172,-103.4706206808633,2025,2,2025-02-01,4,0.3270017979264222,-0.2093741187933888,severe_possible_stress,-1.3121627679361207,-2.2523766348746843,0.34699825713793825,0.08332367081408182
H27,19.63252169252172,-103.4706206808633,2025,3,2025-03-01,7,0.2714168291464264,-0.2174609637507596,severe_possible_stress,-1.7141232315774724,-2.3207097531945005,0.2797091889979018,0.07067143430444262
H27,19.63252169252172,-103.4706206808633,2025,4,2025-04-01,7,0.2328045213893208,-0.1940457710553119,severe_possible_stress,-1.9933465804245145,-2.1228534641999937,0.23296658457195518,0.10730556757437226
H27,19.63252169252172,-103.4706206808633,2025,5,2025-05-01,9,0.2231355416102779,-0.188984183716946,severe_possible_stress,-2.0632674183817294,-2.080083502824217,0.22126168208704455,0.11522465103112017
H27,19.63252169252172,-103.4706206808633,2025,6,2025-06-01,1,0.3601085533469431,-0.1553076295853721,severe_possible_stress,-1.072752599133748,-1.7955196252913506,0.38707604741617396,0.16791315068066315
H27,19.63252169252172,-103.4706206808633,2025,7,2025-07-01,5,0.5915018856491926,0.1272869671711337,no_relative_stress,0.600558966513885,0.5923795020565028,0.6671920940053675,0.6100452421646922
H27,19.63252169252172,-103.4706206808633,2025,8,2025-08-01,6,0.5650019051263631,0.0763505957201958,no_relative_stress,0.40892542436684276,0.16197170822751278,0.6351122164009017,0.5303529738032586
H27,19.63252169252172,-103.4706206808633,2025,9,2025-09-01,5,0.5807547645304398,0.104757936325493,no_relative_stress,0.5228415928691903,0.402011201622748,0.6541820342510615,0.5747975493877708
H27,19.63252169252172,-103.4706206808633,2025,10,2025-10-01,6,0.4658699790289268,-0.0077533091650521,no_relative_stress,-0.3079431077267845,-0.5486987836611714,0.5151068430701163,0.39876859180982466
H27,19.63252169252172,-103.4706206808633,2025,11,2025-11-01,7,0.4080506635565981,-0.0800805968099033,moderate_possible_stress,-0.7260611595092827,-1.1598579106680869,0.44511295903958387,0.28560926277516985
H27,19.63252169252172,-103.4706206808633,2025,12,2025-12-01,7,0.4023375700708613,-0.1280738958464687,severe_possible_stress,-0.7673751650175415,-1.5653970051989898,0.4381969033991876,0.21052156497839095
H27,19.63252169252172,-103.4706206808633,2026,1,2026-01-01,5,0.3364527482220233,-0.1479322811101188,severe_possible_stress,-1.2438186014096053,-1.733198588760286,0.3584392213479905,0.1794522186041627
H27,19.63252169252172,-103.4706206808633,2026,2,2026-02-01,5,0.3176687192096714,-0.1841182830949966,severe_possible_stress,-1.3796545508861997,-2.038967076741499,0.3356999838185192,0.12283757372542642
H27,19.63252169252172,-103.4706206808633,2026,3,2026-03-01,7,0.2630768838412441,-0.2089437546711817,severe_possible_stress,-1.7744332102496387,-2.2487400964424027,0.26961316555412235,0.08399699504474661
H27,19.63252169252172,-103.4706206808633,2026,4,2026-04-01,7,0.2670699932766022,-0.1936819740949833,severe_possible_stress,-1.7455572001476987,-2.1197794123459555,0.2744470733314193,0.10787474445458062
H28,19.62924958680501,-103.4667801634766,2023,1,2023-01-01,4,0.4740083449140309,0.0573107271521351,no_relative_stress,-0.2490908425144545,0.0010865177096467489,0.5249588420657224,0.5005642340035693
H28,19.62924958680501,-103.4667801634766,2023,2,2023-02-01,6,0.3880009318302654,0.0088934832515794,no_relative_stress,-0.8710499871993648,-0.4080348730943813,0.42084150951044097,0.4248132551973822
H28,19.62924958680501,-103.4667801634766,2023,3,2023-03-01,6,0.3340830362314874,-0.0469660264807579,moderate_possible_stress,-1.2609550782543146,-0.8800427461212614,0.35557053732957256,0.33741851322179206
H28,19.62924958680501,-103.4667801634766,2023,4,2023-04-01,6,0.2889667103651068,-0.0680263859866069,moderate_possible_stress,-1.5872119721786873,-1.0580009047798316,0.3009544137248846,0.3044686235119415
H28,19.62924958680501,-103.4667801634766,2023,5,2023-05-01,6,0.2731284387047052,-0.0865552812245967,moderate_possible_stress,-1.7017457959735809,-1.214568416251535,0.2817811990165097,0.27547932471257475
H28,19.62924958680501,-103.4667801634766,2023,6,2023-06-01,5,0.2580761752016887,-0.0907767706050189,moderate_possible_stress,-1.8105956334264315,-1.2502396248426324,0.26355949615786256,0.2688746126962587
H28,19.62924958680501,-103.4667801634766,2023,7,2023-07-01,3,0.5008492751669369,0.083027167214443,no_relative_stress,-0.05499173612247464,0.21838814161928613,0.5574514605626091,0.5407987733782508
H28,19.62924958680501,-103.4667801634766,2023,8,2023-08-01,1,0.3550607884303954,0.2947688412914298,no_relative_stress,-1.1092553078829208,2.007586394363197,0.38096541346459567,0.872078246830648
H28,19.62924958680501,-103.4667801634766,2023,9,2023-09-01,5,0.613686334784496,0.1912957835437617,no_relative_stress,0.7609849171939854,1.1332482890505648,0.6940477519697168,0.7101899447919398
H28,19.62924958680501,-103.4667801634766,2023,10,2023-10-01,2,0.5269775264308991,0.0889528871720515,no_relative_stress,0.13395366085649593,0.2684599465231615,0.5890813367372176,0.5500698315954875
H28,19.62924958680501,-103.4667801634766,2023,11,2023-11-01,5,0.4579017513408774,0.0569605608781639,no_relative_stress,-0.365565025417613,-0.0018723560609050064,0.5054608069631491,0.5000163829517268
H28,19.62924958680501,-103.4667801634766,2023,12,2023-12-01,4,0.5046928339215696,0.1101702977253087,no_relative_stress,-0.027197195746642866,0.447745172519039,0.5621043279225668,0.5832654348074974
H28,19.62924958680501,-103.4667801634766,2024,1,2024-01-01,4,0.3474946109896728,0.0413758974137936,no_relative_stress,-1.163969815398487,-0.13356137175233146,0.37180608423327993,0.47563346858725336
H28,19.62924958680501,-103.4667801634766,2024,2,2024-02-01,5,0.4203582637251369,0.0213452602707066,no_relative_stress,-0.637059244447694,-0.3028184683252432,0.460012075915209,0.4442946263182288
H28,19.62924958680501,-103.4667801634766,2024,3,2024-03-01,6,0.3639569250954705,-0.0247750563891289,no_relative_stress,-1.0449232537863586,-0.6925310288945473,0.39173474120513313,0.3721372945830836
H28,19.62924958680501,-103.4667801634766,2024,4,2024-04-01,5,0.2712414708908312,-0.0821458209342304,moderate_possible_stress,-1.7153913277421273,-1.1773088702436079,0.27949690690314405,0.28237812576139754
H28,19.62924958680501,-103.4667801634766,2024,5,2024-05-01,7,0.2293280294367934,-0.0734549883268332,moderate_possible_stress,-2.0184866920006184,-1.1038721101734514,0.22875807444743224,0.29597532840273805
H28,19.62924958680501,-103.4667801634766,2024,6,2024-06-01,3,0.2410609721189159,-0.068635645286768,moderate_possible_stress,-1.9336403894138545,-1.0631490915034325,0.24296153262954084,0.3035154096439905
H28,19.62924958680501,-103.4667801634766,2024,7,2024-07-01,3,0.4518053517285828,0.0733024659628187,no_relative_stress,-0.40965089374651253,0.1362152837550543,0.49808073537321573,0.5255840362502698
H28,19.62924958680501,-103.4667801634766,2024,8,2024-08-01,4,0.3495239639140572,0.1217464163621573,no_relative_stress,-1.1492946314363248,0.5455623420908404,0.37426274239476165,0.6013767985877013
H28,19.62924958680501,-103.4667801634766,2024,9,2024-09-01,4,0.5826525175215743,0.1893089139119746,no_relative_stress,0.5365651172128382,1.116459417945622,0.6564793824935122,0.7070813969432168
H28,19.62924958680501,-103.4667801634766,2024,10,2024-10-01,5,0.6324611869115843,0.1839016403522557,no_relative_stress,0.8967545043942968,1.0707684388441727,0.7167758803077758,0.6986214716805809
H28,19.62924958680501,-103.4667801634766,2024,11,2024-11-01,5,0.4379004531173447,0.0337541189816573,no_relative_stress,-0.5102036081823392,-0.19796471943069777,0.4812479892069783,0.4637088497951543
H28,19.62924958680501,-103.4667801634766,2024,12,2024-12-01,6,0.4248087339656684,0.0172956842055929,no_relative_stress,-0.6048758480984661,-0.3370370247414007,0.46539964744476436,0.4379588804977413
H28,19.62924958680501,-103.4667801634766,2025,1,2025-01-01,5,0.3955115939673823,-0.0288415226634785,no_relative_stress,-0.8167369363665372,-0.726892306071675,0.42993363400765094,0.3657751232625307
H28,19.62924958680501,-103.4667801634766,2025,2,2025-02-01,4,0.3464342020275014,-0.0616395974762114,moderate_possible_stress,-1.1716381201117796,-1.004033111744958,0.37052239311177776,0.3144610444371031
H28,19.62924958680501,-103.4667801634766,2025,3,2025-03-01,7,0.2746101351652419,-0.0840818101831574,moderate_possible_stress,-1.6910309676787159,-1.1936678066533186,0.2835748849046951,0.2793491825843408
H28,19.62924958680501,-103.4667801634766,2025,4,2025-04-01,7,0.2521117865107287,-0.0769839142017993,moderate_possible_stress,-1.8537268700930305,-1.1336912189392416,0.2563392320136448,0.29045416347000846
H28,19.62924958680501,-103.4667801634766,2025,5,2025-05-01,9,0.2386038305135439,-0.0834802402048386,moderate_possible_stress,-1.9514091099979565,-1.188584594013185,0.2399870096147308,0.28029036615876446
H28,19.62924958680501,-103.4667801634766,2025,6,2025-06-01,1,0.3846398318448671,-0.03920445399688,moderate_possible_stress,-0.895355646411354,-0.8144581511791699,0.41677268855206107,0.3495618461619426
H28,19.62924958680501,-103.4667801634766,2025,7,2025-07-01,5,0.4435469453530071,0.1028397650774816,no_relative_stress,-0.46937122693233907,0.3858028257309159,0.4880834198843166,0.5717964832830337
H28,19.62924958680501,-103.4667801634766,2025,8,2025-08-01,6,0.6284559855630548,0.2000089608318991,no_relative_stress,0.8677910521091307,1.206873859679213,0.7119273345161525,0.7238221067019379
H28,19.62924958680501,-103.4667801634766,2025,9,2025-09-01,5,0.5826511890727266,0.1454337174556004,no_relative_stress,0.5365555105884852,0.7457179227688226,0.656477774323408,0.6384366578145209
H28,19.62924958680501,-103.4667801634766,2025,10,2025-10-01,6,0.4433054728697062,0.0569400906063696,no_relative_stress,-0.4711174254726034,-0.0020453280310531456,0.48779110239742385,0.4999843562810631
H28,19.62924958680501,-103.4667801634766,2025,11,2025-11-01,7,0.3622004828009928,-0.0215438809914008,no_relative_stress,-1.0576248955169125,-0.6652278850938506,0.38960845836588315,0.37719261536043097
H28,19.62924958680501,-103.4667801634766,2025,12,2025-12-01,7,0.3463849838509245,-0.0552640462575877,moderate_possible_stress,-1.171994039373959,-0.9501602728228788,0.3704628114423066,0.32443588410851576
H28,19.62924958680501,-103.4667801634766,2026,1,2026-01-01,5,0.3235606250105376,-0.0631293138647172,moderate_possible_stress,-1.3370474713208391,-1.016621082303977,0.3428325029079577,0.312130315434752
H28,19.62924958680501,-103.4667801634766,2026,2,2026-02-01,5,0.2771048464122124,-0.1198059726765678,severe_possible_stress,-1.6729905637441105,-1.495533792140473,0.28659488831157887,0.22345710658213674
H28,19.62924958680501,-103.4667801634766,2026,3,2026-03-01,7,0.2246855399467226,-0.143340696938021,severe_possible_stress,-2.052058667821365,-1.6944001122022088,0.2231380516518235,0.18663596074408675
H28,19.62924958680501,-103.4667801634766,2026,4,2026-04-01,7,0.2233156335990737,-0.1310538654975938,severe_possible_stress,-2.061965090416035,-1.5905774828553836,0.2214796946607948,0.20585926700973547
H29,19.62595823238879,-103.4724550507898,2023,1,2023-01-01,4,0.4992260160197115,0.0138185211021408,no_relative_stress,-0.06673026928620292,-0.3664187427065665,0.555486404221588,0.4325187007738345
H29,19.62595823238879,-103.4724550507898,2023,2,2023-02-01,6,0.434371276178319,-0.0152059166621135,no_relative_stress,-0.5357247091169802,-0.6116726520328755,0.47697570062356176,0.3871086486350284
H29,19.62595823238879,-103.4724550507898,2023,3,2023-03-01,6,0.4419517534199155,-0.0305907331760837,moderate_possible_stress,-0.4809067931671663,-0.7416729788252897,0.4861523406548386,0.36303840390816045
H29,19.62595823238879,-103.4724550507898,2023,4,2023-04-01,6,0.4269749157819367,-0.0248425900030956,no_relative_stress,-0.5892111915139681,-0.6931016819067021,0.46802194550551357,0.37203163517440674
H29,19.62595823238879,-103.4724550507898,2023,5,2023-05-01,6,0.4188375122687275,-0.0316988288248017,moderate_possible_stress,-0.6480564973726893,-0.7510362881842141,0.4581711115210504,0.3613047378991313
H29,19.62595823238879,-103.4724550507898,2023,6,2023-06-01,5,0.4232749902255865,-0.0223466591945759,no_relative_stress,-0.6159670541997133,-0.672011289280688,0.46354295508168675,0.3759366323726408
H29,19.62595823238879,-103.4724550507898,2023,7,2023-07-01,3,0.6150426232815499,0.1186340805811551,no_relative_stress,0.7707928628503916,0.5192633824477009,0.6956896237040885,0.5965074077923751
H29,19.62595823238879,-103.4724550507898,2023,8,2023-08-01,1,0.4101740892275267,0.2500097492006959,no_relative_stress,-0.7107056922682615,1.6293760599439668,0.44768349812231584,0.8020506128060183
H29,19.62595823238879,-103.4724550507898,2023,9,2023-09-01,5,0.5762553787500163,0.0925618764718099,no_relative_stress,0.4903044657627841,0.2989555840845772,0.6487352474125989,0.5557162593954519
H29,19.62595823238879,-103.4724550507898,2023,10,2023-10-01,2,0.5119094561891444,0.0490360325905536,no_relative_stress,0.024989517608907736,-0.06883391300437613,0.5708404988364292,0.48761809824975705
H29,19.62595823238879,-103.4724550507898,2023,11,2023-11-01,5,0.5261290601024831,0.0668755052292067,no_relative_stress,0.12781801076547825,0.08190803901847317,0.5880542153797642,0.5155287640559256
H29,19.62595823238879,-103.4724550507898,2023,12,2023-12-01,4,0.6133245226689439,0.1439296452358282,no_relative_stress,0.7583684874484907,0.7330086467165392,0.6936097558597678,0.6360834684616334
H29,19.62595823238879,-103.4724550507898,2024,1,2024-01-01,4,0.505083991017346,0.1548615193957385,no_relative_stress,-0.024368558958211706,0.8253820079426164,0.5625778479595275,0.6531868824746265
H29,19.62595823238879,-103.4724550507898,2024,2,2024-02-01,5,0.5882896515479071,0.1253213702409558,no_relative_stress,0.5773298249488735,0.5757703833820448,0.6633034844753585,0.6069699764245516
H29,19.62595823238879,-103.4724550507898,2024,3,2024-03-01,6,0.5426495356643284,0.1067088046597612,no_relative_stress,0.2472851646051834,0.4184958649759667,0.6080532804181327,0.5778497715701473
H29,19.62595823238879,-103.4724550507898,2024,4,2024-04-01,5,0.5268341497499929,0.0998571049533897,no_relative_stress,0.13291683816148753,0.3605996138180175,0.5889077703313539,0.5671299759471307
H29,19.62595823238879,-103.4724550507898,2024,5,2024-05-01,7,0.4854048352275856,0.0978648399794067,no_relative_stress,-0.16667758168396107,0.34376515255293255,0.5387550036917416,0.5640129868403062
H29,19.62595823238879,-103.4724550507898,2024,6,2024-06-01,3,0.491223901010344,0.0940995643612281,no_relative_stress,-0.12459724177669311,0.3119489095459231,0.5457993454006875,0.5581220419914437
H29,19.62595823238879,-103.4724550507898,2024,7,2024-07-01,3,0.6276823299561249,0.1696700139613004,no_relative_stress,0.8621963927383371,0.9505124656948191,0.7109907761984233,0.6763554453174724
H29,19.62595823238879,-103.4724550507898,2024,8,2024-08-01,4,0.484504569625984,0.210264018501586,no_relative_stress,-0.17318781613335735,1.2935281819536302,0.5376651760865473,0.7398666105524299
H29,19.62595823238879,-103.4724550507898,2024,9,2024-09-01,4,0.595965861002113,0.1413977626212672,no_relative_stress,0.6328400245395794,0.7116144645373702,0.6725960143149567,0.6321222230287193
H29,19.62595823238879,-103.4724550507898,2024,10,2024-10-01,5,0.6515938341894396,0.137588246132852,no_relative_stress,1.0351114728210005,0.6794243901243694,0.7399371419696195,0.6261620613274779
H29,19.62595823238879,-103.4724550507898,2024,11,2024-11-01,5,0.6132029015072569,0.1459467861036082,no_relative_stress,0.7574889889147449,0.7500533070645917,0.6934625258654789,0.6392393770349949
H29,19.62595823238879,-103.4724550507898,2024,12,2024-12-01,6,0.5833684393977902,0.0934009740056837,no_relative_stress,0.5417422774345827,0.306045883375131,0.6573460505328935,0.5570290656269538
H29,19.62595823238879,-103.4724550507898,2025,1,2025-01-01,5,0.6047902678347633,0.0828707013190027,no_relative_stress,0.6966533672411149,0.21706601876389578,0.6832785086239452,0.5405539753729423
H29,19.62595823238879,-103.4724550507898,2025,2,2025-02-01,4,0.5801078543148576,0.0731883632556556,no_relative_stress,0.5181634876926096,0.13525112606063966,0.6533989091269098,0.525405517378568
H29,19.62595823238879,-103.4724550507898,2025,3,2025-03-01,7,0.5568173146555329,0.083200453646591,no_relative_stress,0.34973888792403607,0.21985239650899993,0.6252042596640763,0.5410698878777874
H29,19.62595823238879,-103.4724550507898,2025,4,2025-04-01,7,0.5334133804979049,0.0964166415501723,no_relative_stress,0.18049428040673518,0.33152800504520774,0.5968723390955735,0.5617472145723637
H29,19.62595823238879,-103.4724550507898,2025,5,2025-05-01,9,0.4944816686557181,0.0822680913061508,no_relative_stress,-0.10103882622098236,0.21197401792475726,0.5497430761229556,0.5396111646172186
H29,19.62595823238879,-103.4724550507898,2025,6,2025-06-01,1,0.6279117649271457,0.1161358978739964,no_relative_stress,0.86385554249323,0.4981539614791189,0.7112685215266582,0.592598887396364
H29,19.62595823238879,-103.4724550507898,2025,7,2025-07-01,5,0.6465825179727324,0.1775276814086453,no_relative_stress,0.9988723413771413,1.0169090545038815,0.7338706314402722,0.6886491231958007
H29,19.62595823238879,-103.4724550507898,2025,8,2025-08-01,6,0.6304534813813234,0.1346894607627968,no_relative_stress,0.8822358626911212,0.6549299123991361,0.7143454276657035,0.6216267798566502
H29,19.62595823238879,-103.4724550507898,2025,9,2025-09-01,5,0.6714735901750675,0.1986050372958973,no_relative_stress,1.178871127786134,1.19501083106876,0.7640028252736574,0.7216256045168981
H29,19.62595823238879,-103.4724550507898,2025,10,2025-10-01,6,0.624985824135308,0.1357027884745828,no_relative_stress,0.8426967194680833,0.6634924411469031,0.7077264878863238,0.6232121771208332
H29,19.62595823238879,-103.4724550507898,2025,11,2025-11-01,7,0.6592163079251318,0.139518574363151,no_relative_stress,1.0902330847269066,0.695735491431793,0.7491646213737496,0.629182147583579
H29,19.62595823238879,-103.4724550507898,2025,12,2025-12-01,7,0.6673118779638867,0.1339352313586885,no_relative_stress,1.1487758734995086,0.6485567412325192,0.7589648133307929,0.6204467536717034
H29,19.62595823238879,-103.4724550507898,2026,1,2026-01-01,5,0.6737817500038142,0.169116115263523,no_relative_stress,1.1955624926512212,0.945832071121665,0.7667969965649891,0.675488845628273
H29,19.62595823238879,-103.4724550507898,2026,2,2026-02-01,5,0.6442441031501714,0.142766705995615,no_relative_stress,0.9819621887424839,0.7231819139030436,0.7310398345937765,0.6342639971608877
H29,19.62595823238879,-103.4724550507898,2026,3,2026-03-01,7,0.6010875346504803,0.1325326618965837,no_relative_stress,0.6698772013070203,0.6367051544256751,0.6787961193915659,0.6182523699968225
H29,19.62595823238879,-103.4724550507898,2026,4,2026-04-01,7,0.6465879215333609,0.1517594637124407,no_relative_stress,0.9989114170082556,0.7991699142078103,0.7338771727871023,0.6483335753594233
H3,19.64923190063498,-103.495946402958,2023,1,2023-01-01,4,0.4539581182619966,-0.01885122789681,no_relative_stress,-0.39408324923981974,-0.6424752067035981,0.5006867933981796,0.3814053935169014
H3,19.64923190063498,-103.495946402958,2023,2,2023-02-01,6,0.3507049387679032,-0.0918401839114238,moderate_possible_stress,-1.1407544593318915,-1.2592253723959106,0.37569238604045013,0.26721085424273855
H3,19.64923190063498,-103.495946402958,2023,3,2023-03-01,6,0.3026461141670868,-0.1534246532101549,severe_possible_stress,-1.4882899143766144,-1.7796086429342743,0.31751418437420753,0.17085915280719047
H3,19.64923190063498,-103.495946402958,2023,4,2023-04-01,6,0.2793971177603045,-0.1615522007833175,severe_possible_stress,-1.6564140957871385,-1.8482856947257342,0.28936982560708624,0.15814323520507656
H3,19.64923190063498,-103.495946402958,2023,5,2023-05-01,6,0.2750769414766106,-0.1781286374642985,severe_possible_stress,-1.6876552766336936,-1.9883551056039523,0.2841399830307409,0.13220864656384496
H3,19.64923190063498,-103.495946402958,2023,6,2023-06-01,5,0.276700868460162,-0.1835583471276115,severe_possible_stress,-1.6759119140384637,-2.0342356677788516,0.28610584782924664,0.1237136189973409
H3,19.64923190063498,-103.495946402958,2023,7,2023-07-01,3,0.5591581752084768,0.0455475674760862,no_relative_stress,0.3666667267594824,-0.09831113195416964,0.6280380172195912,0.482160236015903
H3,19.64923190063498,-103.495946402958,2023,8,2023-08-01,1,0.173815008131772,0.3613932910992702,no_relative_stress,-2.4199268703736094,2.5705570504980457,0.161556103208812,0.9763152268564704
H3,19.64923190063498,-103.495946402958,2023,9,2023-09-01,5,0.6569640409186897,0.1254125380873377,no_relative_stress,1.0739459065558288,0.5765407435492815,0.7464381118264315,0.607112612664096
H3,19.64923190063498,-103.495946402958,2023,10,2023-10-01,2,0.6734396392458437,0.1061803535818895,no_relative_stress,1.1930885324798155,0.4140305005203853,0.7663828501759602,0.5770229858389688
H3,19.64923190063498,-103.495946402958,2023,11,2023-11-01,5,0.6209401139388437,0.1198839236868422,no_relative_stress,0.8134403290801379,0.5298244451702253,0.7028289036102182,0.5984628441407227
H3,19.64923190063498,-103.495946402958,2023,12,2023-12-01,4,0.5448453791215995,0.0365247615336448,no_relative_stress,0.263164318152287,-0.17455303708425718,0.6107114857434965,0.46804364600260046
H3,19.64923190063498,-103.495946402958,2024,1,2024-01-01,4,0.4149679581078628,-0.022882240288558,no_relative_stress,-0.6760390224820003,-0.6765369017362078,0.45348677510210667,0.37509869140717483
H3,19.64923190063498,-103.495946402958,2024,2,2024-02-01,5,0.3915854263187391,-0.0845079469295837,moderate_possible_stress,-0.8451288596332144,-1.1972686241374513,0.4251807634342337,0.2786824722752333
H3,19.64923190063498,-103.495946402958,2024,3,2024-03-01,6,0.3629926872656723,-0.1191885972189155,severe_possible_stress,-1.05189610082816,-1.4903170246102568,0.39056747123167507,0.2244230185473889
H3,19.64923190063498,-103.495946402958,2024,4,2024-04-01,5,0.3010540151693926,-0.1541274501234429,severe_possible_stress,-1.49980311417365,-1.785547214142659,0.31558684933574505,0.16975959509190874
H3,19.64923190063498,-103.495946402958,2024,5,2024-05-01,7,0.2575513623397079,-0.156002313376239,severe_possible_stress,-1.8143907965066106,-1.8013896413391914,0.2629241774879832,0.16682628631417745
H3,19.64923190063498,-103.495946402958,2024,6,2024-06-01,3,0.2874814366576955,-0.1479676958017888,severe_possible_stress,-1.5979526691902903,-1.733497839744929,0.29915639735646354,0.17939681070933014
H3,19.64923190063498,-103.495946402958,2024,7,2024-07-01,3,0.5305800001502459,0.0559452846096344,no_relative_stress,0.16000480450678317,-0.010451349939289428,0.5934423556402462,0.4984279370819502
H3,19.64923190063498,-103.495946402958,2024,8,2024-08-01,4,0.6861509768276582,0.1570530603955762,no_relative_stress,1.2850100583892936,0.8439003338452471,0.7817707163467432,0.6566156479816547
H3,19.64923190063498,-103.495946402958,2024,9,2024-09-01,4,0.5904768178012326,0.2039174966457773,no_relative_stress,0.5931462296450263,1.239900638557117,0.6659511855046801,0.7299371886386219
H3,19.64923190063498,-103.495946402958,2024,10,2024-10-01,5,0.6773863722685092,0.167501878956407,no_relative_stress,1.2216291734206841,0.9321919183610063,0.771160616416035,0.6729632995534144
H3,19.64923190063498,-103.495946402958,2024,11,2024-11-01,5,0.5746732711361459,0.0983241028091057,no_relative_stress,0.47886351825557333,0.34764588248495765,0.6468200075668061,0.564731524412384
H3,19.64923190063498,-103.495946402958,2024,12,2024-12-01,6,0.5411240528707251,0.0548594038240714,no_relative_stress,0.23625369720577435,-0.019626945686733586,0.6062065884454969,0.49672902723606605
H3,19.64923190063498,-103.495946402958,2025,1,2025-01-01,5,0.4214064022538274,-0.0751702894937105,moderate_possible_stress,-0.6294796728800578,-1.118366251981316,0.4612809129124268,0.2932916617610509
H3,19.64923190063498,-103.495946402958,2025,2,2025-02-01,4,0.370387160843563,-0.131305477806285,severe_possible_stress,-0.9984232628831229,-1.5927035844130555,0.39951894223837375,0.205465608116177
H3,19.64923190063498,-103.495946402958,2025,3,2025-03-01,7,0.3165708356931805,-0.1608054385404881,severe_possible_stress,-1.3875938513301658,-1.8419756204056466,0.33437092741401936,0.15931157867679535
H3,19.64923190063498,-103.495946402958,2025,4,2025-04-01,7,0.2921473278586583,-0.1498962918313099,severe_possible_stress,-1.5642114648394823,-1.7497943041103392,0.30480474938123925,0.17637943456008034
H3,19.64923190063498,-103.495946402958,2025,5,2025-05-01,9,0.2704886661602667,-0.1531632331393622,severe_possible_stress,-1.7208352048400313,-1.7773996666619685,0.2785855898704478,0.17126815639035192
H3,19.64923190063498,-103.495946402958,2025,6,2025-06-01,1,0.3769954087074494,-0.1393889033402699,severe_possible_stress,-0.9506359845320608,-1.661007808910368,0.4075186380295016,0.19281872144984913
H3,19.64923190063498,-103.495946402958,2025,7,2025-07-01,5,0.6275942524558262,0.1374672818006179,no_relative_stress,0.861559463841308,0.6784022523103513,0.7108841528963097,0.625972807131469
H3,19.64923190063498,-103.495946402958,2025,8,2025-08-01,6,0.6415466146332036,0.1692499443021795,no_relative_stress,0.9624554091445825,0.9469629145570652,0.7277743566667558,0.6756982272422232
H3,19.64923190063498,-103.495946402958,2025,9,2025-09-01,5,0.4201477732185965,0.1174631527256751,no_relative_stress,-0.6385813980704832,0.5093691465480061,0.4597572640416342,0.5946754379399353
H3,19.64923190063498,-103.495946402958,2025,10,2025-10-01,6,0.6607788108662717,0.1632740687430928,no_relative_stress,1.1015322618326353,0.8964672992959644,0.7510561285416588,0.666348698306736
H3,19.64923190063498,-103.495946402958,2025,11,2025-11-01,7,0.5741336043200664,0.0674993059870886,no_relative_stress,0.47496093940441453,0.08717909976231535,0.6461667072599585,0.5165047286954382
H3,19.64923190063498,-103.495946402958,2025,12,2025-12-01,7,0.5270300023293336,-0.022504714733721,no_relative_stress,0.13433313820311837,-0.6733468444835438,0.589144862081982,0.3756893472975016
H3,19.64923190063498,-103.495946402958,2026,1,2026-01-01,5,0.4176898168407645,-0.0657349959552113,moderate_possible_stress,-0.6563560106488233,-1.0386388634698285,0.45678175469399385,0.30805360736731047
H3,19.64923190063498,-103.495946402958,2026,2,2026-02-01,5,0.3593608572347993,-0.1331748934414945,severe_possible_stress,-1.0781595334632372,-1.608499979727059,0.3861709146843879,0.2025408223837722
H3,19.64923190063498,-103.495946402958,2026,3,2026-03-01,7,0.3163561352496314,-0.1538084669147812,severe_possible_stress,-1.3891464489429228,-1.7828518344915816,0.33411101914937946,0.17025865882070113
H3,19.64923190063498,-103.495946402958,2026,4,2026-04-01,7,0.3200505079974709,-0.1562070759280338,severe_possible_stress,-1.3624307411683425,-1.8031198666313812,0.33858328755251527,0.16650592599475972
H30,19.62454684136882,-103.4673631977053,2023,1,2023-01-01,4,0.5299792527387008,0.0443889354668317,no_relative_stress,0.15566052378888362,-0.10810146905038807,0.5927151134667298,0.48034750357376993
H30,19.62454684136882,-103.4673631977053,2023,2,2023-02-01,6,0.4392747883460411,0.0169482342249713,no_relative_stress,-0.5002651583127,-0.3399729460755167,0.4829117076344732,0.43741527921030876
H30,19.62454684136882,-103.4673631977053,2023,3,2023-03-01,6,0.4051214665756643,-0.0074249558690765,no_relative_stress,-0.7472435295347695,-0.5459242276083622,0.4415669835794595,0.3992823154661211
H30,19.62454684136882,-103.4673631977053,2023,4,2023-04-01,6,0.3810903794280002,-0.0022208930431247,no_relative_stress,-0.921023368647625,-0.5019503610752343,0.4124758552393773,0.40742430829917897
H30,19.62454684136882,-103.4673631977053,2023,5,2023-05-01,6,0.37799241581365,-0.0058421202289067,no_relative_stress,-0.9434261677873882,-0.5325494076815919,0.40872557725385855,0.4017587337702783
H30,19.62454684136882,-103.4673631977053,2023,6,2023-06-01,5,0.3896147419162005,-0.0048452465110003,no_relative_stress,-0.8593797845418972,-0.5241259137139568,0.4227951271740106,0.4033183880131483
H30,19.62454684136882,-103.4673631977053,2023,7,2023-07-01,3,0.6072178648084869,0.1318870996128714,no_relative_stress,0.7142084370110465,0.6312502107302953,0.6862172660212549,0.617242358461015
H30,19.62454684136882,-103.4673631977053,2023,8,2023-08-01,1,0.4441811193065059,0.2882440780666626,no_relative_stress,-0.46478522352219803,1.9524527273030385,0.4888511269696353,0.861869958193445
H30,19.62454684136882,-103.4673631977053,2023,9,2023-09-01,5,0.5823682998527491,0.1597275190803753,no_relative_stress,0.5345098085845607,0.8664992710962037,0.6561353192961418,0.66079996015701
H30,19.62454684136882,-103.4673631977053,2023,10,2023-10-01,2,0.5912066681784691,0.1358422100293081,no_relative_stress,0.59842411326108,0.6646705408440776,0.6668347148624149,0.6234303084803714
H30,19.62454684136882,-103.4673631977053,2023,11,2023-11-01,5,0.6588305499933191,0.1730347983391406,no_relative_stress,1.087443491775286,0.9789445934558509,0.7486976373611826,0.6816198034171748
H30,19.62454684136882,-103.4673631977053,2023,12,2023-12-01,4,0.5873114225860566,0.1235589308058351,no_relative_stress,0.5702558015989794,0.5608779274135594,0.6621192773647806,0.6042125598196076
H30,19.62454684136882,-103.4673631977053,2024,1,2024-01-01,4,0.4709044891662317,0.09852212333096,no_relative_stress,-0.2715362503800112,0.3493191382257257,0.521201431285532,0.5650413365195122
H30,19.62454684136882,-103.4673631977053,2024,2,2024-02-01,5,0.5478355852711848,0.0714396162269187,no_relative_stress,0.28478787352438445,0.12047436970435645,0.6143313166036807,0.5226695231657765
H30,19.62454684136882,-103.4673631977053,2024,3,2024-03-01,6,0.5160937795560798,0.0538614760850254,no_relative_stress,0.05524828355794977,-0.02805934603895052,0.5759058829922082,0.49516772392921443
H30,19.62454684136882,-103.4673631977053,2024,4,2024-04-01,5,0.4761130723891129,0.0419830052067594,no_relative_stress,-0.23387059052382783,-0.12843136507255676,0.5275067458173203,0.4765833163244042
H30,19.62454684136882,-103.4673631977053,2024,5,2024-05-01,7,0.4389121206713858,0.0504087064118808,no_relative_stress,-0.5028877749994012,-0.057234941694585866,0.4824726758169209,0.4897657088357857
H30,19.62454684136882,-103.4673631977053,2024,6,2024-06-01,3,0.4485234784018046,0.0525028167325091,no_relative_stress,-0.43338362856669843,-0.03953989633776645,0.4941078232216123,0.49304203961664433
H30,19.62454684136882,-103.4673631977053,2024,7,2024-07-01,3,0.5882031904005041,0.1476443543001438,no_relative_stress,0.5767045846427279,0.7643976068553396,0.663198817869138,0.6418952996385604
H30,19.62454684136882,-103.4673631977053,2024,8,2024-08-01,4,0.4641236587778845,0.1842205279232611,no_relative_stress,-0.32057155230779283,1.0734630103655878,0.512992813595137,0.6991203857799129
H30,19.62454684136882,-103.4673631977053,2024,9,2024-09-01,4,0.5306385399178357,0.1485092202247499,no_relative_stress,0.160428132479045,0.7717056467483292,0.5935132216764555,0.6432484216886215
H30,19.62454684136882,-103.4673631977053,2024,10,2024-10-01,5,0.6642117211703397,0.1530929387848065,no_relative_stress,1.1263572144726905,0.8104376595864881,0.7552118803652021,0.6504198577209891
H30,19.62454684136882,-103.4673631977053,2024,11,2024-11-01,5,0.5749012602961384,0.0925913397875877,no_relative_stress,0.4805122126862302,0.2992045464739579,0.6470960026507045,0.5557623560921914
H30,19.62454684136882,-103.4673631977053,2024,12,2024-12-01,6,0.6333885544353217,0.1249664686068642,no_relative_stress,0.9034607253023779,0.5727714962410005,0.7178985164784034,0.606414716686563
H30,19.62454684136882,-103.4673631977053,2025,1,2025-01-01,5,0.5903073601026337,0.0695470338315523,no_relative_stress,0.5919208031207082,0.10448221733414197,0.6657460464018229,0.5197084919841004
H30,19.62454684136882,-103.4673631977053,2025,2,2025-02-01,4,0.5481750958611431,0.0417619023292109,no_relative_stress,0.28724303068550344,-0.13029966465935702,0.6147423153273175,0.476237390822623
H30,19.62454684136882,-103.4673631977053,2025,3,2025-03-01,7,0.4850664766422287,0.0210549360957977,no_relative_stress,-0.16912440817018992,-0.3052716816982869,0.5383453995414548,0.4438404009503905
H30,19.62454684136882,-103.4673631977053,2025,4,2025-04-01,7,0.4635471947522073,0.0394111806065723,no_relative_stress,-0.3247402286985431,-0.15016305346633751,0.512294967973282,0.4725595798394828
H30,19.62454684136882,-103.4673631977053,2025,5,2025-05-01,9,0.4355940500373891,0.0288902098925227,no_relative_stress,-0.5268822691892775,-0.23906431723883032,0.47845594456951923,0.4560990429444586
H30,19.62454684136882,-103.4673631977053,2025,6,2025-06-01,1,0.6095433614936407,0.0961591738244419,no_relative_stress,0.7310251726551844,0.3293524257360195,0.6890324246575058,0.5613443946126994
H30,19.62454684136882,-103.4673631977053,2025,7,2025-07-01,5,0.4717173025495735,0.1153364657771158,no_relative_stress,-0.26565842312575616,0.4913988315919049,0.5221853925314813,0.5913481395439631
H30,19.62454684136882,-103.4673631977053,2025,8,2025-08-01,6,0.6694193000045198,0.1426309819416288,no_relative_stress,1.164015611132423,0.7220350577571951,0.7615159790218855,0.6340516507093193
H30,19.62454684136882,-103.4673631977053,2025,9,2025-09-01,5,0.6671049827822404,0.1589214692576492,no_relative_stress,1.147279719323928,0.8596882220160791,0.7587143538220228,0.6595388585717263
H30,19.62454684136882,-103.4673631977053,2025,10,2025-10-01,6,0.6609800071678062,0.1667173154723245,no_relative_stress,1.1029872047861495,0.9255624269252452,0.7512996892009635,0.6717358143215637
H30,19.62454684136882,-103.4673631977053,2025,11,2025-11-01,7,0.6025315970842368,0.0711341416895733,no_relative_stress,0.6803198806525329,0.11789313712055516,0.6805442469454034,0.5221915943672722
H30,19.62454684136882,-103.4673631977053,2025,12,2025-12-01,7,0.6266569056012955,0.0740237337895952,no_relative_stress,0.8547810778044065,0.14230993253430083,0.7097494361239569,0.5267124925492683
H30,19.62454684136882,-103.4673631977053,2026,1,2026-01-01,5,0.5992666616762188,0.0819780887701638,no_relative_stress,0.6567096317098677,0.20952352237190455,0.6765918391998402,0.5391574424680932
H30,19.62454684136882,-103.4673631977053,2026,2,2026-02-01,5,0.5586047609343965,0.0390586195869505,no_relative_stress,0.3626647337193224,-0.1531421626239594,0.6273680747582461,0.47200798209922085
H30,19.62454684136882,-103.4673631977053,2026,3,2026-03-01,7,0.5335163104194982,0.0328505381182229,no_relative_stress,0.18123861399033367,-0.20559989710234422,0.5969969421791005,0.4622951564635744
H30,19.62454684136882,-103.4673631977053,2026,4,2026-04-01,7,0.5148076452722264,0.0268539552625445,no_relative_stress,0.045947655269591464,-0.25627048717198225,0.5743489373041396,0.45291323002135436
H31,19.62400044564311,-103.4720322735746,2023,1,2023-01-01,4,0.5810148969055583,0.098006843837011,no_relative_stress,0.5247227296658052,0.3449650724790219,0.6544969406996745,0.5642351583300729
H31,19.62400044564311,-103.4720322735746,2023,2,2023-02-01,6,0.5203357021159866,0.0808531101371843,no_relative_stress,0.08592357575177138,0.200017553302399,0.5810409945600148,0.5373973622627994
H31,19.62400044564311,-103.4720322735746,2023,3,2023-03-01,6,0.5219322177973242,0.075497059149236,no_relative_stress,0.09746871461874024,0.15475940036194333,0.5829736762692259,0.5290175770419338
H31,19.62400044564311,-103.4720322735746,2023,4,2023-04-01,6,0.5046722081361334,0.075035534895475,no_relative_stress,-0.027346350283541127,0.15085956159837577,0.5620793591241288,0.5282955013691218
H31,19.62400044564311,-103.4720322735746,2023,5,2023-05-01,6,0.4946580018007267,0.0624949201961562,no_relative_stress,-0.09976368018278721,0.04489248635839373,0.5499565383820926,0.5086751396596493
H31,19.62400044564311,-103.4720322735746,2023,6,2023-06-01,5,0.5044360464058936,0.0746218219266476,no_relative_stress,-0.029054144326878424,0.1473637239264097,0.561793470634723,0.5276482286247696
H31,19.62400044564311,-103.4720322735746,2023,7,2023-07-01,3,0.6705660351035095,0.1819805648353191,no_relative_stress,1.172308179828254,1.0545355221390638,0.7629041733108829,0.6956158617151016
H31,19.62400044564311,-103.4720322735746,2023,8,2023-08-01,1,0.4513791157205115,0.2680021941350943,no_relative_stress,-0.41273320227677573,1.7814106142165091,0.4975647501271977,0.8302006107219768
H31,19.62400044564311,-103.4720322735746,2023,9,2023-09-01,5,0.6164772903365414,0.1251529394708118,no_relative_stress,0.7811675998926637,0.5743471584030055,0.6974263775665164,0.6067064588289262
H31,19.62400044564311,-103.4720322735746,2023,10,2023-10-01,2,0.5912041403545368,0.139708672053979,no_relative_stress,0.5984058334040948,0.6973417999573243,0.6668316547740392,0.6294795640614478
H31,19.62400044564311,-103.4720322735746,2023,11,2023-11-01,5,0.6133337201944257,0.1465989651078017,no_relative_stress,0.75843499898368,0.7555641614576435,0.6936208900374501,0.6402597407307471
H31,19.62400044564311,-103.4720322735746,2023,12,2023-12-01,4,0.7113317913247352,0.2231374344070925,no_relative_stress,1.4671041045364344,1.4023073976908371,0.8122536612814036,0.7600076548758979
H31,19.62400044564311,-103.4720322735746,2024,1,2024-01-01,4,0.5614873080449654,0.2116251237780266,no_relative_stress,0.3835097570855908,1.3050294000913625,0.6308575776435971,0.7419961216241548
H31,19.62400044564311,-103.4720322735746,2024,2,2024-02-01,5,0.6398699588651808,0.1710198785093817,no_relative_stress,0.9503307404675366,0.9619187006808986,0.725744660389181,0.6784673697587509
H31,19.62400044564311,-103.4720322735746,2024,3,2024-03-01,6,0.5995168637981031,0.1588748571735212,no_relative_stress,0.6585189582800549,0.8592943540642832,0.6768947244581713,0.6594659318474348
H31,19.62400044564311,-103.4720322735746,2024,4,2024-04-01,5,0.5940457769799872,0.162844428648343,no_relative_stress,0.6189550142444614,0.8928368788310936,0.6702716329680715,0.6656765068499375
H31,19.62400044564311,-103.4720322735746,2024,5,2024-05-01,7,0.556680515490044,0.154504004464219,no_relative_stress,0.3487496302669296,0.8223610386714847,0.6250386557504624,0.652627534114029
H31,19.62400044564311,-103.4720322735746,2024,6,2024-06-01,3,0.5583574825495925,0.1540027110444146,no_relative_stress,0.36087655003610936,0.8181251540033586,0.6270687288658252,0.6518432377733021
H31,19.62400044564311,-103.4720322735746,2024,7,2024-07-01,3,0.6516403747365487,0.215224310013101,no_relative_stress,1.035448028913496,1.3354422026309025,0.73999348220178,0.7476272120838394
H31,19.62400044564311,-103.4720322735746,2024,8,2024-08-01,4,0.4897301121496266,0.2249898551125565,no_relative_stress,-0.1353995157765727,1.4179601873649088,0.5439910209086206,0.7629058512682403
H31,19.62400044564311,-103.4720322735746,2024,9,2024-09-01,4,0.6400451519818844,0.1793277262208803,no_relative_stress,0.951597642436946,1.0321192725535442,0.7259567425730208,0.6914653751225287
H31,19.62400044564311,-103.4720322735746,2024,10,2024-10-01,5,0.6828870270336354,0.1817008037644826,no_relative_stress,1.2614069368745489,1.0521715660529114,0.7778195017483336,0.6951781628037126
H31,19.62400044564311,-103.4720322735746,2024,11,2024-11-01,5,0.6490097769430005,0.182891579416084,no_relative_stress,1.0164249668886942,1.0622335140588601,0.7368089796633385,0.6970411854353321
H31,19.62400044564311,-103.4720322735746,2024,12,2024-12-01,6,0.6609166713451303,0.1690326144241151,no_relative_stress,1.1025291943346427,0.94512649647925,0.7512230172412361,0.6753582047696303
H31,19.62400044564311,-103.4720322735746,2025,1,2025-01-01,5,0.6677533020936416,0.1596801909644047,no_relative_stress,1.151968014320187,0.8660993527392274,0.7594991847444623,0.6607259131683547
H31,19.62400044564311,-103.4720322735746,2025,2,2025-02-01,4,0.63451271104832,0.1347476951397761,no_relative_stress,0.9115900185858687,0.655421987688496,0.7192593781032701,0.6217178901863792
H31,19.62400044564311,-103.4720322735746,2025,3,2025-03-01,7,0.6062643013785578,0.142040303961085,no_relative_stress,0.7073127814621007,0.7170438815263932,0.6850629180739471,0.633127508160492
H31,19.62400044564311,-103.4720322735746,2025,4,2025-04-01,7,0.5826975371736098,0.15222847679883,no_relative_stress,0.5368906750138471,0.8031330329388762,0.6565338815874211,0.6490673676512743
H31,19.62400044564311,-103.4720322735746,2025,5,2025-05-01,9,0.5401723035018438,0.1330620344692448,no_relative_stress,0.229371159966254,0.6411783054300042,0.6050544365321195,0.619080597448484
H31,19.62400044564311,-103.4720322735746,2025,6,2025-06-01,1,0.6634364934810578,0.1776925356878,no_relative_stress,1.1207511866516677,1.0183020584531828,0.7542734189438313,0.68890704520871
H31,19.62400044564311,-103.4720322735746,2025,7,2025-07-01,5,0.6908212001553169,0.2310573154182844,no_relative_stress,1.3187825903398722,1.469229685563238,0.7874243126808138,0.772398668702677
H31,19.62400044564311,-103.4720322735746,2025,8,2025-08-01,6,0.7027425703523054,0.1987259965985875,no_relative_stress,1.4049914989134833,1.1960329263835812,0.8018558741103571,0.7218148508439569
H31,19.62400044564311,-103.4720322735746,2025,9,2025-09-01,5,0.7048402918111438,0.2254677115227224,no_relative_stress,1.4201610871797372,1.4219980313928182,0.8043952966427558,0.763653479342098
H31,19.62400044564311,-103.4720322735746,2025,10,2025-10-01,6,0.7165348074873613,0.2152997467583044,no_relative_stress,1.5047295064205368,1.33607963639683,0.8185522365398763,0.7477452363005597
H31,19.62400044564311,-103.4720322735746,2025,11,2025-11-01,7,0.7071605564299549,0.203387592724672,no_relative_stress,1.4369399873467834,1.2354229977058453,0.8072041215366951,0.7291081298681679
H31,19.62400044564311,-103.4720322735746,2025,12,2025-12-01,7,0.735374393369718,0.2157740216183543,no_relative_stress,1.6409672131656106,1.3400872166458322,0.8413587291221694,0.7484872608764677
H31,19.62400044564311,-103.4720322735746,2026,1,2026-01-01,5,0.7149012822219529,0.2188383000907984,no_relative_stress,1.4929167342365264,1.3659800963196953,0.8165747524231254,0.7532814638281913
H31,19.62400044564311,-103.4720322735746,2026,2,2026-02-01,5,0.6691950490873942,0.1806510012461929,no_relative_stress,1.1623939496545412,1.0433008284447485,0.7612445093139029,0.693535699046854
H31,19.62400044564311,-103.4720322735746,2026,3,2026-03-01,7,0.6564182791894172,0.1884605374303695,no_relative_stress,1.0699992525853221,1.109290712374677,0.7457774332473971,0.7057540733762304
H31,19.62400044564311,-103.4720322735746,2026,4,2026-04-01,7,0.6838752032314137,0.1992686513195734,no_relative_stress,1.2685528932605363,1.2006183103561199,0.7790157506078021,0.72266385882039
H32,19.61959998384637,-103.4767867508887,2023,1,2023-01-01,4,0.6141643970188057,0.1283929763607413,no_relative_stress,0.7644420049925432,0.6017251810221141,0.6946264760918255,0.6117756438136066
H32,19.61959998384637,-103.4767867508887,2023,2,2023-02-01,6,0.5782933232555693,0.1302690919022938,no_relative_stress,0.5050417793982326,0.6175781899468994,0.6512023062184162,0.6147109118540179
H32,19.61959998384637,-103.4767867508887,2023,3,2023-03-01,6,0.5848316407593229,0.1395503230643553,no_relative_stress,0.5523233591656933,0.6960037651241082,0.6591173469513276,0.6292318198696966
H32,19.61959998384637,-103.4767867508887,2023,4,2023-04-01,6,0.568253360064562,0.1297889474958915,no_relative_stress,0.43243818983479326,0.613521012554945,0.6390483051977971,0.6139597041060514
H32,19.61959998384637,-103.4767867508887,2023,5,2023-05-01,6,0.5616361961369017,0.12174474055037,no_relative_stress,0.38458643532755027,0.5455481816307665,0.631037815955922,0.601374176703989
H32,19.61959998384637,-103.4767867508887,2023,6,2023-06-01,5,0.5803992787680835,0.136739609991519,no_relative_stress,0.5202709118921044,0.6722534904518926,0.6537516965858433,0.6248343315110448
H32,19.61959998384637,-103.4767867508887,2023,7,2023-07-01,3,0.7372627061852604,0.2437978347328523,no_relative_stress,1.6546224712595663,1.5768859369650614,0.8436446494438601,0.7923317902690323
H32,19.61959998384637,-103.4767867508887,2023,8,2023-08-01,1,0.5433728852918451,0.300286532854267,no_relative_stress,0.252516038311387,2.0542103957386595,0.6089289402132779,0.8807109260780259
H32,19.61959998384637,-103.4767867508887,2023,9,2023-09-01,5,0.7484607237737818,0.2449121780036278,no_relative_stress,1.7356004845703519,1.586302038172911,0.8572005474696321,0.7940752309667454
H32,19.61959998384637,-103.4767867508887,2023,10,2023-10-01,2,0.7442946033768401,0.2266640626823002,no_relative_stress,1.7054733526658887,1.4321070919436782,0.8521571991432354,0.765525225109372
H32,19.61959998384637,-103.4767867508887,2023,11,2023-11-01,5,0.7247326679661434,0.2244939116748381,no_relative_stress,1.56401200439154,1.4137695095680431,0.8284762574481656,0.7621299252176612
H32,19.61959998384637,-103.4767867508887,2023,12,2023-12-01,4,0.744966183529805,0.2319639590200793,no_relative_stress,1.7103298575013341,1.4768907431007503,0.8529701887637426,0.7738171538276335
H32,19.61959998384637,-103.4767867508887,2024,1,2024-01-01,4,0.5502768195220641,0.149531723604862,no_relative_stress,0.30244156071497125,0.7803457090747284,0.6172865827747094,0.6448481747029652
H32,19.61959998384637,-103.4767867508887,2024,2,2024-02-01,5,0.5922008511277921,0.1219245384047413,no_relative_stress,0.6056135072290048,0.5470674574572685,0.6680382352689016,0.6016554786195596
H32,19.61959998384637,-103.4767867508887,2024,3,2024-03-01,6,0.5909937936207361,0.1334162084889135,no_relative_stress,0.596884719468084,0.6441710442940982,0.6665770169463241,0.6196347188006355
H32,19.61959998384637,-103.4767867508887,2024,4,2024-04-01,5,0.5893400420292,0.1327128976369957,no_relative_stress,0.5849256814210801,0.6382281303501496,0.6645750476015178,0.6185343570050073
H32,19.61959998384637,-103.4767867508887,2024,5,2024-05-01,7,0.5567926074120993,0.1268461847838844,no_relative_stress,0.3495602184879671,0.5886549302142117,0.6251743500064217,0.6093556180848243
H32,19.61959998384637,-103.4767867508887,2024,6,2024-06-01,3,0.562305008785934,0.1349874969413166,no_relative_stress,0.38942292706973813,0.657448291514568,0.6318474553404789,0.6220930710046738
H32,19.61959998384637,-103.4767867508887,2024,7,2024-07-01,3,0.6361278855846106,0.2164909199330473,no_relative_stress,0.923270088211144,1.3461449434378543,0.7212146475190124,0.7496088808752028
H32,19.61959998384637,-103.4767867508887,2024,8,2024-08-01,4,0.5100994840406021,0.2436059749060236,no_relative_stress,0.01190077689402909,1.575264738547555,0.5686494147734539,0.7920316168492956
H32,19.61959998384637,-103.4767867508887,2024,9,2024-09-01,4,0.6727773034739098,0.2265817958930916,no_relative_stress,1.188298878013578,1.4314119449153357,0.7655810514546973,0.7653965149783577
H32,19.61959998384637,-103.4767867508887,2024,10,2024-10-01,5,0.7366896133228531,0.2279350418218263,no_relative_stress,1.650478173300265,1.4428467522662243,0.8429508848251963,0.7675137297433634
H32,19.61959998384637,-103.4767867508887,2024,11,2024-11-01,5,0.6591893681363206,0.2109240283655584,no_relative_stress,1.0900382707288307,1.2991052064130846,0.7491320090808081,0.7408992259842446
H32,19.61959998384637,-103.4767867508887,2024,12,2024-12-01,6,0.683157342452662,0.1814943596020599,no_relative_stress,1.2633617119431726,1.0504271313009617,0.7781467354060906,0.6948551715280327
H32,19.61959998384637,-103.4767867508887,2025,1,2025-01-01,5,0.6466919038403534,0.1330086594030226,no_relative_stress,0.9996633608744945,0.6407272908829569,0.7340030498487279,0.6189970897313062
H32,19.61959998384637,-103.4767867508887,2025,2,2025-02-01,4,0.613593809185899,0.1159802818794649,no_relative_stress,0.7603158220532121,0.4968390202105732,0.6939357439674576,0.5923554190996582
H32,19.61959998384637,-103.4767867508887,2025,3,2025-03-01,7,0.6056715440727568,0.1329968591396864,no_relative_stress,0.703026280872173,0.6406275797106755,0.6843453484212878,0.6189786276829556
H32,19.61959998384637,-103.4767867508887,2025,4,2025-04-01,7,0.5796255226679643,0.124769353033837,no_relative_stress,0.5146755258088586,0.5711058872370751,0.6528150166148468,0.6061063204130076
H32,19.61959998384637,-103.4767867508887,2025,5,2025-05-01,9,0.549355973183042,0.1166202348960332,no_relative_stress,0.2957824974915881,0.5022465660990878,0.6161718409045068,0.5933566546820591
H32,19.61959998384637,-103.4767867508887,2025,6,2025-06-01,1,0.6763074005835521,0.1738512429715962,no_relative_stress,1.2138266331249823,0.9858434777506857,0.7698544539619799,0.6828971681547588
H32,19.61959998384637,-103.4767867508887,2025,7,2025-07-01,5,0.7496241390843835,0.2531082441377751,no_relative_stress,1.7440136755448372,1.6555580656909428,0.8586089341941097,0.8068983489719149
H32,19.61959998384637,-103.4767867508887,2025,8,2025-08-01,6,0.7407103459771931,0.2405137789311826,no_relative_stress,1.6795539395980426,1.5491359584694506,0.8478182322302401,0.7871937356961292
H32,19.61959998384637,-103.4767867508887,2025,9,2025-09-01,5,0.7355832142111893,0.2402143910524541,no_relative_stress,1.6424772926726805,1.5466061576078642,0.8416115197621433,0.7867253297516897
H32,19.61959998384637,-103.4767867508887,2025,10,2025-10-01,6,0.7365356130515759,0.2288845895665073,no_relative_stress,1.6493645265392405,1.4508703459828887,0.8427644579012455,0.7689993403500004
H32,19.61959998384637,-103.4767867508887,2025,11,2025-11-01,7,0.7044601318272468,0.1851188595555627,no_relative_stress,1.4174119755630703,1.081053832502539,0.8039350892949417,0.7005258664507907
H32,19.61959998384637,-103.4767867508887,2025,12,2025-12-01,7,0.7075322367235684,0.1750739028299538,no_relative_stress,1.4396277784245932,0.9961748444587724,0.8076540636910616,0.684810075077091
H32,19.61959998384637,-103.4767867508887,2026,1,2026-01-01,5,0.634999086054946,0.1315501515217361,no_relative_stress,0.9151072198627244,0.6284030294252799,0.7198481653542266,0.6167151878570294
H32,19.61959998384637,-103.4767867508887,2026,2,2026-02-01,5,0.5885044223433727,0.0726282600635739,no_relative_stress,0.5788829313086822,0.13051830406422668,0.6635634779053768,0.5245292104760148
H32,19.61959998384637,-103.4767867508887,2026,3,2026-03-01,7,0.6072649235747521,0.1263626915055942,no_relative_stress,0.7145487405845039,0.5845694551536164,0.6862742335899934,0.6085991708745717
H32,19.61959998384637,-103.4767867508887,2026,4,2026-04-01,7,0.619916853348135,0.1275615792022984,no_relative_stress,0.8060406613193231,0.5946999492168654,0.7015901829070414,0.6104748851694739
H33,19.61742108024948,-103.4745293846265,2023,1,2023-01-01,4,0.7832525597365976,0.2755322748213978,no_relative_stress,1.987196245465701,1.8450391241245605,0.8993182327396365,0.8419817642227548
H33,19.61742108024948,-103.4745293846265,2023,2,2023-02-01,6,0.7497616447769667,0.2807356354389161,no_relative_stress,1.7450080424241787,1.8890070570590818,0.8587753934027942,0.8501226584188009
H33,19.61742108024948,-103.4745293846265,2023,3,2023-03-01,6,0.7729097870755706,0.2952726346997451,no_relative_stress,1.912402901412233,2.0118434037111723,0.8867976619878685,0.872866454517033
H33,19.61742108024948,-103.4745293846265,2023,4,2023-04-01,6,0.7496797599501545,0.2562042443430866,no_relative_stress,1.744415895596123,1.6817189911770802,0.8586762667177938,0.8117421820165672
H33,19.61742108024948,-103.4745293846265,2023,5,2023-05-01,6,0.7295561300141065,0.2408333103205626,no_relative_stress,1.5988926759779463,1.5518359701986848,0.8343153588012829,0.787693657078572
H33,19.61742108024948,-103.4745293846265,2023,6,2023-06-01,5,0.7546100731108251,0.2381126258002859,no_relative_stress,1.7800692567017866,1.528846428762564,0.8646447180006068,0.7834370224824949
H33,19.61742108024948,-103.4745293846265,2023,7,2023-07-01,3,0.8078975779321477,0.2737996657457505,no_relative_stress,2.165415702231826,1.830398732031933,0.9291525628664823,0.8392710185710954
H33,19.61742108024948,-103.4745293846265,2023,8,2023-08-01,1,0.6288632982241441,0.3222866302499376,no_relative_stress,0.8707365172176289,2.2401092557156423,0.712420411871558,0.9151310784306956
H33,19.61742108024948,-103.4745293846265,2023,9,2023-09-01,5,0.8439033053736675,0.2954216586129601,no_relative_stress,2.4257896704789044,2.0131026424807894,0.9727397394075608,0.8730996092028873
H33,19.61742108024948,-103.4745293846265,2023,10,2023-10-01,2,0.7893102530782002,0.2731690794403323,no_relative_stress,2.031002210956574,1.8250703340168675,0.9066514479771567,0.8382844376340368
H33,19.61742108024948,-103.4745293846265,2023,11,2023-11-01,5,0.8046087575176843,0.2535692717407097,no_relative_stress,2.141632729826765,1.659453707799342,0.9251712408323713,0.8076196476119345
H33,19.61742108024948,-103.4745293846265,2023,12,2023-12-01,4,0.8388350795750973,0.2883272101409087,no_relative_stress,2.389138999685229,1.9531551859127405,0.9666043362834014,0.8620000221022306
H33,19.61742108024948,-103.4745293846265,2024,1,2024-01-01,4,0.6275287360897662,0.2243152602982337,no_relative_stress,0.8610856848781173,1.412259921376374,0.7108048412529488,0.7618504170186682
H33,19.61742108024948,-103.4745293846265,2024,2,2024-02-01,5,0.7137708926759047,0.1853708879402554,no_relative_stress,1.484742367748649,1.083183449865298,0.8152063454444352,0.7009201763141655
H33,19.61742108024948,-103.4745293846265,2024,3,2024-03-01,6,0.7271543018645165,0.2304420232800991,no_relative_stress,1.5815239524221727,1.4640305218966285,0.8314077961712113,0.7714360161854248
H33,19.61742108024948,-103.4745293846265,2024,4,2024-04-01,5,0.7755659761703213,0.2604240958239685,no_relative_stress,1.9316110259012649,1.7173763596632086,0.8900131443909787,0.8183443314646046
H33,19.61742108024948,-103.4745293846265,2024,5,2024-05-01,7,0.7285684462836783,0.2176802373890388,no_relative_stress,1.591750280849773,1.3561945698210107,0.8331197061042268,0.7514696220935109
H33,19.61742108024948,-103.4745293846265,2024,6,2024-06-01,3,0.730470772725942,0.2260069264052129,no_relative_stress,1.6055068779211141,1.4265543490369996,0.8354225907942356,0.7644971055348531
H33,19.61742108024948,-103.4745293846265,2024,7,2024-07-01,3,0.7526563416227067,0.279536280466745,no_relative_stress,1.7659409261111358,1.8788726145598313,0.8622796042996048,0.8482462130501915
H33,19.61742108024948,-103.4745293846265,2024,8,2024-08-01,4,0.5464345239217094,0.29460726343434,no_relative_stress,0.27465615478844124,2.0062210758879973,0.6126352445417108,0.8718254509289836
H33,19.61742108024948,-103.4745293846265,2024,9,2024-09-01,4,0.7477835959776483,0.3109784633019697,no_relative_stress,1.7307038621767055,2.1445562540061904,0.8563808420814025,0.8974389372470355
H33,19.61742108024948,-103.4745293846265,2024,10,2024-10-01,5,0.8664219815249237,0.3257350504853883,no_relative_stress,2.588632570367442,2.269248099010855,1.0,0.9205262886311559
H33,19.61742108024948,-103.4745293846265,2024,11,2024-11-01,5,0.7579725943304975,0.299140609100316,no_relative_stress,1.804385193512204,2.0445274422658284,0.868715259451631,0.8789180762789474
H33,19.61742108024948,-103.4745293846265,2024,12,2024-12-01,6,0.8215154991906726,0.2766972207445774,no_relative_stress,2.263893151496456,1.8548828132300705,0.9456379050660503,0.843804375070212
H33,19.61742108024948,-103.4745293846265,2025,1,2025-01-01,5,0.7855263152200019,0.2658744659237457,no_relative_stress,2.0036388166927126,1.763431500682748,0.9020707554272384,0.826871683223042
H33,19.61742108024948,-103.4745293846265,2025,2,2025-02-01,4,0.7572915985381696,0.2443224861139633,no_relative_stress,1.7994605998598203,1.5813191943220524,0.8678908716129979,0.7931526312019198
H33,19.61742108024948,-103.4745293846265,2025,3,2025-03-01,7,0.7473815113757222,0.233154110753275,no_relative_stress,1.7277962035675412,1.4869474190518417,0.855894093617368,0.7756792003105483
H33,19.61742108024948,-103.4745293846265,2025,4,2025-04-01,7,0.7398799715302706,0.2207657001376449,no_relative_stress,1.6735491202195885,1.3822664547382202,0.8468130122226178,0.7562969688081854
H33,19.61742108024948,-103.4745293846265,2025,5,2025-05-01,9,0.6830526426574304,0.1956262441051589,no_relative_stress,1.2626045795896215,1.1698402943976614,0.7780199897802457,0.7169651471739915
H33,19.61742108024948,-103.4745293846265,2025,6,2025-06-01,1,0.795845532960216,0.2500117602761385,no_relative_stress,2.078261824284745,1.629393053352013,0.9145628114796838,0.8020537592249581
H33,19.61742108024948,-103.4745293846265,2025,7,2025-07-01,5,0.822871445791904,0.3166809689924668,no_relative_stress,2.273698624746988,2.192741918269853,0.9472793629142257,0.9063607665975502
H33,19.61742108024948,-103.4745293846265,2025,8,2025-08-01,6,0.8426563172881748,0.3175619874050409,no_relative_stress,2.4167721263477957,2.200186445244924,0.9712301826317595,0.9077391599492212
H33,19.61742108024948,-103.4745293846265,2025,9,2025-09-01,5,0.8480726252730241,0.3353384584510406,no_relative_stress,2.455939939456254,2.3503960394313346,0.9777869609309877,0.9355512569000529
H33,19.61742108024948,-103.4745293846265,2025,10,2025-10-01,6,0.8495921930528224,0.3217393655715096,no_relative_stress,2.4669286326714963,2.2354849180140537,0.9796264924108551,0.9142748579663066
H33,19.61742108024948,-103.4745293846265,2025,11,2025-11-01,7,0.8243348986295554,0.2780668323089719,no_relative_stress,2.2842815250175255,1.8664559087420172,0.9490509637601705,0.8459471946160797
H33,19.61742108024948,-103.4745293846265,2025,12,2025-12-01,7,0.8055446436988853,0.2369274708290577,no_relative_stress,2.1484005530632957,1.518831975004249,0.9263041893686457,0.7815827936607977
H33,19.61742108024948,-103.4745293846265,2026,1,2026-01-01,5,0.7357683833501678,0.1724068475374393,no_relative_stress,1.6438163358454934,0.9736384652120335,0.8418356785425408,0.6806373458454736
H33,19.61742108024948,-103.4745293846265,2026,2,2026-02-01,5,0.6642509647576128,0.0864825685046585,no_relative_stress,1.1266410028939398,0.2475859742043576,0.7552593871728165,0.5462049057562026
H33,19.61742108024948,-103.4745293846265,2026,3,2026-03-01,7,0.7013466659920311,0.1733846230469311,no_relative_stress,1.3948970727373051,0.9819005810226531,0.8001660449051409,0.6821671200732023
H33,19.61742108024948,-103.4745293846265,2026,4,2026-04-01,7,0.7646886832687372,0.2158728421380622,no_relative_stress,1.852952320250304,1.340922241219844,0.8768455035827097,0.7486418700712699
H34,19.61706263447486,-103.4717205538295,2023,1,2023-01-01,4,0.6314764176853085,0.1515139697044601,no_relative_stress,0.8896331853855507,0.7970955117452214,0.7155837557995953,0.6479494888254235
H34,19.61706263447486,-103.4717205538295,2023,2,2023-02-01,6,0.5897164589408049,0.1438342720336386,no_relative_stress,0.5876477251611789,0.7322027516679613,0.6650307237270958,0.6359342527517806
H34,19.61706263447486,-103.4717205538295,2023,3,2023-03-01,6,0.5967434112465426,0.1397040936000304,no_relative_stress,0.6384628478246372,0.6973031124299831,0.6735372873340496,0.6294724008621393
H34,19.61706263447486,-103.4717205538295,2023,4,2023-04-01,6,0.5676271916552099,0.1185836143427406,no_relative_stress,0.4279100781948117,0.518836947236081,0.6382902893224839,0.5964284510685183
H34,19.61706263447486,-103.4717205538295,2023,5,2023-05-01,6,0.5048152687418271,0.1065941207499696,no_relative_stress,-0.026311813273705777,0.4175267961712006,0.5622525429012535,0.5776703433805156
H34,19.61706263447486,-103.4717205538295,2023,6,2023-06-01,5,0.5385727173089027,0.110498015998487,no_relative_stress,0.21780381681825708,0.4505143626858726,0.6031180377772927,0.5837781649417636
H34,19.61706263447486,-103.4717205538295,2023,7,2023-07-01,3,0.6995961146312148,0.2145774228604074,no_relative_stress,1.3822380310563296,1.329976063910846,0.7980468934081449,0.746615127730291
H34,19.61706263447486,-103.4717205538295,2023,8,2023-08-01,1,0.6286303300735129,0.3360165883372807,no_relative_stress,0.8690518174166443,2.3561261764621446,0.7121383894092566,0.9366122219303203
H34,19.61706263447486,-103.4717205538295,2023,9,2023-09-01,5,0.8324590069711212,0.3293443163236314,no_relative_stress,2.343030687377828,2.2997460732977912,0.9588857031109532,0.9261731490881493
H34,19.61706263447486,-103.4717205538295,2023,10,2023-10-01,2,0.6640284575767884,0.227136268992549,no_relative_stress,1.1250319511749094,1.436097193131433,0.7549900283662765,0.7662640133450938
H34,19.61706263447486,-103.4717205538295,2023,11,2023-11-01,5,0.7460208939335742,0.2382293675111144,no_relative_stress,1.7179569533189893,1.5298328858024792,0.8542469814252286,0.7836196701953828
H34,19.61706263447486,-103.4717205538295,2023,12,2023-12-01,4,0.767818387765111,0.240437184366686,no_relative_stress,1.8755846523003958,1.5484887412338058,0.8806342058836538,0.7870739000184981
H34,19.61706263447486,-103.4717205538295,2024,1,2024-01-01,4,0.5437994290635285,0.157930099358458,no_relative_stress,0.2556005724218189,0.8513112348254949,0.6094452980263246,0.6579878153034031
H34,19.61706263447486,-103.4717205538295,2024,2,2024-02-01,5,0.6010172336547456,0.115643825855941,no_relative_stress,0.669368822486987,0.49399599683296813,0.6787110156558595,0.5918290183578168
H34,19.61706263447486,-103.4717205538295,2024,3,2024-03-01,6,0.5921011144732475,0.1245000321222375,no_relative_stress,0.6048922656274949,0.5688301495649245,0.6679174978341057,0.6056849556052846
H34,19.61706263447486,-103.4717205538295,2024,4,2024-04-01,5,0.581957039486491,0.1241363244133617,no_relative_stress,0.5315357958050863,0.565756851877699,0.6556374629976528,0.6051159183630308
H34,19.61706263447486,-103.4717205538295,2024,5,2024-05-01,7,0.5253806037795428,0.0959218217624324,no_relative_stress,0.12240557900222333,0.32734682199039994,0.5871481623654411,0.5609730465232498
H34,19.61706263447486,-103.4717205538295,2024,6,2024-06-01,3,0.5256837992770614,0.1038086685328373,no_relative_stress,0.12459812503456788,0.3939899734757176,0.5875151994069304,0.5733123767788022
H34,19.61706263447486,-103.4717205538295,2024,7,2024-07-01,3,0.6108424448222756,0.1438806135908659,no_relative_stress,0.7404194414394952,0.7325943336915849,0.6906050459711216,0.6360067562244396
H34,19.61706263447486,-103.4717205538295,2024,8,2024-08-01,4,0.4828063705010707,0.2355059278008178,no_relative_stress,-0.18546827472832794,1.5068200632565294,0.5356094002331161,0.7793587249792873
H34,19.61706263447486,-103.4717205538295,2024,9,2024-09-01,4,0.6130391299205976,0.2338438583929906,no_relative_stress,0.7563046812799707,1.4927757250628948,0.6932642701554192,0.7767583418441933
H34,19.61706263447486,-103.4717205538295,2024,10,2024-10-01,5,0.8392414938854335,0.3125604827238052,no_relative_stress,2.3920779684064275,2.157924176960865,0.9670963261292451,0.8999140785405089
H34,19.61706263447486,-103.4717205538295,2024,11,2024-11-01,5,0.719483107694482,0.247514566576117,no_relative_stress,1.5260500206570153,1.6082919894054941,0.8221213376455987,0.798146786175567
H34,19.61706263447486,-103.4717205538295,2024,12,2024-12-01,6,0.7192304500808177,0.2008052094055858,no_relative_stress,1.5242229372968896,1.2136020890794967,0.8218154798614692,0.7250678737876002
H34,19.61706263447486,-103.4717205538295,2025,1,2025-01-01,5,0.536152712219629,0.0845016806785968,no_relative_stress,0.2003036474550435,0.2308476488240517,0.6001884708291509,0.54310571671443
H34,19.61706263447486,-103.4717205538295,2025,2,2025-02-01,4,0.5193587989890469,0.0663289084408754,no_relative_stress,0.07885914012365121,0.07728934492860677,0.5798583924552078,0.5146735885359506
H34,19.61706263447486,-103.4717205538295,2025,3,2025-03-01,7,0.5195734306308525,0.062517407084155,no_relative_stress,0.08041124019937027,0.045082498555531994,0.5801182174310502,0.5087103214180269
H34,19.61706263447486,-103.4717205538295,2025,4,2025-04-01,7,0.5035556338077847,0.0630500739423979,no_relative_stress,-0.03542081258088485,0.04958348597908594,0.5607276763272732,0.5095437029292171
H34,19.61706263447486,-103.4717205538295,2025,5,2025-05-01,9,0.4554211741749469,0.0474788386703048,no_relative_stress,-0.3835032193142771,-0.0819920626857638,0.5024579137420417,0.48518179758191715
H34,19.61706263447486,-103.4717205538295,2025,6,2025-06-01,1,0.5107955320246634,0.0935455003079214,no_relative_stress,0.01693421986486696,0.3072671177333009,0.569492024228064,0.5572551835960028
H34,19.61706263447486,-103.4717205538295,2025,7,2025-07-01,5,0.568779252847191,0.161834793533341,no_relative_stress,0.43624116231765786,0.8843055521966697,0.6396849311789098,0.6640968868212638
H34,19.61706263447486,-103.4717205538295,2025,8,2025-08-01,6,0.6379506823525913,0.2192639475110415,no_relative_stress,0.9364515696451169,1.3695767790412412,0.7234212565829045,0.7539474085642438
H34,19.61706263447486,-103.4717205538295,2025,9,2025-09-01,5,0.6874130280545258,0.2444490312643864,no_relative_stress,1.2941365310207467,1.5823884895518048,0.7832985079937445,0.7933506168416522
H34,19.61706263447486,-103.4717205538295,2025,10,2025-10-01,6,0.6307763478949417,0.1824259256013215,no_relative_stress,0.8845706588843504,1.058298780873301,0.7147362776978586,0.6963126488766312
H34,19.61706263447486,-103.4717205538295,2025,11,2025-11-01,7,0.5771119132632235,0.110965659728798,no_relative_stress,0.496498460607259,0.4544659104802612,0.6497721358104609,0.5845098148137884
H34,19.61706263447486,-103.4717205538295,2025,12,2025-12-01,7,0.5801560724037179,0.1033875966287047,no_relative_stress,0.5185121748607344,0.390431953457043,0.6534572801278857,0.5726535906456769
H34,19.61706263447486,-103.4717205538295,2026,1,2026-01-01,5,0.5254707960342683,0.0685933575686514,no_relative_stress,0.12305780066074068,0.09642373800689706,0.5872573457095561,0.5182164221230536
H34,19.61706263447486,-103.4717205538295,2026,2,2026-02-01,5,0.4632603292439074,-0.0053040129524121,no_relative_stress,-0.32681468507136785,-0.5280024492092465,0.5119476994012437,0.4026006270631084
H34,19.61706263447486,-103.4717205538295,2026,3,2026-03-01,7,0.4741510990284115,0.0395979730224064,no_relative_stress,-0.24805852188420882,-0.148584674219583,0.5251316548160155,0.472851825064388
H34,19.61706263447486,-103.4717205538295,2026,4,2026-04-01,7,0.5166362340314492,0.0697124867794958,no_relative_stress,0.05917102125502074,0.1058802799812911,0.576562557934322,0.5199673506415414
H35,19.62235761063883,-103.4790615464518,2023,1,2023-01-01,4,0.4835684019983222,0.0489591464613252,no_relative_stress,-0.17995767463863704,-0.06948359393598941,0.5365318868417955,0.4874978064058505
H35,19.62235761063883,-103.4790615464518,2023,2,2023-02-01,6,0.4289187977001969,0.030326721564097,no_relative_stress,-0.5751540876911604,-0.22692592179055182,0.47037513568848743,0.4583465307488401
H35,19.62235761063883,-103.4790615464518,2023,3,2023-03-01,6,0.4225745990623717,0.0175723132985188,no_relative_stress,-0.6210319046957244,-0.3346995335891337,0.4626950879380931,0.43839167928733047
H35,19.62235761063883,-103.4790615464518,2023,4,2023-04-01,6,0.4103049170690374,0.0186465756188296,no_relative_stress,-0.7097596160000715,-0.32562211283638254,0.44784187337618836,0.44007241151622994
H35,19.62235761063883,-103.4790615464518,2023,5,2023-05-01,6,0.3597874298149986,-0.0243990297604232,no_relative_stress,-1.0750747910251826,-0.6893536374339471,0.3866873073719382,0.3727256053353468
H35,19.62235761063883,-103.4790615464518,2023,6,2023-06-01,5,0.3667608924459681,-0.0206478294703402,no_relative_stress,-1.024646476791085,-0.6576563296934375,0.3951291183947084,0.3785945286936336
H35,19.62235761063883,-103.4790615464518,2023,7,2023-07-01,3,0.6367970142030367,0.1738521351619534,no_relative_stress,0.9281088648732806,0.9858510166795961,0.7220246694042082,0.6828985640271257
H35,19.62235761063883,-103.4790615464518,2023,8,2023-08-01,1,0.4580402550671905,0.2663642287718732,no_relative_stress,-0.36456344129753887,1.7675699530490498,0.5056284743538499,0.8276379394602777
H35,19.62235761063883,-103.4790615464518,2023,9,2023-09-01,5,0.6106887010176331,0.1304968370660311,no_relative_stress,0.7393076493066133,0.6195026162593196,0.6904189295160122,0.6150672295144555
H35,19.62235761063883,-103.4790615464518,2023,10,2023-10-01,2,0.6687065557141051,0.1448535024907366,no_relative_stress,1.1588614294944561,0.7408151580869268,0.7606531576481079,0.6375288851293035
H35,19.62235761063883,-103.4790615464518,2023,11,2023-11-01,5,0.5944527730861607,0.1528251526464925,no_relative_stress,0.6218981901988325,0.8081748906116556,0.6707643271140273,0.6500008941358317
H35,19.62235761063883,-103.4790615464518,2023,12,2023-12-01,4,0.5262371229993206,0.0301288289424231,no_relative_stress,0.12859946325287924,-0.22859809678620768,0.5881850322496538,0.4580369187473575
H35,19.62235761063883,-103.4790615464518,2024,1,2024-01-01,4,0.4353998797034032,0.0291499824955035,no_relative_stress,-0.5282864041413592,-0.2368692619225349,0.4782208892817117,0.45650546898934546
H35,19.62235761063883,-103.4790615464518,2024,2,2024-02-01,5,0.457527906587417,0.0097720096920257,no_relative_stress,-0.36826846869965574,-0.40061140306143767,0.505008244595273,0.426187749745391
H35,19.62235761063883,-103.4790615464518,2024,3,2024-03-01,6,0.4343413418194699,0.0010819792489755,no_relative_stress,-0.5359411782277109,-0.47404138491443687,0.4769394632170013,0.4125918021266323
H35,19.62235761063883,-103.4790615464518,2024,4,2024-04-01,5,0.4069855920351646,-0.0086999983203863,no_relative_stress,-0.7337631813321442,-0.5566982225529208,0.44382362359957656,0.39728745359615314
H35,19.62235761063883,-103.4790615464518,2024,5,2024-05-01,7,0.3823640365012713,0.006041265208293,no_relative_stress,-0.911812968805206,-0.4321358610635103,0.4140176964865963,0.4203508304259232
H35,19.62235761063883,-103.4790615464518,2024,6,2024-06-01,3,0.3898640130662836,0.0171338117156135,no_relative_stress,-0.8575771902568056,-0.3384048328382288,0.4230968854329686,0.4377056236295288
H35,19.62235761063883,-103.4790615464518,2024,7,2024-07-01,3,0.5135759964809993,0.0917749035025472,no_relative_stress,0.03704103662733808,0.29230573271403615,0.5728579496998197,0.5544850044145178
H35,19.62235761063883,-103.4790615464518,2024,8,2024-08-01,4,0.4468860337909228,0.1372380786832774,no_relative_stress,-0.4452247433396902,0.6764655064200737,0.4921255944929561,0.6256142084363505
H35,19.62235761063883,-103.4790615464518,2024,9,2024-09-01,4,0.4684093521527701,0.1017358048849949,no_relative_stress,-0.28957973322785385,0.376474460608149,0.5181809124617818,0.5700692873832485
H35,19.62235761063883,-103.4790615464518,2024,10,2024-10-01,5,0.5057995079352127,0.0624629609499982,no_relative_stress,-0.019194327176464028,0.04462243358000629,0.5634440257715946,0.5086251379663818
H35,19.62235761063883,-103.4790615464518,2024,11,2024-11-01,5,0.4797177556838276,0.059401542626542,no_relative_stress,-0.20780346841823433,0.018753721909886584,0.5318704395490077,0.5038354098477529
H35,19.62235761063883,-103.4790615464518,2024,12,2024-12-01,6,0.5393757432954103,0.068114540087718,no_relative_stress,0.22361086690638846,0.09237777301675634,0.6040901507695334,0.5174672904102963
H35,19.62235761063883,-103.4790615464518,2025,1,2025-01-01,5,0.5268933414415375,0.0422648707761401,no_relative_stress,0.13334488049557935,-0.12604962616148507,0.588979425562131,0.47702430781942207
H35,19.62235761063883,-103.4790615464518,2025,2,2025-02-01,4,0.497671179490394,0.0236129754701156,no_relative_stress,-0.07797400704352064,-0.28365647723307785,0.5536041777228747,0.4478425698228554
H35,19.62235761063883,-103.4790615464518,2025,3,2025-03-01,7,0.4595426674660433,0.0218311067809461,no_relative_stress,-0.3536988065288544,-0.29871310866464945,0.507447238176152,0.44505475526682825
H35,19.62235761063883,-103.4790615464518,2025,4,2025-04-01,7,0.46525759556361,0.05196960311247,no_relative_stress,-0.3123715340990166,-0.044045503849712085,0.5143655147284808,0.4922078026717717
H35,19.62235761063883,-103.4790615464518,2025,5,2025-05-01,9,0.4718556554141688,0.0626046115138634,no_relative_stress,-0.26465792995611986,0.04581936820552386,0.5223528772946728,0.5088467567120352
H35,19.62235761063883,-103.4790615464518,2025,6,2025-06-01,1,0.61645053853929,0.1169734295278916,no_relative_stress,0.780974145347983,0.5052310292235732,0.6973939928490716,0.593909243737465
H35,19.62235761063883,-103.4790615464518,2025,7,2025-07-01,5,0.679664294277159,0.1740431599889398,no_relative_stress,1.2381018747072459,0.9874651594229393,0.7739181829420575,0.6831974310516555
H35,19.62235761063883,-103.4790615464518,2025,8,2025-08-01,6,0.6352431609507339,0.1390957745350066,no_relative_stress,0.9168722376441033,0.6921628706093973,0.7201436332235879,0.6285206580347975
H35,19.62235761063883,-103.4790615464518,2025,9,2025-09-01,5,0.6592837172728881,0.1536471567459826,no_relative_stress,1.090720552711015,0.8151207519068736,0.7492462245894033,0.6512869569122872
H35,19.62235761063883,-103.4790615464518,2025,10,2025-10-01,6,0.6233954298178497,0.1449874532368138,no_relative_stress,0.8311958469975353,0.7419470299391722,0.7058012164695033,0.6377384571600455
H35,19.62235761063883,-103.4790615464518,2025,11,2025-11-01,7,0.601440596630102,0.092692062526115,no_relative_stress,0.6724303547968529,0.3000556446272629,0.6792235229167608,0.5559199413947986
H35,19.62235761063883,-103.4790615464518,2025,12,2025-12-01,7,0.6284032835339638,0.1061293978798704,no_relative_stress,0.8674099395077705,0.41359992938498014,0.7118635354261384,0.5769432633270549
H35,19.62235761063883,-103.4790615464518,2026,1,2026-01-01,5,0.5263839249054587,0.0673150957036276,no_relative_stress,0.12966105532623767,0.08562253930371598,0.5883627451040824,0.5162165233339971
H35,19.62235761063883,-103.4790615464518,2026,2,2026-02-01,5,0.5233602051005672,0.0267395231838122,no_relative_stress,0.10779514730519871,-0.2572374280267676,0.584702343875955,0.45273419583286145
H35,19.62235761063883,-103.4790615464518,2026,3,2026-03-01,7,0.5451960440008929,0.0660671301520211,no_relative_stress,0.2657001371076135,0.07507734174564291,0.6111359874293837,0.5142640245043496
H35,19.62235761063883,-103.4790615464518,2026,4,2026-04-01,7,0.5044333277595514,0.0374750003795256,no_relative_stress,-0.029073804108437292,-0.1665236036241195,0.5617901795439303,0.4695303378684773
H36,19.61265718886245,-103.475737660252,2023,1,2023-01-01,4,0.3935330507385504,-0.0272583543318049,no_relative_stress,-0.8310446920611296,-0.7135146749313828,0.42753848414852585,0.36825206207766753
H36,19.61265718886245,-103.475737660252,2023,2,2023-02-01,6,0.3477750735540976,-0.0358447940099636,moderate_possible_stress,-1.1619416616564848,-0.7860693240642067,0.37214560164279764,0.3548181869191243
H36,19.61265718886245,-103.475737660252,2023,3,2023-03-01,6,0.3346960878606018,-0.0456694515453538,moderate_possible_stress,-1.2565218200824833,-0.8690868036073985,0.3563126745251175,0.3394470636418482
H36,19.61265718886245,-103.475737660252,2023,4,2023-04-01,6,0.3314060239975318,-0.0364754367108961,moderate_possible_stress,-1.280313784436077,-0.7913981986163361,0.3523298472189904,0.3538315177487202
H36,19.61265718886245,-103.475737660252,2023,5,2023-05-01,6,0.321706882523573,-0.0461846308878634,moderate_possible_stress,-1.3504527354756357,-0.8734400230833756,0.3405884321230455,0.33864104214388796
H36,19.61265718886245,-103.475737660252,2023,6,2023-06-01,5,0.3169668866923864,-0.0477218195155017,moderate_possible_stress,-1.3847298244761344,-0.8864291298272294,0.33485037182601446,0.33623604066564383
H36,19.61265718886245,-103.475737660252,2023,7,2023-07-01,3,0.5142002233290944,0.0935054564410543,no_relative_stress,0.04155510794526618,0.30692875063129305,0.5736136151942551,0.5571925331461631
H36,19.61265718886245,-103.475737660252,2023,8,2023-08-01,1,0.512279384047163,0.2014462844693541,no_relative_stress,0.027664636019274085,1.2190191161667334,0.5712883195583159,0.7260708648638463
H36,19.61265718886245,-103.475737660252,2023,9,2023-09-01,5,0.4651361076488258,0.0534763710142339,no_relative_stress,-0.31325006906314995,-0.03131344952512798,0.5142184460378703,0.4945652095416628
H36,19.61265718886245,-103.475737660252,2023,10,2023-10-01,2,0.5822553745762713,0.1095284500023793,no_relative_stress,0.5336931939945716,0.4423216165308333,0.6559986162127287,0.5822612348708739
H36,19.61265718886245,-103.475737660252,2023,11,2023-11-01,5,0.4638344126743837,0.0900790440238281,no_relative_stress,-0.32266322385895996,0.27797587143637287,0.5126426631642762,0.5518317551776432
H36,19.61265718886245,-103.475737660252,2023,12,2023-12-01,4,0.5328153979901789,0.0657050475925871,no_relative_stress,0.17616999397947583,0.07201777642619235,0.5961484440104078,0.513697529882266
H36,19.61265718886245,-103.475737660252,2024,1,2024-01-01,4,0.4652399699149785,0.0849254751270066,no_relative_stress,-0.3124989932674105,0.23442867409894252,0.5143441777825797,0.5437687623918256
H36,19.61265718886245,-103.475737660252,2024,2,2024-02-01,5,0.4522633695645333,0.0449374930985662,no_relative_stress,-0.40633875620761534,-0.10346620600872608,0.49863519450216853,0.48120574692237605
H36,19.61265718886245,-103.475737660252,2024,3,2024-03-01,6,0.4454740637935319,0.0419662708687132,no_relative_stress,-0.4554353475238052,-0.12857276873588191,0.4904163168329798,0.4765571346919
H36,19.61265718886245,-103.475737660252,2024,4,2024-04-01,5,0.4241795046585606,0.0402139557367577,no_relative_stress,-0.6094260944973234,-0.14337967524598894,0.46463792616199695,0.473815558019441
H36,19.61265718886245,-103.475737660252,2024,5,2024-05-01,7,0.3505785036882942,0.022582925351196,no_relative_stress,-1.141668769519261,-0.29236030882902303,0.37553932849856725,0.44623100959262324
H36,19.61265718886245,-103.475737660252,2024,6,2024-06-01,3,0.3497464471200766,0.0317975482156017,no_relative_stress,-1.1476857530901317,-0.21449756782370558,0.3745320721783063,0.460647705899052
H36,19.61265718886245,-103.475737660252,2024,7,2024-07-01,3,0.466505418520753,0.0934244534596315,no_relative_stress,-0.30334795262718484,0.30624428266597403,0.5158760821684344,0.5570658002998738
H36,19.61265718886245,-103.475737660252,2024,8,2024-08-01,4,0.4701241986300026,0.1812488522054882,no_relative_stress,-0.2771788899748809,1.0483526157059726,0.5202568409724717,0.6944710640469736
H36,19.61265718886245,-103.475737660252,2024,9,2024-09-01,4,0.4667976735946899,0.1497308401103266,no_relative_stress,-0.3012345218274633,0.7820282257792116,0.5162298751454935,0.6451597015262678
H36,19.61265718886245,-103.475737660252,2024,10,2024-10-01,5,0.5344341444606576,0.0773962485768264,no_relative_stress,0.18787589390301082,0.17080738156492076,0.5981080374750476,0.5319889452258357
H36,19.61265718886245,-103.475737660252,2024,11,2024-11-01,5,0.4565352144888112,0.058981459944384,no_relative_stress,-0.37544708164064744,0.015204060728631397,0.5038065289564725,0.5031781713973703
H36,19.61265718886245,-103.475737660252,2024,12,2024-12-01,6,0.4941086942570534,0.036974122185987,no_relative_stress,-0.10373597556736401,-0.17075597966734918,0.5492915673737905,0.46874669116811674
H36,19.61265718886245,-103.475737660252,2025,1,2025-01-01,5,0.5016202585027987,0.0112797724289037,no_relative_stress,-0.04941640117231291,-0.3878709424689062,0.5583847839297045,0.42854671308003656
H36,19.61265718886245,-103.475737660252,2025,2,2025-02-01,4,0.4659951704285391,-0.0109943194073307,no_relative_stress,-0.30703779116123514,-0.57608503102078,0.5152583950598709,0.39369788397115185
H36,19.61265718886245,-103.475737660252,2025,3,2025-03-01,7,0.4316563183138996,-0.0039259209799299,no_relative_stress,-0.5553578175975862,-0.5163576950056453,0.473689074962957,0.4047567145928919
H36,19.61265718886245,-103.475737660252,2025,4,2025-04-01,7,0.4140471321850827,0.0251825114499042,no_relative_stress,-0.6826979380661513,-0.27039403824983155,0.45237205794703716,0.4502981802038327
H36,19.61265718886245,-103.475737660252,2025,5,2025-05-01,9,0.398023869895043,0.0152728817092643,no_relative_stress,-0.7985695141507503,-0.3541295253455153,0.4329749005549441,0.43479411404917584
H36,19.61265718886245,-103.475737660252,2025,6,2025-06-01,1,0.5019076022760828,0.0671506050513705,no_relative_stress,-0.047338486245511714,0.08423260796925355,0.5587326314713061,0.5159591702318971
H36,19.61265718886245,-103.475737660252,2025,7,2025-07-01,5,0.5372306081934894,0.1112641782189802,no_relative_stress,0.20809840878926258,0.456988365086205,0.6014933310678972,0.5849768605603305
H36,19.61265718886245,-103.475737660252,2025,8,2025-08-01,6,0.6302883049074809,0.168169728096571,no_relative_stress,0.8810413956712482,0.9378351840047996,0.7141454712521718,0.6740081798891517
H36,19.61265718886245,-103.475737660252,2025,9,2025-09-01,5,0.6106440833184406,0.1732209992622697,no_relative_stress,0.7389849982114042,0.9805179746420258,0.6903649170110652,0.6819111232248577
H36,19.61265718886245,-103.475737660252,2025,10,2025-10-01,6,0.5860723628832446,0.1217070732884861,no_relative_stress,0.5612955912479954,0.5452298966288078,0.6606193183902225,0.60131524456067
H36,19.61265718886245,-103.475737660252,2025,11,2025-11-01,7,0.5707974305731249,0.0817624519951418,no_relative_stress,0.4508355332821874,0.2077014108637259,0.6421280610663541,0.538820068932167
H36,19.61265718886245,-103.475737660252,2025,12,2025-12-01,7,0.5519317093306721,0.0733998040081959,no_relative_stress,0.3144088297329012,0.13703778155324908,0.6192899300022022,0.5257363260465984
H36,19.61265718886245,-103.475737660252,2026,1,2026-01-01,5,0.5430248406596546,0.0826837575860039,no_relative_stress,0.24999916756748317,0.21548636090060108,0.6085076104997732,0.540261493405455
H36,19.61265718886245,-103.475737660252,2026,2,2026-02-01,5,0.4842916021074861,0.0221413429467973,no_relative_stress,-0.1747278821683815,-0.296091640744843,0.5374073656356584,0.4455401338495616
H36,19.61265718886245,-103.475737660252,2026,3,2026-03-01,7,0.4563124905032307,0.0287042213755587,no_relative_stress,-0.377057701174542,-0.24063590361186254,0.5035369076942665,0.45580805545587555
H36,19.61265718886245,-103.475737660252,2026,4,2026-04-01,7,0.469532287124307,0.0385380696409428,no_relative_stress,-0.281459274195402,-0.15754076322028926,0.5195402952135406,0.4711935580479762
H37,19.61287910833094,-103.4782759946473,2023,1,2023-01-01,4,0.6012415345546668,0.1326126851428908,no_relative_stress,0.6709908454134431,0.6373813437166859,0.6789825458711305,0.618377570002991
H37,19.61287910833094,-103.4782759946473,2023,2,2023-02-01,6,0.5582915307412855,0.1211517912294871,no_relative_stress,0.36039962218984195,0.5405378127767655,0.6269888900924926,0.6004464805399612
H37,19.61287910833094,-103.4782759946473,2023,3,2023-03-01,6,0.5657172420696969,0.1232591028603975,no_relative_stress,0.41409835467000283,0.558344408027547,0.6359781763425829,0.6037434653707994
H37,19.61287910833094,-103.4782759946473,2023,4,2023-04-01,6,0.5575856159730294,0.120163329426891,no_relative_stress,0.3552948279663789,0.5321853987429271,0.6261343362808273,0.5988999871209435
H37,19.61287910833094,-103.4782759946473,2023,5,2023-05-01,6,0.546507603049522,0.1116377450320991,no_relative_stress,0.2751846235587358,0.46014497132458027,0.6127237113793995,0.5855613228193014
H37,19.61287910833094,-103.4782759946473,2023,6,2023-06-01,5,0.5616229259895728,0.1106768452562666,no_relative_stress,0.38449047279145415,0.45202545395760024,0.6310217516157336,0.5840579514439406
H37,19.61287910833094,-103.4782759946473,2023,7,2023-07-01,3,0.67570709499191,0.1800285510512397,no_relative_stress,1.2094855474099209,1.038041179837146,0.7691277466389853,0.6925618474244309
H37,19.61287910833094,-103.4782759946473,2023,8,2023-08-01,1,0.5599790032315903,0.2332685544894721,no_relative_stress,0.37260251155854274,1.4879144584111643,0.6290316806863666,0.7758582527376747
H37,19.61287910833094,-103.4782759946473,2023,9,2023-09-01,5,0.6609460334309613,0.1625704318670548,no_relative_stress,1.1027415250760846,0.8905216304772903,0.7512585618756503,0.6652478264315529
H37,19.61287910833094,-103.4782759946473,2023,10,2023-10-01,2,0.6856024335674237,0.148991425447471,no_relative_stress,1.2810432898896307,0.7757802378542956,0.7811066705511653,0.6440028536773899
H37,19.61287910833094,-103.4782759946473,2023,11,2023-11-01,5,0.6250807139067405,0.144008559528838,no_relative_stress,0.8433829110295247,0.733675465451137,0.7078413578671091,0.6362069334599628
H37,19.61287910833094,-103.4782759946473,2023,12,2023-12-01,4,0.7011403718861309,0.19818985306071,no_relative_stress,1.3934052652167803,1.1915025613273307,0.7999163130360136,0.7209760299094516
H37,19.61287910833094,-103.4782759946473,2024,1,2024-01-01,4,0.5670813469823404,0.1328901916510929,no_relative_stress,0.4239628244210222,0.6397262489497471,0.6376295103350571,0.6188117415486613
H37,19.61287910833094,-103.4782759946473,2024,2,2024-02-01,5,0.578984705411245,0.116738976953927,no_relative_stress,0.5100414816189668,0.5032499258932186,0.6520392673970437,0.5935424320288529
H37,19.61287910833094,-103.4782759946473,2024,3,2024-03-01,6,0.5858266908210684,0.1395745364905781,no_relative_stress,0.5595190236221879,0.6962083664151845,0.6603219170514305,0.6292697028756025
H37,19.61287910833094,-103.4782759946473,2024,4,2024-04-01,5,0.6082904094243887,0.1554483795949407,no_relative_stress,0.7219645002156564,0.8303409242617333,0.6875156481077555,0.6541050519310142
H37,19.61287910833094,-103.4782759946473,2024,5,2024-05-01,7,0.5675227997552102,0.1464618574967644,no_relative_stress,0.42715517237323336,0.7544056143781648,0.6381639164230019,0.6400452296412851
H37,19.61287910833094,-103.4782759946473,2024,6,2024-06-01,3,0.5762888628484762,0.1593508387064552,no_relative_stress,0.49054660467258254,0.8633163555468738,0.6487757820001382,0.660210626590644
H37,19.61287910833094,-103.4782759946473,2024,7,2024-07-01,3,0.6705694860811121,0.2303682271607663,no_relative_stress,1.1723331354338358,1.4634069512729189,0.7629083509342971,0.771320558802451
H37,19.61287910833094,-103.4782759946473,2024,8,2024-08-01,4,0.5697894261607082,0.2313743922420452,no_relative_stress,0.4435461899604117,1.4719089564320051,0.6409078089175938,0.7728947498056404
H37,19.61287910833094,-103.4782759946473,2024,9,2024-09-01,4,0.5623687759551498,0.1850977889330898,no_relative_stress,0.38988405678637983,1.0808757876227244,0.6319246494720695,0.7004929005042024
H37,19.61287910833094,-103.4782759946473,2024,10,2024-10-01,5,0.6862106553408389,0.1684208450318961,no_relative_stress,1.2854416211544446,0.9399570997017291,0.781842960905444,0.6744010637485627
H37,19.61287910833094,-103.4782759946473,2024,11,2024-11-01,5,0.6152663901385726,0.1591204148922456,no_relative_stress,0.7724110238671303,0.8613692948769723,0.6959605074271554,0.6598501180597891
H37,19.61287910833094,-103.4782759946473,2024,12,2024-12-01,6,0.6543589806920318,0.1494698678493111,no_relative_stress,1.0551075184177414,0.7798230334595655,0.7432845241039254,0.6447513985618573
H37,19.61287910833094,-103.4782759946473,2025,1,2025-01-01,5,0.6417447849706719,0.1200150265359921,no_relative_stress,0.9638884699607896,0.5309322525475461,0.728014254208014,0.5986679605072756
H37,19.61287910833094,-103.4782759946473,2025,2,2025-02-01,4,0.6178036911301873,0.1108277273560699,no_relative_stress,0.7907594138252826,0.4533003942380867,0.6990320683736462,0.584294013347173
H37,19.61287910833094,-103.4782759946473,2025,3,2025-03-01,7,0.6149071381159966,0.1322784555761101,no_relative_stress,0.7698131073309116,0.6345571336998993,0.6955256104692702,0.6178546526539241
H37,19.61287910833094,-103.4782759946473,2025,4,2025-04-01,7,0.5909639060497736,0.1307833884798569,no_relative_stress,0.5966685887020711,0.6219239501378456,0.6665408361794157,0.6155155522260949
H37,19.61287910833094,-103.4782759946473,2025,5,2025-05-01,9,0.556453672707374,0.1151816898859327,no_relative_stress,0.34710922581772247,0.4900909891216929,0.6247640484277422,0.5911059856271315
H37,19.61287910833094,-103.4782759946473,2025,6,2025-06-01,1,0.6790339967208597,0.1723911290322216,no_relative_stress,1.2335439033073725,0.9735056452454688,0.7731551684770825,0.6806127535296025
H37,19.61287910833094,-103.4782759946473,2025,7,2025-07-01,5,0.6895325842346028,0.1898725003724547,no_relative_stress,1.3094640161944775,1.1212216732491975,0.7858643628166975,0.7079631535775055
H37,19.61287910833094,-103.4782759946473,2025,8,2025-08-01,6,0.7298597196792811,0.213442834914847,no_relative_stress,1.601088072417824,1.3203888970074478,0.83468287300728,0.7448400133186897
H37,19.61287910833094,-103.4782759946473,2025,9,2025-09-01,5,0.7218092143585849,0.227816483059977,no_relative_stress,1.5428711673393636,1.4418449413073144,0.8249372346993745,0.7673282391715626
H37,19.61287910833094,-103.4782759946473,2025,10,2025-10-01,6,0.7152031481332558,0.2053263120188549,no_relative_stress,1.4950996654196864,1.2518050027543735,0.8169401799176557,0.732141344325117
H37,19.61287910833094,-103.4782759946473,2025,11,2025-11-01,7,0.705572188475603,0.1909006647071488,no_relative_stress,1.4254537684394493,1.1299095701367015,0.8052813031586753,0.7095717634126018
H37,19.61287910833094,-103.4782759946473,2025,12,2025-12-01,7,0.7125856717283694,0.1864074835857816,no_relative_stress,1.476171490188668,1.0919425905770273,0.8137715616377669,0.7025419773182896
H37,19.61287910833094,-103.4782759946473,2026,1,2026-01-01,5,0.655656493971993,0.1504499307944013,no_relative_stress,1.0644904334582856,0.7881044778968891,0.744855244775794,0.6462847515865511
H37,19.61287910833094,-103.4782759946473,2026,2,2026-02-01,5,0.6164481583238629,0.094796849143326,no_relative_stress,0.7809569329159598,0.31784090373758556,0.6973911114499887,0.559212975726934
H37,19.61287910833094,-103.4782759946473,2026,3,2026-03-01,7,0.6286210600793416,0.1466221222382483,no_relative_stress,0.8689847818270446,0.7557598371436615,0.7121271675037102,0.6402959711138989
H37,19.61287910833094,-103.4782759946473,2026,4,2026-04-01,7,0.659159496116732,0.1641399161980667,no_relative_stress,1.0898222524219525,0.9037836330329819,0.7490958471398069,0.6677033560056713
H38,19.61351141813728,-103.4814391298695,2023,1,2023-01-01,4,0.729913546057269,0.2641492002200984,no_relative_stress,1.6014773157029607,1.748853159428289,0.8347480331916904,0.8241724266106571
H38,19.61351141813728,-103.4814391298695,2023,2,2023-02-01,6,0.670504184961428,0.206776457225835,no_relative_stress,1.171860913016146,1.2640586003603427,0.7628292998600861,0.7344101624153301
H38,19.61351141813728,-103.4814391298695,2023,3,2023-03-01,6,0.6834540461109477,0.2071551005113375,no_relative_stress,1.2655073125014935,1.267258102337398,0.7785059136716898,0.7350025670460877
H38,19.61351141813728,-103.4814391298695,2023,4,2023-04-01,6,0.6804382269450379,0.1967035080033541,no_relative_stress,1.243698537633136,1.1789430782157122,0.7748550766593288,0.7186505755079227
H38,19.61351141813728,-103.4814391298695,2023,5,2023-05-01,6,0.6667860381868953,0.1933086069953571,no_relative_stress,1.1449732843247784,1.1502564676170905,0.7583282515163074,0.7133390985714395
H38,19.61351141813728,-103.4814391298695,2023,6,2023-06-01,5,0.6911022069456022,0.1984888571832538,no_relative_stress,1.3208146796292721,1.194029119483398,0.7877644889096457,0.7214438354498971
H38,19.61351141813728,-103.4814391298695,2023,7,2023-07-01,3,0.7695128622016307,0.2485511194879848,no_relative_stress,1.8878381759612204,1.6170507690216225,0.8826854727697038,0.7997685203209401
H38,19.61351141813728,-103.4814391298695,2023,8,2023-08-01,1,0.5770136452441972,0.2815538403116087,no_relative_stress,0.4957878393843653,1.8959208152268567,0.6496531762504686,0.8514027771322442
H38,19.61351141813728,-103.4814391298695,2023,9,2023-09-01,5,0.7675937017320368,0.221105775158845,no_relative_stress,1.8739598442990506,1.3851400583232747,0.8803622094407039,0.7568290316363867
H38,19.61351141813728,-103.4814391298695,2023,10,2023-10-01,2,0.775749511585399,0.202975981942637,no_relative_stress,1.9329382548654694,1.231944923324702,0.8902353254467988,0.7284641460906036
H38,19.61351141813728,-103.4814391298695,2023,11,2023-11-01,5,0.7359517730197593,0.1938277865168453,no_relative_stress,1.6451425108570834,1.1546434882485102,0.8420576831643688,0.714151378531233
H38,19.61351141813728,-103.4814391298695,2023,12,2023-12-01,4,0.7910398777467381,0.2520291305593401,no_relative_stress,2.0435099221049375,1.6464396522399085,0.9087452664092328,0.8052100267291745
H38,19.61351141813728,-103.4814391298695,2024,1,2024-01-01,4,0.6417542962723298,0.15640529924954,no_relative_stress,0.9639572505557629,0.8384268099594296,0.7280257682313086,0.655602196225796
H38,19.61351141813728,-103.4814391298695,2024,2,2024-02-01,5,0.6551856376064347,0.1416643936028802,no_relative_stress,1.061085454609464,0.7138674725411509,0.7442852438067977,0.6325393793187123
H38,19.61351141813728,-103.4814391298695,2024,3,2024-03-01,6,0.658790821883232,0.1821592146716713,no_relative_stress,1.0871561995468164,1.0560450973157394,0.7486495440085118,0.6958953675043001
H38,19.61351141813728,-103.4814391298695,2024,4,2024-04-01,5,0.6837101293989285,0.1932144027969929,no_relative_stress,1.2673591684875058,1.14946045054653,0.778815918448029,0.7131917118212066
H38,19.61351141813728,-103.4814391298695,2024,5,2024-05-01,7,0.6652948747908192,0.1967092994690802,no_relative_stress,1.1341899962667399,1.178992015584339,0.7565231053127782,0.7186596365192925
H38,19.61351141813728,-103.4814391298695,2024,6,2024-06-01,3,0.6787667860172922,0.2147462503652181,no_relative_stress,1.2316115798635825,1.331402641262419,0.7728316932708399,0.7468792660353356
H38,19.61351141813728,-103.4814391298695,2024,7,2024-07-01,3,0.7305583817482565,0.2853718057395134,no_relative_stress,1.6061404190384636,1.928182282424665,0.8355286469745591,0.8573761575833492
H38,19.61351141813728,-103.4814391298695,2024,8,2024-08-01,4,0.7035466477751421,0.2732256706483404,no_relative_stress,1.410806152421093,1.825548524675037,0.802829259931788,0.8383729771512229
H38,19.61351141813728,-103.4814391298695,2024,9,2024-09-01,4,0.6780901873089346,0.2254183554035517,no_relative_stress,1.2267187835468834,1.4215809765897547,0.7720126283763297,0.7635762594502568
H38,19.61351141813728,-103.4814391298695,2024,10,2024-10-01,5,0.7877630380629758,0.2357066197469747,no_relative_stress,2.0198135878715444,1.5085158922942896,0.9047784477961401,0.779672716651162
H38,19.61351141813728,-103.4814391298695,2024,11,2024-11-01,5,0.7490494967821207,0.2302415059848364,no_relative_stress,1.7398581728736076,1.4623361686433405,0.857913293881957,0.7711222977628124
H38,19.61351141813728,-103.4814391298695,2024,12,2024-12-01,6,0.7443864097765858,0.219465710676789,no_relative_stress,1.7061372469491272,1.3712816597889594,0.8522683365104727,0.7542630762078585
H38,19.61351141813728,-103.4814391298695,2025,1,2025-01-01,5,0.7128664666720189,0.1817209544938915,no_relative_stress,1.478202047517651,1.0523418379184146,0.8141114814130463,0.69520968953579
H38,19.61351141813728,-103.4814391298695,2025,2,2025-02-01,4,0.6936535829020767,0.170151843152779,no_relative_stress,1.3392648521290893,0.954583879370339,0.7908530884780932,0.6771092889882699
H38,19.61351141813728,-103.4814391298695,2025,3,2025-03-01,7,0.6877834630591905,0.1805034581025908,no_relative_stress,1.2968153168416645,1.0420541020462348,0.7837469426482461,0.6933048610923649
H38,19.61351141813728,-103.4814391298695,2025,4,2025-04-01,7,0.6657476296047673,0.1681504842386351,no_relative_stress,1.1374640744739393,0.937672575122325,0.7570711932256647,0.6739780719987141
H38,19.61351141813728,-103.4814391298695,2025,5,2025-05-01,9,0.6261329977478924,0.1568004810969828,no_relative_stress,0.8509924592573177,0.8417660613091837,0.7091152130233509,0.6562204761884414
H38,19.61351141813728,-103.4814391298695,2025,6,2025-06-01,1,0.7427309220495587,0.217892936988312,no_relative_stress,1.694165654108225,1.3579918624561895,0.8502642654654782,0.7518024002844736
H38,19.61351141813728,-103.4814391298695,2025,7,2025-07-01,5,0.7559809224650121,0.2378698795721137,no_relative_stress,1.789982498610268,1.5267952447941782,0.8663042165598075,0.7830572349749012
H38,19.61351141813728,-103.4814391298695,2025,8,2025-08-01,6,0.7898508662892055,0.2526984661361031,no_relative_stress,2.0349116336245334,1.6520954781403319,0.9073058939540307,0.8062572326625345
H38,19.61351141813728,-103.4814391298695,2025,9,2025-09-01,5,0.7706129088548276,0.2374700234796373,no_relative_stress,1.8957931190411788,1.523416496490962,0.8840171477859686,0.7824316419434407
H38,19.61351141813728,-103.4814391298695,2025,10,2025-10-01,6,0.7837036060098784,0.2517970721191976,no_relative_stress,1.9904579684298584,1.6444787791267277,0.8998642523575882,0.8048469607517484
H38,19.61351141813728,-103.4814391298695,2025,11,2025-11-01,7,0.7635465586364815,0.2372073946548751,no_relative_stress,1.844693091959023,1.5211973063554678,0.8754628905509664,0.7820207472097522
H38,19.61351141813728,-103.4814391298695,2025,12,2025-12-01,7,0.7846372871436383,0.2413917655688399,no_relative_stress,1.9972098459546035,1.5565548672169927,0.9009945315465412,0.7885673856981387
H38,19.61351141813728,-103.4814391298695,2026,1,2026-01-01,5,0.7150833413150721,0.1935932266699344,no_relative_stress,1.4942332872379316,1.152661478471331,0.816795146299227,0.7137843989892206
H38,19.61351141813728,-103.4814391298695,2026,2,2026-02-01,5,0.6701183127218056,0.125334968547026,no_relative_stress,1.1690704934522007,0.5758852878549934,0.7623621774707928,0.6069912515924865
H38,19.61351141813728,-103.4814391298695,2026,3,2026-03-01,7,0.7000609222791837,0.2019295359099795,no_relative_stress,1.3855992688474505,1.2231025477206403,0.798609572027611,0.7268269337080799
H38,19.61351141813728,-103.4814391298695,2026,4,2026-04-01,7,0.7226747288589483,0.2019119582592861,no_relative_stress,1.5491301005993854,1.2229540181406928,0.8259849939312212,0.7267994326746079
H39,19.61739633960506,-103.4846383837301,2023,1,2023-01-01,4,0.6477255613633549,0.13370881558371,no_relative_stress,1.0071382136325588,0.6466435481364926,0.7352543566862654,0.6200925159004043
H39,19.61739633960506,-103.4846383837301,2023,2,2023-02-01,6,0.6060051042794232,0.1187563813310447,no_relative_stress,0.705438408076105,0.5202968128716626,0.6847491438351886,0.5966987528745507
H39,19.61739633960506,-103.4846383837301,2023,3,2023-03-01,6,0.582710970917243,0.0794098990720277,no_relative_stress,0.5369878205900298,0.187822548576121,0.6565501439711292,0.5351393929526489
H39,19.61739633960506,-103.4846383837301,2023,4,2023-04-01,6,0.5788123170623164,0.081968260849691,no_relative_stress,0.5087948622147898,0.20944047732083138,0.6518305805593569,0.539142066239802
H39,19.61739633960506,-103.4846383837301,2023,5,2023-05-01,6,0.5658047963129355,0.0668036857005374,no_relative_stress,0.41473149965467027,0.0813011704095035,0.6360841662094217,0.5154163991388876
H39,19.61739633960506,-103.4846383837301,2023,6,2023-06-01,5,0.5776280016603055,0.0669322311367122,no_relative_stress,0.5002305330708068,0.08238736787537673,0.6503968929719693,0.515617514316598
H39,19.61739633960506,-103.4846383837301,2023,7,2023-07-01,3,0.7226320233713663,0.1826225571419698,no_relative_stress,1.5488212775854437,1.0599602998468134,0.8259332962775761,0.6966202878595289
H39,19.61739633960506,-103.4846383837301,2023,8,2023-08-01,1,0.496011589964372,0.2433701090222083,no_relative_stress,-0.08997526187869863,1.5732716928750685,0.5515951411946186,0.7916625939531825
H39,19.61739633960506,-103.4846383837301,2023,9,2023-09-01,5,0.7954667369820815,0.2609148765156174,no_relative_stress,2.075522576420829,1.721523412716446,0.914104255345835,0.8191121801642939
H39,19.61739633960506,-103.4846383837301,2023,10,2023-10-01,2,0.7505511318626483,0.1972572296135066,no_relative_stress,1.7507171864961215,1.1836219764142368,0.8597311167119925,0.7195168981354838
H39,19.61739633960506,-103.4846383837301,2023,11,2023-11-01,5,0.7068908335783191,0.1934422407969693,no_relative_stress,1.434989497405387,1.151385661316887,0.8068776052186868,0.7135481747281598
H39,19.61739633960506,-103.4846383837301,2023,12,2023-12-01,4,0.738662274693314,0.2040415618658531,no_relative_stress,1.6647433945728767,1.2409489785967125,0.8453389143282719,0.7301312943146048
H39,19.61739633960506,-103.4846383837301,2024,1,2024-01-01,4,0.6324334725679712,0.1392462393443821,no_relative_stress,0.8965540892343584,0.6934342848230027,0.7167423303679852,0.6287560670681883
H39,19.61739633960506,-103.4846383837301,2024,2,2024-02-01,5,0.6488012611802202,0.1213732512301535,no_relative_stress,1.0149170935458944,0.5424091300220466,0.736556558340129,0.6007929647770928
H39,19.61739633960506,-103.4846383837301,2024,3,2024-03-01,6,0.6301927642177689,0.1072514894570157,no_relative_stress,0.8803504970204774,0.4230815030902918,0.7140298132942512,0.5786988266022697
H39,19.61739633960506,-103.4846383837301,2024,4,2024-04-01,5,0.6136955900010095,0.1254284140552475,no_relative_stress,0.7610518459195479,0.5766748940615443,0.6940589559859877,0.6071374513375061
H39,19.61739633960506,-103.4846383837301,2024,5,2024-05-01,7,0.5848497438139241,0.1276757715778349,no_relative_stress,0.5524542706761343,0.5956648646010344,0.6591392618269016,0.6106535443314217
H39,19.61739633960506,-103.4846383837301,2024,6,2024-06-01,3,0.5789870979216015,0.1179415919042163,no_relative_stress,0.5100587829612769,0.5134119149166878,0.6520421636799045,0.595423977781405
H39,19.61739633960506,-103.4846383837301,2024,7,2024-07-01,3,0.6977161290050101,0.2197094928810427,no_relative_stress,1.3686429906967803,1.3733415976627963,0.7957710536680045,0.7546444845471203
H39,19.61739633960506,-103.4846383837301,2024,8,2024-08-01,4,0.5558195577704981,0.2554721721414347,no_relative_stress,0.3425236491839134,1.6755330463941855,0.6239964127857228,0.8105968217819816
H39,19.61739633960506,-103.4846383837301,2024,9,2024-09-01,4,0.7662423149217021,0.2765698700300615,no_relative_stress,1.864187344992792,1.853806711055613,0.8787262715035239,0.843605129088841
H39,19.61739633960506,-103.4846383837301,2024,10,2024-10-01,5,0.7036512891723085,0.1900149274937695,no_relative_stress,1.4115628624713867,1.1224251697158738,0.8029559348631361,0.7081859872825859
H39,19.61739633960506,-103.4846383837301,2024,11,2024-11-01,5,0.6725320768538384,0.2046108066472659,no_relative_stress,1.1865255315844154,1.2457590462072914,0.7652841893513281,0.731021903649182
H39,19.61739633960506,-103.4846383837301,2024,12,2024-12-01,6,0.7521697238130786,0.2154589753625262,no_relative_stress,1.7624219690141474,1.337425103894914,0.8616905231204858,0.747994356689331
H39,19.61739633960506,-103.4846383837301,2025,1,2025-01-01,5,0.7023615921257724,0.1730402979599302,no_relative_stress,1.402236470208141,0.9789910647608051,0.8013946762288486,0.6816284078238761
H39,19.61739633960506,-103.4846383837301,2025,2,2025-02-01,4,0.6893059570449693,0.1555520580509656,no_relative_stress,1.3078251707976332,0.8312169979641615,0.7855900164827814,0.6542672615879936
H39,19.61739633960506,-103.4846383837301,2025,3,2025-03-01,7,0.6463696884718386,0.1302182873531497,no_relative_stress,0.9973332734108642,0.6171488960398009,0.7336129880682928,0.6146314258276474
H39,19.61739633960506,-103.4846383837301,2025,4,2025-04-01,7,0.6212159851599564,0.1324005544022834,no_relative_stress,0.8154352807078454,0.6355888578864756,0.7031628629125756,0.6180456818172675
H39,19.61739633960506,-103.4846383837301,2025,5,2025-05-01,9,0.5498499258810527,0.1022533346909648,no_relative_stress,0.2993544965385816,0.38084754129063936,0.6167698014230412,0.5708789862881287
H39,19.61739633960506,-103.4846383837301,2025,6,2025-06-01,1,0.7272621870903125,0.186164217190518,no_relative_stress,1.5823041200885914,1.0898870112431323,0.8315383979592347,0.702161375985638
H39,19.61739633960506,-103.4846383837301,2025,7,2025-07-01,5,0.6974066530640005,0.1876471731089115,no_relative_stress,1.3664050278902087,1.102417856432923,0.7953964137583427,0.7044815279252126
H39,19.61739633960506,-103.4846383837301,2025,8,2025-08-01,6,0.7597686904226202,0.2118747090839015,no_relative_stress,1.8173735900837946,1.3071383736561013,0.8708895456837101,0.7423866091796733
H39,19.61739633960506,-103.4846383837301,2025,9,2025-09-01,5,0.7300590962390786,0.2109108072298861,no_relative_stress,1.6025298559822374,1.298993488996344,0.834924230755826,0.7408785409165409
H39,19.61739633960506,-103.4846383837301,2025,10,2025-10-01,6,0.7300329319861656,0.2087888029132829,no_relative_stress,1.6023406502407826,1.2810627418624518,0.834892557297412,0.7375585687111053
H39,19.61739633960506,-103.4846383837301,2025,11,2025-11-01,7,0.7166133715013772,0.1757304075473354,no_relative_stress,1.5052976389245654,1.0017222507422905,0.8186473431740707,0.6858372065477438
H39,19.61739633960506,-103.4846383837301,2025,12,2025-12-01,7,0.739559593888979,0.1826949411512118,no_relative_stress,1.671232322206377,1.0605719382662553,0.8464251751254929,0.6967335359320805
H39,19.61739633960506,-103.4846383837301,2026,1,2026-01-01,5,0.704027619164174,0.1765114733640374,no_relative_stress,1.4142842776548896,1.0083221872007748,0.8034115057669537,0.6870592195199972
H39,19.61739633960506,-103.4846383837301,2026,2,2026-02-01,5,0.6800226445547466,0.1352234827312363,no_relative_stress,1.2406932703108886,0.6594423503829381,0.7743519882814476,0.6224622814993374
H39,19.61739633960506,-103.4846383837301,2026,3,2026-03-01,7,0.6248129889833934,0.1278121641956157,no_relative_stress,0.8414468690261037,0.5968173700512928,0.707517260165783,0.610866936781435
H39,19.61739633960506,-103.4846383837301,2026,4,2026-04-01,7,0.6641124898800981,0.1546869800120973,no_relative_stress,1.1256396273927893,0.8239071657245828,0.7550917547053836,0.6529138076755281
H4,19.64892797006392,-103.4934247600402,2023,1,2023-01-01,4,0.4822553696036845,-0.0670462357904178,moderate_possible_stress,-0.18945281553209795,-1.0497187230785074,0.5349423793146338,0.3060021130449454
H4,19.64892797006392,-103.4934247600402,2023,2,2023-02-01,6,0.3928884930889747,-0.1226408422222952,severe_possible_stress,-0.835705784751358,-1.5194881868531938,0.42675820695211075,0.21902182432365536
H4,19.64892797006392,-103.4934247600402,2023,3,2023-03-01,6,0.3675562465372989,-0.1678630145384114,severe_possible_stress,-1.018894905704021,-1.9016115078573563,0.39609194407981113,0.148269680237888
H4,19.64892797006392,-103.4934247600402,2023,4,2023-04-01,6,0.3486583548273986,-0.1694153112750251,severe_possible_stress,-1.155554248693332,-1.9147282767739913,0.3732148686603112,0.14584104143643845
H4,19.64892797006392,-103.4934247600402,2023,5,2023-05-01,6,0.3347355863951743,-0.1853305572090767,severe_possible_stress,-1.2562361880201038,-2.0492106848371363,0.3563604899623232,0.12094091577208271
H4,19.64892797006392,-103.4934247600402,2023,6,2023-06-01,5,0.3361819285840692,-0.1810772220386324,severe_possible_stress,-1.2457770227171008,-2.0132703821618763,0.35811137730180453,0.12759545197438477
H4,19.64892797006392,-103.4934247600402,2023,7,2023-07-01,3,0.6213031783018496,0.0663750321965275,no_relative_stress,0.8160658144026732,0.07767908654835391,0.703268415643736,0.5147457512481455
H4,19.64892797006392,-103.4934247600402,2023,8,2023-08-01,1,0.2028235913537828,0.3667217115042223,no_relative_stress,-2.2101524688146292,2.6155817274775948,0.19667280068862214,0.9846517827743373
H4,19.64892797006392,-103.4934247600402,2023,9,2023-09-01,5,0.6673385783395592,0.1189321319643067,no_relative_stress,1.1489689561911118,0.5217818900409149,0.7589971357992125,0.5969737227287362
H4,19.64892797006392,-103.4934247600402,2023,10,2023-10-01,2,0.6485417787019784,0.061294902907167,no_relative_stress,1.0130406564523753,0.03475244734112729,0.7362424386321794,0.5067976580662735
H4,19.64892797006392,-103.4934247600402,2023,11,2023-11-01,5,0.5888912032394945,0.0582285507192421,no_relative_stress,0.5816799217855154,0.008842044956484102,0.6640317002799798,0.502000210692423
H4,19.64892797006392,-103.4934247600402,2023,12,2023-12-01,4,0.581671418684915,0.036010156445172,no_relative_stress,0.5294703404788177,-0.17890140416486264,0.65529170122066,0.4672385229511826
H4,19.64892797006392,-103.4934247600402,2024,1,2024-01-01,4,0.4619139024416662,-0.0017884593927471,no_relative_stress,-0.3365513162788104,-0.49829633531457096,0.510317765862913,0.40810087040073345
H4,19.64892797006392,-103.4934247600402,2024,2,2024-02-01,5,0.4639998110883526,-0.0669940810454792,moderate_possible_stress,-0.3214671518879992,-1.0492780201374203,0.5128428882501597,0.3060837115140074
H4,19.64892797006392,-103.4934247600402,2024,3,2024-03-01,6,0.4391416938176491,-0.0942453145963087,moderate_possible_stress,-0.5012276260358055,-1.27954851207909,0.4827505884148964,0.2634479179650969
H4,19.64892797006392,-103.4934247600402,2024,4,2024-04-01,5,0.3932293134891682,-0.118952014847255,severe_possible_stress,-0.833241155750262,-1.4883179246794085,0.42717079128264984,0.22479316242130254
H4,19.64892797006392,-103.4934247600402,2024,5,2024-05-01,7,0.3539093253949604,-0.1223708797181062,severe_possible_stress,-1.1175820664607885,-1.5172070277809095,0.3795714957139393,0.21944419293214715
H4,19.64892797006392,-103.4934247600402,2024,6,2024-06-01,3,0.3556313386977194,-0.1188264932594967,severe_possible_stress,-1.1051293965975881,-1.487257278462844,0.38165610011348516,0.22498954665072143
H4,19.64892797006392,-103.4934247600402,2024,7,2024-07-01,3,0.5015549263163713,0.069447981609724,no_relative_stress,-0.04988884824790595,0.10364523489788735,0.558305695247265,0.5195535202807992
H4,19.64892797006392,-103.4934247600402,2024,8,2024-08-01,4,0.6612253845363524,0.1281808953212724,no_relative_stress,1.104761641346837,0.5999331151620892,0.7515967337947542,0.6114438333875734
H4,19.64892797006392,-103.4934247600402,2024,9,2024-09-01,4,0.4939015732720012,0.1442208110766861,no_relative_stress,-0.10523376263118264,0.735468972091752,0.549040834515928,0.6365390106541056
H4,19.64892797006392,-103.4934247600402,2024,10,2024-10-01,5,0.6791967392188499,0.146678466446558,no_relative_stress,1.234720769128872,0.7562359406764185,0.7733521784111869,0.64038412418883
H4,19.64892797006392,-103.4934247600402,2024,11,2024-11-01,5,0.6142753717798981,0.10667276928312,no_relative_stress,0.7652445145090596,0.41819136925869965,0.6947608179548304,0.5777933925854652
H4,19.64892797006392,-103.4934247600402,2024,12,2024-12-01,6,0.6301021667351704,0.0682703288029324,no_relative_stress,0.8796953449729125,0.09369417375966106,0.7139201393965466,0.5177110289363612
H4,19.64892797006392,-103.4934247600402,2025,1,2025-01-01,5,0.5502564075144163,-0.0270296876247289,no_relative_stress,0.30229395210354193,-0.7115824616599777,0.6172618727676044,0.3686098215345456
H4,19.64892797006392,-103.4934247600402,2025,2,2025-02-01,4,0.4862198640568133,-0.0944356399167464,moderate_possible_stress,-0.16078373352198588,-1.2811567440545122,0.5397416468729774,0.2631501453503572
H4,19.64892797006392,-103.4934247600402,2025,3,2025-03-01,7,0.4178904512509202,-0.1299666743384931,severe_possible_stress,-0.6549051309901911,-1.5813908145684672,0.4570246351487737,0.20756022699458015
H4,19.64892797006392,-103.4934247600402,2025,4,2025-04-01,7,0.3946051964921929,-0.1230618737218215,severe_possible_stress,-0.8232915132128877,-1.5230458654565502,0.42883638338740904,0.21836310140537318
H4,19.64892797006392,-103.4934247600402,2025,5,2025-05-01,9,0.3613245612564231,-0.1314586338539976,severe_possible_stress,-1.0639590868980797,-1.5939977393504767,0.38854810075857454,0.20522598851808208
H4,19.64892797006392,-103.4934247600402,2025,6,2025-06-01,1,0.493778377252263,-0.0871851876306126,moderate_possible_stress,-0.10612464968751502,-1.219891069177317,0.5488916980578405,0.27449380750903474
H4,19.64892797006392,-103.4934247600402,2025,7,2025-07-01,5,0.6783618960684715,0.1405624438666407,no_relative_stress,1.2286836345013055,0.7045560955942849,0.7723415487595917,0.6308153288691078
H4,19.64892797006392,-103.4934247600402,2025,8,2025-08-01,6,0.7119473498596992,0.1878567557712013,no_relative_stress,1.4715554912969782,1.1041888112287088,0.8129988332426817,0.7048094295265899
H4,19.64892797006392,-103.4934247600402,2025,9,2025-09-01,5,0.5598936032813987,0.1412889819371606,no_relative_stress,0.3719849452573032,0.7106952774629117,0.6289282987254926,0.631952030703993
H4,19.64892797006392,-103.4934247600402,2025,10,2025-10-01,6,0.6823941845886698,0.1701627289513789,no_relative_stress,1.2578429665777486,0.9546758633971941,0.777222885260289,0.6771263203149751
H4,19.64892797006392,-103.4934247600402,2025,11,2025-11-01,7,0.6133894111819894,0.0699339023260994,no_relative_stress,0.7588377261178874,0.1077512215937082,0.6936883074479337,0.5203137653282711
H4,19.64892797006392,-103.4934247600402,2025,12,2025-12-01,7,0.5835325886056962,0.0145076447159508,no_relative_stress,0.5429293158221986,-0.36059570965873516,0.6575447633770015,0.4335968659905862
H4,19.64892797006392,-103.4934247600402,2026,1,2026-01-01,5,0.5212037574389021,-0.0223694069911539,no_relative_stress,0.09220088286777457,-0.6722035061320403,0.5820918296158762,0.375901042410932
H4,19.64892797006392,-103.4934247600402,2026,2,2026-02-01,5,0.4832219860814815,-0.0784103392620668,moderate_possible_stress,-0.1824627673930679,-1.145744383421982,0.5361125287897051,0.28822245662748625
H4,19.64892797006392,-103.4934247600402,2026,3,2026-03-01,7,0.4474425224786786,-0.0935833104641439,moderate_possible_stress,-0.44120051780082475,-1.2739546362313536,0.4927992587236183,0.26448365352014463
H4,19.64892797006392,-103.4934247600402,2026,4,2026-04-01,7,0.4508637006433962,-0.0948971607524518,moderate_possible_stress,-0.41646040565409526,-1.285056553935815,0.4969408080614627,0.2624280750252487
H40,19.61422321757896,-103.4865932661396,2023,1,2023-01-01,4,0.7437705185313219,0.267603830797101,no_relative_stress,1.7016834542074462,1.7780444795554802,0.8515227617826459,0.8295773531727559
H40,19.61422321757896,-103.4865932661396,2023,2,2023-02-01,6,0.6918486728785156,0.2314163446992282,no_relative_stress,1.326212717967189,1.4722634509518835,0.7886681324328224,0.7729603863317811
H40,19.61422321757896,-103.4865932661396,2023,3,2023-03-01,6,0.7169816407193909,0.253931285668189,no_relative_stress,1.5079607629465204,1.6625126931848995,0.8190931560088838,0.8081860348562054
H40,19.61422321757896,-103.4865932661396,2023,4,2023-04-01,6,0.7212015488775253,0.2511332649095064,no_relative_stress,1.5384768588803206,1.6388696674347774,0.8242016177716542,0.8038084041999547
H40,19.61422321757896,-103.4865932661396,2023,5,2023-05-01,6,0.71599242461816,0.2473474701253639,no_relative_stress,1.5008072865405873,1.6068800393062495,0.8178956482814908,0.7978853561832778
H40,19.61422321757896,-103.4865932661396,2023,6,2023-06-01,5,0.7372924760440837,0.2537437487909136,no_relative_stress,1.6548377507949839,1.6609280233053922,0.8436806877128894,0.8078926248875371
H40,19.61422321757896,-103.4865932661396,2023,7,2023-07-01,3,0.7821336435558053,0.2808925743423298,no_relative_stress,1.979104848156705,1.8903331767896419,0.89796371498448,0.8503681964665835
H40,19.61422321757896,-103.4865932661396,2023,8,2023-08-01,1,0.5409658337888291,0.3006750720927682,no_relative_stress,0.23510954228562816,2.057493517635562,0.6060150543884232,0.8813188133770538
H40,19.61422321757896,-103.4865932661396,2023,9,2023-09-01,5,0.7917810289829481,0.264443474654554,no_relative_stress,2.048869527427637,1.7513397521420297,0.9096424761608978,0.8246328323391086
H40,19.61422321757896,-103.4865932661396,2023,10,2023-10-01,2,0.8011338601481761,0.2443467243806686,no_relative_stress,2.1165041494135592,1.5815240055129896,0.9209646610499496,0.7931905530718897
H40,19.61422321757896,-103.4865932661396,2023,11,2023-11-01,5,0.7626381271617519,0.2313351928069548,no_relative_stress,1.8381238063268954,1.4715777247031638,0.8743631776475451,0.7728334205076977
H40,19.61422321757896,-103.4865932661396,2023,12,2023-12-01,4,0.8020454141417683,0.2747701019141736,no_relative_stress,2.123096015415116,1.8385988310653942,0.9220681539570145,0.8407893100661248
H40,19.61422321757896,-103.4865932661396,2024,1,2024-01-01,4,0.6932933963637982,0.1790731294520646,no_relative_stress,1.3366601776801956,1.0299679525741166,0.7904170602307216,0.6910670469054518
H40,19.61422321757896,-103.4865932661396,2024,2,2024-02-01,5,0.6840315306817463,0.1627577846494063,no_relative_stress,1.2696833689231972,0.8921047447711167,0.7792049947270032,0.6655409483753449
H40,19.61422321757896,-103.4865932661396,2024,3,2024-03-01,6,0.6825512842875221,0.2086083071000997,no_relative_stress,1.2589790267244854,1.2795375683462664,0.777413064234441,0.7372761748072488
H40,19.61422321757896,-103.4865932661396,2024,4,2024-04-01,5,0.7199274206129425,0.2313820897523188,no_relative_stress,1.529263051636903,1.4719739997069867,0.822659206117993,0.7729067929103408
H40,19.61422321757896,-103.4865932661396,2024,5,2024-05-01,7,0.7012659632104614,0.2263726707741825,no_relative_stress,1.394313473821827,1.4296448563202913,0.8000683491595585,0.7650693292243964
H40,19.61422321757896,-103.4865932661396,2024,6,2024-06-01,3,0.7172338195905174,0.2387399157763174,no_relative_stress,1.50978438429926,1.5341469730884358,0.8193984342453413,0.7844184461623991
H40,19.61422321757896,-103.4865932661396,2024,7,2024-07-01,3,0.7324389156126618,0.2809831072113337,no_relative_stress,1.6197394239604863,1.891098171454692,0.8378051503912014,0.8505098392551582
H40,19.61422321757896,-103.4865932661396,2024,8,2024-08-01,4,0.7673011077242325,0.2914996981854039,no_relative_stress,1.8718439625127141,1.9799624268151526,0.8800080061630797,0.866963523847911
H40,19.61422321757896,-103.4865932661396,2024,9,2024-09-01,4,0.5999495136409242,0.2075860192795771,no_relative_stress,0.6616476481980622,1.2708993274791645,0.6774184740507923,0.7356767590456808
H40,19.61422321757896,-103.4865932661396,2024,10,2024-10-01,5,0.7842883372158264,0.2287674603759689,no_relative_stress,1.9946864286018642,1.4498806147739984,0.9005721059162789,0.7688160864074942
H40,19.61422321757896,-103.4865932661396,2024,11,2024-11-01,5,0.6790598167242771,0.2262888221751637,no_relative_stress,1.23373061962246,1.4289363431401938,0.7731864252000322,0.7649381442800356
H40,19.61422321757896,-103.4865932661396,2024,12,2024-12-01,6,0.7585563152833789,0.2087686381286253,no_relative_stress,1.8086063480798362,1.2808923512313513,0.869421890036037,0.7375270199889523
H40,19.61422321757896,-103.4865932661396,2025,1,2025-01-01,5,0.7159680572518881,0.1682986258744224,no_relative_stress,1.500631074912527,0.9389243587264015,0.8178661500663176,0.6742098463214303
H40,19.61422321757896,-103.4865932661396,2025,2,2025-02-01,4,0.7028597294542771,0.1696397182828108,no_relative_stress,1.4058387302420599,0.9502564699147933,0.8019977025033351,0.6763080463514366
H40,19.61422321757896,-103.4865932661396,2025,3,2025-03-01,7,0.7128434729631967,0.2131355171058168,no_relative_stress,1.4780357694381294,1.3177920889423806,0.814083646095807,0.7443592006378517
H40,19.61422321757896,-103.4865932661396,2025,4,2025-04-01,7,0.7150800046855104,0.2234871374932582,no_relative_stress,1.4942091585356028,1.4052623575657617,0.8167911071012411,0.7605547812493653
H40,19.61422321757896,-103.4865932661396,2025,5,2025-05-01,9,0.6673845484819179,0.2068239657206296,no_relative_stress,1.1493013874246216,1.2644600429022872,0.7590527855208813,0.7344844916148544
H40,19.61422321757896,-103.4865932661396,2025,6,2025-06-01,1,0.7689226792259276,0.256768255764902,no_relative_stress,1.8835702915357417,1.6864848373660208,0.8819710195040312,0.8126246035221807
H40,19.61422321757896,-103.4865932661396,2025,7,2025-07-01,5,0.7594604826987427,0.2529964012361606,no_relative_stress,1.81514479833835,1.6546130031517763,0.8705164410299078,0.8067233656687094
H40,19.61422321757896,-103.4865932661396,2025,8,2025-08-01,6,0.7771210170288287,0.2416318820809476,no_relative_stress,1.9428562412568926,1.5585838303192767,0.891895618242908,0.7889430588954203
H40,19.61422321757896,-103.4865932661396,2025,9,2025-09-01,5,0.768511656633266,0.2587818596826257,no_relative_stress,1.8805979982064565,1.7034996108016915,0.8814734510452962,0.815774978376413
H40,19.61422321757896,-103.4865932661396,2025,10,2025-10-01,6,0.7826239886170405,0.2661371875889587,no_relative_stress,1.9826507587236155,1.7656514753117676,0.8985573082339101,0.8272827232098359
H40,19.61422321757896,-103.4865932661396,2025,11,2025-11-01,7,0.7819452154961148,0.2525720669177416,no_relative_stress,1.9777422382299823,1.6510274160234792,0.8977356110775013,0.8060594753401457
H40,19.61422321757896,-103.4865932661396,2025,12,2025-12-01,7,0.7577622212753489,0.2098693815783085,no_relative_stress,1.8028638892344258,1.290193535164451,0.8684605897602842,0.7392491831484098
H40,19.61422321757896,-103.4865932661396,2026,1,2026-01-01,5,0.7376145000632042,0.205213903014512,no_relative_stress,1.6571664545231743,1.2508551566976644,0.8440705178529601,0.7319654753284617
H40,19.61422321757896,-103.4865932661396,2026,2,2026-02-01,5,0.6730676826456896,0.1190706084481683,no_relative_stress,1.1903987433023822,0.5229520039736177,0.76593257353531,0.5971903754819516
H40,19.61422321757896,-103.4865932661396,2026,3,2026-03-01,7,0.6703147427025509,0.1596100905765549,no_relative_stress,1.17049096894884,0.8655070107167877,0.7625999682017983,0.6606162379252694
H40,19.61422321757896,-103.4865932661396,2026,4,2026-04-01,7,0.7259963923920875,0.207109737217783,no_relative_stress,1.5731505766947445,1.2668747865545216,0.8300060746069039,0.7349315941114101
H41,19.60964441322967,-103.4875908955098,2023,1,2023-01-01,4,0.4737432353349299,0.0221571628031468,no_relative_stress,-0.25100797176126527,-0.29595796437025795,0.524637910401565,0.44556488473388517
H41,19.60964441322967,-103.4875908955098,2023,2,2023-02-01,6,0.390605046218917,-0.0236675546675327,no_relative_stress,-0.852218438850736,-0.6831727381668075,0.4239939522371065,0.3738700313661347
H41,19.60964441322967,-103.4875908955098,2023,3,2023-03-01,6,0.3635562680056291,-0.0575391375595297,moderate_possible_stress,-1.0478205893993597,-0.969384591323296,0.3912497208334238,0.320876400356208
H41,19.60964441322967,-103.4875908955098,2023,4,2023-04-01,6,0.3432979187947881,-0.0627537888248745,moderate_possible_stress,-1.194318026028822,-1.0134479292245135,0.36672572684058163,0.31271784142844017
H41,19.60964441322967,-103.4875908955098,2023,5,2023-05-01,6,0.3409995370842655,-0.076308770190193,moderate_possible_stress,-1.2109386808256803,-1.127986312282665,0.36394339257062286,0.2915104569636934
H41,19.60964441322967,-103.4875908955098,2023,6,2023-06-01,5,0.3487411097454305,-0.07728457381583,moderate_possible_stress,-1.1549558098356552,-1.1362317658506578,0.3733150486449472,0.2899837678378842
H41,19.60964441322967,-103.4875908955098,2023,7,2023-07-01,3,0.558259524616886,0.0544512614186089,no_relative_stress,0.3601681711899522,-0.02307571259531437,0.6269501446846443,0.4960904698912986
H41,19.60964441322967,-103.4875908955098,2023,8,2023-08-01,1,0.4646037795538449,0.1810455369014275,no_relative_stress,-0.31709957824817336,1.0466346195280014,0.5135740297101792,0.6941529680124181
H41,19.60964441322967,-103.4875908955098,2023,9,2023-09-01,5,0.5366445814765455,0.0817217273534478,no_relative_stress,0.20386058018165185,0.2073572912751747,0.600783909212424,0.5387563533791673
H41,19.60964441322967,-103.4875908955098,2023,10,2023-10-01,2,0.6234222193270043,0.1054130277396787,no_relative_stress,0.8313895742543252,0.4075466656203663,0.7058336468395567,0.5758224696813343
H41,19.60964441322967,-103.4875908955098,2023,11,2023-11-01,5,0.5379262235435144,0.0858022323650051,no_relative_stress,0.21312872318448614,0.24183719452906408,0.6023354167920494,0.5451404889421886
H41,19.60964441322967,-103.4875908955098,2023,12,2023-12-01,4,0.5550371359638746,0.1103587439237211,no_relative_stress,0.33686559739300087,0.449337526081017,0.6230492424370533,0.5835602674504161
H41,19.60964441322967,-103.4875908955098,2024,1,2024-01-01,4,0.5173395344165123,0.0705280173283081,no_relative_stress,0.0642569096716897,0.11277144035090125,0.5774139468722331,0.5212432852537172
H41,19.60964441322967,-103.4875908955098,2024,2,2024-02-01,5,0.480176522712086,0.0379734516938114,no_relative_stress,-0.20448591312532777,-0.16231173449403127,0.5324258056219304,0.47031018760593724
H41,19.60964441322967,-103.4875908955098,2024,3,2024-03-01,6,0.4640257307942126,0.0318540820161008,no_relative_stress,-0.32127971457871185,-0.21401986225386488,0.5128742656691286,0.4607361555995809
H41,19.60964441322967,-103.4875908955098,2024,4,2024-04-01,5,0.4017640506611413,0.0020177683364742,no_relative_stress,-0.7715225475365605,-0.46613405062331037,0.4375026224184241,0.4140558866887311
H41,19.60964441322967,-103.4875908955098,2024,5,2024-05-01,7,0.3526189442610122,-0.0030381472453942,no_relative_stress,-1.1269134056746108,-0.5088560861627603,0.37800940894921475,0.4061456769528236
H41,19.60964441322967,-103.4875908955098,2024,6,2024-06-01,3,0.3563823061780071,0.0031320598326326,no_relative_stress,-1.0996988055010857,-0.45671838690635524,0.38256519304024444,0.4157992463827025
H41,19.60964441322967,-103.4875908955098,2024,7,2024-07-01,3,0.5556826379533513,0.123126281632849,no_relative_stress,0.34153351903920015,0.5572220805060848,0.6238306628157592,0.6035356605231359
H41,19.60964441322967,-103.4875908955098,2024,8,2024-08-01,4,0.5739413909942953,0.1555283432207862,no_relative_stress,0.4735709564784402,0.8310166097651634,0.6459340210525338,0.6542301586582606
H41,19.60964441322967,-103.4875908955098,2024,9,2024-09-01,4,0.495479580502179,0.1480232938131606,no_relative_stress,-0.09382246688354605,0.7675996119284589,0.5509511105917709,0.6424881677307285
H41,19.60964441322967,-103.4875908955098,2024,10,2024-10-01,5,0.6027799195350465,0.1232936707269177,no_relative_stress,0.682115614457028,0.5586365034152341,0.6808448567447787,0.603797548369194
H41,19.60964441322967,-103.4875908955098,2024,11,2024-11-01,5,0.5079740320490771,0.1275967379683037,no_relative_stress,-0.003469343602796699,0.5949970376524769,0.5660764227033823,0.6105298926569713
H41,19.60964441322967,-103.4875908955098,2024,12,2024-12-01,6,0.547161231419115,0.0881777644472719,no_relative_stress,0.27991131079554343,0.2619102286611335,0.6135149692475812,0.54885711686068
H41,19.60964441322967,-103.4875908955098,2025,1,2025-01-01,5,0.5091720758826345,0.0223378622438152,no_relative_stress,0.005194262141148452,-0.2944310702199918,0.5675267294125588,0.44584759722219774
H41,19.60964441322967,-103.4875908955098,2025,2,2025-02-01,4,0.4895473862044581,0.0028746235921542,no_relative_stress,-0.13672089109172203,-0.4588937001679735,0.5437698197665626,0.41539647568314597
H41,19.60964441322967,-103.4875908955098,2025,3,2025-03-01,7,0.4134771300646864,-0.0125993585024104,no_relative_stress,-0.6868198854490473,-0.5896474681603775,0.45168203486415803,0.3911867273525677
H41,19.60964441322967,-103.4875908955098,2025,4,2025-04-01,7,0.399029256755504,0.0033261107547984,no_relative_stress,-0.791299099550549,-0.45507867392875717,0.4341919839939655,0.4161028478706867
H41,19.60964441322967,-103.4875908955098,2025,5,2025-05-01,9,0.3891120508472704,0.0020290326003858,no_relative_stress,-0.8630149747663491,-0.46603886859834087,0.42218658831300115,0.41407351014161886
H41,19.60964441322967,-103.4875908955098,2025,6,2025-06-01,1,0.5559283439430434,0.0732764989924692,no_relative_stress,0.34331033201047295,0.13599586517257212,0.6241281052259231,0.5255434097448735
H41,19.60964441322967,-103.4875908955098,2025,7,2025-07-01,5,0.5789266693221061,0.1202367851655644,no_relative_stress,0.5096217959771427,0.5328060931804363,0.6519690110949827,0.5990149119629041
H41,19.60964441322967,-103.4875908955098,2025,8,2025-08-01,6,0.6322923960942478,0.1461028249591703,no_relative_stress,0.8955339003949764,0.751371821471115,0.7165715485062394,0.6394835069170035
H41,19.60964441322967,-103.4875908955098,2025,9,2025-09-01,5,0.6495114502072371,0.1923836795281651,no_relative_stress,1.0200527968994861,1.142440913048399,0.7374162864083482,0.7118920075080071
H41,19.60964441322967,-103.4875908955098,2025,10,2025-10-01,6,0.6378574549884604,0.1701934525971418,no_relative_stress,0.9357773997151405,0.9549354754624927,0.7233083990497401,0.6771743888552624
H41,19.60964441322967,-103.4875908955098,2025,11,2025-11-01,7,0.6317410713475917,0.1603814094184458,no_relative_stress,0.8915470176882511,0.8720245861078177,0.7159041355480372,0.6618230013123985
H41,19.60964441322967,-103.4875908955098,2025,12,2025-12-01,7,0.5509339518162885,0.0653974122253676,no_relative_stress,0.3071935864416673,0.06941828502276062,0.6180820823619826,0.5132162203672068
H41,19.60964441322967,-103.4875908955098,2026,1,2026-01-01,5,0.5291437538153337,0.0683206119216984,no_relative_stress,0.14961864696535376,0.09411906162659046,0.5917036899610714,0.5177896991612045
H41,19.60964441322967,-103.4875908955098,2026,2,2026-02-01,5,0.509552554100247,0.0236088452824299,no_relative_stress,0.007945675052115457,-0.2836913769504952,0.5679873220021141,0.4478361079564905
H41,19.60964441322967,-103.4875908955098,2026,3,2026-03-01,7,0.4830235305058123,0.0463530208302158,no_relative_stress,-0.1838978908978399,-0.09150512298046412,0.5358722859498318,0.48342040439895595
H41,19.60964441322967,-103.4875908955098,2026,4,2026-04-01,7,0.4717105315793822,0.0285651403520361,no_relative_stress,-0.26570738712406605,-0.24181112585075915,0.5221771958501739,0.45559045687288224
H42,19.6171207933109,-103.4889001524713,2023,1,2023-01-01,4,0.420928103504584,0.0035415245235298,no_relative_stress,-0.632938471026836,-0.4532584468038357,0.4607019024742538,0.41643987250313474
H42,19.6171207933109,-103.4889001524713,2023,2,2023-02-01,6,0.3450153081836232,-0.0365709664680829,moderate_possible_stress,-1.1818987938129837,-0.7922054165406712,0.36880473370421213,0.3536820571014582
H42,19.6171207933109,-103.4889001524713,2023,3,2023-03-01,6,0.3116269853575742,-0.0672328207223635,moderate_possible_stress,-1.4233451059713114,-1.0512953491049184,0.3283860885374618,0.30571019243801445
H42,19.6171207933109,-103.4889001524713,2023,4,2023-04-01,6,0.2894008741112212,-0.0642388015580148,moderate_possible_stress,-1.5840723345299708,-1.0259961543153902,0.3014799959917714,0.3103944715087051
H42,19.6171207933109,-103.4889001524713,2023,5,2023-05-01,6,0.290108902788282,-0.0651900070716691,moderate_possible_stress,-1.5789522536601015,-1.0340337560319603,0.3023371088217599,0.30890626724715836
H42,19.6171207933109,-103.4889001524713,2023,6,2023-06-01,5,0.2982022999539908,-0.058185076146805,moderate_possible_stress,-1.5204251779314435,-0.9748427147502065,0.3121346703805918,0.319865800076372
H42,19.6171207933109,-103.4889001524713,2023,7,2023-07-01,3,0.5467431739918408,0.1019012481956465,no_relative_stress,0.2768881453430098,0.3778724418210414,0.6130088846832156,0.5703281309627083
H42,19.6171207933109,-103.4889001524713,2023,8,2023-08-01,1,0.4725878282003766,0.2734280865173387,no_relative_stress,-0.2593632519331004,1.8272589207069851,0.5232392180731739,0.8386896659787411
H42,19.6171207933109,-103.4889001524713,2023,9,2023-09-01,5,0.6381662696666051,0.1742822128859248,no_relative_stress,0.9380105806259297,0.9894851350723405,0.7236822384595015,0.6835714401747329
H42,19.6171207933109,-103.4889001524713,2023,10,2023-10-01,2,0.584380280057022,0.0699689033001407,no_relative_stress,0.5490593624207379,0.10804697670130341,0.6585709466974555,0.5203685259430687
H42,19.6171207933109,-103.4889001524713,2023,11,2023-11-01,5,0.580478934100086,0.1135570084110684,no_relative_stress,0.5208469362182123,0.47636257562555845,0.6538481243284593,0.5885640976125631
H42,19.6171207933109,-103.4889001524713,2023,12,2023-12-01,4,0.5481979832039562,0.093097130437797,no_relative_stress,0.28740853958351287,0.30347843233772814,0.6147700218818752,0.5565536885543005
H42,19.6171207933109,-103.4889001524713,2024,1,2024-01-01,4,0.4818319307547699,0.0359031189593294,no_relative_stress,-0.19251489651854492,-0.17980586136953197,0.5344297802040626,0.4670710579393743
H42,19.6171207933109,-103.4889001524713,2024,2,2024-02-01,5,0.4403930816932921,0.0040181317037185,no_relative_stress,-0.49217826499938,-0.4492311586577678,0.4842654714108199,0.4171855460999116
H42,19.6171207933109,-103.4889001524713,2024,3,2024-03-01,6,0.382143715958327,-0.045418445605407,moderate_possible_stress,-0.91340620794045,-0.8669658258115118,0.41375098474145694,0.33983977384394454
H42,19.6171207933109,-103.4889001524713,2024,4,2024-04-01,5,0.3374762277875237,-0.0577348666450779,moderate_possible_stress,-1.2364173501414022,-0.9710384846317368,0.35967820713379656,0.320570173305334
H42,19.6171207933109,-103.4889001524713,2024,5,2024-05-01,7,0.3242768668295136,-0.0427711626311551,moderate_possible_stress,-1.3318679974459067,-0.844596520889855,0.3436995582579854,0.3439815683849228
H42,19.6171207933109,-103.4889001524713,2024,6,2024-06-01,3,0.32563646431242,-0.0434242304668855,moderate_possible_stress,-1.3220361229915427,-0.8501148858300851,0.3453454357259104,0.3429598140718309
H42,19.6171207933109,-103.4889001524713,2024,7,2024-07-01,3,0.5282781649612123,0.1303910504404253,no_relative_stress,0.14335917601912437,0.6186087287120398,0.5906558407193678,0.6149017215303434
H42,19.6171207933109,-103.4889001524713,2024,8,2024-08-01,4,0.5541391821484235,0.2089581872360965,no_relative_stress,0.3303720805320695,1.282494024276466,0.6219622133930387,0.7378235781832244
H42,19.6171207933109,-103.4889001524713,2024,9,2024-09-01,4,0.53205432982829,0.1640141225739738,no_relative_stress,0.17066636021067189,0.9027206881336632,0.5952271235792091,0.6675065461630421
H42,19.6171207933109,-103.4889001524713,2024,10,2024-10-01,5,0.622316195775609,0.1313295602954772,no_relative_stress,0.8233914094757012,0.6265390532462234,0.7044947364156096,0.6163700628569471
H42,19.6171207933109,-103.4889001524713,2024,11,2024-11-01,5,0.5532028304879416,0.1027585270910589,no_relative_stress,0.3236008912008613,0.38511637199431664,0.6208287013650914,0.5716693827607403
H42,19.6171207933109,-103.4889001524713,2024,12,2024-12-01,6,0.4979552741361526,0.0212737705253888,no_relative_stress,-0.07591958805159638,-0.3034225502943184,0.5539480919931575,0.4441827773622339
H42,19.6171207933109,-103.4889001524713,2025,1,2025-01-01,5,0.480403749762116,-0.0224821106580817,no_relative_stress,-0.20284272986217955,-0.6731558420612996,0.5327008781242331,0.37572471240126926
H42,19.6171207933109,-103.4889001524713,2025,2,2025-02-01,4,0.4160933333458876,-0.0543441003678021,moderate_possible_stress,-0.6679009167606971,-0.9423868121387772,0.4548491119484991,0.3258751812676667
H42,19.6171207933109,-103.4889001524713,2025,3,2025-03-01,7,0.3787557320143625,-0.0567365999662271,moderate_possible_stress,-0.9379062774163464,-0.9626032202684122,0.40964961907612585,0.3221320068989162
H42,19.6171207933109,-103.4889001524713,2025,4,2025-04-01,7,0.3714049889462515,-0.0339764752820939,moderate_possible_stress,-0.9910628799406912,-0.7702821975193499,0.4007510865763103,0.35774125649013794
H42,19.6171207933109,-103.4889001524713,2025,5,2025-05-01,9,0.3350411577004868,-0.0420499309339534,moderate_possible_stress,-1.2540264614293584,-0.8385021774022918,0.3567304030671807,0.34510996815755934
H42,19.6171207933109,-103.4889001524713,2025,6,2025-06-01,1,0.4690809870525542,0.0026619380617715,no_relative_stress,-0.2847228324929902,-0.46069087392228264,0.5189939683567248,0.41506371950360194
H42,19.6171207933109,-103.4889001524713,2025,7,2025-07-01,5,0.5656402236053353,0.1113842735526375,no_relative_stress,0.41354139874606843,0.4580031599397878,0.6358849406925462,0.5851647551685673
H42,19.6171207933109,-103.4889001524713,2025,8,2025-08-01,6,0.6041763963978978,0.1178184731794756,no_relative_stress,0.6922141806625403,0.5123715726782202,0.6825353790000364,0.5952313529403952
H42,19.6171207933109,-103.4889001524713,2025,9,2025-09-01,5,0.6281875833340625,0.162008336747789,no_relative_stress,0.8658501121972073,0.8857719768739066,0.7116024168941407,0.6643684030683805
H42,19.6171207933109,-103.4889001524713,2025,10,2025-10-01,6,0.601578098225732,0.1051853512979064,no_relative_stress,0.673424692049243,0.4056228200024185,0.6793899771658284,0.5754662595395348
H42,19.6171207933109,-103.4889001524713,2025,11,2025-11-01,7,0.5727519003924848,0.0667548027952768,no_relative_stress,0.46496920308548245,0.08088811422175705,0.6444940685633285,0.5153399196117178
H42,19.6171207933109,-103.4889001524713,2025,12,2025-12-01,7,0.5453370801808498,0.0331094462868941,no_relative_stress,0.26672003456424515,-0.20341214617883352,0.6113067205130145,0.4627002300616925
H42,19.6171207933109,-103.4889001524713,2026,1,2026-01-01,5,0.5125710731102273,0.0442709812639241,no_relative_stress,0.029773973734160766,-0.10909817154018399,0.5716414273439463,0.48016295886191257
H42,19.6171207933109,-103.4889001524713,2026,2,2026-02-01,5,0.4753085279865739,-0.0013075381233541,no_relative_stress,-0.23968862097635193,-0.4942325934996627,0.5265327946878628,0.40885329358616007
H42,19.6171207933109,-103.4889001524713,2026,3,2026-03-01,7,0.4209920418212868,-0.0194012513286823,no_relative_stress,-0.6324761036640326,-0.6471228556256347,0.46077930379054144,0.38054485685735423
H42,19.6171207933109,-103.4889001524713,2026,4,2026-04-01,7,0.4301666106877349,-0.0128569864924209,no_relative_stress,-0.566130578314126,-0.5918244016884325,0.47188569105961287,0.3907836566521526
H43,19.61451845491155,-103.4926481384631,2023,1,2023-01-01,4,0.3750306127410345,0.0091386066222707,no_relative_stress,-0.964844327452009,-0.40596360248381597,0.4051401300881075,0.42519676185249616
H43,19.61451845491155,-103.4926481384631,2023,2,2023-02-01,6,0.3302578272149278,-0.0054462389600965,no_relative_stress,-1.2886169232381104,-0.5292042462836909,0.35093988347090216,0.402378108009444
H43,19.61451845491155,-103.4926481384631,2023,3,2023-03-01,6,0.3077460438557686,-0.0325253590995467,moderate_possible_stress,-1.451409978178133,-0.7580203952564762,0.3236879670327777,0.36001159371575986
H43,19.61451845491155,-103.4926481384631,2023,4,2023-04-01,6,0.3008775246333728,-0.0234320348540833,no_relative_stress,-1.5010793983786053,-0.6811826167580336,0.31537319654498225,0.37423851281943027
H43,19.61451845491155,-103.4926481384631,2023,5,2023-05-01,6,0.3053616952973002,-0.0279994203077219,no_relative_stress,-1.4686522987745148,-0.7197766163043247,0.32080156453689074,0.3670926306744473
H43,19.61451845491155,-103.4926481384631,2023,6,2023-06-01,5,0.3110083131960796,-0.0272547430324762,no_relative_stress,-1.4278190087967435,-0.7134841597742829,0.32763714733726207,0.3682577121196128
H43,19.61451845491155,-103.4926481384631,2023,7,2023-07-01,3,0.5521332877719052,0.0963591697974163,no_relative_stress,0.3158665361142582,0.3310423738624875,0.6195339532654225,0.5616572974028958
H43,19.61451845491155,-103.4926481384631,2023,8,2023-08-01,1,0.4207367213880393,0.2065692201233668,no_relative_stress,-0.6343224430967573,1.262307465335761,0.46047022249738945,0.7340859305489074
H43,19.61451845491155,-103.4926481384631,2023,9,2023-09-01,5,0.5147952396622433,0.065002210967684,no_relative_stress,0.04585794460050168,0.06607886965820363,0.5743339195402765,0.5125979100363574
H43,19.61451845491155,-103.4926481384631,2023,10,2023-10-01,2,0.504298117956411,0.0040732704268711,no_relative_stress,-0.030051568355715874,-0.4487652413670256,0.5616264996524702,0.4172718131385211
H43,19.61451845491155,-103.4926481384631,2023,11,2023-11-01,5,0.4939623149274598,0.062772343326546,no_relative_stress,-0.10479451179545542,0.04723668705638065,0.5491143660745993,0.5091091807569424
H43,19.61451845491155,-103.4926481384631,2023,12,2023-12-01,4,0.5161514475071941,0.1048153070111365,no_relative_stress,0.05566530702447164,0.4024959787973856,0.575975693640252,0.5748873084331473
H43,19.61451845491155,-103.4926481384631,2024,1,2024-01-01,4,0.484036104895709,0.042538186542725,no_relative_stress,-0.17657549996792543,-0.12374013232115928,0.5370980703410814,0.47745192275934917
H43,19.61451845491155,-103.4926481384631,2024,2,2024-02-01,5,0.4721344700395374,0.0355106589417083,no_relative_stress,-0.2626416932190492,-0.1831221135001551,0.522690399771282,0.46645703640320113
H43,19.61451845491155,-103.4926481384631,2024,3,2024-03-01,6,0.4024498465988014,-0.0057212699535782,no_relative_stress,-0.7665632418264813,-0.5315282336382491,0.43833282113207306,0.4019478095190742
H43,19.61451845491155,-103.4926481384631,2024,4,2024-04-01,5,0.3825936854171479,-0.0141063139342332,no_relative_stress,-0.910152271916703,-0.6023811070972265,0.4142957008084097,0.38882902708337563
H43,19.61451845491155,-103.4926481384631,2024,5,2024-05-01,7,0.3469743097020482,-0.0146644483612024,no_relative_stress,-1.167732353210365,-0.607097293204107,0.37117622710526943,0.38795580040332783
H43,19.61451845491155,-103.4926481384631,2024,6,2024-06-01,3,0.3527654209735858,-0.0168575153266842,no_relative_stress,-1.1258541652254206,-0.625628513380272,0.37818672813657106,0.3845246474536893
H43,19.61451845491155,-103.4926481384631,2024,7,2024-07-01,3,0.5415385816055119,0.1305917823673784,no_relative_stress,0.23925134506066634,0.6203048955839605,0.6067084013077381,0.6152157757539911
H43,19.61451845491155,-103.4926481384631,2024,8,2024-08-01,4,0.5611096220680386,0.1131356713961675,no_relative_stress,0.38077853615071533,0.47280231544454676,0.6304003652353729,0.5879048967015907
H43,19.61451845491155,-103.4926481384631,2024,9,2024-09-01,4,0.5307011450115009,0.0801851829170384,no_relative_stress,0.16088085869313298,0.19437362788972548,0.5935890090431845,0.5363523597673814
H43,19.61451845491155,-103.4926481384631,2024,10,2024-10-01,5,0.5496407397359512,0.0645396875945984,no_relative_stress,0.2978417753530183,0.062170588425492286,0.6165165685602613,0.511874271195949
H43,19.61451845491155,-103.4926481384631,2024,11,2024-11-01,5,0.5060764637410996,0.0731333476962022,no_relative_stress,-0.01719153241763093,0.13478624949216605,0.5637792980314005,0.5253194430351641
H43,19.61451845491155,-103.4926481384631,2024,12,2024-12-01,6,0.5284857800253945,0.0498103645291745,no_relative_stress,0.14486053599627782,-0.06229087721482914,0.5909071716908028,0.4888295757636754
H43,19.61451845491155,-103.4926481384631,2025,1,2025-01-01,5,0.5069439420388432,0.0313379020089887,no_relative_stress,-0.01091839803592537,-0.21838153725644618,0.5648294345623375,0.4599285685163666
H43,19.61451845491155,-103.4926481384631,2025,2,2025-02-01,4,0.4420403575938298,-0.0092308043653585,no_relative_stress,-0.48026605565109204,-0.5611834862703733,0.48625960152818026,0.39645698341190494
H43,19.61451845491155,-103.4926481384631,2025,3,2025-03-01,7,0.3985995633892394,-0.0247033991403693,no_relative_stress,-0.7944064098273784,-0.6919255315363348,0.4336718134004308,0.3722494056058268
H43,19.61451845491155,-103.4926481384631,2025,4,2025-04-01,7,0.3855071811741651,-0.0019499030876951,no_relative_stress,-0.8890834446597699,-0.49966052013164414,0.4178226689586589,0.4078482844018378
H43,19.61451845491155,-103.4926481384631,2025,5,2025-05-01,9,0.362261682917842,-0.01046426662277,no_relative_stress,-1.057182329336099,-0.5716061322865931,0.389682544920634,0.3945271756452481
H43,19.61451845491155,-103.4926481384631,2025,6,2025-06-01,1,0.4822550616595236,0.0248135711871015,no_relative_stress,-0.1894550424178983,-0.273511550550851,0.5349420065290394,0.44972095639312354
H43,19.61451845491155,-103.4926481384631,2025,7,2025-07-01,5,0.5309843125040075,0.0764699803487402,no_relative_stress,0.16292857301364655,0.16298049768630612,0.593931800936686,0.5305397564810423
H43,19.61451845491155,-103.4926481384631,2025,8,2025-08-01,6,0.5302073540574244,0.0606520437252142,no_relative_stress,0.15731002929088744,0.02932034461442393,0.5929912443257606,0.5057918756560338
H43,19.61451845491155,-103.4926481384631,2025,9,2025-09-01,5,0.5901441346892639,0.129284390393997,no_relative_stress,0.5907404451160847,0.6092575500643681,0.6655484518685615,0.6131703015863494
H43,19.61451845491155,-103.4926481384631,2025,10,2025-10-01,6,0.5569589219627442,0.0776872625842947,no_relative_stress,0.35076291546441246,0.17326642396153924,0.625375684132835,0.5324442498680685
H43,19.61451845491155,-103.4926481384631,2025,11,2025-11-01,7,0.5532497890232834,0.0720928228658795,no_relative_stress,0.3239404699584315,0.1259939075194983,0.6208855475980518,0.5236914946428315
H43,19.61451845491155,-103.4926481384631,2025,12,2025-12-01,7,0.5730312750816399,0.0798998498537364,no_relative_stress,0.4669894899012743,0.19196258896441507,0.644832269032048,0.5359059432205145
H43,19.61451845491155,-103.4926481384631,2026,1,2026-01-01,5,0.5533735965517883,0.0848835139614721,no_relative_stress,0.32483577911578854,0.23407410599427117,0.6210354243256038,0.5437031122410731
H43,19.61451845491155,-103.4926481384631,2026,2,2026-02-01,5,0.5171957684483888,0.0384914304971304,no_relative_stress,0.06321727186184421,-0.15793485982400401,0.5772399092099368,0.47112058898757847
H43,19.61451845491155,-103.4926481384631,2026,3,2026-03-01,7,0.4676445871645883,0.0195391322654984,no_relative_stress,-0.29511010044714525,-0.31808008881274064,0.5172551167920107,0.441468856959593
H43,19.61451845491155,-103.4926481384631,2026,4,2026-04-01,7,0.4701225305453778,0.0198076635642076,no_relative_stress,-0.277190952661681,-0.31581102329905786,0.520254821652097,0.44188898638205865
H44,19.61263647892398,-103.4912288771512,2023,1,2023-01-01,4,0.5821519232735138,0.0829299304096281,no_relative_stress,0.5329450900640778,0.21756649929480926,0.6558733819648158,0.5406466419773837
H44,19.61263647892398,-103.4912288771512,2023,2,2023-02-01,6,0.5429368518236193,0.0760242364211262,no_relative_stress,0.24936287984250463,0.15921400127063973,0.608401094531275,0.5298423698457554
H44,19.61263647892398,-103.4912288771512,2023,3,2023-03-01,6,0.5233047299554084,0.0492135219127624,no_relative_stress,0.10739398102665204,-0.06733414406866242,0.5846351877561513,0.48789578836182906
H44,19.61263647892398,-103.4912288771512,2023,4,2023-04-01,6,0.51854705004137,0.0572516977873772,no_relative_stress,0.07298901029304841,0.0005877248444925018,0.5788757197749544,0.5004718798793258
H44,19.61263647892398,-103.4912288771512,2023,5,2023-05-01,6,0.5154678455867517,0.0480739651435937,no_relative_stress,0.05072186726156182,-0.07696329708819417,0.5751481509211517,0.4861128999998429
H44,19.61263647892398,-103.4912288771512,2023,6,2023-06-01,5,0.521105014318479,0.0503358818315296,no_relative_stress,0.0914868259682597,-0.05785030290058915,0.5819722949160403,0.48965177146970834
H44,19.61263647892398,-103.4912288771512,2023,7,2023-07-01,3,0.6299345686544977,0.0872878814929168,no_relative_stress,0.8784833662007513,0.25439079709897516,0.7137172514770597,0.5474648545304698
H44,19.61263647892398,-103.4912288771512,2023,8,2023-08-01,1,0.4506676234578969,0.1989899850610272,no_relative_stress,-0.4178783299261181,1.198263605336133,0.4967034444110846,0.7222278727925919
H44,19.61263647892398,-103.4912288771512,2023,9,2023-09-01,5,0.6177962183039308,0.0855093711638517,no_relative_stress,0.7907053743830973,0.23936254351062716,0.69902302205184,0.5446822942814745
H44,19.61263647892398,-103.4912288771512,2023,10,2023-10-01,2,0.6346040856315059,0.0711108235957096,no_relative_stress,0.9122507902050423,0.11769610130802499,0.719369992729656,0.522155112149538
H44,19.61263647892398,-103.4912288771512,2023,11,2023-11-01,5,0.6099744946578872,0.108873485186464,no_relative_stress,0.7341428947731474,0.43678722227730377,0.6895543382162096,0.5812365126460587
H44,19.61263647892398,-103.4912288771512,2023,12,2023-12-01,4,0.6684974316096639,0.1751814407361932,no_relative_stress,1.1573491569534304,0.9970835301711435,0.7603999998894131,0.6849783230193558
H44,19.61263647892398,-103.4912288771512,2024,1,2024-01-01,4,0.6098549262247689,0.1121945127082688,no_relative_stress,0.7332782404633943,0.464849608509157,0.6894095931777562,0.5864324111556001
H44,19.61263647892398,-103.4912288771512,2024,2,2024-02-01,5,0.5978029340731807,0.092407306989233,no_relative_stress,0.6461247444845005,0.2976494857486701,0.6748199057332747,0.5554744284142664
H44,19.61263647892398,-103.4912288771512,2024,3,2024-03-01,6,0.5604653347111493,0.0824863660342469,no_relative_stress,0.3761193980711655,0.2138184199010338,0.6296204152450963,0.5399526653506328
H44,19.61263647892398,-103.4912288771512,2024,4,2024-04-01,5,0.5624320054146887,0.0892077543329298,no_relative_stress,0.3903412980771444,0.2706135512913917,0.6320011926725921,0.5504685828532364
H44,19.61263647892398,-103.4912288771512,2024,5,2024-05-01,7,0.5304624528529777,0.0859219316409929,no_relative_stress,0.15915476595955058,0.24284864273067894,0.5933000573126738,0.5453277639001992
H44,19.61263647892398,-103.4912288771512,2024,6,2024-06-01,3,0.5315838461510393,0.085122100012443,no_relative_stress,0.16726407644234006,0.2360901368365086,0.5946575737726308,0.5440763909623417
H44,19.61263647892398,-103.4912288771512,2024,7,2024-07-01,3,0.599703815827662,0.1664729579019798,no_relative_stress,0.6598708943543128,0.9234976272592781,0.6771210415387061,0.6713535057959001
H44,19.61263647892398,-103.4912288771512,2024,8,2024-08-01,4,0.6568986652391032,0.1719676241088373,no_relative_stress,1.0734731449612072,0.96992706643121,0.746358970492813,0.6799501608272693
H44,19.61263647892398,-103.4912288771512,2024,9,2024-09-01,4,0.6131045881686539,0.1308290420631022,no_relative_stress,0.7567780399651575,0.6223097188427076,0.6933435114433153,0.6155869793321883
H44,19.61263647892398,-103.4912288771512,2024,10,2024-10-01,5,0.6480038728599462,0.1151825434345579,no_relative_stress,1.0091508120141346,0.4900982015314157,0.7355912700941403,0.5911073210427521
H44,19.61263647892398,-103.4912288771512,2024,11,2024-11-01,5,0.5995106967145007,0.1325941604770466,no_relative_stress,0.658474361263298,0.6372248119432145,0.6768872588192073,0.6183485873212705
H44,19.61263647892398,-103.4912288771512,2024,12,2024-12-01,6,0.6272631350130253,0.1217169492483401,no_relative_stress,0.8591650013859133,0.5453133476083657,0.7104833146002737,0.6013306959487567
H44,19.61263647892398,-103.4912288771512,2025,1,2025-01-01,5,0.611800251789234,0.1040500660336678,no_relative_stress,0.7473457839556054,0.3960297608184098,0.6917645309844129,0.5736900541411658
H44,19.61263647892398,-103.4912288771512,2025,2,2025-02-01,4,0.5743532929292308,0.0833070804405452,no_relative_stress,0.476549608735973,0.22075338340385742,0.6464326540098821,0.541236710343469
H44,19.61263647892398,-103.4912288771512,2025,3,2025-03-01,7,0.54117383730325,0.0795186445519779,no_relative_stress,0.2366137113250417,0.1887414381785993,0.6062668556030758,0.5353095301988724
H44,19.61263647892398,-103.4912288771512,2025,4,2025-04-01,7,0.5376901367148853,0.1032629532919258,no_relative_stress,0.2114214707891315,0.38937872838289017,0.6020496189757105,0.5724585804798347
H44,19.61263647892398,-103.4912288771512,2025,5,2025-05-01,9,0.5153351776708941,0.0995441377007401,no_relative_stress,0.049762484569821214,0.3579550684584529,0.5749875481426294,0.5666403244549643
H44,19.61263647892398,-103.4912288771512,2025,6,2025-06-01,1,0.6081293232850346,0.1197466015562447,no_relative_stress,0.7207996122849412,0.528664085419604,0.6873206432989857,0.5982479974256583
H44,19.61263647892398,-103.4912288771512,2025,7,2025-07-01,5,0.6476535626816102,0.1538396187806384,no_relative_stress,1.0066175580645005,0.816747038926785,0.735167197795863,0.6515880725135419
H44,19.61263647892398,-103.4912288771512,2025,8,2025-08-01,6,0.658118464689245,0.158826199310329,no_relative_stress,1.0822940755705068,0.8588831994619347,0.7478356137314308,0.6593898044088099
H44,19.61263647892398,-103.4912288771512,2025,9,2025-09-01,5,0.6713831116989545,0.1989992569965833,no_relative_stress,1.1782168363291774,1.1983419523642695,0.7638932954407187,0.7222423791572097
H44,19.61263647892398,-103.4912288771512,2025,10,2025-10-01,6,0.6639833420976733,0.1677655288762827,no_relative_stress,1.1247057004042327,0.9344197366590999,0.754935413267717,0.6733757918368202
H44,19.61263647892398,-103.4912288771512,2025,11,2025-11-01,7,0.6687255114167125,0.1778587842550732,no_relative_stress,1.1589985068946236,1.0197068440126766,0.760676104707221,0.6891671486487558
H44,19.61263647892398,-103.4912288771512,2025,12,2025-12-01,7,0.6716437552025393,0.1705933718860796,no_relative_stress,1.1801016693307165,0.9583147577701688,0.7642088206421881,0.677800080760459
H44,19.61263647892398,-103.4912288771512,2026,1,2026-01-01,5,0.6671986391467541,0.1783299976146115,no_relative_stress,1.1479569915528989,1.0236885548555263,0.7588277306868809,0.6899043833679582
H44,19.61263647892398,-103.4912288771512,2026,2,2026-02-01,5,0.6280713840306186,0.1358564847469363,no_relative_stress,0.8650098216130386,0.6647911609343367,0.7114617503970844,0.6234526419249339
H44,19.61263647892398,-103.4912288771512,2026,3,2026-03-01,7,0.6157906314734549,0.1512421443474919,no_relative_stress,0.7762020539721085,0.7947986117331709,0.6965951342278709,0.6475242056990858
H44,19.61263647892398,-103.4912288771512,2026,4,2026-04-01,7,0.6288763674246054,0.1515661001963345,no_relative_stress,0.8708310266145421,0.7975360097500802,0.7124362329530424,0.6480310493494641
H45,19.60934749359883,-103.489216124793,2023,1,2023-01-01,4,0.469243942224696,0.0135028740811178,no_relative_stress,-0.2835444287269265,-0.3690859318697769,0.5191912357461412,0.43202485666224355
H45,19.60934749359883,-103.489216124793,2023,2,2023-02-01,6,0.390183795390272,-0.0332645489031119,moderate_possible_stress,-0.8552646972567026,-0.7642664831404519,0.4234840018614045,0.35885509766946233
H45,19.60934749359883,-103.489216124793,2023,3,2023-03-01,6,0.346919232230977,-0.0850947173953216,moderate_possible_stress,-1.1681306437247592,-1.2022267822168018,0.3711095523947274,0.27776444321092925
H45,19.60934749359883,-103.489216124793,2023,4,2023-04-01,6,0.3183017864496119,-0.09352684292864,moderate_possible_stress,-1.3750765506305942,-1.2734774905948096,0.3364663511581175,0.26457199954607663
H45,19.60934749359883,-103.489216124793,2023,5,2023-05-01,6,0.3099800164943194,-0.1106315442082073,severe_possible_stress,-1.435255094991851,-1.418010690195287,0.32639233010786356,0.23781091692898465
H45,19.60934749359883,-103.489216124793,2023,6,2023-06-01,5,0.3097897687487201,-0.1159206346874141,severe_possible_stress,-1.4366308639039553,-1.4627030328116042,0.32616202335770983,0.22953589446762143
H45,19.60934749359883,-103.489216124793,2023,7,2023-07-01,3,0.5861188796689055,0.0726465510058951,no_relative_stress,0.5616319755105355,0.13067286089478344,0.6606756298576694,0.52455782748666
H45,19.60934749359883,-103.489216124793,2023,8,2023-08-01,1,0.4656018357505065,0.1839986814710883,no_relative_stress,-0.30988217504807297,1.07158842763956,0.5147822389239067,0.6987732969218341
H45,19.60934749359883,-103.489216124793,2023,9,2023-09-01,5,0.6027676768803553,0.1314329649480584,no_relative_stress,0.6820270821925705,0.6274128133339829,0.6808300362484501,0.6165318441359936
H45,19.60934749359883,-103.489216124793,2023,10,2023-10-01,2,0.6329720679225196,0.1076447627617974,no_relative_stress,0.9004489198545972,0.4264046274248543,0.717394333603888,0.5793141205631722
H45,19.60934749359883,-103.489216124793,2023,11,2023-11-01,5,0.5504644226890321,0.0914519230184815,no_relative_stress,0.3037982054631855,0.2895765764424624,0.6175136880976495,0.5539796867666664
H45,19.60934749359883,-103.489216124793,2023,12,2023-12-01,4,0.5418308543384549,0.0924452170238421,no_relative_stress,0.24136490356077941,0.29796982215849477,0.6070622156621244,0.5555337403865488
H45,19.60934749359883,-103.489216124793,2024,1,2024-01-01,4,0.5032196406468628,0.0453513651723613,no_relative_stress,-0.03785053359555426,-0.09996902391397951,0.5603209356706517,0.48185326859368216
H45,19.60934749359883,-103.489216124793,2024,2,2024-02-01,5,0.4635797765080856,0.0160961588168602,no_relative_stress,-0.3245046150427917,-0.34717290724539074,0.5123344102189022,0.4360821685046753
H45,19.60934749359883,-103.489216124793,2024,3,2024-03-01,6,0.4295592181348228,-0.0064126403780098,no_relative_stress,-0.5705229131042593,-0.5373702520353554,0.47115040452842105,0.40086612906498
H45,19.60934749359883,-103.489216124793,2024,4,2024-04-01,5,0.3426849255658985,-0.0451314360592949,moderate_possible_stress,-1.198750861881779,-0.8645406207560447,0.3659836603421477,0.34028881332436944
H45,19.60934749359883,-103.489216124793,2024,5,2024-05-01,7,0.2982959194390804,-0.0489660767597622,moderate_possible_stress,-1.5197481723945432,-0.8969429925191121,0.3122480026006091,0.33428934365139396
H45,19.60934749359883,-103.489216124793,2024,6,2024-06-01,3,0.296770932398648,-0.0439881931959063,moderate_possible_stress,-1.530776054774858,-0.8548803205692562,0.3104019107680765,0.34207746874830774
H45,19.60934749359883,-103.489216124793,2024,7,2024-07-01,3,0.5401300834344182,0.0914154609578806,no_relative_stress,0.22906584724862825,0.28926847528380784,0.6050033265098198,0.5539226402155352
H45,19.60934749359883,-103.489216124793,2024,8,2024-08-01,4,0.5994123792679087,0.1533516631691794,no_relative_stress,0.657763382606953,0.8126238575490766,0.6767682394240669,0.6508246437802189
H45,19.60934749359883,-103.489216124793,2024,9,2024-09-01,4,0.6024938132292538,0.1995384264649265,no_relative_stress,0.6800466482265648,1.2028978862629585,0.6804985072346804,0.723085934297467
H45,19.60934749359883,-103.489216124793,2024,10,2024-10-01,5,0.6205610792260644,0.1381252090232805,no_relative_stress,0.8106993548162506,0.6839616786365669,0.7023700584732065,0.6270021641762915
H45,19.60934749359883,-103.489216124793,2024,11,2024-11-01,5,0.5447341259076122,0.1166995732208619,no_relative_stress,0.2623597950148733,0.5029169678647201,0.6105768067959123,0.5934807830974427
H45,19.60934749359883,-103.489216124793,2024,12,2024-12-01,6,0.5436737347096718,0.072160152669634,no_relative_stress,0.25469161876290247,0.12656283835354545,0.6092931371791187,0.5237968351811675
H45,19.60934749359883,-103.489216124793,2025,1,2025-01-01,5,0.4723785272213342,-0.0182124614394246,no_relative_stress,-0.2608768035356829,-0.6370776871343053,0.5229858461967535,0.3824047726735276
H45,19.60934749359883,-103.489216124793,2025,2,2025-02-01,4,0.4398204196759065,-0.0438819039491796,moderate_possible_stress,-0.49631944732025496,-0.8539821859183526,0.4835722283569003,0.34224376310600924
H45,19.60934749359883,-103.489216124793,2025,3,2025-03-01,7,0.3685211562303961,-0.0597949350508508,moderate_possible_stress,-1.0119172001098249,-0.9884458788455073,0.3972600273856556,0.31734710264758414
H45,19.60934749359883,-103.489216124793,2025,4,2025-04-01,7,0.3399845891931283,-0.0484669079236212,moderate_possible_stress,-1.2182782356342485,-0.8927250603933702,0.3627147349082317,0.33507031598441006
H45,19.60934749359883,-103.489216124793,2025,5,2025-05-01,9,0.3202586061273114,-0.0499502217533585,moderate_possible_stress,-1.3609258879213317,-0.9052589299020807,0.3388352033050287,0.33274960407626974
H45,19.60934749359883,-103.489216124793,2025,6,2025-06-01,1,0.4830819086189978,0.0112057480510324,no_relative_stress,-0.18347573192289432,-0.3884964418568992,0.5359429562933121,0.42843089857620426
H45,19.60934749359883,-103.489216124793,2025,7,2025-07-01,5,0.5137374910347495,0.0792811361764209,no_relative_stress,0.038208877990314,0.18673451359745086,0.5730534489196638,0.5349379375497728
H45,19.60934749359883,-103.489216124793,2025,8,2025-08-01,6,0.655063847218796,0.1714938840364874,no_relative_stress,1.0602047323250623,0.9659240050905546,0.7441378089539501,0.6792089729510258
H45,19.60934749359883,-103.489216124793,2025,9,2025-09-01,5,0.6409747008716941,0.1907244578982299,no_relative_stress,0.9583196378059471,1.1284206383238513,0.7270820194231971,0.7092960798508663
H45,19.60934749359883,-103.489216124793,2025,10,2025-10-01,6,0.6331964291079962,0.1698746593106961,no_relative_stress,0.90207137873362,0.9522417006371942,0.7176659367985803,0.6766756222684094
H45,19.60934749359883,-103.489216124793,2025,11,2025-11-01,7,0.5801088278456963,0.1098214185175797,no_relative_stress,0.5181705277416713,0.44479717434339194,0.6534000876466496,0.5827195974292922
H45,19.60934749359883,-103.489216124793,2025,12,2025-12-01,7,0.5036348548920525,0.0332300198562353,no_relative_stress,-0.034847928499785415,-0.2023933102763936,0.5608235783859489,0.462888872891394
H45,19.60934749359883,-103.489216124793,2026,1,2026-01-01,5,0.4689207900914338,0.0207793574284523,no_relative_stress,-0.2858812903671101,-0.3076002968481256,0.5188000399536106,0.44340924559936734
H45,19.60934749359883,-103.489216124793,2026,2,2026-02-01,5,0.4533605058653648,-0.0284832105865214,no_relative_stress,-0.3984048592236036,-0.7238646009927229,0.4999633463555546,0.36633571879339827
H45,19.60934749359883,-103.489216124793,2026,3,2026-03-01,7,0.4024324160017721,-0.0330860671296059,moderate_possible_stress,-0.7666892904870675,-0.7627583280798308,0.4383117203082898,0.359134340516699
H45,19.60934749359883,-103.489216124793,2026,4,2026-04-01,7,0.3967210723488549,-0.0454241028188512,moderate_possible_stress,-0.8079906421497473,-0.8670136287603357,0.43139778294955156,0.339830922876372
H46,19.60942413443004,-103.4902280275767,2023,1,2023-01-01,4,0.4948600912064539,0.0293189640746966,no_relative_stress,-0.09830227878226432,-0.23544138265617814,0.5502011801996706,0.45676984835076434
H46,19.60942413443004,-103.4902280275767,2023,2,2023-02-01,6,0.4197558683825328,-0.014984680301262,no_relative_stress,-0.6414154421126943,-0.6098032245240753,0.4592828388184651,0.38745478297750446
H46,19.60942413443004,-103.4902280275767,2023,3,2023-03-01,6,0.3679474258038033,-0.072458545433136,moderate_possible_stress,-1.0160661085888631,-1.0954522566319427,0.3965654909558194,0.29753430860155033
H46,19.60942413443004,-103.4902280275767,2023,4,2023-04-01,6,0.3398558001954521,-0.0802867975577367,moderate_possible_stress,-1.219209568085342,-1.161600288588476,0.3625588278018587,0.2852866523326789
H46,19.60942413443004,-103.4902280275767,2023,5,2023-05-01,6,0.3302087810273316,-0.0961146234719616,moderate_possible_stress,-1.2889715987689008,-1.295344005284366,0.35088051000480863,0.26052329926287093
H46,19.60942413443004,-103.4902280275767,2023,6,2023-06-01,5,0.3225699477311673,-0.1034296607948439,moderate_possible_stress,-1.3442115141776545,-1.3571554179593166,0.34163322633338267,0.24907859087859704
H46,19.60942413443004,-103.4902280275767,2023,7,2023-07-01,3,0.6039254287033374,0.0980113344487949,no_relative_stress,0.6903993178843716,0.34500301774790926,0.682231566968279,0.5642421840963219
H46,19.60942413443004,-103.4902280275767,2023,8,2023-08-01,1,0.4741612366663291,0.1941627566029694,no_relative_stress,-0.24798521196379303,1.1574739555876736,0.5251439270583786,0.7146754544564718
H46,19.60942413443004,-103.4902280275767,2023,9,2023-09-01,5,0.6720356321659092,0.1859779297350932,no_relative_stress,1.1829355118126652,1.0883128988667798,0.7646832121237247,0.7018699207942453
H46,19.60942413443004,-103.4902280275767,2023,10,2023-10-01,2,0.6614250207493467,0.1279677164980824,no_relative_stress,1.1062053025828886,0.5981317731275738,0.7518384058696737,0.6111103054290105
H46,19.60942413443004,-103.4902280275767,2023,11,2023-11-01,5,0.5675031994551595,0.1038258694217466,no_relative_stress,0.427013433592609,0.39413531945220676,0.6381401890385195,0.573339288351338
H46,19.60942413443004,-103.4902280275767,2023,12,2023-12-01,4,0.5433764746865384,0.0886353406287528,no_relative_stress,0.25254199487458673,0.26577670656621133,0.6089332853992049,0.5495730155949567
H46,19.60942413443004,-103.4902280275767,2024,1,2024-01-01,4,0.5156135507913059,0.0422158067823196,no_relative_stress,0.05177552858157358,-0.12646421253140466,0.5753245361499787,0.47694754497096925
H46,19.60942413443004,-103.4902280275767,2024,2,2024-02-01,5,0.475055062152618,0.0150144390828926,no_relative_stress,-0.24152154894897368,-0.3563133424781345,0.5262259585027111,0.4343897688131457
H46,19.60942413443004,-103.4902280275767,2024,3,2024-03-01,6,0.4333162279062128,-0.0098973759604722,no_relative_stress,-0.5433542482159106,-0.5668159567724839,0.4756984989514016,0.3954141018534673
H46,19.60942413443004,-103.4902280275767,2024,4,2024-04-01,5,0.3468468145190888,-0.0460130448754479,moderate_possible_stress,-1.1686543294924285,-0.871990136588677,0.37102188624222715,0.3389094962594634
H46,19.60942413443004,-103.4902280275767,2024,5,2024-05-01,7,0.3100947486259137,-0.0475536337278498,moderate_possible_stress,-1.4344254142018384,-0.8850079749283891,0.32653122050197814,0.33649917497502524
H46,19.60942413443004,-103.4902280275767,2024,6,2024-06-01,3,0.3032320544044029,-0.0450242540079165,moderate_possible_stress,-1.484052711142951,-0.8636349419854971,0.3182235015407027,0.34045650451552945
H46,19.60942413443004,-103.4902280275767,2024,7,2024-07-01,3,0.5314613863237571,0.0861901818128969,no_relative_stress,0.16637851313211094,0.24511533274794198,0.5945093285213828,0.545747453487
H46,19.60942413443004,-103.4902280275767,2024,8,2024-08-01,4,0.6132648775552818,0.1599085646130021,no_relative_stress,0.7579371662106136,0.8680290896926373,0.6935375517332653,0.6610832141219225
H46,19.60942413443004,-103.4902280275767,2024,9,2024-09-01,4,0.6765483488400057,0.2319089236145087,no_relative_stress,1.215569040739908,1.4764256988343571,0.7701461368396101,0.7737310484340773
H46,19.60942413443004,-103.4902280275767,2024,10,2024-10-01,5,0.6559462807281331,0.1644465605337713,no_relative_stress,1.066586014717245,0.9063747503085401,0.7452060497003622,0.6681831150068798
H46,19.60942413443004,-103.4902280275767,2024,11,2024-11-01,5,0.5674759697475716,0.122080525956443,no_relative_stress,0.42681652305857337,0.5483855383507492,0.6381072257808345,0.6018995282343467
H46,19.60942413443004,-103.4902280275767,2024,12,2024-12-01,6,0.5601733481574995,0.0724136709993698,no_relative_stress,0.374007909065088,0.1287050456189745,0.6292669473285759,0.5241934761312852
H46,19.60942413443004,-103.4902280275767,2025,1,2025-01-01,5,0.4818888949019232,-0.0173161878756076,no_relative_stress,-0.19210296258202844,-0.6295042554924127,0.5344987388535585,0.3838070334027152
H46,19.60942413443004,-103.4902280275767,2025,2,2025-02-01,4,0.4454089615914869,-0.0439530638859468,moderate_possible_stress,-0.45590613147659725,-0.8545834810346034,0.4903375065609653,0.34213243015048267
H46,19.60942413443004,-103.4902280275767,2025,3,2025-03-01,7,0.3806615445466619,-0.0601303734401348,moderate_possible_stress,-0.9241244708252766,-0.9912803033045863,0.41195672389533694,0.3168222940407658
H46,19.60942413443004,-103.4902280275767,2025,4,2025-04-01,7,0.3459454874770418,-0.0519829919728482,moderate_possible_stress,-1.1751722397056674,-0.9224356568775104,0.3699307736972367,0.32956924267175275
H46,19.60942413443004,-103.4902280275767,2025,5,2025-05-01,9,0.3152550045477178,-0.0565718728942734,moderate_possible_stress,-1.3971092312775277,-0.9612112912086087,0.33277803182459725,0.3223897298903776
H46,19.60942413443004,-103.4902280275767,2025,6,2025-06-01,1,0.4794539057893726,-0.0030187294088619,no_relative_stress,-0.209711488306248,-0.5086920071766697,0.5315510328116037,0.40617605704068327
H46,19.60942413443004,-103.4902280275767,2025,7,2025-07-01,5,0.5243721987320281,0.0804442070407886,no_relative_stress,0.11511333850386862,0.19656235862330737,0.5859274252229316,0.5367576147824912
H46,19.60942413443004,-103.4902280275767,2025,8,2025-08-01,6,0.6742963376080219,0.1887018609800545,no_relative_stress,1.1992837121915267,1.1113298748367884,0.7674199369232108,0.7061316350386657
H46,19.60942413443004,-103.4902280275767,2025,9,2025-09-01,5,0.6325942362740605,0.1801677582902832,no_relative_stress,0.8977166455019013,1.0392174685859326,0.7169369448511975,0.6927796434773437
H46,19.60942413443004,-103.4902280275767,2025,10,2025-10-01,6,0.6434243461526614,0.1779213746283534,no_relative_stress,0.9760341490219514,1.0202357270821039,0.7300474676702284,0.6892650741326921
H46,19.60942413443004,-103.4902280275767,2025,11,2025-11-01,7,0.5828775457532676,0.1083157396427175,no_relative_stress,0.5381923998097182,0.43207432219895586,0.6567517931892126,0.5803638943914888
H46,19.60942413443004,-103.4902280275767,2025,12,2025-12-01,7,0.5248927167409655,0.0510286619292063,no_relative_stress,0.11887744352719354,-0.05199637289034362,0.5865575447055948,0.4907356574216688
H46,19.60942413443004,-103.4902280275767,2026,1,2026-01-01,5,0.4882040519135645,0.0347215258106368,no_relative_stress,-0.14643515892787218,-0.18979021804523444,0.5421436299059088,0.46522240175093066
H46,19.60942413443004,-103.4902280275767,2026,2,2026-02-01,5,0.4704240832050429,-0.0175388229816236,no_relative_stress,-0.27501028674512645,-0.6313855022730462,0.5206198699360014,0.38345871065985176
H46,19.60942413443004,-103.4902280275767,2026,3,2026-03-01,7,0.40076257479661,-0.0419655041224871,moderate_possible_stress,-0.77876467992717,-0.8377887783786054,0.43629027348366495,0.345242057741576
H46,19.60942413443004,-103.4902280275767,2026,4,2026-04-01,7,0.4015620155511128,-0.0474092734614153,moderate_possible_stress,-0.7729835562999243,-0.8837881435579412,0.4372580463291725,0.33672503317351327
H47,19.60921557442716,-103.4924523306077,2023,1,2023-01-01,4,0.5508231590737936,0.0765571956983709,no_relative_stress,0.30639239318531086,0.16371745960866704,0.6179479608438315,0.5306762088597655
H47,19.60921557442716,-103.4924523306077,2023,2,2023-02-01,6,0.4914223930711135,0.0495503003132838,no_relative_stress,-0.12316185443138714,-0.0644883966341933,0.5460396324080481,0.48842269347713624
H47,19.60921557442716,-103.4924523306077,2023,3,2023-03-01,6,0.4420936849913152,-0.0055548697928186,no_relative_stress,-0.4798804207233682,-0.5301221671273216,0.48632415766560155,0.4022081501340199
H47,19.60921557442716,-103.4924523306077,2023,4,2023-04-01,6,0.4257070773633303,-0.0055661491980095,no_relative_stress,-0.5983795139894634,-0.5302174770947501,0.4664871481023194,0.4021905029919125
H47,19.60921557442716,-103.4924523306077,2023,5,2023-05-01,6,0.4210750251736551,-0.0142233642558462,no_relative_stress,-0.6318760128926499,-0.6033701718707342,0.460879760309175,0.3886458965348881
H47,19.60921557442716,-103.4924523306077,2023,6,2023-06-01,5,0.407375323735573,-0.017071324163652,no_relative_stress,-0.7309448522329243,-0.6274351789749952,0.4442954181066295,0.38419013380993483
H47,19.60921557442716,-103.4924523306077,2023,7,2023-07-01,3,0.6606808529311438,0.1742112325494945,no_relative_stress,1.1008238829689678,0.9888853575629113,0.7509375443575466,0.6834603882120969
H47,19.60921557442716,-103.4924523306077,2023,8,2023-08-01,1,0.514879059823535,0.2368041318976071,no_relative_stress,0.046464086721920594,1.5177897720387312,0.5744353890682524,0.7813898242963813
H47,19.60921557442716,-103.4924523306077,2023,9,2023-09-01,5,0.7883990865033049,0.2885795425681506,no_relative_stress,2.0244131465577246,1.9552873724079118,0.9055484240645639,0.8623948076539936
H47,19.60921557442716,-103.4924523306077,2023,10,2023-10-01,2,0.7446843555068421,0.2033726100425091,no_relative_stress,1.7082918295008924,1.2352963953784382,0.8526290183815843,0.7290846887809116
H47,19.60921557442716,-103.4924523306077,2023,11,2023-11-01,5,0.6190376018160105,0.1491734506905868,no_relative_stress,0.7996823892672338,0.7773183349169441,0.7005257941423104,0.6442876404438934
H47,19.60921557442716,-103.4924523306077,2023,12,2023-12-01,4,0.6043493624551461,0.106194261710918,no_relative_stress,0.6934649777411704,0.41414802296968684,0.6827447651896403,0.5770447457390044
H47,19.60921557442716,-103.4924523306077,2024,1,2024-01-01,4,0.5681842927354989,0.0623943572407187,no_relative_stress,0.43193873222562285,0.04404273835794051,0.6389646948924649,0.5085178043449486
H47,19.60921557442716,-103.4924523306077,2024,2,2024-02-01,5,0.5382428387259154,0.0416637687144162,no_relative_stress,0.21541831312772272,-0.1311288849481429,0.602718699198253,0.4760838563217795
H47,19.60921557442716,-103.4924523306077,2024,3,2024-03-01,6,0.5061389138628176,0.0292539414098852,no_relative_stress,-0.016739926876939024,-0.23599081837201652,0.5638548977949313,0.45666811743617186
H47,19.60921557442716,-103.4924523306077,2024,4,2024-04-01,5,0.4579274340706943,0.0249720923669401,no_relative_stress,-0.36537930179103983,-0.2721720607256832,0.5054918975078522,0.4499689699842926
H47,19.60921557442716,-103.4924523306077,2024,5,2024-05-01,7,0.4230350626560603,0.0211971991330781,no_relative_stress,-0.6177020807582209,-0.30406957172706034,0.46325250780918004,0.44406297793854094
H47,19.60921557442716,-103.4924523306077,2024,6,2024-06-01,3,0.4063120563675495,0.0198401164905253,no_relative_stress,-0.7386338273930443,-0.31553679896737086,0.4430082667067396,0.4419397604603754
H47,19.60921557442716,-103.4924523306077,2024,7,2024-07-01,3,0.4830563579547193,0.1081039703124557,no_relative_stress,-0.1836605005228441,0.430284890253918,0.5359120256221721,0.5800325716486782
H47,19.60921557442716,-103.4924523306077,2024,8,2024-08-01,4,0.6125873082068636,0.1737578542712817,no_relative_stress,0.7530373507493989,0.9850543515658801,0.6927173118184824,0.6827510572882916
H47,19.60921557442716,-103.4924523306077,2024,9,2024-09-01,4,0.7474087475249538,0.2642393667205712,no_relative_stress,1.7279931606840644,1.7496150583119412,0.8559270646730642,0.8243134961990122
H47,19.60921557442716,-103.4924523306077,2024,10,2024-10-01,5,0.7023450753209443,0.1937812277005153,no_relative_stress,1.4021170295990641,1.1542500704048544,0.8013746816074622,0.7140785351468327
H47,19.60921557442716,-103.4924523306077,2024,11,2024-11-01,5,0.5672779418327063,0.132865559754954,no_relative_stress,0.42538449216568475,0.6395181116252191,0.6378675006510113,0.6187732038275509
H47,19.60921557442716,-103.4924523306077,2024,12,2024-12-01,6,0.613046785495017,0.094753170855005,no_relative_stress,0.756360042258138,0.31747182609858293,0.6932735377052636,0.5591446390595332
H47,19.60921557442716,-103.4924523306077,2025,1,2025-01-01,5,0.5474581173719664,0.036728249467457,no_relative_stress,0.282058229609676,-0.17283358220028905,0.6138743681921107,0.4683620121242488
H47,19.60921557442716,-103.4924523306077,2025,2,2025-02-01,4,0.5139679183408309,0.0108083274102749,no_relative_stress,0.039875203776241666,-0.3918546108104003,0.5733323955313206,0.4278091159196574
H47,19.60921557442716,-103.4924523306077,2025,3,2025-03-01,7,0.4748996692983226,-0.0007990983253575251,no_relative_stress,-0.24264526611802256,-0.4899363225734671,0.5260378457702467,0.4096487707603951
H47,19.60921557442716,-103.4924523306077,2025,4,2025-04-01,7,0.4448511543977962,0.0089061601106664,no_relative_stress,-0.459939891738042,-0.40792775476622223,0.4896622461967144,0.424833088719629
H47,19.60921557442716,-103.4924523306077,2025,5,2025-05-01,9,0.3845420463194034,-0.0116571742365569,no_relative_stress,-0.8960627785014766,-0.5816860951827796,0.41665431308059,0.3926608174618845
H47,19.60921557442716,-103.4924523306077,2025,6,2025-06-01,1,0.5430162912451273,0.0362621292208117,no_relative_stress,0.2499373428205652,-0.1767722566936394,0.6084972609007843,0.4676327458116664
H47,19.60921557442716,-103.4924523306077,2025,7,2025-07-01,5,0.5562139194644383,0.093398547718828,no_relative_stress,0.34537545989493534,0.3060253814676921,0.6244738121884353,0.5570252695908853
H47,19.60921557442716,-103.4924523306077,2025,8,2025-08-01,6,0.7075188423452891,0.1940260967623943,no_relative_stress,1.439530917517382,1.156319192128647,0.8076378489615671,0.7144616439242506
H47,19.60921557442716,-103.4924523306077,2025,9,2025-09-01,5,0.6413940084099614,0.1591516671175012,no_relative_stress,0.9613518433857929,0.8616333733918203,0.7275896173248128,0.6598990135867184
H47,19.60921557442716,-103.4924523306077,2025,10,2025-10-01,6,0.6725876153051826,0.1777426611340178,no_relative_stress,1.1869271556590928,1.0187256140011487,0.7653514221072137,0.6889854687476851
H47,19.60921557442716,-103.4924523306077,2025,11,2025-11-01,7,0.6312476930520686,0.1387287856811085,no_relative_stress,0.8879791724097194,0.6890618475395021,0.7153068703795046,0.6279464872920175
H47,19.60921557442716,-103.4924523306077,2025,12,2025-12-01,7,0.6213880553880631,0.1205268296405123,no_relative_stress,0.8166795996341079,0.5352569431137665,0.7033711646451856,0.5994686997274402
H47,19.60921557442716,-103.4924523306077,2026,1,2026-01-01,5,0.6015362446460043,0.1162593593018118,no_relative_stress,0.6731220295726479,0.4991971995279891,0.6793393107997222,0.5927920484119111
H47,19.60921557442716,-103.4924523306077,2026,2,2026-02-01,5,0.5809701829751333,0.0675437752922476,no_relative_stress,0.5243993826783128,0.08755486142301842,0.6544428117008243,0.5165743029446364
H47,19.60921557442716,-103.4924523306077,2026,3,2026-03-01,7,0.4929003530716008,0.0244585467422363,no_relative_stress,-0.11247404619692358,-0.2765114754319741,0.5478287950785294,0.44916550451209747
H47,19.60921557442716,-103.4924523306077,2026,4,2026-04-01,7,0.508020796321011,0.0273774524364194,no_relative_stress,-0.003131169653238116,-0.25184698276314865,0.5661330337683833,0.4537322651445585
H48,19.60806269214817,-103.4951061797037,2023,1,2023-01-01,4,0.40040573265133,-0.0011871594900334,no_relative_stress,-0.7813451695327545,-0.4932154047892023,0.43585829383240315,0.4090416314295971
H48,19.60806269214817,-103.4951061797037,2023,2,2023-02-01,6,0.3425268130674032,-0.0277928553925528,no_relative_stress,-1.1998942460483553,-0.7180311612024425,0.3657922553109214,0.36741581087328756
H48,19.60806269214817,-103.4951061797037,2023,3,2023-03-01,6,0.3180040239466745,-0.0584232234974953,moderate_possible_stress,-1.3772298081813803,-0.9768550386142171,0.3361058910950921,0.3194932077216328
H48,19.60806269214817,-103.4951061797037,2023,4,2023-04-01,6,0.2801094129897866,-0.0614910390608413,moderate_possible_stress,-1.6512631615152247,-1.002777806390595,0.2902321033646244,0.31469347083042065
H48,19.60806269214817,-103.4951061797037,2023,5,2023-05-01,6,0.2773147397000072,-0.0679564629562207,moderate_possible_stress,-1.6714727288846338,-1.057410061412134,0.28684897721465014,0.30457802127121353
H48,19.60806269214817,-103.4951061797037,2023,6,2023-06-01,5,0.2497408765001901,-0.0718874871245852,moderate_possible_stress,-1.8708720103711514,-1.090626864878865,0.2534690977173665,0.2984277552817657
H48,19.60806269214817,-103.4951061797037,2023,7,2023-07-01,3,0.5128459078193986,0.0917246201994381,no_relative_stress,0.03176142986749952,0.29188084328942393,0.5719741318840149,0.5544063339012613
H48,19.60806269214817,-103.4951061797037,2023,8,2023-08-01,1,0.4806909418878916,0.2181831885331395,no_relative_stress,-0.20076591156823004,1.360444462111526,0.5330485420870767,0.7522565120192484
H48,19.60806269214817,-103.4951061797037,2023,9,2023-09-01,5,0.7044213226923178,0.2538365141202626,no_relative_stress,1.4171313288664553,1.6617118820611612,0.8038881084189603,0.8080377604617944
H48,19.60806269214817,-103.4951061797037,2023,10,2023-10-01,2,0.6259124056938111,0.1276915730179891,no_relative_stress,0.8493972567002186,0.5957983853604124,0.7088481725970627,0.6106782664027706
H48,19.60806269214817,-103.4951061797037,2023,11,2023-11-01,5,0.5691431947145768,0.1242669246834097,no_relative_stress,0.4388729932777847,0.5668604125064528,0.6401255054861557,0.6053202484217349
H48,19.60806269214817,-103.4951061797037,2023,12,2023-12-01,4,0.4856413042124091,0.0036605545068049,no_relative_stress,-0.1649675657414738,-0.4522526540659238,0.5390412641319654,0.4166261003222748
H48,19.60806269214817,-103.4951061797037,2024,1,2024-01-01,4,0.4992808555748979,0.0284382530703208,no_relative_stress,-0.0663336992509503,-0.24288331205940267,0.5555527909201272,0.4553919359531923
H48,19.60806269214817,-103.4951061797037,2024,2,2024-02-01,5,0.4734981061994231,0.0178701525285425,no_relative_stress,-0.2527806132347236,-0.3321828186709204,0.5243411663093355,0.43885766230048
H48,19.60806269214817,-103.4951061797037,2024,3,2024-03-01,6,0.400090521710672,-0.0279688265518521,no_relative_stress,-0.7836246047583675,-0.719518101797033,0.435476711348326,0.36714049599609294
H48,19.60806269214817,-103.4951061797037,2024,4,2024-04-01,5,0.336512356436663,-0.0512828136570426,moderate_possible_stress,-1.243387547005523,-0.9165192125842011,0.3585113808059272,0.3306647034722493
H48,19.60806269214817,-103.4951061797037,2024,5,2024-05-01,7,0.3074596608679275,-0.0416068097062458,moderate_possible_stress,-1.4534809452236888,-0.8347578425668172,0.3233412825818201,0.34580325145963237
H48,19.60806269214817,-103.4951061797037,2024,6,2024-06-01,3,0.2927152731730456,-0.0373220827276875,moderate_possible_stress,-1.560104391166425,-0.7985522819140104,0.30549228257228733,0.3525069015725902
H48,19.60806269214817,-103.4951061797037,2024,7,2024-07-01,3,0.3324783449578203,0.1054286990316986,no_relative_stress,-1.272559338588029,0.4076790866396223,0.3536279585564355,0.5758469881300115
H48,19.60806269214817,-103.4951061797037,2024,8,2024-08-01,4,0.4508006980538957,0.1194057296528237,no_relative_stress,-0.41691600634331133,0.5257837482508868,0.49686453950125753,0.5977146878390014
H48,19.60806269214817,-103.4951061797037,2024,9,2024-09-01,4,0.5755184002730569,0.1893769738650274,no_relative_stress,0.4849750355805922,1.1170345184760897,0.6478430890460064,0.7071878798333178
H48,19.60806269214817,-103.4951061797037,2024,10,2024-10-01,5,0.5889712935255887,0.1489316985495735,no_relative_stress,0.5822590914646247,0.775275550896351,0.6641286545616253,0.6439094082308443
H48,19.60806269214817,-103.4951061797037,2024,11,2024-11-01,5,0.4072396222192832,0.0698735540546769,no_relative_stress,-0.731926172284044,0.10724128408492102,0.44413114296576417,0.5202193477146022
H48,19.60806269214817,-103.4951061797037,2024,12,2024-12-01,6,0.4689830074435384,0.0109420820509663,no_relative_stress,-0.2854313680905053,-0.3907243960311669,0.5188753579350208,0.42801838113460966
H48,19.60806269214817,-103.4951061797037,2025,1,2025-01-01,5,0.419764862174749,-0.0203544116646305,no_relative_stress,-0.6413504038664118,-0.6551769754161643,0.4592937263643351,0.37905359418747553
H48,19.60806269214817,-103.4951061797037,2025,2,2025-02-01,4,0.3807381484283922,-0.041430398163522,moderate_possible_stress,-0.9235705129389473,-0.833267180771584,0.41204945766726625,0.34607925533671147
H48,19.60806269214817,-103.4951061797037,2025,3,2025-03-01,7,0.3557270176603331,-0.0431039545755874,moderate_possible_stress,-1.104437498031896,-0.8474085831260731,0.3817719254593689,0.34346090026136467
H48,19.60806269214817,-103.4951061797037,2025,4,2025-04-01,7,0.3265978080506692,-0.0302718172565853,moderate_possible_stress,-1.3150842044562494,-0.7389781677616383,0.34650920222122106,0.36353736235999834
H48,19.60806269214817,-103.4951061797037,2025,5,2025-05-01,9,0.2843401681397117,-0.0414161170214355,moderate_possible_stress,-1.620668625997037,-0.8331465063952256,0.29535369608682044,0.34610159883263086
H48,19.60806269214817,-103.4951061797037,2025,6,2025-06-01,1,0.4238466205433276,-0.007885209300282,no_relative_stress,-0.6118333325732768,-0.5498133280347283,0.46423494919890274,0.3985622280529604
H48,19.60806269214817,-103.4951061797037,2025,7,2025-07-01,5,0.4890821402368951,0.0972774440676316,no_relative_stress,-0.14008529857333935,0.33880170951037486,0.5432066105339167,0.5630939792372484
H48,19.60806269214817,-103.4951061797037,2025,8,2025-08-01,6,0.6358986538750415,0.1776513858580924,no_relative_stress,0.9216124083332548,1.0179543460638552,0.7209371482514297,0.6888426644297367
H48,19.60806269214817,-103.4951061797037,2025,9,2025-09-01,5,0.6129118624038526,0.1569964998023554,no_relative_stress,0.75538435135697,0.8434224018792986,0.6931102048965152,0.6565271563626949
H48,19.60806269214817,-103.4951061797037,2025,10,2025-10-01,6,0.5805797003860164,0.1181063368151926,no_relative_stress,0.5215756235576314,0.5148039947146404,0.6539701081962027,0.5956817286828282
H48,19.60806269214817,-103.4951061797037,2025,11,2025-11-01,7,0.5429122374883715,0.0762043136269226,no_relative_stress,0.24918488226823968,0.16073563759175802,0.6083712973447682,0.5301241088193281
H48,19.60806269214817,-103.4951061797037,2025,12,2025-12-01,7,0.543559872631019,0.0595143795304225,no_relative_stress,0.2538682297257042,0.019707183679507866,0.6091553000383018,0.5040119483126841
H48,19.60806269214817,-103.4951061797037,2026,1,2026-01-01,5,0.4867721697186841,0.0662546500151149,no_relative_stress,-0.15678975736638118,0.07666186785683346,0.5404102472901666,0.5145574078535574
H48,19.60806269214817,-103.4951061797037,2026,2,2026-02-01,5,0.4866949804379489,0.0224184365789445,no_relative_stress,-0.1573479485420435,-0.2937502242776058,0.5403168048562664,0.4459736594318774
H48,19.60806269214817,-103.4951061797037,2026,3,2026-03-01,7,0.3977365982834462,-0.0216417908131948,no_relative_stress,-0.8006469072432154,-0.6660552143517491,0.4326271403695612,0.37703943099390924
H48,19.60806269214817,-103.4951061797037,2026,4,2026-04-01,7,0.3929429385287717,-0.0296384131021641,no_relative_stress,-0.8353120647456749,-0.7336259591739273,0.42682411654941416,0.3645283519499027
H49,19.61498262970927,-103.4988105532358,2023,1,2023-01-01,4,0.8041420131060888,0.3513001275261748,no_relative_stress,2.13825748640746,2.4852707188944008,0.9246062176398578,0.9605240136787175
H49,19.61498262970927,-103.4988105532358,2023,2,2023-02-01,6,0.729767112206173,0.2832612338989064,no_relative_stress,1.6004183852048197,1.9103481386928483,0.8345707658908235,0.8540740720062534
H49,19.61498262970927,-103.4988105532358,2023,3,2023-03-01,6,0.7009522440510761,0.2444473066199044,no_relative_stress,1.3920448263524223,1.5823739164598178,0.7996885725696631,0.7933479185569693
H49,19.61498262970927,-103.4988105532358,2023,4,2023-04-01,6,0.705423790995592,0.2421150433798259,no_relative_stress,1.4243806380378743,1.5626665001834634,0.8051016587626554,0.7896989867087933
H49,19.61498262970927,-103.4988105532358,2023,5,2023-05-01,6,0.68438813955755,0.2202859649759432,no_relative_stress,1.2722621716499563,1.3782127354274698,0.7796366919910293,0.7555464013421542
H49,19.61498262970927,-103.4988105532358,2023,6,2023-06-01,5,0.6890567123438083,0.2081846772013267,no_relative_stress,1.3060227677768566,1.2759579335011244,0.7852882902418914,0.7366133865752393
H49,19.61498262970927,-103.4988105532358,2023,7,2023-07-01,3,0.7481674763173369,0.2424128543319658,no_relative_stress,1.7334798773964812,1.5651829761560816,0.856845553151713,0.7901649254799084
H49,19.61498262970927,-103.4988105532358,2023,8,2023-08-01,1,0.5142483553132103,0.2648976266061743,no_relative_stress,0.04190317245039856,1.7551772956103213,0.5736718819600729,0.8253433737101258
H49,19.61498262970927,-103.4988105532358,2023,9,2023-09-01,5,0.6441232295874139,0.0776158350253744,no_relative_stress,0.9810880964402947,0.17266286746197412,0.7308935096145737,0.532332498205519
H49,19.61498262970927,-103.4988105532358,2023,10,2023-10-01,2,0.6617897012204389,0.0951779535774682,no_relative_stress,1.1088424747259789,0.3210612022010436,0.7522798743027277,0.5598092309366056
H49,19.61498262970927,-103.4988105532358,2023,11,2023-11-01,5,0.6486063990474692,0.1636529643815182,no_relative_stress,1.0135079558788975,0.8996689336327011,0.7363206655868113,0.6669414977551117
H49,19.61498262970927,-103.4988105532358,2023,12,2023-12-01,4,0.688456534140892,0.1896322802685222,no_relative_stress,1.3016826032682371,1.1191918348052368,0.784561737130887,0.7075873183061053
H49,19.61498262970927,-103.4988105532358,2024,1,2024-01-01,4,0.6819735121943563,0.202699481156022,no_relative_stress,1.2548008910963597,1.2296085163493136,0.7767136351153868,0.7280315480420698
H49,19.61498262970927,-103.4988105532358,2024,2,2024-02-01,5,0.6897929687153486,0.1964667109094327,no_relative_stress,1.311346976082785,1.1769421639009188,0.7861795744548807,0.718280095691272
H49,19.61498262970927,-103.4988105532358,2024,3,2024-03-01,6,0.6062567467516068,0.1389901393846672,no_relative_stress,0.7072581504814864,0.6912702630146029,0.6850537727273034,0.6283553870406248
H49,19.61498262970927,-103.4988105532358,2024,4,2024-04-01,5,0.6091506859070388,0.1471117699150421,no_relative_stress,0.7281855549614895,0.7598973163224699,0.6885570663927856,0.6410620471603481
H49,19.61498262970927,-103.4988105532358,2024,5,2024-05-01,7,0.5765823266994919,0.1400855211007548,no_relative_stress,0.49266877669507897,0.7005261407772345,0.6491310382771686,0.6300691615241634
H49,19.61498262970927,-103.4988105532358,2024,6,2024-06-01,3,0.5632481625752739,0.122086520734735,no_relative_stress,0.39624330572189953,0.5484361936924167,0.6329892017692412,0.601908907337467
H49,19.61498262970927,-103.4988105532358,2024,7,2024-07-01,3,0.5495462940600612,0.1676437925535195,no_relative_stress,0.297158795250611,0.9333910755939937,0.6164022361848012,0.6731853298265389
H49,19.61498262970927,-103.4988105532358,2024,8,2024-08-01,4,0.5776121093801749,0.1580494148988463,no_relative_stress,0.5001156086869346,0.8523194404955338,0.6503776543766427,0.6581744898896262
H49,19.61498262970927,-103.4988105532358,2024,9,2024-09-01,4,0.6042382208403765,0.146689949756373,no_relative_stress,0.6926612616290057,0.7563329736197268,0.6826102213398627,0.6404020903489899
H49,19.61498262970927,-103.4988105532358,2024,10,2024-10-01,5,0.6713830229227872,0.157497060920336,no_relative_stress,1.1782161943478981,0.8476520986623551,0.7638931879716366,0.6573103069839329
H49,19.61498262970927,-103.4988105532358,2024,11,2024-11-01,5,0.4172723239448968,0.1480181955487278,no_relative_stress,-0.6593750937152216,0.7675565320489078,0.456276353530071,0.6424801912642905
H49,19.61498262970927,-103.4988105532358,2024,12,2024-12-01,6,0.6480866049760989,0.1756474480852912,no_relative_stress,1.0097490859809404,1.0010212506902927,0.7356914224756808,0.685707412698594
H49,19.61498262970927,-103.4988105532358,2025,1,2025-01-01,5,0.6786303423064607,0.1897282435799255,no_relative_stress,1.2306248926625178,1.1200027162240167,0.7726665196572364,0.7077374572686455
H49,19.61498262970927,-103.4988105532358,2025,2,2025-02-01,4,0.6472098341770699,0.1670045184293295,no_relative_stress,1.0034087532503453,0.9279892662854999,0.7346300367929331,0.6721851564021217
H49,19.61498262970927,-103.4988105532358,2025,3,2025-03-01,7,0.5717393292037628,0.1355274721606822,no_relative_stress,0.4576468353047336,0.6620110339375012,0.6432682880473003,0.6229378867790298
H49,19.61498262970927,-103.4988105532358,2025,4,2025-04-01,7,0.5766220263764481,0.1631069362228553,no_relative_stress,0.49295586331050684,0.8950550444127952,0.6491790972097626,0.666087211882099
H49,19.61498262970927,-103.4988105532358,2025,5,2025-05-01,9,0.5618202236797114,0.1628652154882396,no_relative_stress,0.38591722309363374,0.8930125257734595,0.6312605927630257,0.6657090288057863
H49,19.61498262970927,-103.4988105532358,2025,6,2025-06-01,1,0.6829176616008833,0.2018463765525563,no_relative_stress,1.2616284695141222,1.222399858570526,0.7778565868007898,0.7266968271135237
H49,19.61498262970927,-103.4988105532358,2025,7,2025-07-01,5,0.7202164271638327,0.2342139052359317,no_relative_stress,1.5313529908730126,1.4959025878673464,0.8230090665554927,0.7773372969498269
H49,19.61498262970927,-103.4988105532358,2025,8,2025-08-01,6,0.7331475570459208,0.2403750811656341,no_relative_stress,1.6248639359521304,1.5479639747262381,0.8386630050007479,0.7869767367376567
H49,19.61498262970927,-103.4988105532358,2025,9,2025-09-01,5,0.6193677413028519,0.19520632611915,no_relative_stress,0.8020697796734838,1.1662920248841708,0.7009254485617221,0.7163081663982203
H49,19.61498262970927,-103.4988105532358,2025,10,2025-10-01,6,0.7314752859271254,0.2454698986863044,no_relative_stress,1.6127709746894274,1.5910147281774367,0.836638616614265,0.7949478103250414
H49,19.61498262970927,-103.4988105532358,2025,11,2025-11-01,7,0.7568104949489537,0.2681855026697811,no_relative_stress,1.795981518625716,1.7829595549784274,0.8673084657412721,0.830487405256473
H49,19.61498262970927,-103.4988105532358,2025,12,2025-12-01,7,0.736788622733825,0.2374153681871018,no_relative_stress,1.651194155869161,1.522954664145799,0.8430707418863338,0.7823461312540053
H49,19.61498262970927,-103.4988105532358,2026,1,2026-01-01,5,0.7494629607085693,0.26037331913445,no_relative_stress,1.7428481206098752,1.7169473011674603,0.8584138177273578,0.8182648890258846
H49,19.61498262970927,-103.4988105532358,2026,2,2026-02-01,5,0.7101002872615064,0.2278843971225822,no_relative_stress,1.4581985324888738,1.4424188090765178,0.8107628488793437,0.7674344938094271
H49,19.61498262970927,-103.4988105532358,2026,3,2026-03-01,7,0.6793149171048073,0.2256252888671522,no_relative_stress,1.2355753677528198,1.4233295458929978,0.7734952401056587,0.7639000162598696
H49,19.61498262970927,-103.4988105532358,2026,4,2026-04-01,7,0.7082765592857392,0.2361933253470254,no_relative_stress,1.4450103170632869,1.5126285111871334,0.8085551125304037,0.7804341896848195
H5,19.64768676086755,-103.4905412268389,2023,1,2023-01-01,4,0.4285185137424783,-0.104740676864117,moderate_possible_stress,-0.5780487250142398,-1.3682333867658245,0.46989056701646215,0.24702744664820564
H5,19.64768676086755,-103.4905412268389,2023,2,2023-02-01,6,0.4067193513942758,-0.1029819866063917,moderate_possible_stress,-0.7356884898067323,-1.3533726110118,0.44350132271464987,0.24977899749470206
H5,19.64768676086755,-103.4905412268389,2023,3,2023-03-01,6,0.4180922440148744,-0.1088047141056914,severe_possible_stress,-0.6534458747427059,-1.4025741388327382,0.45726891786300206,0.2406690756598371
H5,19.64768676086755,-103.4905412268389,2023,4,2023-04-01,6,0.3963902547666268,-0.1073607727944148,severe_possible_stress,-0.8103829361754834,-1.3903729635919047,0.430997307653423,0.24292818747323458
H5,19.64768676086755,-103.4905412268389,2023,5,2023-05-01,6,0.379830820459821,-0.1219761362957197,severe_possible_stress,-0.930131818610723,-1.5138714810837617,0.41095108062680774,0.2200617869588641
H5,19.64768676086755,-103.4905412268389,2023,6,2023-06-01,5,0.3858459669582283,-0.108140176059415,severe_possible_stress,-0.8866335289032974,-1.3969588516368543,0.41823279025959786,0.24170877563868723
H5,19.64768676086755,-103.4905412268389,2023,7,2023-07-01,3,0.5894225586460332,0.0324278601063596,no_relative_stress,0.5855223970132339,-0.20917148858803414,0.6646749391077045,0.4616338575019015
H5,19.64768676086755,-103.4905412268389,2023,8,2023-08-01,1,0.2277368080978433,0.3632532419369713,no_relative_stress,-2.029993545043785,2.5862734691176246,0.2268318018695653,0.979225204482967
H5,19.64768676086755,-103.4905412268389,2023,9,2023-09-01,5,0.5848112778051876,0.0479061798637344,no_relative_stress,0.5521761052827643,-0.07838106773192333,0.6590926963265559,0.4858503923031075
H5,19.64768676086755,-103.4905412268389,2023,10,2023-10-01,2,0.6339746541130731,0.0684994675279927,no_relative_stress,0.9076990815231296,0.09563037554091637,0.71860802665748,0.5180695268868305
H5,19.64768676086755,-103.4905412268389,2023,11,2023-11-01,5,0.562049371470177,0.0410919114224926,no_relative_stress,0.38757429611390465,-0.13596102803942947,0.6315379904413045,0.475189159595761
H5,19.64768676086755,-103.4905412268389,2023,12,2023-12-01,4,0.5446171173248806,0.0281236400921389,no_relative_stress,0.26151365216012146,-0.245541763652871,0.6104351606158532,0.45489970964862697
H5,19.64768676086755,-103.4905412268389,2024,1,2024-01-01,4,0.4479040003167526,0.0195332590805364,no_relative_stress,-0.4378633593958859,-0.3181297167016192,0.4933579064007302,0.4414596680947643
H5,19.64768676086755,-103.4905412268389,2024,2,2024-02-01,5,0.4421340431219338,-0.0315983760474518,moderate_possible_stress,-0.4795885725267927,-0.7501874711787702,0.4863730136973815,0.361461900835206
H5,19.64768676086755,-103.4905412268389,2024,3,2024-03-01,6,0.4413922062288309,-0.0664728201357365,moderate_possible_stress,-0.4849531361497051,-1.0448734119609673,0.48547497391532524,0.3068992479003311
H5,19.64768676086755,-103.4905412268389,2024,4,2024-04-01,5,0.4694265264893956,-0.0334506033524567,moderate_possible_stress,-0.2822240779683834,-0.7658386266362188,0.5194122653751637,0.3585640070266727
H5,19.64768676086755,-103.4905412268389,2024,5,2024-05-01,7,0.4465209574199843,-0.0242749430261811,no_relative_stress,-0.44786477841657846,-0.6883051156015658,0.4916836467984701,0.3729197446712208
H5,19.64768676086755,-103.4905412268389,2024,6,2024-06-01,3,0.4388156943499668,-0.0193801294374481,no_relative_stress,-0.5035850780602019,-0.646944377529362,0.4823559457466363,0.3805779030162499
H5,19.64768676086755,-103.4905412268389,2024,7,2024-07-01,3,0.1997754026063989,0.0548785661128316,no_relative_stress,-2.2321953230080767,-0.01946502605651541,0.19298277828097757,0.49675900750782076
H5,19.64768676086755,-103.4905412268389,2024,8,2024-08-01,4,0.5114987415730206,0.0503092544360328,no_relative_stress,0.022019451399554434,-0.05807530201663789,0.5703433032024827,0.4896101116991505
H5,19.64768676086755,-103.4905412268389,2024,9,2024-09-01,4,0.3115569321940401,0.0569657942576952,no_relative_stress,-1.423851692602765,-0.0018281344708275834,0.32830128481807636,0.5000245708118779
H5,19.64768676086755,-103.4905412268389,2024,10,2024-10-01,5,0.5974667900935321,0.0617172249875564,no_relative_stress,0.6436939328302814,0.03832103123762162,0.6744129825011871,0.5074584001569772
H5,19.64768676086755,-103.4905412268389,2024,11,2024-11-01,5,0.5728831497207882,0.0612973926911043,no_relative_stress,0.4659183273184433,0.03477348579323995,0.6446529540532259,0.5068015534464123
H5,19.64768676086755,-103.4905412268389,2024,12,2024-12-01,6,0.6080358720186234,0.0578391023180802,no_relative_stress,0.7201238232146411,0.0055512407162218004,0.6872075147181602,0.501390900967088
H5,19.64768676086755,-103.4905412268389,2025,1,2025-01-01,5,0.589028036054392,0.030249126949368,no_relative_stress,0.5826694227769661,-0.22758158936142872,0.6641973449282996,0.45822513044716484
H5,19.64768676086755,-103.4905412268389,2025,2,2025-02-01,4,0.5358847096751671,-0.0296505720830598,moderate_possible_stress,0.19836559784570848,-0.7337287014775788,0.5998640370501669,0.3645093286716255
H5,19.64768676086755,-103.4905412268389,2025,3,2025-03-01,7,0.4821184362350248,-0.0610838876999357,moderate_possible_stress,-0.1904430436740308,-0.9993374137200915,0.5347766129397195,0.3153304776409326
H5,19.64768676086755,-103.4905412268389,2025,4,2025-04-01,7,0.4708597464601407,-0.0423558204142248,moderate_possible_stress,-0.2718598054575731,-0.8410869162167934,0.5211472674519453,0.34463139016198685
H5,19.64768676086755,-103.4905412268389,2025,5,2025-05-01,9,0.4506743259027641,-0.039442315947246,moderate_possible_stress,-0.41782986146593065,-0.8164680634359056,0.49671155813821755,0.3491897003289831
H5,19.64768676086755,-103.4905412268389,2025,6,2025-06-01,1,0.5344975211250641,-0.0352596336497114,moderate_possible_stress,0.18833419969984774,-0.7811247712325445,0.5981847588762346,0.35573369690021134
H5,19.64768676086755,-103.4905412268389,2025,7,2025-07-01,5,0.5787308131660205,0.0294924153021169,no_relative_stress,0.5082054700704252,-0.23397573526111765,0.651731915014482,0.457041220679995
H5,19.64768676086755,-103.4905412268389,2025,8,2025-08-01,6,0.6373811065988874,0.0897990098587671,no_relative_stress,0.9323327055157893,0.27560960772839077,0.7227317496434728,0.5513936289979268
H5,19.64768676086755,-103.4905412268389,2025,9,2025-09-01,5,0.4947706152577146,0.113572294976356,no_relative_stress,-0.09894932050288409,0.4764917457382547,0.550092863988584,0.5885880141387805
H5,19.64768676086755,-103.4905412268389,2025,10,2025-10-01,6,0.649043528236624,0.1341977773620403,no_relative_stress,1.0166690380095595,0.6507752315344856,0.7368498377072717,0.6208575188275309
H5,19.64768676086755,-103.4905412268389,2025,11,2025-11-01,7,0.6190524810738803,0.076893075435119,no_relative_stress,0.7997899880214161,0.16655561341443745,0.7005438064110703,0.5312017079747521
H5,19.64768676086755,-103.4905412268389,2025,12,2025-12-01,7,0.6439353460248816,0.102547596112426,no_relative_stress,0.979729424022847,0.38333402404573885,0.7306660648553319,0.571339371657159
H5,19.64768676086755,-103.4905412268389,2026,1,2026-01-01,5,0.6243409319712883,0.1093597444626289,no_relative_stress,0.8380332077501215,0.440896069773137,0.7069458057393309,0.58199728738571
H5,19.64768676086755,-103.4905412268389,2026,2,2026-02-01,5,0.592271030380764,0.048673154481333,no_relative_stress,0.606121005671151,-0.07190020064853848,0.6681231916274082,0.48705035895387194
H5,19.64768676086755,-103.4905412268389,2026,3,2026-03-01,7,0.5657938943633265,0.0291125004849573,no_relative_stress,0.41465266264503275,-0.23718598156721954,0.6360709687201328,0.4564468266801647
H5,19.64768676086755,-103.4905412268389,2026,4,2026-04-01,7,0.5708828034497873,0.0273196290518193,no_relative_stress,0.45145290380228986,-0.25233558520357624,0.6422314102530341,0.45364179783108766
H50,19.61011338081553,-103.5061892246769,2023,1,2023-01-01,4,0.814869025644775,0.3714583388722102,no_relative_stress,2.215829445665062,2.6556058060990835,0.9375919347050522,0.9920624515869241
H50,19.61011338081553,-103.5061892246769,2023,2,2023-02-01,6,0.7239718455476044,0.2552809850955801,no_relative_stress,1.5585101477058751,1.6739175329158802,0.8275552345046038,0.8102977009586589
H50,19.61011338081553,-103.5061892246769,2023,3,2023-03-01,6,0.7148272009365061,0.2530109731082205,no_relative_stress,1.4923810184036506,1.6547361341704694,0.8164850724111772,0.806746164024887
H50,19.61011338081553,-103.5061892246769,2023,4,2023-04-01,6,0.7317314481543962,0.2722055793184533,no_relative_stress,1.6146234015217371,1.816928843957817,0.8369487169515333,0.8367769978990919
H50,19.61011338081553,-103.5061892246769,2023,5,2023-05-01,6,0.7065777259076285,0.2591179329955459,no_relative_stress,1.4327252718918566,1.7063394003088441,0.8064985688739574,0.8163007803501197
H50,19.61011338081553,-103.5061892246769,2023,6,2023-06-01,5,0.7396716925859896,0.2721610852339557,no_relative_stress,1.6720429594202313,1.816552872913914,0.8465608775829578,0.8367073848814922
H50,19.61011338081553,-103.5061892246769,2023,7,2023-07-01,3,0.7717269178662823,0.3092929084218376,no_relative_stress,1.903849030352694,2.1303134656671325,0.8853657251068823,0.8948018100230283
H50,19.61011338081553,-103.5061892246769,2023,8,2023-08-01,1,0.6526717150717983,0.3325877085482154,no_relative_stress,1.0429061250216325,2.3271524481953416,0.7412419839391625,0.9312475836464078
H50,19.61011338081553,-103.5061892246769,2023,9,2023-09-01,5,0.8120755504792546,0.3057243815958339,no_relative_stress,2.1956285424829898,2.1001597323985735,0.9342102589591471,0.8892186876024063
H50,19.61011338081553,-103.5061892246769,2023,10,2023-10-01,2,0.8322099755756542,0.2957997271954085,no_relative_stress,2.34122982686859,2.0162972882683166,0.958584235089897,0.8736911146845945
H50,19.61011338081553,-103.5061892246769,2023,11,2023-11-01,5,0.8116779570471647,0.2935580140662012,no_relative_stress,2.1927533615876627,1.997355012349253,0.9337289473360387,0.8701838526006784
H50,19.61011338081553,-103.5061892246769,2023,12,2023-12-01,4,0.695387824328949,0.3095425143189156,no_relative_stress,1.3518059491794576,2.1324226132257,0.7929524957837978,0.8951923297944199
H50,19.61011338081553,-103.5061892246769,2024,1,2024-01-01,4,0.6783461947644527,0.1885390076678173,no_relative_stress,1.2285700911534956,1.1099537788793983,0.7723225413527478,0.7058768436294492
H50,19.61011338081553,-103.5061892246769,2024,2,2024-02-01,5,0.6218739634063927,0.1474677737243448,no_relative_stress,0.8201934239039005,0.7629055167457035,0.7039593865777116,0.641619031301552
H50,19.61011338081553,-103.5061892246769,2024,3,2024-03-01,6,0.5937395213604578,0.1391017729730728,no_relative_stress,0.6167403390630104,0.6922135568758303,0.6699008914582157,0.6285300428638009
H50,19.61011338081553,-103.5061892246769,2024,4,2024-04-01,5,0.6296479919153449,0.1581334181763109,no_relative_stress,0.8764109980503867,0.8530292606946968,0.7133703324780668,0.6583059168354463
H50,19.61011338081553,-103.5061892246769,2024,5,2024-05-01,7,0.6065306174104328,0.1582736968353045,no_relative_stress,0.7092386351235698,0.8542146028464612,0.6853853102243601,0.6585253891735704
H50,19.61011338081553,-103.5061892246769,2024,6,2024-06-01,3,0.6324245948111276,0.1669679729269413,no_relative_stress,0.8964898900932003,0.9276804600511879,0.7167315832901637,0.6721279793025214
H50,19.61011338081553,-103.5061892246769,2024,7,2024-07-01,3,0.393991604616467,0.2133858955637792,no_relative_stress,-0.8277286781563375,1.3199077645714883,0.42809359218967874,0.7447509291158623
H50,19.61011338081553,-103.5061892246769,2024,8,2024-08-01,4,0.7356059636752974,0.257731775024323,no_relative_stress,1.6426418045063864,1.6946264891355936,0.8416390594059376,0.8141320731986799
H50,19.61011338081553,-103.5061892246769,2024,9,2024-09-01,4,0.6089169130705705,0.1990839784825353,no_relative_stress,0.7264950361072742,1.199057841361067,0.6882740698081393,0.7223749297728531
H50,19.61011338081553,-103.5061892246769,2024,10,2024-10-01,5,0.7569908159419215,0.2341143788881637,no_relative_stress,1.79728550262586,1.4950615991092064,0.8675267555388415,0.7771815834549423
H50,19.61011338081553,-103.5061892246769,2024,11,2024-11-01,5,0.6775243175962955,0.2090544085466018,no_relative_stress,1.2226267195042955,1.2833070857646367,0.771327607830526,0.7379741207970866
H50,19.61011338081553,-103.5061892246769,2024,12,2024-12-01,6,0.7047963634454234,0.1890838194886528,no_relative_stress,1.4198434209717758,1.1145573901531933,0.8043421186189281,0.7067292264866444
H50,19.61011338081553,-103.5061892246769,2025,1,2025-01-01,5,0.6101063020911229,0.083381457691625,no_relative_stress,0.7350960549194543,0.22138186453897626,0.6897138993269024,0.5413530769334752
H50,19.61011338081553,-103.5061892246769,2025,2,2025-02-01,4,0.5826293455757785,0.0731648436836145,no_relative_stress,0.5363975502198185,0.13505238777548795,0.6564513314093107,0.5253687199390674
H50,19.61011338081553,-103.5061892246769,2025,3,2025-03-01,7,0.5806574051730008,0.1071054123097976,no_relative_stress,0.5221375425959786,0.42184716423041574,0.6540641746825383,0.5784702822657579
H50,19.61011338081553,-103.5061892246769,2025,4,2025-04-01,7,0.5782283064426349,0.1203702061877107,no_relative_stress,0.5045716129333557,0.5339334889127316,0.6511235993152406,0.5992236552164785
H50,19.61011338081553,-103.5061892246769,2025,5,2025-05-01,9,0.5395877159222776,0.103779560013695,no_relative_stress,0.22514373842264512,0.39374400908624924,0.6043467568421131,0.5732668351775256
H50,19.61011338081553,-103.5061892246769,2025,6,2025-06-01,1,0.6366995109784662,0.1379853278804896,no_relative_stress,0.9274037742307006,0.6827796954612458,0.7219066356755582,0.6267833137703348
H50,19.61011338081553,-103.5061892246769,2025,7,2025-07-01,5,0.6379242616617574,0.1875401913885876,no_relative_stress,0.9362605094831626,1.1015138704419112,0.7233892726904089,0.7043141501610931
H50,19.61011338081553,-103.5061892246769,2025,8,2025-08-01,6,0.7319156691399884,0.2244859904054111,no_relative_stress,1.6159555881615137,1.413702575548181,0.8371717279331784,0.7621175320315948
H50,19.61011338081553,-103.5061892246769,2025,9,2025-09-01,5,0.6942366374121122,0.1994146638558361,no_relative_stress,1.3434811873421153,1.2018521032591882,0.7915589122919091,0.7228923020701254
H50,19.61011338081553,-103.5061892246769,2025,10,2025-10-01,6,0.7296595156778186,0.2107215271887161,no_relative_stress,1.5996403052423267,1.2973940895374663,0.8344405135890416,0.740582403688727
H50,19.61011338081553,-103.5061892246769,2025,11,2025-11-01,7,0.6856443161942407,0.1746529412567418,no_relative_stress,1.2813461624190825,0.9926177567265322,0.781157372080583,0.6841514615617059
H50,19.61011338081553,-103.5061892246769,2025,12,2025-12-01,7,0.6744815876661159,0.1612580894662106,no_relative_stress,1.200623340527665,0.879432454287352,0.7676441936612395,0.6631946070951322
H50,19.61011338081553,-103.5061892246769,2026,1,2026-01-01,5,0.6597237797333688,0.1706702234993563,no_relative_stress,1.0939028466751637,0.9589641470450699,0.7497789476175722,0.6779203186025903
H50,19.61011338081553,-103.5061892246769,2026,2,2026-02-01,5,0.6374143010966457,0.1312178392597136,no_relative_stress,0.9325727501897744,0.6255950204626235,0.722771933651318,0.6161952702184046
H50,19.61011338081553,-103.5061892246769,2026,3,2026-03-01,7,0.6340021487335148,0.1855639269610193,no_relative_stress,0.9078979077638015,1.0848146123663396,0.7186413106086812,0.7012221946364121
H50,19.61011338081553,-103.5061892246769,2026,4,2026-04-01,7,0.6738544488162254,0.2150395123022878,no_relative_stress,1.1960882111860036,1.3338806784635917,0.7668850030071874,0.7473380876656055
H51,19.61961236528353,-103.5087860622131,2023,1,2023-01-01,4,0.7582294600931856,0.3171080672765481,no_relative_stress,1.806242707932557,2.196350860661375,0.8690262114623584,0.907028981276024
H51,19.61961236528353,-103.5087860622131,2023,2,2023-02-01,6,0.7376451447051346,0.3179444381008158,no_relative_stress,1.657388060017409,2.2034181194990548,0.8441076151014473,0.9083375214464093
H51,19.61961236528353,-103.5087860622131,2023,3,2023-03-01,6,0.7018682304001008,0.2479755717245888,no_relative_stress,1.398668744753823,1.6121874417756865,0.8007974311191537,0.7988680496845589
H51,19.61961236528353,-103.5087860622131,2023,4,2023-04-01,6,0.7108375279611262,0.2499579241494284,no_relative_stress,1.4635298589236758,1.6289381428849827,0.8116553246828054,0.8019695301576903
H51,19.61961236528353,-103.5087860622131,2023,5,2023-05-01,6,0.6867767827097911,0.2473704064116813,no_relative_stress,1.2895355484282869,1.607073848879081,0.7825282933602691,0.7979212410457514
H51,19.61961236528353,-103.5087860622131,2023,6,2023-06-01,5,0.696630301145243,0.2406419203038639,no_relative_stress,1.3607908702489993,1.5502187416348572,0.7944565913871422,0.787394218698138
H51,19.61961236528353,-103.5087860622131,2023,7,2023-07-01,3,0.7405459868389414,0.2780643829123305,no_relative_stress,1.6783653831075847,1.8664352115589513,0.8476192652523682,0.845943362423701
H51,19.61961236528353,-103.5087860622131,2023,8,2023-08-01,1,0.570674468757,0.3097107268779532,no_relative_stress,0.44994633985985444,2.133843994340361,0.6419792081263336,0.8954555059888509
H51,19.61961236528353,-103.5087860622131,2023,9,2023-09-01,5,0.7375100523715102,0.2403016464170467,no_relative_stress,1.6564111452462054,1.5473434576530827,0.8439440774141558,0.7868618447356397
H51,19.61961236528353,-103.5087860622131,2023,10,2023-10-01,2,0.7707863366805029,0.2339874245734529,no_relative_stress,1.8970472553795956,1.493988846477732,0.8842270929750257,0.7769829576590841
H51,19.61961236528353,-103.5087860622131,2023,11,2023-11-01,5,0.7462544998348543,0.232202456971904,no_relative_stress,1.7196462649881126,1.4789060295130632,0.8545297759244279,0.7741902947137835
H51,19.61961236528353,-103.5087860622131,2023,12,2023-12-01,4,0.7251502270879184,0.2484832737253257,no_relative_stress,1.56703156636792,1.6164774783808693,0.8289817387826756,0.7996623725414458
H51,19.61961236528353,-103.5087860622131,2024,1,2024-01-01,4,0.6432162116634075,0.2233837080428211,no_relative_stress,0.974529032843306,1.4043883879383323,0.7297955079023795,0.7603929611729461
H51,19.61961236528353,-103.5087860622131,2024,2,2024-02-01,5,0.6310421666232144,0.1268781703106004,no_relative_stress,0.886492916314843,0.5889252050609692,0.7150580678312746,0.6094056608952194
H51,19.61961236528353,-103.5087860622131,2024,3,2024-03-01,6,0.5767400565315758,0.114116128919183,no_relative_stress,0.4938093936249082,0.48108709403013195,0.6493219800668603,0.5894388670613836
H51,19.61961236528353,-103.5087860622131,2024,4,2024-04-01,5,0.5953780910433587,0.1375446553379152,no_relative_stress,0.6285895897490076,0.6790560517966566,0.6718844821566529,0.6260938615474536
H51,19.61961236528353,-103.5087860622131,2024,5,2024-05-01,7,0.5879525868078258,0.1586891798487613,no_relative_stress,0.5748923548526593,0.8577253972376087,0.6628954466053957,0.6591754312331998
H51,19.61961236528353,-103.5087860622131,2024,6,2024-06-01,3,0.611866699456942,0.1659533780577864,no_relative_stress,0.7478262975891655,0.9191072239367192,0.691844970026447,0.6705405995130383
H51,19.61961236528353,-103.5087860622131,2024,7,2024-07-01,3,0.4925592472860009,0.2158360543810697,no_relative_stress,-0.1149407389510952,1.3406113879557415,0.5474158652711738,0.74858431395333
H51,19.61961236528353,-103.5087860622131,2024,8,2024-08-01,4,0.6164628818737572,0.2339500784093322,no_relative_stress,0.7810634056741866,1.493673274723222,0.6974089352245423,0.7769245278878106
H51,19.61961236528353,-103.5087860622131,2024,9,2024-09-01,4,0.35884329368106,0.1909387442067978,no_relative_stress,-1.0819022734627566,1.1302313385109917,0.38554437175383044,0.7096313405206417
H51,19.61961236528353,-103.5087860622131,2024,10,2024-10-01,5,0.7429825901972098,0.2059064639145175,no_relative_stress,1.695985582184716,1.2567072345071466,0.8505689254393463,0.7330490183357024
H51,19.61961236528353,-103.5087860622131,2024,11,2024-11-01,5,0.654157826216681,0.1666610959164631,no_relative_stress,1.0536528779285905,0.925087376694554,0.7430410140778223,0.671647856271054
H51,19.61961236528353,-103.5087860622131,2024,12,2024-12-01,6,0.6519562403227199,0.1277101218799294,no_relative_stress,1.037732198181779,0.5959551215887369,0.7403758571750411,0.6107072869403832
H51,19.61961236528353,-103.5087860622131,2025,1,2025-01-01,5,0.5611330316067784,0.0484246755095055,no_relative_stress,0.380947821287543,-0.07399982578929239,0.6304287039406373,0.4866616023082573
H51,19.61961236528353,-103.5087860622131,2025,2,2025-02-01,4,0.5518254166214308,0.0482755542234822,no_relative_stress,0.3136401782858265,-0.07525988735045111,0.6191612560546961,0.48642829527821846
H51,19.61961236528353,-103.5087860622131,2025,3,2025-03-01,7,0.532378047373646,0.0541536386997179,no_relative_stress,0.1730073106056456,-0.025590598013775053,0.5956190038383093,0.49562482561965737
H51,19.61961236528353,-103.5087860622131,2025,4,2025-04-01,7,0.5213982421425163,0.0654356576285061,no_relative_stress,0.09360729117116527,0.06974145526673448,0.5823272654677067,0.513276057038797
H51,19.61961236528353,-103.5087860622131,2025,5,2025-05-01,9,0.4907725235798159,0.0660367626676394,no_relative_stress,-0.1278613594911503,0.07482073921223602,0.5452529248962541,0.5142165131947318
H51,19.61961236528353,-103.5087860622131,2025,6,2025-06-01,1,0.6056405225687698,0.1026637851761337,no_relative_stress,0.7028019501151507,0.3843158112667947,0.6843077949577993,0.5715211547285066
H51,19.61961236528353,-103.5087860622131,2025,7,2025-07-01,5,0.6577334655301735,0.1741870398745006,no_relative_stress,1.0795099696534127,0.9886809316178677,0.7473695482605451,0.6834225376724319
H51,19.61961236528353,-103.5087860622131,2025,8,2025-08-01,6,0.7007153322166536,0.2076272097748019,no_relative_stress,1.3903316079608905,1.271247383488484,0.7994017760324061,0.7357412034477042
H51,19.61961236528353,-103.5087860622131,2025,9,2025-09-01,5,0.6702702815182536,0.1857836745085925,no_relative_stress,1.170169449684794,1.0866714595357814,0.7625461451678842,0.7015659996628428
H51,19.61961236528353,-103.5087860622131,2025,10,2025-10-01,6,0.7064273399405128,0.1766696542896475,no_relative_stress,1.4316377618258487,1.009658801908072,0.806316517290397,0.6873067007679601
H51,19.61961236528353,-103.5087860622131,2025,11,2025-11-01,7,0.6593250948419849,0.1351394334307905,no_relative_stress,1.0910197729358981,0.6587321412936904,0.7492963147149809,0.6223307825484714
H51,19.61961236528353,-103.5087860622131,2025,12,2025-12-01,7,0.655455748568443,0.1106974161762402,no_relative_stress,1.063038751155392,0.4521992763958828,0.7446122299565946,0.5840901355832556
H51,19.61961236528353,-103.5087860622131,2026,1,2026-01-01,5,0.6653132508670173,0.1461515879700337,no_relative_stress,1.1343228821218665,0.7517838645619032,0.7565453506980071,0.6395597988639394
H51,19.61961236528353,-103.5087860622131,2026,2,2026-02-01,5,0.6206559592623985,0.1027883748980055,no_relative_stress,0.8113854759787198,0.38536858329976653,0.7024849166690487,0.5717160810113897
H51,19.61961236528353,-103.5087860622131,2026,3,2026-03-01,7,0.603736429360233,0.1252298846504264,no_relative_stress,0.6890325767446425,0.5749973383051132,0.6820027714871317,0.6068268430598459
H51,19.61961236528353,-103.5087860622131,2026,4,2026-04-01,7,0.63890273644933,0.1495384057097068,no_relative_stress,0.9433363105118683,0.7804021722644388,0.7245737773883404,0.6448586291597186
H52,19.62373074157903,-103.506858857131,2023,1,2023-01-01,4,0.6455570597228991,0.1362091451645653,no_relative_stress,0.9914567813328553,0.6677711099962504,0.7326292503337918,0.6240043951778961
H52,19.62373074157903,-103.506858857131,2023,2,2023-02-01,6,0.5564794683550285,0.0771530987524864,no_relative_stress,0.34729576600509154,0.16875278724492895,0.6247952756665234,0.5316085262736926
H52,19.62373074157903,-103.506858857131,2023,3,2023-03-01,6,0.5175026822754264,0.0207668178139078,no_relative_stress,0.06543670684438904,-0.30770625547214664,0.5776114475209935,0.44338962680244554
H52,19.62373074157903,-103.506858857131,2023,4,2023-04-01,6,0.5112167002332554,0.0262356286237005,no_relative_stress,0.019979880807246463,-0.2614952920983967,0.5700018745870439,0.45194582988989346
H52,19.62373074157903,-103.506858857131,2023,5,2023-05-01,6,0.4914390481420962,0.0096378828930212,no_relative_stress,-0.12304141395618094,-0.40174476254520997,0.5460597944092299,0.42597790227184207
H52,19.62373074157903,-103.506858857131,2023,6,2023-06-01,5,0.4965087038662153,0.0040418879246824,no_relative_stress,-0.08638040271347386,-0.449030420710334,0.552196928547363,0.4172227137874084
H52,19.62373074157903,-103.506858857131,2023,7,2023-07-01,3,0.6502006425657115,0.0952588561283767,no_relative_stress,1.0250366636899295,0.3217448215374781,0.7382505967010198,0.5599358066547903
H52,19.62373074157903,-103.506858857131,2023,8,2023-08-01,1,0.4290218597382969,0.1959834940186463,no_relative_stress,-0.5744087987123639,1.1728590242900687,0.4704998987072778,0.717524080901832
H52,19.62373074157903,-103.506858857131,2023,9,2023-09-01,5,0.644536689090911,0.0721363808544604,no_relative_stress,0.9840780121921668,0.12636196863643115,0.7313940281057162,0.5237596430958209
H52,19.62373074157903,-103.506858857131,2023,10,2023-10-01,2,0.6818474714892694,0.0937317928322942,no_relative_stress,1.2538894328124675,0.3088412729418116,0.776561054988436,0.557546646717995
H52,19.62373074157903,-103.506858857131,2023,11,2023-11-01,5,0.6523004697223078,0.1369211942305377,no_relative_stress,1.0402214792247348,0.6737878610692704,0.7407925683117578,0.6251184283065934
H52,19.62373074157903,-103.506858857131,2023,12,2023-12-01,4,0.7138590920896406,0.1866165555635103,no_relative_stress,1.485380178257791,1.0937092301338387,0.8153131163303607,0.7028690799304586
H52,19.62373074157903,-103.506858857131,2024,1,2024-01-01,4,0.6246107201888645,0.1693043575811668,no_relative_stress,0.8399841703826842,0.9474227019093403,0.707272401186883,0.6757833592904623
H52,19.62373074157903,-103.506858857131,2024,2,2024-02-01,5,0.6724732102778341,0.1409983930725313,no_relative_stress,1.1860998403102634,0.7082398274853481,0.7652129276931702,0.6314973912170561
H52,19.62373074157903,-103.506858857131,2024,3,2024-03-01,6,0.5966211026891466,0.0858639035779412,no_relative_stress,0.6375783784164992,0.24235831077559827,0.6733892252044241,0.5452369763579876
H52,19.62373074157903,-103.506858857131,2024,4,2024-04-01,5,0.5199840235462921,0.0354750241735685,no_relative_stress,0.08338042633512599,-0.1834232241113307,0.5806152657387355,0.4664012841887284
H52,19.62373074157903,-103.506858857131,2024,5,2024-05-01,7,0.4941662813657272,0.0373464554195846,no_relative_stress,-0.10331953670969529,-0.16760979706585954,0.5493612801570229,0.4693292234358563
H52,19.62373074157903,-103.506858857131,2024,6,2024-06-01,3,0.5021397905733631,0.027181270397536,no_relative_stress,-0.04565942592263379,-0.25350470348685605,0.5590137098725346,0.45342532942760333
H52,19.62373074157903,-103.506858857131,2024,7,2024-07-01,3,0.2823002813910324,0.124515508710268,no_relative_stress,-1.6354199848854505,0.568960925352843,0.29288428607468,0.6057091694307204
H52,19.62373074157903,-103.506858857131,2024,8,2024-08-01,4,0.596324664154108,0.110755043737233,no_relative_stress,0.6354346950862649,0.45268622414430154,0.6730303678870351,0.5841802965217919
H52,19.62373074157903,-103.506858857131,2024,9,2024-09-01,4,0.3883061420657931,0.136997493382151,no_relative_stress,-0.8688428716702299,0.6744325820924107,0.42121098551782615,0.6252378017973411
H52,19.62373074157903,-103.506858857131,2024,10,2024-10-01,5,0.6972659763550921,0.1656647521413954,no_relative_stress,1.3653877299339905,0.9166683606966202,0.7952261158368142,0.6700890311478427
H52,19.62373074157903,-103.506858857131,2024,11,2024-11-01,5,0.672001442886757,0.1859215182355178,no_relative_stress,1.182688273417084,1.0878362267288322,0.7646418238710185,0.7017816624390705
H52,19.62373074157903,-103.506858857131,2024,12,2024-12-01,6,0.705407949236021,0.1823779691074803,no_relative_stress,1.4242660789913941,1.057893552779387,0.8050824813256139,0.6962376187622354
H52,19.62373074157903,-103.506858857131,2025,1,2025-01-01,5,0.6790651921866449,0.1704610280842321,no_relative_stress,1.2337694920621332,0.9571964644532807,0.7731929325321669,0.6775930228670054
H52,19.62373074157903,-103.506858857131,2025,2,2025-02-01,4,0.6601582583175681,0.1498610122688442,no_relative_stress,1.0970447610628145,0.7831281689037328,0.7503049110155781,0.6453633617850235
H52,19.62373074157903,-103.506858857131,2025,3,2025-03-01,7,0.5940663959660876,0.1118647150220299,no_relative_stress,0.6191041196122369,0.4620628474875024,0.67029659353549,0.5859164276850843
H52,19.62373074157903,-103.506858857131,2025,4,2025-04-01,7,0.5519379732370441,0.0944886012014948,no_relative_stress,0.3144541269196178,0.3152362361333435,0.6192975128511619,0.5587307078110513
H52,19.62373074157903,-103.506858857131,2025,5,2025-05-01,9,0.4824756163284316,0.0621128610037479,no_relative_stress,-0.18786011021017454,0.04166412027277787,0.5352090016982459,0.5080773906872734
H52,19.62373074157903,-103.506858857131,2025,6,2025-06-01,1,0.6341612700319289,0.1011814226809069,no_relative_stress,0.9090485870263717,0.3717899804498126,0.7188339368550661,0.5692019312264494
H52,19.62373074157903,-103.506858857131,2025,7,2025-07-01,5,0.6381729651554203,0.1379783581095971,no_relative_stress,0.9380589987837079,0.6827208015191005,0.7236903437659002,0.6267724092469744
H52,19.62373074157903,-103.506858857131,2025,8,2025-08-01,6,0.7194538566479513,0.1979336479939309,no_relative_stress,1.5258384928918018,1.189337651373617,0.822085927431176,0.7205751854371087
H52,19.62373074157903,-103.506858857131,2025,9,2025-09-01,5,0.6951829569272864,0.2230590230230403,no_relative_stress,1.350324458813182,1.4016448284920577,0.7927044910290464,0.7598849767014917
H52,19.62373074157903,-103.506858857131,2025,10,2025-10-01,6,0.733235544278153,0.1915300906415352,no_relative_stress,1.6255002120792708,1.1352281631200851,0.8387695190277424,0.7105565288964384
H52,19.62373074157903,-103.506858857131,2025,11,2025-11-01,7,0.7318693352393819,0.1780242449789955,no_relative_stress,1.615620526424881,1.0211049723661527,0.8371156378594852,0.6894260194720692
H52,19.62373074157903,-103.506858857131,2025,12,2025-12-01,7,0.7343845819335317,0.176425597330392,no_relative_stress,1.633809431618918,1.0075965423789857,0.8401605007047183,0.6869248625620094
H52,19.62373074157903,-103.506858857131,2026,1,2026-01-01,5,0.7200231588266791,0.1703547004466517,no_relative_stress,1.529955378674705,0.9562980054030888,0.8227751031910531,0.6774266684450683
H52,19.62373074157903,-103.506858857131,2026,2,2026-02-01,5,0.6737913498916479,0.1169123460012182,no_relative_stress,1.1956319138535572,0.5047148788735211,0.7668086178273691,0.5938136757835363
H52,19.62373074157903,-103.506858857131,2026,3,2026-03-01,7,0.603569869898866,0.0701481648138107,no_relative_stress,0.6878281087061711,0.1095617204967358,0.6818011408810293,0.5206489887292337
H52,19.62373074157903,-103.506858857131,2026,4,2026-04-01,7,0.598637631706736,0.0558004305890573,no_relative_stress,0.6521608268130195,-0.011675353488185759,0.6758303592276884,0.4982013063826633
H53,19.6220524419853,-103.5039156451538,2023,1,2023-01-01,4,0.5503742006205141,0.1025110105699299,no_relative_stress,0.3031457682074286,0.38302487947608777,0.6174044686620811,0.5712821319129899
H53,19.6220524419853,-103.5039156451538,2023,2,2023-02-01,6,0.5065532183677697,0.0800141431879824,no_relative_stress,-0.013743900531069017,0.19292835744067108,0.564356439212986,0.5360847603369523
H53,19.6220524419853,-103.5039156451538,2023,3,2023-03-01,6,0.4681288908274495,0.0322269548663676,no_relative_stress,-0.2916078780093238,-0.2108691199396692,0.5178413965522769,0.46131953212212684
H53,19.6220524419853,-103.5039156451538,2023,4,2023-04-01,6,0.4609383965222618,0.0361302608428868,no_relative_stress,-0.3436056480568968,-0.17788653272080268,0.5091368551648857,0.46742643174054926
H53,19.6220524419853,-103.5039156451538,2023,5,2023-05-01,6,0.4560657465129354,0.0336648420374344,no_relative_stress,-0.37884202040538245,-0.19871910164341153,0.5032382087196958,0.4635691719579854
H53,19.6220524419853,-103.5039156451538,2023,6,2023-06-01,5,0.4613280262054525,0.0347284555194573,no_relative_stress,-0.34078805669107926,-0.18973166262402263,0.5096085261737401,0.4652332435953585
H53,19.6220524419853,-103.5039156451538,2023,7,2023-07-01,3,0.5915843519655315,0.0990192115828075,no_relative_stress,0.6011553183600393,0.35351948959983315,0.6672919246196717,0.5658190536838317
H53,19.6220524419853,-103.5039156451538,2023,8,2023-08-01,1,0.3806748974892336,0.1918778520619381,no_relative_stress,-0.9240279095587164,1.1381667160925644,0.4119728884643256,0.7111006174455647
H53,19.6220524419853,-103.5039156451538,2023,9,2023-09-01,5,0.5718370525412106,0.0724721463082754,no_relative_stress,0.45835351768472354,0.129199156761614,0.6433865882363032,0.5242849634099641
H53,19.6220524419853,-103.5039156451538,2023,10,2023-10-01,2,0.6048056067608534,0.0877970410896403,no_relative_stress,0.6967642900675237,0.2586931502601873,0.6832970773497271,0.5482614578625303
H53,19.6220524419853,-103.5039156451538,2023,11,2023-11-01,5,0.5934096567855877,0.1291760219287615,no_relative_stress,0.6143549366716109,0.6083418462025887,0.6695015698368747,0.6130007541967835
H53,19.6220524419853,-103.5039156451538,2023,12,2023-12-01,4,0.6413499254896026,0.1681023890509184,no_relative_stress,0.9610330595221869,0.9372661750775383,0.7275362522029653,0.673902824891446
H53,19.6220524419853,-103.5039156451538,2024,1,2024-01-01,4,0.577730007469972,0.1540265894797547,no_relative_stress,0.5009681839762156,0.8183269246513665,0.6505203773604288,0.6518805966707456
H53,19.6220524419853,-103.5039156451538,2024,2,2024-02-01,5,0.5857421096715428,0.120629222259026,no_relative_stress,0.5589073784449964,0.5361221516039572,0.6602195262997812,0.5996288976331878
H53,19.6220524419853,-103.5039156451538,2024,3,2024-03-01,6,0.5330211512864232,0.0797333868050179,no_relative_stress,0.17765789065674978,0.19055599105584622,0.5963975211957494,0.5356455042144987
H53,19.6220524419853,-103.5039156451538,2024,4,2024-04-01,5,0.5148844756518185,0.0726561148346951,no_relative_stress,0.0465032510660881,0.13075367439478577,0.5744419452658434,0.5245727905315253
H53,19.6220524419853,-103.5039156451538,2024,5,2024-05-01,7,0.4947216490607323,0.0813955275843392,no_relative_stress,-0.0993034175847708,0.2046009323322375,0.5500335873561127,0.5382459990135391
H53,19.6220524419853,-103.5039156451538,2024,6,2024-06-01,3,0.4917674624144922,0.0743648382674334,no_relative_stress,-0.12066649936872795,0.14519223493609124,0.5464573603490595,0.5272461660091722
H53,19.6220524419853,-103.5039156451538,2024,7,2024-07-01,3,0.1677555456166852,0.1707294296122339,no_relative_stress,-2.463745629571298,0.9594644334160649,0.15422074627655427,0.6780129492573008
H53,19.6220524419853,-103.5039156451538,2024,8,2024-08-01,4,0.4581623431675541,0.1276846676320239,no_relative_stress,-0.36368056611555416,0.5957400354651576,0.5057762696065013,0.6106674626125554
H53,19.6220524419853,-103.5039156451538,2024,9,2024-09-01,4,0.5276664209618297,0.151322292009021,no_relative_stress,0.13893537391904784,0.7954758523217065,0.58991528649109,0.6476496003585241
H53,19.6220524419853,-103.5039156451538,2024,10,2024-10-01,5,0.6562953082549475,0.188165786972389,no_relative_stress,1.0691099932240462,1.1068000973046248,0.7456285692690521,0.7052929228873375
H53,19.6220524419853,-103.5039156451538,2024,11,2024-11-01,5,0.6197383618811296,0.2006845062913713,no_relative_stress,0.8047499074625123,1.2125821585344363,0.7013741078646452,0.7248790282790561
H53,19.6220524419853,-103.5039156451538,2024,12,2024-12-01,6,0.6631751415187584,0.2077951004714346,no_relative_stress,1.1188612304594598,1.2726660448945424,0.7539570361089447,0.736003876073773
H53,19.6220524419853,-103.5039156451538,2025,1,2025-01-01,5,0.6645537318191481,0.2133777493446068,no_relative_stress,1.1288304507087215,1.3198389297463489,0.7556259055658526,0.7447381839856946
H53,19.6220524419853,-103.5039156451538,2025,2,2025-02-01,4,0.6438272335788593,0.192779517076563,no_relative_stress,0.9789476132225116,1.145785705012717,0.7305351880030668,0.7125113133446006
H53,19.6220524419853,-103.5039156451538,2025,3,2025-03-01,7,0.582876758916178,0.1604406612083037,no_relative_stress,0.5381867098289863,0.8725252584452204,0.6567508406738888,0.6619157034308207
H53,19.6220524419853,-103.5039156451538,2025,4,2025-04-01,7,0.5629313917185436,0.1579875205343275,no_relative_stress,0.3939525900260186,0.8517964386380369,0.6326057309095621,0.6580776533430331
H53,19.6220524419853,-103.5039156451538,2025,5,2025-05-01,9,0.5047513645601519,0.1173392411806193,no_relative_stress,-0.02677393379043156,0.5083221050486174,0.5621751829075436,0.5944815726955062
H53,19.6220524419853,-103.5039156451538,2025,6,2025-06-01,1,0.6290785532716713,0.1643711123509087,no_relative_stress,0.8722931254267227,0.9057372198954133,0.7126809915188701,0.668065072895422
H53,19.6220524419853,-103.5039156451538,2025,7,2025-07-01,5,0.6447689346133577,0.1968359745036425,no_relative_stress,0.9857574863365314,1.1800624083234783,0.7316751757815741,0.7188578253686642
H53,19.6220524419853,-103.5039156451538,2025,8,2025-08-01,6,0.6753554636475236,0.2190975621717231,no_relative_stress,1.2069427395011896,1.3681708377701693,0.7687020749868839,0.7536870911381166
H53,19.6220524419853,-103.5039156451538,2025,9,2025-09-01,5,0.6558749350388674,0.221764549694641,no_relative_stress,1.0660700812380062,1.3907066443698637,0.7451196812980428,0.7578597143411197
H53,19.6220524419853,-103.5039156451538,2025,10,2025-10-01,6,0.6984993366012132,0.248268543360688,no_relative_stress,1.3743067248933984,1.6146630259595611,0.7967191752639219,0.7993264171257652
H53,19.6220524419853,-103.5039156451538,2025,11,2025-11-01,7,0.7119957177259567,0.2438107125954074,no_relative_stress,1.4719052615743198,1.576994753754591,0.8130573855585295,0.7923519382703412
H53,19.6220524419853,-103.5039156451538,2025,12,2025-12-01,7,0.7265428105095391,0.2505488816882601,no_relative_stress,1.5771019773099397,1.633931681358373,0.830667547784728,0.802894110088166
H53,19.6220524419853,-103.5039156451538,2026,1,2026-01-01,5,0.7094558551315198,0.2470883750623495,no_relative_stress,1.4535383474884993,1.6046907091422151,0.809982723632212,0.7974799901804648
H53,19.6220524419853,-103.5039156451538,2026,2,2026-02-01,5,0.6681944856061013,0.194236490835221,no_relative_stress,1.1551584151265835,1.1580970032710693,0.7600332648759033,0.7147908150142941
H53,19.6220524419853,-103.5039156451538,2026,3,2026-03-01,7,0.6169572597656388,0.1597119852540415,no_relative_stress,0.7846384794935365,0.8663680116497295,0.6980074104667505,0.660775656779647
H53,19.6220524419853,-103.5039156451538,2026,4,2026-04-01,7,0.6219503250508324,0.1549948545620947,no_relative_stress,0.8207456300610161,0.826508678201146,0.7040518271063071,0.6533954914029149
H54,19.621438862174,-103.5012333605017,2023,1,2023-01-01,4,0.6366404565535168,0.1559629850805217,no_relative_stress,0.926976724534465,0.8346892946978677,0.7218351466145474,0.6549101756037259
H54,19.621438862174,-103.5012333605017,2023,2,2023-02-01,6,0.5755784812712471,0.120713764376753,no_relative_stress,0.485409508899884,0.5368365249552579,0.6479158208378896,0.5997611676190904
H54,19.621438862174,-103.5012333605017,2023,3,2023-03-01,6,0.5294942565609483,0.059556851763703,no_relative_stress,0.15215329345750928,0.020066070261031604,0.5921279953740379,0.5040783980521549
H54,19.621438862174,-103.5012333605017,2023,4,2023-04-01,6,0.5094725332825388,0.0541504019957096,no_relative_stress,0.007367007730842785,-0.02561794787384178,0.5678904518162785,0.4956197616491175
H54,19.621438862174,-103.5012333605017,2023,5,2023-05-01,6,0.4960444278683008,0.0376802266623932,no_relative_stress,-0.08973779589863372,-0.16478945984574203,0.5516348935234143,0.46985142371623656
H54,19.621438862174,-103.5012333605017,2023,6,2023-06-01,5,0.5013180068255507,0.0349917057471845,no_relative_stress,-0.05160212200637206,-0.18750722168892034,0.5580188894414612,0.4656451105422307
H54,19.621438862174,-103.5012333605017,2023,7,2023-07-01,3,0.6359848806832055,0.1283927629476064,no_relative_stress,0.9222359540246282,0.6017233777001667,0.7210415311753998,0.6117753099190568
H54,19.621438862174,-103.5012333605017,2023,8,2023-08-01,1,0.4005154195589757,0.1880813361738349,no_relative_stress,-0.780551973076584,1.1060864955921872,0.4359910766685661,0.7051607957744317
H54,19.621438862174,-103.5012333605017,2023,9,2023-09-01,5,0.6197262494374708,0.0713216692260592,no_relative_stress,0.8046623168138928,0.11947772807122439,0.7013594449968844,0.5224849897218509
H54,19.621438862174,-103.5012333605017,2023,10,2023-10-01,2,0.6177744646903509,0.050449755167664,no_relative_stress,0.7905480640023886,-0.05688808337090079,0.6989966879471603,0.48982993148001014
H54,19.621438862174,-103.5012333605017,2023,11,2023-11-01,5,0.6003991307683955,0.1076448143319506,no_relative_stress,0.6648990363518411,0.4264050631880474,0.677962763598693,0.579314201247021
H54,19.621438862174,-103.5012333605017,2023,12,2023-12-01,4,0.6392966351634718,0.1187274255495746,no_relative_stress,0.946184773203119,0.5200521391018958,0.7250506163251591,0.5966534502383047
H54,19.621438862174,-103.5012333605017,2024,1,2024-01-01,4,0.5657808006224554,0.0935670873204913,no_relative_stress,0.414557975785134,0.3074495260633586,0.6360551179309533,0.5572889574583695
H54,19.621438862174,-103.5012333605017,2024,2,2024-02-01,5,0.5859501857087736,0.0778738345201926,no_relative_stress,0.5604120719301894,0.1748429401725058,0.660471415307814,0.5327361501420919
H54,19.621438862174,-103.5012333605017,2024,3,2024-03-01,6,0.5291160168927455,0.0358771432960886,no_relative_stress,0.14941806852646503,-0.18002535340617,0.5916701126880244,0.46703041783355437
H54,19.621438862174,-103.5012333605017,2024,4,2024-04-01,5,0.5047815212132847,0.0273147280114661,no_relative_stress,-0.02655585716753916,-0.2523769985572526,0.5622116894151853,0.45363412993068664
H54,19.621438862174,-103.5012333605017,2024,5,2024-05-01,7,0.4747873427908421,0.0300308452515773,no_relative_stress,-0.2434575507341169,-0.22942605023100268,0.5259018675340134,0.4578836188093467
H54,19.621438862174,-103.5012333605017,2024,6,2024-06-01,3,0.4680013154904331,0.025782758026286,no_relative_stress,-0.2925304339222233,-0.2653220082379815,0.5176869586577544,0.45123729325577294
H54,19.621438862174,-103.5012333605017,2024,7,2024-07-01,3,0.1314835312401072,0.1310323332378362,no_relative_stress,-2.7260452410673857,0.6240275111300212,0.11031121280857262,0.6159050376153155
H54,19.621438862174,-103.5012333605017,2024,8,2024-08-01,4,0.4675027690935557,0.1220012879163868,no_relative_stress,-0.2961356521176086,0.5477159839824963,0.5170834371805142,0.6017755567190479
H54,19.621438862174,-103.5012333605017,2024,9,2024-09-01,4,0.6031985629911173,0.1174398607677319,no_relative_stress,0.6851430177532082,0.5091723315816722,0.6813516507335173,0.5946389966130367
H54,19.621438862174,-103.5012333605017,2024,10,2024-10-01,5,0.6371201443176525,0.118474585645896,no_relative_stress,0.9304455672865093,0.5179156644761157,0.7224158385417954,0.5962578707165902
H54,19.621438862174,-103.5012333605017,2024,11,2024-11-01,5,0.5825473527848049,0.1469306732585414,no_relative_stress,0.5358046226532768,0.7583670657338635,0.6563520740269659,0.6407787132098112
H54,19.621438862174,-103.5012333605017,2024,12,2024-12-01,6,0.6242276468876345,0.1328476094119985,no_relative_stress,0.837213991229027,0.6393664328289115,0.7068086670869121,0.6187451197000945
H54,19.621438862174,-103.5012333605017,2025,1,2025-01-01,5,0.6215465625504651,0.1178704556080906,no_relative_stress,0.8178258377968346,0.5128108195617483,0.7035630474416619,0.5953126818127366
H54,19.621438862174,-103.5012333605017,2025,2,2025-02-01,4,0.5858232009413544,0.0829783043717209,no_relative_stress,0.5594937866975538,0.2179752549581998,0.6603176923345866,0.5407223252398343
H54,19.621438862174,-103.5012333605017,2025,3,2025-03-01,7,0.507437126393897,0.0488622064023949,no_relative_stress,-0.00735195523008804,-0.07030272878421925,0.565426464953848,0.48734613927740794
H54,19.621438862174,-103.5012333605017,2025,4,2025-04-01,7,0.5018534113048116,0.0735181779550185,no_relative_stress,-0.04773036607229606,0.13803803084167393,0.5586670299240089,0.5259215274668895
H54,19.621438862174,-103.5012333605017,2025,5,2025-05-01,9,0.466981594013973,0.0633258238124585,no_relative_stress,-0.2999045087208488,0.0519135477765922,0.5164525222728935,0.50997512613467
H54,19.621438862174,-103.5012333605017,2025,6,2025-06-01,1,0.5767770563261474,0.0844047698430892,no_relative_stress,0.49407695614958114,0.23002876091113617,0.6493667706236014,0.5429540953073606
H54,19.621438862174,-103.5012333605017,2025,7,2025-07-01,5,0.6014334239933731,0.1253834096884294,no_relative_stress,0.6723784861631492,0.5762946111775642,0.6792148399930822,0.607067039960022
H54,19.621438862174,-103.5012333605017,2025,8,2025-08-01,6,0.6407634010914683,0.1460909788797884,no_relative_stress,0.9567916319530876,0.7512717231573355,0.7268262278734013,0.6394649731873672
H54,19.621438862174,-103.5012333605017,2025,9,2025-09-01,5,0.6036542637050891,0.1398033840852247,no_relative_stress,0.6884383991178143,0.6981421081704208,0.681903304841938,0.6296277453393065
H54,19.621438862174,-103.5012333605017,2025,10,2025-10-01,6,0.6451482019062922,0.1575357556436173,no_relative_stress,0.9885001424944458,0.8479790656214439,0.7321343024713555,0.6573708466373095
H54,19.621438862174,-103.5012333605017,2025,11,2025-11-01,7,0.6666581270531625,0.1702554639175094,no_relative_stress,1.1440483001114452,0.9554594655864761,0.7581734071189365,0.677271408384597
H54,19.621438862174,-103.5012333605017,2025,12,2025-12-01,7,0.677995802373102,0.1753201569175466,no_relative_stress,1.2260362426837557,0.9982556695262642,0.7718983695304936,0.6851953507901922
H54,19.621438862174,-103.5012333605017,2026,1,2026-01-01,5,0.6506075552591494,0.1739859986402548,no_relative_stress,1.0279792364484608,0.9869821511269226,0.7387431898706617,0.6831079995234657
H54,19.621438862174,-103.5012333605017,2026,2,2026-02-01,5,0.6136336422977451,0.1231375549411042,no_relative_stress,0.7606038735976738,0.5573173389549508,0.6939839644313001,0.6035532981263103
H54,19.621438862174,-103.5012333605017,2026,3,2026-03-01,7,0.5659124324833612,0.1036115729453167,no_relative_stress,0.41550986628720643,0.3923245333475397,0.636214466500401,0.5730040117734803
H54,19.621438862174,-103.5012333605017,2026,4,2026-04-01,7,0.5757517281993472,0.1052788191109433,no_relative_stress,0.4866623370847691,0.40641261468266937,0.6481255470391603,0.575612494181452
H55,19.62164911694436,-103.4994749950378,2023,1,2023-01-01,4,0.5609591204700775,0.0899596640323291,no_relative_stress,0.3796901899049044,0.2769671211601994,0.6302181736734693,0.5516449797547278
H55,19.62164911694436,-103.4994749950378,2023,2,2023-02-01,6,0.4708333866506595,0.0387019508796514,no_relative_stress,-0.27205042535847673,-0.15615598137593525,0.5211153572601205,0.4714499576948798
H55,19.62164911694436,-103.4994749950378,2023,3,2023-03-01,6,0.4124951519956674,-0.0340844681772853,moderate_possible_stress,-0.6939210203164752,-0.7711947278477677,0.45049328922575044,0.357572296696977
H55,19.62164911694436,-103.4994749950378,2023,4,2023-04-01,6,0.3761964537574051,-0.0484441100706143,moderate_possible_stress,-0.9564135950839251,-0.8925324205696601,0.406551453280561,0.3351059842616771
H55,19.62164911694436,-103.4994749950378,2023,5,2023-05-01,6,0.3621205664526478,-0.0676282749642721,moderate_possible_stress,-1.0582028073721919,-1.0546369021636033,0.3895117146467209,0.3050914863018461
H55,19.62164911694436,-103.4994749950378,2023,6,2023-06-01,5,0.3630025967477109,-0.0792853328893108,moderate_possible_stress,-1.0518244408077964,-1.1531380014985908,0.39057946727713055,0.28685348932631055
H55,19.62164911694436,-103.4994749950378,2023,7,2023-07-01,3,0.552071127444142,0.0636939414178516,no_relative_stress,0.3154170262068823,0.055024108695904336,0.6194587043155306,0.5105510628604694
H55,19.62164911694436,-103.4994749950378,2023,8,2023-08-01,1,0.3800682075681771,0.1950882185793071,no_relative_stress,-0.928415163294877,1.1652940267109537,0.4112384525127751,0.7161233817837579
H55,19.62164911694436,-103.4994749950378,2023,9,2023-09-01,5,0.634928613601258,0.127331516491766,no_relative_stress,0.9145976011514048,0.5927559398408156,0.7197628540579842,0.6101149416017353
H55,19.62164911694436,-103.4994749950378,2023,10,2023-10-01,2,0.6322359742540946,0.09613735513087,no_relative_stress,0.8951258881296958,0.32916805972216717,0.7165032463531577,0.5613102582748744
H55,19.62164911694436,-103.4994749950378,2023,11,2023-11-01,5,0.590387517556281,0.127548190445801,no_relative_stress,0.592500458519273,0.5945868154191093,0.6658430819939765,0.6104539378513705
H55,19.62164911694436,-103.4994749950378,2023,12,2023-12-01,4,0.6075208547347714,0.1034963631171424,no_relative_stress,0.7163994964632877,0.3913510205793662,0.6865840542059563,0.5728237607606341
H55,19.62164911694436,-103.4994749950378,2024,1,2024-01-01,4,0.5207742173929745,0.0683986312909376,no_relative_stress,0.08909468132078827,0.09477831833517865,0.5815718446261626,0.5179117640106174
H55,19.62164911694436,-103.4994749950378,2024,2,2024-02-01,5,0.5091631744499777,0.0418705723588088,no_relative_stress,0.005129891789301337,-0.12938141260562339,0.5675159536736903,0.4764074100233409
H55,19.62164911694436,-103.4994749950378,2024,3,2024-03-01,6,0.4452607582680064,-0.0078144310599009,no_relative_stress,-0.4569778578430401,-0.5492152582188823,0.4901580972035232,0.39867296382714157
H55,19.62164911694436,-103.4994749950378,2024,4,2024-04-01,5,0.3890905159534732,-0.0396735575159937,moderate_possible_stress,-0.8631707034837556,-0.8184220340586879,0.42216051898224655,0.34882791238398375
H55,19.62164911694436,-103.4994749950378,2024,5,2024-05-01,7,0.3519312671889184,-0.0418225427661818,moderate_possible_stress,-1.131886314732605,-0.836580767673928,0.3771769330051225,0.34546572728158187
H55,19.62164911694436,-103.4994749950378,2024,6,2024-06-01,3,0.3529271664521929,-0.0450019873492029,moderate_possible_stress,-1.1246845093094457,-0.8634467907061681,0.37838253111658915,0.3404913417151801
H55,19.62164911694436,-103.4994749950378,2024,7,2024-07-01,3,0.3017323942572182,0.0988677345623264,no_relative_stress,-1.4948974431145148,0.3522395222927026,0.31640806949053446,0.5655820610001577
H55,19.62164911694436,-103.4994749950378,2024,8,2024-08-01,4,0.5415700412745835,0.143454058147901,no_relative_stress,0.23947884439085523,0.7289899782590604,0.6067464851973631,0.6353393908455662
H55,19.62164911694436,-103.4994749950378,2024,9,2024-09-01,4,0.6020269088506497,0.1532444438382152,no_relative_stress,0.6766702480122785,0.8117178637693554,0.6799332903921358,0.6506568942634524
H55,19.62164911694436,-103.4994749950378,2024,10,2024-10-01,5,0.6464471714812197,0.1495875838838595,no_relative_stress,0.9978935886734022,0.7808177234479774,0.7337067860790207,0.644935570648491
H55,19.62164911694436,-103.4994749950378,2024,11,2024-11-01,5,0.5568835768659277,0.1307886208071812,no_relative_stress,0.3502180604305033,0.6219681628368678,0.6252844741984771,0.6155237384400203
H55,19.62164911694436,-103.4994749950378,2024,12,2024-12-01,6,0.5871508989811959,0.0949644231313932,no_relative_stress,0.5690949816138033,0.31925688898452437,0.661924953539066,0.5594751528480567
H55,19.62164911694436,-103.4994749950378,2025,1,2025-01-01,5,0.5408812293430016,0.0339287595937899,no_relative_stress,0.2344977286421676,-0.19648902184094424,0.6059126354351488,0.4639820829708288
H55,19.62164911694436,-103.4994749950378,2025,2,2025-02-01,4,0.4843345816013195,-0.0124424610453769,no_relative_stress,-0.17441707768926581,-0.5883216986480319,0.5374593949909436,0.3914322005556046
H55,19.62164911694436,-103.4994749950378,2025,3,2025-03-01,7,0.3954365249667613,-0.0495170863871017,moderate_possible_stress,-0.8172797948219253,-0.9015989747048506,0.429842758304941,0.3334272640442125
H55,19.62164911694436,-103.4994749950378,2025,4,2025-04-01,7,0.3715399552866896,-0.0346883228124155,moderate_possible_stress,-0.9900868762841417,-0.7762972456341033,0.40091447174099926,0.3566275386731267
H55,19.62164911694436,-103.4994749950378,2025,5,2025-05-01,9,0.3392503113369226,-0.0433346959933145,moderate_possible_stress,-1.2235881363861982,-0.8493583275173586,0.36182584581133387,0.3430998948253705
H55,19.62164911694436,-103.4994749950378,2025,6,2025-06-01,1,0.4413207740168233,-0.0287104960277478,no_relative_stress,-0.48546969531466844,-0.725785142690946,0.4853885007718357,0.36598012038972505
H55,19.62164911694436,-103.4994749950378,2025,7,2025-07-01,5,0.5397658799697195,0.0932557983293946,no_relative_stress,0.22643212455806602,0.3048191618641688,0.6045624355227268,0.5568019316826851
H55,19.62164911694436,-103.4994749950378,2025,8,2025-08-01,6,0.5780893082041219,0.1157424407849659,no_relative_stress,0.5035664527682188,0.49482928418405264,0.6509553332867092,0.5919833058966506
H55,19.62164911694436,-103.4994749950378,2025,9,2025-09-01,5,0.5412970434643051,0.1190635359607437,no_relative_stress,0.23750467171789885,0.5228922420859411,0.6064160043378591,0.5971793102539079
H55,19.62164911694436,-103.4994749950378,2025,10,2025-10-01,6,0.5968220799411751,0.1345512856694398,no_relative_stress,0.6390317373223301,0.6537623451893048,0.6736325206906529,0.6214105986425784
H55,19.62164911694436,-103.4994749950378,2025,11,2025-11-01,7,0.5820589019534191,0.121081934108553,no_relative_stress,0.5322724101332535,0.5399475263380573,0.6557607738607958,0.6003371858990227
H55,19.62164911694436,-103.4994749950378,2025,12,2025-12-01,7,0.5646802643344061,0.0919773581976879,no_relative_stress,0.4065994919304551,0.29401645682342353,0.6347228501811909,0.5548017539873005
H55,19.62164911694436,-103.4994749950378,2026,1,2026-01-01,5,0.5092220319823029,0.0667010151936598,no_relative_stress,0.005555517664451925,0.08043361378743329,0.5675872043839112,0.5152557664641636
H55,19.62164911694436,-103.4994749950378,2026,2,2026-02-01,5,0.4814412176301877,0.0141767759938331,no_relative_stress,-0.19534032274716104,-0.3633915208379995,0.533956797621896,0.433079206835756
H55,19.62164911694436,-103.4994749950378,2026,3,2026-03-01,7,0.4231034141347133,-0.012784232810868,no_relative_stress,-0.6172077997924675,-0.5912096395709489,0.46333525153298705,0.3908974830938374
H55,19.62164911694436,-103.4994749950378,2026,4,2026-04-01,7,0.4180533580567259,-0.0164869258755495,no_relative_stress,-0.6537270769833399,-0.6224970655850003,0.4572218439877265,0.38510445149450495
H56,19.61921532953394,-103.4972616233209,2023,1,2023-01-01,4,0.5245677065889748,0.0624636336528698,no_relative_stress,0.11652714569938674,0.044628117859247585,0.5861640996656226,0.508626190440601
H56,19.61921532953394,-103.4972616233209,2023,2,2023-02-01,6,0.4495438430808768,0.0272706312437797,no_relative_stress,-0.4260049024742819,-0.25274961230955284,0.49534303824331216,0.4535651385332974
H56,19.61921532953394,-103.4972616233209,2023,3,2023-03-01,6,0.4047678633985627,-0.0307104475090658,moderate_possible_stress,-0.7498005966723867,-0.742684554257163,0.4411389249009938,0.3628511053927978
H56,19.61921532953394,-103.4972616233209,2023,4,2023-04-01,6,0.3755254067069277,-0.0373764916454569,moderate_possible_stress,-0.9612662448101968,-0.7990120324143833,0.4057391090138319,0.3524217763476748
H56,19.61921532953394,-103.4972616233209,2023,5,2023-05-01,6,0.3485849749476373,-0.0623583543440215,moderate_possible_stress,-1.1560848923392344,-1.0101065431449852,0.373126037743649,0.3133365166475389
H56,19.61921532953394,-103.4972616233209,2023,6,2023-06-01,5,0.3442546285357986,-0.0869430919735928,moderate_possible_stress,-1.1873996180579756,-1.21784538247712,0.36788388359349605,0.27487257716849
H56,19.61921532953394,-103.4972616233209,2023,7,2023-07-01,3,0.6167627706447874,0.089264861471165,no_relative_stress,0.7832320392470725,0.27109610151394486,0.6977719692675791,0.5505579295667136
H56,19.61921532953394,-103.4972616233209,2023,8,2023-08-01,1,0.3727918946785377,0.1594919178874996,no_relative_stress,-0.9810335269804854,0.8645084620385389,0.4024300223816534,0.660431351381903
H56,19.61921532953394,-103.4972616233209,2023,9,2023-09-01,5,0.6045905566343376,0.0888784190671296,no_relative_stress,0.6952091637364728,0.2678306976811835,0.6830367457720677,0.5499533228605156
H56,19.61921532953394,-103.4972616233209,2023,10,2023-10-01,2,0.5755006036903764,0.0399747107920671,no_relative_stress,0.48484634030950535,-0.14540127368136635,0.6478215451737881,0.473441248428999
H56,19.61921532953394,-103.4972616233209,2023,11,2023-11-01,5,0.4844622170586287,0.072626102131714,no_relative_stress,-0.1734940870188897,0.13050006973255768,0.5376139056648267,0.5245258342935348
H56,19.61921532953394,-103.4972616233209,2023,12,2023-12-01,4,0.5793639204057713,0.0857943678298952,no_relative_stress,0.5127837595830484,0.24177073990911924,0.6524983307763431,0.54512818451954
H56,19.61921532953394,-103.4972616233209,2024,1,2024-01-01,4,0.5255933427289011,0.0531551899617139,no_relative_stress,0.12394399214871835,-0.03402740076069956,0.5874056961191448,0.4940627071862548
H56,19.61921532953394,-103.4972616233209,2024,2,2024-02-01,5,0.4163861944020486,-0.0022277196292399,no_relative_stress,-0.6657831038249212,-0.5020080451187876,0.4552036385047984,0.40741362779491086
H56,19.61921532953394,-103.4972616233209,2024,3,2024-03-01,6,0.4044331085438714,-0.0291535932714876,no_relative_stress,-0.7522213629254091,-0.7295292748640327,0.4407336832912218,0.3652868746116598
H56,19.61921532953394,-103.4972616233209,2024,4,2024-04-01,5,0.3690025259996697,-0.0485105708091621,moderate_possible_stress,-1.0084361940053512,-0.8930940078802553,0.3978427554849266,0.33500200341535885
H56,19.61921532953394,-103.4972616233209,2024,5,2024-05-01,7,0.327057485884051,-0.0499911779785149,moderate_possible_stress,-1.3117600627127661,-0.9056050063502256,0.3470656708804969,0.3326855262004167
H56,19.61921532953394,-103.4972616233209,2024,6,2024-06-01,3,0.3275705997822682,-0.0565223151315294,moderate_possible_stress,-1.3080495002179924,-0.9607925325353435,0.34768682722579225,0.3224672652627547
H56,19.61921532953394,-103.4972616233209,2024,7,2024-07-01,3,0.3836226784793466,0.0286845929320271,no_relative_stress,-0.9027111500191228,-0.24080176220830518,0.4155413610255084,0.4557773458637927
H56,19.61921532953394,-103.4972616233209,2024,8,2024-08-01,4,0.5528091747948672,0.1137593675084514,no_relative_stress,0.3207541859066743,0.4780724919424232,0.6203521566204171,0.5888806976183087
H56,19.61921532953394,-103.4972616233209,2024,9,2024-09-01,4,0.5239561229978839,0.1047028350075919,no_relative_stress,0.11210450358541253,0.4015456004030434,0.5854237396215767,0.5747113408713774
H56,19.61921532953394,-103.4972616233209,2024,10,2024-10-01,5,0.5727571486341791,0.084123054978681,no_relative_stress,0.4650071555339782,0.22764829544363505,0.644500421886911,0.5425133395971222
H56,19.61921532953394,-103.4972616233209,2024,11,2024-11-01,5,0.5026801187010361,0.0791347735682588,no_relative_stress,-0.04175206482331312,0.18549776261806908,0.5596678107382718,0.5347089465966389
H56,19.61921532953394,-103.4972616233209,2024,12,2024-12-01,6,0.5766497586376331,0.0746444855293648,no_relative_stress,0.49315640804064553,0.14755522934715062,0.6492126688398906,0.5276836868613562
H56,19.61921532953394,-103.4972616233209,2025,1,2025-01-01,5,0.5300215869076522,0.026615244188482,no_relative_stress,0.15596666162709888,-0.25828757444818823,0.592766361616036,0.45253975569577626
H56,19.61921532953394,-103.4972616233209,2025,2,2025-02-01,4,0.4450500778251601,-0.029603939231517,no_relative_stress,-0.4585013849825774,-0.7333346580429808,0.4899030554002154,0.3645822878874814
H56,19.61921532953394,-103.4972616233209,2025,3,2025-03-01,7,0.3374994910954939,-0.0665995039688801,moderate_possible_stress,-1.236249122466497,-1.0459438790473332,0.35970636881760293,0.306701045285179
H56,19.61921532953394,-103.4972616233209,2025,4,2025-04-01,7,0.3087748068125615,-0.0507194846429902,moderate_possible_stress,-1.4439705202785302,-0.9117591326799681,0.32493334869294505,0.33154605731989994
H56,19.61921532953394,-103.4972616233209,2025,5,2025-05-01,9,0.2906467423107289,-0.0677690204920252,moderate_possible_stress,-1.5750628888092715,-1.0558261893147278,0.3029881970758089,0.3048712835263269
H56,19.61921532953394,-103.4972616233209,2025,6,2025-06-01,1,0.4304943389837994,-0.0597403666025241,moderate_possible_stress,-0.5637606243368937,-0.9879847803261598,0.47228242658235087,0.31743247746530756
H56,19.61921532953394,-103.4972616233209,2025,7,2025-07-01,5,0.6267938301992294,0.1343631506515923,no_relative_stress,0.8557712425211891,0.6521726210753341,0.7099151918813612,0.6211162528557976
H56,19.61921532953394,-103.4972616233209,2025,8,2025-08-01,6,0.5440182927547579,0.0630586674026629,no_relative_stress,0.25718327639254546,0.04965609995155121,0.6097102461616885,0.5095571477884029
H56,19.61921532953394,-103.4972616233209,2025,9,2025-09-01,5,0.5132446282100235,0.0902078663634385,no_relative_stress,0.034644760318096005,0.27906440871156935,0.5724568077606492,0.5520333035833647
H56,19.61921532953394,-103.4972616233209,2025,10,2025-10-01,6,0.6347696321515073,0.182509265507471,no_relative_stress,0.9134479331988132,1.0590029956440425,0.7195703971071201,0.6964430379478763
H56,19.61921532953394,-103.4972616233209,2025,11,2025-11-01,7,0.6550740525996896,0.1851290014569997,no_relative_stress,1.0602785321260821,1.0811395306647438,0.7441501632034068,0.7005417339165718
H56,19.61921532953394,-103.4972616233209,2025,12,2025-12-01,7,0.5232440835681911,0.0627995316012025,no_relative_stress,0.10695541911937544,0.04746642555128282,0.584561771525622,0.5091517180484394
H56,19.61921532953394,-103.4972616233209,2026,1,2026-01-01,5,0.468009052882479,0.0431050366974472,no_relative_stress,-0.29247448128318415,-0.11895029909244961,0.5176963252529334,0.4783387855916251
H56,19.61921532953394,-103.4972616233209,2026,2,2026-02-01,5,0.4622377993195855,-0.0042247325257258,no_relative_stress,-0.33420906904762593,-0.5188826259053763,0.5107098632152551,0.40428921034752185
H56,19.61921532953394,-103.4972616233209,2026,3,2026-03-01,7,0.4125141184094606,-0.0225428070244784,no_relative_stress,-0.6937838654587992,-0.6736687209415592,0.45051624925142136,0.37562975017719114
H56,19.61921532953394,-103.4972616233209,2026,4,2026-04-01,7,0.4338004649523042,-0.0132176072418744,no_relative_stress,-0.5398525075145784,-0.5948716148439818,0.47628469806791696,0.3902194490982276
H57,19.61897530908676,-103.4950371159645,2023,1,2023-01-01,4,0.4835716827027195,0.0355127137847337,no_relative_stress,-0.17993395035688323,-0.18310475025993922,0.5365358583388852,0.46646025129851376
H57,19.61897530908676,-103.4950371159645,2023,2,2023-02-01,6,0.3859297807379687,-0.0151592784039091,no_relative_stress,-0.88602743292981,-0.6112785629124693,0.41833425206230834,0.3871816163098522
H57,19.61897530908676,-103.4950371159645,2023,3,2023-03-01,6,0.3273109707484426,-0.0908276030035644,moderate_possible_stress,-1.3099269971223146,-1.250669154074688,0.3473725301031768,0.26879508309823374
H57,19.61897530908676,-103.4950371159645,2023,4,2023-04-01,6,0.2864484594399055,-0.1022260629388895,moderate_possible_stress,-1.6054226023486096,-1.3469851234706796,0.2979059140707737,0.25096167443173845
H57,19.61897530908676,-103.4950371159645,2023,5,2023-05-01,6,0.2676511697990098,-0.1241799154361607,severe_possible_stress,-1.7413544455265875,-1.5324932181825102,0.2751506237241966,0.21661387432459814
H57,19.61897530908676,-103.4950371159645,2023,6,2023-06-01,5,0.2668395146308143,-0.1434399270426046,severe_possible_stress,-1.747223897194647,-1.695238597731874,0.27416806456984877,0.18648071073512948
H57,19.61897530908676,-103.4950371159645,2023,7,2023-07-01,3,0.5925430005160068,0.062912287266472,no_relative_stress,0.6080877467534659,0.048419200861889895,0.6684524284222482,0.5093281294118712
H57,19.61897530908676,-103.4950371159645,2023,8,2023-08-01,1,0.4046372063002569,0.1911665389392406,no_relative_stress,-0.7507454382179652,1.1321561836745508,0.44098075634240963,0.709987735733572
H57,19.61897530908676,-103.4950371159645,2023,9,2023-09-01,5,0.6210567764397971,0.1195655604710889,no_relative_stress,0.814283969258445,0.5271343044039035,0.7029701308367209,0.5979647504190163
H57,19.61897530908676,-103.4950371159645,2023,10,2023-10-01,2,0.6296517084934082,0.0921613303462009,no_relative_stress,0.876437874335006,0.2955710050629605,0.7133748316273879,0.5550895867757912
H57,19.61897530908676,-103.4950371159645,2023,11,2023-11-01,5,0.5691213083764953,0.1039767578263842,no_relative_stress,0.4387147231051875,0.3954103130079806,0.6400990107101969,0.5735753601187703
H57,19.61897530908676,-103.4950371159645,2023,12,2023-12-01,4,0.5802111803247649,0.1243266108704944,no_relative_stress,0.5189106855729028,0.5673647554616618,0.6535239917000207,0.6054136301743634
H57,19.61897530908676,-103.4950371159645,2024,1,2024-01-01,4,0.4926182881941518,0.0273085480020062,no_relative_stress,-0.11451378700104424,-0.2524292190857612,0.5474873379692577,0.45362446102498477
H57,19.61897530908676,-103.4950371159645,2024,2,2024-02-01,5,0.4059282043292,-0.0336112791253004,moderate_possible_stress,-0.741409637952826,-0.7671963225800306,0.4425435898969635,0.3583126224768138
H57,19.61897530908676,-103.4950371159645,2024,3,2024-03-01,6,0.3592788780867171,-0.0722073929470174,moderate_possible_stress,-1.0787523623717588,-1.0933300405339803,0.3860716738176133,0.2979272480817935
H57,19.61897530908676,-103.4950371159645,2024,4,2024-04-01,5,0.304441872496754,-0.1001397360542864,moderate_possible_stress,-1.4753039603206213,-1.3293558474537757,0.3196880617237887,0.2542258276731528
H57,19.61897530908676,-103.4950371159645,2024,5,2024-05-01,7,0.2617466587487163,-0.1012845359549405,moderate_possible_stress,-1.78405267944564,-1.339029304466527,0.2680028451949085,0.2524347361936401
H57,19.61897530908676,-103.4950371159645,2024,6,2024-06-01,3,0.2662902972627966,-0.1085431848802706,severe_possible_stress,-1.7511955404776007,-1.4003642402135643,0.27350320272479667,0.2410782500203757
H57,19.61897530908676,-103.4950371159645,2024,7,2024-07-01,3,0.4707434385925093,0.0237851014515005,no_relative_stress,-0.27270088111929225,-0.28220202804876793,0.5210064695311755,0.4481118687444269
H57,19.61897530908676,-103.4950371159645,2024,8,2024-08-01,4,0.6034255505239562,0.1397143469561986,no_relative_stress,0.6867844689574331,0.6973897523747219,0.6816264332853361,0.6294884427039135
H57,19.61897530908676,-103.4950371159645,2024,9,2024-09-01,4,0.5577723243623605,0.1298679065515035,no_relative_stress,0.3566450021661397,0.6141882095295371,0.6263603584196854,0.6140832391375064
H57,19.61897530908676,-103.4950371159645,2024,10,2024-10-01,5,0.6455822147720235,0.1543106691531848,no_relative_stress,0.9916386890577472,0.8207273725440963,0.7326597020881374,0.6523250522321871
H57,19.61897530908676,-103.4950371159645,2024,11,2024-11-01,5,0.5900576657508789,0.1258621103981845,no_relative_stress,0.5901151484697674,0.5803395894616676,0.6654437758308721,0.6078159889789634
H57,19.61897530908676,-103.4950371159645,2024,12,2024-12-01,6,0.5722947130790038,0.0789008375783616,no_relative_stress,0.46166307143638274,0.18352102437699036,0.6439406148335738,0.5343429431072808
H57,19.61897530908676,-103.4950371159645,2025,1,2025-01-01,5,0.4829273228138822,-0.018832855591851,no_relative_stress,-0.18459361294829502,-0.6423199623660117,0.535755820544166,0.3814341378230917
H57,19.61897530908676,-103.4950371159645,2025,2,2025-02-01,4,0.39543971985408,-0.0768695006095563,moderate_possible_stress,-0.8172566911229201,-1.1327244342936411,0.42984662591510986,0.29063316873554856
H57,19.61897530908676,-103.4950371159645,2025,3,2025-03-01,7,0.3076715004826824,-0.1106299881016323,severe_possible_stress,-1.4519490355791675,-1.417997541233576,0.32359772763494987,0.23781335152845143
H57,19.61897530908676,-103.4950371159645,2025,4,2025-04-01,7,0.2666954291159553,-0.1021440923020234,moderate_possible_stress,-1.748265845793844,-1.3462924789032062,0.2739936400763186,0.2510899212189519
H57,19.61897530908676,-103.4950371159645,2025,5,2025-05-01,9,0.2427315792784634,-0.1231648765634701,severe_possible_stress,-1.9215594610054545,-1.523916230277782,0.24498390668967485,0.21820194877779434
H57,19.61897530908676,-103.4950371159645,2025,6,2025-06-01,1,0.3730825235347066,-0.1235908378047417,severe_possible_stress,-0.9789318561090742,-1.5275155647590173,0.4027818467207767,0.21753551305447857
H57,19.61897530908676,-103.4950371159645,2025,7,2025-07-01,5,0.6414774208784191,0.1406925880744996,no_relative_stress,0.9619550372928979,0.705655802538234,0.7276905933152104,0.6310189453977876
H57,19.61897530908676,-103.4950371159645,2025,8,2025-08-01,6,0.603071283527008,0.1125156118024513,no_relative_stress,0.6842226014333235,0.4675628672040897,0.6811975710115844,0.5869347852834637
H57,19.61897530908676,-103.4950371159645,2025,9,2025-09-01,5,0.6066738439536892,0.1478374567570004,no_relative_stress,0.7102743721042083,0.7660293053857045,0.6855586948792438,0.6421974172094574
H57,19.61897530908676,-103.4950371159645,2025,10,2025-10-01,6,0.6421074795812888,0.1846758624303402,no_relative_stress,0.9665112814338124,1.07731054632199,0.7284533186332262,0.6998327773126964
H57,19.61897530908676,-103.4950371159645,2025,11,2025-11-01,7,0.6103489626334578,0.1318085736513088,no_relative_stress,0.7368508448607864,0.6305866733617764,0.6900076550332823,0.6171195010248859
H57,19.61897530908676,-103.4950371159645,2025,12,2025-12-01,7,0.5228775293416087,0.0226621217007571,no_relative_stress,0.10430469698890305,-0.29169110674173393,0.5841180347947957,0.4463549158812474
H57,19.61897530908676,-103.4950371159645,2026,1,2026-01-01,5,0.4397786893277268,-0.0151806090143484,no_relative_stress,-0.4966212186528724,-0.6114588046674017,0.48352171117026144,0.38714824360027317
H57,19.61897530908676,-103.4950371159645,2026,2,2026-02-01,5,0.4037966802734192,-0.0937081205640507,moderate_possible_stress,-0.75682366833783,-1.2750092704390574,0.4399632472147674,0.2642883824458089
H57,19.61897530908676,-103.4950371159645,2026,3,2026-03-01,7,0.3378256097407951,-0.1200181940876284,severe_possible_stress,-1.2338908086139477,-1.4973270441279225,0.36010115575779655,0.22312507653836786
H57,19.61897530908676,-103.4950371159645,2026,4,2026-04-01,7,0.3409082139951079,-0.1233711654256319,severe_possible_stress,-1.211599080067861,-1.525659352756384,0.3638328402809669,0.21787920047643158
H58,19.62015890829346,-103.4904304573702,2023,1,2023-01-01,4,0.4200375425533802,-0.0481540831545131,moderate_possible_stress,-0.6393785266876314,-0.8900817190070178,0.45962382295305115,0.33555974455459936
H58,19.62015890829346,-103.4904304573702,2023,2,2023-02-01,6,0.3214154821238041,-0.109636180208344,severe_possible_stress,-1.3525599857335244,-1.4095999532104075,0.34023567378232056,0.23936820914935453
H58,19.62015890829346,-103.4904304573702,2023,3,2023-03-01,6,0.2774177588469328,-0.1732215623868296,severe_possible_stress,-1.6707277500716375,-1.9468907590459934,0.28697368831100145,0.13988598856532658
H58,19.62015890829346,-103.4904304573702,2023,4,2023-04-01,6,0.2480068062231116,-0.1786711868681827,severe_possible_stress,-1.8834118697586772,-1.9929395996563792,0.2513698975991514,0.13135980336080444
H58,19.62015890829346,-103.4904304573702,2023,5,2023-05-01,6,0.2552874714358039,-0.1809646296231322,severe_possible_stress,-1.8307620324241556,-2.0123189862972533,0.2601835964885165,0.12777160792613224
H58,19.62015890829346,-103.4904304573702,2023,6,2023-06-01,5,0.2618224392971148,-0.1813305623192757,severe_possible_stress,-1.7835046754611485,-2.0154110849283606,0.2680945822705388,0.12719908959016524
H58,19.62015890829346,-103.4904304573702,2023,7,2023-07-01,3,0.6130483930517066,0.082311574532745,no_relative_stress,0.7563716672396114,0.21234144730957322,0.6932754837528011,0.5396791961016816
H58,19.62015890829346,-103.4904304573702,2023,8,2023-08-01,1,0.4792015000448437,0.2850533684612742,no_relative_stress,-0.21153675028486202,1.925491515836946,0.5312454799307562,0.8568779479875173
H58,19.62015890829346,-103.4904304573702,2023,9,2023-09-01,5,0.5955892204377364,0.0920718844560353,no_relative_stress,0.6301163634634679,0.29481519527210553,0.6721400674437631,0.5549496446150158
H58,19.62015890829346,-103.4904304573702,2023,10,2023-10-01,2,0.6918044120270128,0.1155704152447066,no_relative_stress,1.3258926474016801,0.4933756837182919,0.7886145519142385,0.5917141641197856
H58,19.62015890829346,-103.4904304573702,2023,11,2023-11-01,5,0.6618970934710436,0.1423822006752889,no_relative_stress,1.1096190774621508,0.7199328782547845,0.7524098793135653,0.6336624211101998
H58,19.62015890829346,-103.4904304573702,2023,12,2023-12-01,4,0.5189027950590537,0.0382135382933863,no_relative_stress,0.0755615660645951,-0.16028302414998039,0.5793063712849003,0.4706858140037017
H58,19.62015890829346,-103.4904304573702,2024,1,2024-01-01,4,0.4258048427887621,-0.0516408539889184,moderate_possible_stress,-0.5976725272519123,-0.9195446214414632,0.46660549924144945,0.33010453309891313
H58,19.62015890829346,-103.4904304573702,2024,2,2024-02-01,5,0.4097826429405181,-0.0910988949793483,moderate_possible_stress,-0.7135364203314442,-1.252961547063323,0.44720962800134956,0.26837063447100284
H58,19.62015890829346,-103.4904304573702,2024,3,2024-03-01,6,0.3632382980122149,-0.1254890185722568,severe_possible_stress,-1.0501199766038878,-1.5435550228743589,0.390864798344072,0.2145657229651113
H58,19.62015890829346,-103.4904304573702,2024,4,2024-04-01,5,0.2820391120897207,-0.164865701005953,severe_possible_stress,-1.6373086201720808,-1.8762844759512498,0.2925681243623004,0.15295911349722618
H58,19.62015890829346,-103.4904304573702,2024,5,2024-05-01,7,0.2583662818640933,-0.1387028564219576,severe_possible_stress,-1.8084977387782013,-1.655210773664966,0.2639106883488969,0.19389207303664877
H58,19.62015890829346,-103.4904304573702,2024,6,2024-06-01,3,0.2701663800991151,-0.1378286364028687,severe_possible_stress,-1.7231658035146187,-1.6478236925082408,0.27819544251217104,0.19525982999270275
H58,19.62015890829346,-103.4904304573702,2024,7,2024-07-01,3,0.6220299149003115,0.130336584850565,no_relative_stress,0.8213211808528926,0.6181484993375557,0.7041481755782484,0.6148165076393659
H58,19.62015890829346,-103.4904304573702,2024,8,2024-08-01,4,0.5166118020383903,0.2194395680421297,no_relative_stress,0.05899434228095296,1.3710607568587339,0.5765329814843964,0.7542221748676649
H58,19.62015890829346,-103.4904304573702,2024,9,2024-09-01,4,0.4045813623343064,0.1330708849410055,no_relative_stress,-0.7511492716092167,0.6412530911266755,0.4409131537420569,0.6190944444138368
H58,19.62015890829346,-103.4904304573702,2024,10,2024-10-01,5,0.72853392964665,0.206620206276473,no_relative_stress,1.5915006751788914,1.2627382937801352,0.8330779215644143,0.7341657007029312
H58,19.62015890829346,-103.4904304573702,2024,11,2024-11-01,5,0.5926410256162177,0.0816712020124443,no_relative_stress,0.6087966113187262,0.20693035665195117,0.6685710939138783,0.5386773041866235
H58,19.62015890829346,-103.4904304573702,2024,12,2024-12-01,6,0.5474761488849967,0.0110781680316931,no_relative_stress,0.2821886237701285,-0.38957448163665426,0.6138961964621557,0.42823129383701436
H58,19.62015890829346,-103.4904304573702,2025,1,2025-01-01,5,0.4363967575099652,-0.1009083971938618,moderate_possible_stress,-0.5210775224218172,-1.3358509654973802,0.4794276719807996,0.2530232223820977
H58,19.62015890829346,-103.4904304573702,2025,2,2025-02-01,4,0.3859422885789594,-0.1394143156977365,severe_possible_stress,-0.8859369829813054,-1.6612225410634767,0.41834939358317597,0.19277896266151703
H58,19.62015890829346,-103.4904304573702,2025,3,2025-03-01,7,0.2977865575369821,-0.1746458555783223,severe_possible_stress,-1.5234316024804546,-1.9589259094278086,0.311631388280398,0.13765761712840296
H58,19.62015890829346,-103.4904304573702,2025,4,2025-04-01,7,0.2699929784218867,-0.1606262769070459,severe_possible_stress,-1.7244197507615946,-1.8404617205892273,0.2779855289774383,0.15959188519580408
H58,19.62015890829346,-103.4904304573702,2025,5,2025-05-01,9,0.2539508552619433,-0.1620870207661845,severe_possible_stress,-1.840427718467482,-1.8528048758602433,0.2585655393271289,0.15730648503254518
H58,19.62015890829346,-103.4904304573702,2025,6,2025-06-01,1,0.4313839769807747,-0.1166989208188944,severe_possible_stress,-0.5573272429824394,-1.46927948117799,0.4733593888099519,0.22831823043924337
H58,19.62015890829346,-103.4904304573702,2025,7,2025-07-01,5,0.5960483931113717,0.1064670358434483,no_relative_stress,0.633436852164584,0.4164529400505799,0.6726959245756898,0.577471513267834
H58,19.62015890829346,-103.4904304573702,2025,8,2025-08-01,6,0.6611168184068917,0.1443540639162645,no_relative_stress,1.1039765497529843,0.7365949466963552,0.7514653077304185,0.636747490778408
H58,19.62015890829346,-103.4904304573702,2025,9,2025-09-01,5,0.6427753911811694,0.1736622717440118,no_relative_stress,0.9713412572753404,0.9842466877390512,0.7292618672416418,0.682601514079836
H58,19.62015890829346,-103.4904304573702,2025,10,2025-10-01,6,0.6090866566750507,0.1073338267108329,no_relative_stress,0.7277225301484611,0.4237772455382896,0.6884795550178803,0.5788276469783671
H58,19.62015890829346,-103.4904304573702,2025,11,2025-11-01,7,0.5739501239948108,0.0420693157443624,no_relative_stress,0.4736341088200398,-0.12770204873109564,0.6459445928938006,0.47671835308358335
H58,19.62015890829346,-103.4904304573702,2025,12,2025-12-01,7,0.5587150781640686,0.0028896630430467,no_relative_stress,0.3634624883238478,-0.45876661814986636,0.6275016206384967,0.41542000558766007
H58,19.62015890829346,-103.4904304573702,2026,1,2026-01-01,5,0.4917947261128045,-0.0140314638929788,no_relative_stress,-0.12046934303213695,-0.6017486309273181,0.5464903647546344,0.3889461333750999
H58,19.62015890829346,-103.4904304573702,2026,2,2026-02-01,5,0.3863451647795819,-0.1331653312546251,severe_possible_stress,-0.8830235999580416,-1.608419180101224,0.418837100326756,0.20255578285976236
H58,19.62015890829346,-103.4904304573702,2026,3,2026-03-01,7,0.3413157525318295,-0.1572585772933372,severe_possible_stress,-1.2086519815488226,-1.8120049593452259,0.3643261910728993,0.16486080431452999
H58,19.62015890829346,-103.4904304573702,2026,4,2026-04-01,7,0.3165835402498259,-0.1627938686492409,severe_possible_stress,-1.3875019788403251,-1.8587776774017124,0.33438630707144407,0.15620058939093084
H59,19.62171827008233,-103.4865543693567,2023,1,2023-01-01,4,0.3955353194391985,-0.1249657299535488,severe_possible_stress,-0.8165653665723882,-1.5391332807380764,0.4299623551695898,0.21538443179427733
H59,19.62171827008233,-103.4865543693567,2023,2,2023-02-01,6,0.3237703548496022,-0.1631001878707333,severe_possible_stress,-1.3355308184342738,-1.8613660474911866,0.34308639394615675,0.15572133904568491
H59,19.62171827008233,-103.4865543693567,2023,3,2023-03-01,6,0.2811449006005586,-0.2010900136947657,severe_possible_stress,-1.6437750745511357,-2.18237668596234,0.29148562563743846,0.09628452978083563
H59,19.62171827008233,-103.4865543693567,2023,4,2023-04-01,6,0.2713681633278427,-0.190552706120274,severe_possible_stress,-1.7144751564850642,-2.0933373771768102,0.2796502759921982,0.11277062643658586
H59,19.62171827008233,-103.4865543693567,2023,5,2023-05-01,6,0.2744590371248981,-0.1879983040162889,severe_possible_stress,-1.6921236270736018,-2.0717529073213683,0.28339197131212374,0.11676710463428919
H59,19.62171827008233,-103.4865543693567,2023,6,2023-06-01,5,0.2590876599821715,-0.1928490239580694,severe_possible_stress,-1.8032811219631208,-2.1127410580111956,0.2647839615090244,0.10917793280411925
H59,19.62171827008233,-103.4865543693567,2023,7,2023-07-01,3,0.5606774277961265,0.0125941093783536,no_relative_stress,0.37765314067539313,-0.3767649125212186,0.6298771671397235,0.4306030529784095
H59,19.62171827008233,-103.4865543693567,2023,8,2023-08-01,1,0.4887824712971056,0.2582823826858275,no_relative_stress,-0.14225234244545984,1.6992790747458928,0.5428438426102942,0.8149935239120418
H59,19.62171827008233,-103.4865543693567,2023,9,2023-09-01,5,0.5786321169232174,0.0394323055684834,no_relative_stress,0.5074917521645318,-0.1499845494231189,0.6516124370629259,0.47259263080259206
H59,19.62171827008233,-103.4865543693567,2023,10,2023-10-01,2,0.6973498891530907,0.1241324156849256,no_relative_stress,1.365994541954025,0.5657238234711804,0.795327697507296,0.6051098029797279
H59,19.62171827008233,-103.4865543693567,2023,11,2023-11-01,5,0.5940909465222579,0.0952962662111745,no_relative_stress,0.6192816559706712,0.32206093339910663,0.6703263135134495,0.5599943364297393
H59,19.62171827008233,-103.4865543693567,2023,12,2023-12-01,4,0.5460065801695665,-0.0269610076260392,no_relative_stress,0.2715614967756854,-0.7110021217992029,0.6121171919650866,0.36871727451422853
H59,19.62171827008233,-103.4865543693567,2024,1,2024-01-01,4,0.3895017793767354,-0.0894990476983617,moderate_possible_stress,-0.8601966685976786,-1.2394429802895592,0.42265837898142955,0.2708736682604532
H59,19.62171827008233,-103.4865543693567,2024,2,2024-02-01,5,0.419509425940215,-0.1301439865991104,severe_possible_stress,-0.6431975807114773,-1.5828890873495314,0.4589845048865103,0.2072828139034161
H59,19.62171827008233,-103.4865543693567,2024,3,2024-03-01,6,0.3769870933190126,-0.1552690772556793,severe_possible_stress,-0.9506961169287281,-1.7951938615453793,0.4075085717336771,0.16797346755279835
H59,19.62171827008233,-103.4865543693567,2024,4,2024-04-01,5,0.3155138801260574,-0.186666179690844,severe_possible_stress,-1.3952371829562151,-2.0604965756336484,0.33309141684239996,0.11885127369090137
H59,19.62171827008233,-103.4865543693567,2024,5,2024-05-01,7,0.2871226755199748,-0.1585181884683495,severe_possible_stress,-1.600547035912443,-1.8226485613819665,0.29872209464528215,0.16289008537773197
H59,19.62171827008233,-103.4865543693567,2024,6,2024-06-01,3,0.3048185425821463,-0.148858536923672,severe_possible_stress,-1.472580085764473,-1.7410253677372047,0.3201440443320114,0.1780030492824704
H59,19.62171827008233,-103.4865543693567,2024,7,2024-07-01,3,0.592126322481395,0.1164481144412342,no_relative_stress,0.6050745563234295,0.5007921636139355,0.6679480136986485,0.5930873644070824
H59,19.62171827008233,-103.4865543693567,2024,8,2024-08-01,4,0.5532281113952936,0.2549501983423844,no_relative_stress,0.3237837090644585,1.671122414366693,0.6208593054786636,0.809780170047933
H59,19.62171827008233,-103.4865543693567,2024,9,2024-09-01,4,0.500198890029322,0.186328259465815,no_relative_stress,-0.0596949700578185,1.0912731538322893,0.5566641288288188,0.7024180275816037
H59,19.62171827008233,-103.4865543693567,2024,10,2024-10-01,5,0.7425408462861006,0.2336425905508106,no_relative_stress,1.69279112887805,1.4910750297551254,0.8500341669104223,0.7764434491568141
H59,19.62171827008233,-103.4865543693567,2024,11,2024-11-01,5,0.6026745538810704,0.0669621012372873,no_relative_stress,0.6813536669727766,0.08263976755999812,0.6807173050554348,0.5156642474466425
H59,19.62171827008233,-103.4865543693567,2024,12,2024-12-01,6,0.5114943477705103,-0.0383310776292875,moderate_possible_stress,0.02198767779361489,-0.807078198802312,0.5703379842307715,0.3509282831868837
H59,19.62171827008233,-103.4865543693567,2025,1,2025-01-01,5,0.3939419845947005,-0.158589254128133,severe_possible_stress,-0.8280875033458255,-1.8232490598661169,0.42803352406156714,0.16277889992283157
H59,19.62171827008233,-103.4865543693567,2025,2,2025-02-01,4,0.3677345843782216,-0.1853897857988484,severe_possible_stress,-1.0176052627880412,-2.049711161135881,0.3963078331482622,0.12084824995124971
H59,19.62171827008233,-103.4865543693567,2025,3,2025-03-01,7,0.3161629474946194,-0.1911168538353468,severe_possible_stress,-1.3905434784147181,-2.098104375031615,0.33387715333464313,0.11188799169397617
H59,19.62171827008233,-103.4865543693567,2025,4,2025-04-01,7,0.2771189532421035,-0.1814165962134118,severe_possible_stress,-1.672888550771755,-2.0161380636572104,0.2866119655081415,0.12706448565226441
H59,19.62171827008233,-103.4865543693567,2025,5,2025-05-01,9,0.2628799494859981,-0.1823962690012273,severe_possible_stress,-1.775857333110172,-2.024416211300376,0.26937476424635665,0.12553174304636078
H59,19.62171827008233,-103.4865543693567,2025,6,2025-06-01,1,0.4186266614509896,-0.1558673298389037,severe_possible_stress,-0.6495812565713955,-1.8002490424929685,0.45791586346832047,0.16703747419378645
H59,19.62171827008233,-103.4865543693567,2025,7,2025-07-01,5,0.674198336582275,0.1256575997134844,no_relative_stress,1.1985750217197833,0.5786114924239542,0.7673013005752193,0.6074960227170635
H59,19.62171827008233,-103.4865543693567,2025,8,2025-08-01,6,0.7035349346501789,0.1761805313276354,no_relative_stress,1.410721449429543,1.0055257565223497,0.8028150804641895,0.6865414456616368
H59,19.62171827008233,-103.4865543693567,2025,9,2025-09-01,5,0.6118750919715896,0.1080000190637704,no_relative_stress,0.7478869877209204,0.4294065114778502,0.6918551296883552,0.5798699351951822
H59,19.62171827008233,-103.4865543693567,2025,10,2025-10-01,6,0.6236735855236254,0.1192133502162111,no_relative_stress,0.833207318784101,0.5241581591770704,0.7061379412828889,0.5974137014661397
H59,19.62171827008233,-103.4865543693567,2025,11,2025-11-01,7,0.5166010161868884,-0.0119934214709151,no_relative_stress,0.05891634483010171,-0.5845273543105642,0.5765199245391,0.39213474338018295
H59,19.62171827008233,-103.4865543693567,2025,12,2025-12-01,7,0.510729016319908,-0.0700573599833453,moderate_possible_stress,0.016453214224137692,-1.0751624538332853,0.5694115028229448,0.30129107237956315
H59,19.62171827008233,-103.4865543693567,2026,1,2026-01-01,5,0.4536382824277724,-0.0854453987632883,moderate_possible_stress,-0.3963961291970387,-1.2051900084856546,0.500299612192269,0.2772157862711181
H59,19.62171827008233,-103.4865543693567,2026,2,2026-02-01,5,0.4081339765475067,-0.1652810364329681,severe_possible_stress,-0.7254586849700682,-1.8797940232501338,0.44521381460620996,0.1523093023432931
H59,19.62171827008233,-103.4865543693567,2026,3,2026-03-01,7,0.3325137179091896,-0.1929435906672937,severe_possible_stress,-1.2723035405144698,-2.1135401382661776,0.3536707797181136,0.10902997888916838
H59,19.62171827008233,-103.4865543693567,2026,4,2026-04-01,7,0.3294978430784701,-0.1868907636039093,severe_possible_stress,-1.2941127179206569,-2.0623942896599607,0.3500198753200322,0.11849990195082954
H6,19.64498379789444,-103.4931777628067,2023,1,2023-01-01,4,0.4025814866007009,-0.1057201712281101,moderate_possible_stress,-0.7656112924531405,-1.3765100267436108,0.438492179556701,0.2454949831944821
H6,19.64498379789444,-103.4931777628067,2023,2,2023-02-01,6,0.3504160385667152,-0.1281000137792438,severe_possible_stress,-1.142843629504411,-1.5656176994004987,0.37534265434589165,0.21048070228541793
H6,19.64498379789444,-103.4931777628067,2023,3,2023-03-01,6,0.3357306463029463,-0.1558917735923614,severe_possible_stress,-1.2490404523624652,-1.800455590028628,0.35756507198165477,0.1669992308304525
H6,19.64498379789444,-103.4931777628067,2023,4,2023-04-01,6,0.3118872091690092,-0.1580118056996334,severe_possible_stress,-1.4214633079566552,-1.8183696721696474,0.3287011056754333,0.16368234423615885
H6,19.64498379789444,-103.4931777628067,2023,5,2023-05-01,6,0.3014233362522163,-0.1733663582210124,severe_possible_stress,-1.4971323836336745,-1.9481142709250499,0.31603393551845094,0.13965944890129828
H6,19.64498379789444,-103.4931777628067,2023,6,2023-06-01,5,0.3031395721812738,-0.1667868017760091,severe_possible_stress,-1.4847214926157746,-1.8925176060429652,0.31811154604715003,0.14995346402209364
H6,19.64498379789444,-103.4931777628067,2023,7,2023-07-01,3,0.5086403141963982,0.0019703886413513,no_relative_stress,0.0013488489181557638,-0.4665344048195212,0.5668829987579453,0.4139817590021476
H6,19.64498379789444,-103.4931777628067,2023,8,2023-08-01,1,0.2135168203297237,0.3323661192981923,no_relative_stress,-2.132824814030748,2.325280038804529,0.20961762064610046,0.9309008971927829
H6,19.64498379789444,-103.4931777628067,2023,9,2023-09-01,5,0.5673121326807341,0.0465609539231335,no_relative_stress,0.4256317419065264,-0.08974810689868552,0.6379088908029391,0.48374572517407205
H6,19.64498379789444,-103.4931777628067,2023,10,2023-10-01,2,0.6086621222592064,0.0475789896809718,no_relative_stress,0.724652526613874,-0.08114579558186442,0.6879656296552772,0.48533848839030014
H6,19.64498379789444,-103.4931777628067,2023,11,2023-11-01,5,0.5078894049928484,-0.00011619484147153398,no_relative_stress,-0.004081320752463282,-0.4841658490684862,0.5659739763788084,0.4107172043011552
H6,19.64498379789444,-103.4931777628067,2023,12,2023-12-01,4,0.4782496776062164,-0.0268947219525429,no_relative_stress,-0.21841981592530832,-0.7104420137726724,0.5300932395618985,0.36882098146331643
H6,19.64498379789444,-103.4931777628067,2024,1,2024-01-01,4,0.4220495430313545,-0.0187172673421652,no_relative_stress,-0.6248288262429993,-0.6413432519698318,0.46205947489694355,0.38161498089359314
H6,19.64498379789444,-103.4931777628067,2024,2,2024-02-01,5,0.4302123296601254,-0.0622679922720093,moderate_possible_stress,-0.5657999634061275,-1.009342991699275,0.47194103672438525,0.31347789221645683
H6,19.64498379789444,-103.4931777628067,2024,3,2024-03-01,6,0.3823614072694439,-0.1078906421354512,severe_possible_stress,-0.9118319819893018,-1.3948503122446794,0.41401451363764497,0.24209918280487022
H6,19.64498379789444,-103.4931777628067,2024,4,2024-04-01,5,0.3596760094397411,-0.1087399371124992,severe_possible_stress,-1.0758805229825912,-1.4020267790201615,0.3865524260652208,0.24077042221001477
H6,19.64498379789444,-103.4931777628067,2024,5,2024-05-01,7,0.3361043196012647,-0.101071616934033,moderate_possible_stress,-1.2463382489513783,-1.3372301577381172,0.35801742679239823,0.25276785767972315
H6,19.64498379789444,-103.4931777628067,2024,6,2024-06-01,3,0.3315138268010142,-0.097278642524134,moderate_possible_stress,-1.2795342128033007,-1.3051798624125677,0.35246034922966757,0.2587021385472339
H6,19.64498379789444,-103.4931777628067,2024,7,2024-07-01,3,0.266579951330428,0.0648522546932854,no_relative_stress,-1.7491009187502495,0.06481175251977768,0.2738538470216573,0.5123632966290524
H6,19.64498379789444,-103.4931777628067,2024,8,2024-08-01,4,0.5422762998891127,0.0387271208646523,no_relative_stress,0.24458612512479766,-0.15594329724853562,0.6076014552563666,0.4714893372804727
H6,19.64498379789444,-103.4931777628067,2024,9,2024-09-01,4,0.3157685424494396,0.1234780589473284,no_relative_stress,-1.3933956026184833,0.5601945674251816,0.333399701452554,0.6040860321210806
H6,19.64498379789444,-103.4931777628067,2024,10,2024-10-01,5,0.5693848817611737,0.0727796470075048,no_relative_stress,0.4406207434238853,0.13179751023254543,0.6404180827152874,0.5247660622308317
H6,19.64498379789444,-103.4931777628067,2024,11,2024-11-01,5,0.5123615499873411,0.0196577266100523,no_relative_stress,0.028258815707315765,-0.3170779771831519,0.5713877865485614,0.44165440320215255
H6,19.64498379789444,-103.4931777628067,2024,12,2024-12-01,6,0.5165233262582078,-0.0068749644322688,no_relative_stress,0.058354533238981036,-0.5412768490417667,0.5764258760396672,0.4001428020679354
H6,19.64498379789444,-103.4931777628067,2025,1,2025-01-01,5,0.4642179412143085,-0.0617878552992164,moderate_possible_stress,-0.31988975266501113,-1.0052858771206565,0.5131069483590524,0.3142290883342037
H6,19.64498379789444,-103.4931777628067,2025,2,2025-02-01,4,0.4104622324662014,-0.1120683167111178,severe_possible_stress,-0.7086219960396781,-1.430151289645083,0.4480323134665866,0.23556302104212198
H6,19.64498379789444,-103.4931777628067,2025,3,2025-03-01,7,0.3726608240008123,-0.1278879073642035,severe_possible_stress,-0.9819813593089843,-1.5638254191191594,0.4022713531594122,0.21081255241268612
H6,19.64498379789444,-103.4931777628067,2025,4,2025-04-01,7,0.3502076881483851,-0.1166726213706232,severe_possible_stress,-1.1443503071654766,-1.4690572531867354,0.3750904331824417,0.2283593771214605
H6,19.64498379789444,-103.4931777628067,2025,5,2025-05-01,9,0.3318864556835934,-0.1223285356761296,severe_possible_stress,-1.2768395620425794,-1.5168492244044656,0.35291143971008243,0.21951044211049622
H6,19.64498379789444,-103.4931777628067,2025,6,2025-06-01,1,0.4062361237423919,-0.1218242831418544,severe_possible_stress,-0.7391829311144961,-1.5125883354830962,0.44291634553271664,0.22029936812031414
H6,19.64498379789444,-103.4931777628067,2025,7,2025-07-01,5,0.5765852746779522,0.0618962287892831,no_relative_stress,0.4926900948826158,0.03983359739012823,0.6491346069887797,0.5077384597410931
H6,19.64498379789444,-103.4931777628067,2025,8,2025-08-01,6,0.6413552506551128,0.1316193669750875,no_relative_stress,0.9610715682421598,0.6289878938301687,0.7275426986476199,0.6168234785798689
H6,19.64498379789444,-103.4931777628067,2025,9,2025-09-01,5,0.509777544656525,0.1290529344168034,no_relative_stress,0.009572685200747208,0.6073017677093493,0.5682596870893768,0.6128081781895909
H6,19.64498379789444,-103.4931777628067,2025,10,2025-10-01,6,0.5809357235477467,0.1041762155086866,no_relative_stress,0.5241501907166524,0.3970957126263006,0.6544010964168478,0.5738874207287432
H6,19.64498379789444,-103.4931777628067,2025,11,2025-11-01,7,0.510517445277253,0.0120935411430539,no_relative_stress,0.014923246747942966,-0.3809946694449864,0.5691553828930764,0.4298198912218023
H6,19.64498379789444,-103.4931777628067,2025,12,2025-12-01,7,0.4823505675230186,-0.0362777640439898,moderate_possible_stress,-0.18876439561151326,-0.7897278822188404,0.5350576223276544,0.3541407856209712
H6,19.64498379789444,-103.4931777628067,2026,1,2026-01-01,5,0.4589202443339391,-0.0414818751984665,moderate_possible_stress,-0.3581998343472193,-0.8337021571236916,0.5066937561923109,0.3459987171757394
H6,19.64498379789444,-103.4931777628067,2026,2,2026-02-01,5,0.4435941596873151,-0.0741830522950245,moderate_possible_stress,-0.4690297983748441,-1.1100241857412494,0.4881405757778642,0.2948362392315889
H6,19.64498379789444,-103.4931777628067,2026,3,2026-03-01,7,0.4142677866756187,-0.0887175945220733,moderate_possible_stress,-0.6811022840023442,-1.2328397706771328,0.45263917395654407,0.2720962872743862
H6,19.64498379789444,-103.4931777628067,2026,4,2026-04-01,7,0.4182467827355405,-0.0807388555887816,moderate_possible_stress,-0.652328334206606,-1.1654201386147411,0.45745599661348824,0.2845793869955775
H60,19.62410311838264,-103.4983277084877,2023,1,2023-01-01,4,0.5181615326328766,0.0095925370048189,no_relative_stress,0.07020115667612574,-0.40212793125441354,0.5784090269308519,0.4259069565686291
H60,19.62410311838264,-103.4983277084877,2023,2,2023-02-01,6,0.4211414721751561,-0.0418278485049758,moderate_possible_stress,-0.6313955040767392,-0.8366256006933187,0.4609601985447239,0.34545742621207526
H60,19.62410311838264,-103.4983277084877,2023,3,2023-03-01,6,0.3812649122299651,-0.0944740871093921,moderate_possible_stress,-0.9197612417176612,-1.2814816194018166,0.41268713807108254,0.26308999296991104
H60,19.62410311838264,-103.4983277084877,2023,4,2023-04-01,6,0.3362924337712984,-0.113889629959332,severe_possible_stress,-1.2449779089050694,-1.4455412240810381,0.3582451507163894,0.2327134936805838
H60,19.62410311838264,-103.4983277084877,2023,5,2023-05-01,6,0.3273201656895534,-0.1263085466675313,severe_possible_stress,-1.3098605042759,-1.5504799621548828,0.347383661152317,0.21328353400979366
H60,19.62410311838264,-103.4983277084877,2023,6,2023-06-01,5,0.3251369490901,-0.1351454641705577,severe_possible_stress,-1.3256483472091072,-1.6251511265582976,0.34474074142510563,0.1994577749091999
H60,19.62410311838264,-103.4983277084877,2023,7,2023-07-01,3,0.6025371606125053,0.0657493110328638,no_relative_stress,0.6803601130831951,0.07239179854700876,0.6805509819430291,0.5137667820464985
H60,19.62410311838264,-103.4983277084877,2023,8,2023-08-01,1,0.3749173039668342,0.2259729882009658,no_relative_stress,-0.9656637152903371,1.4262675742393371,0.40500296275680603,0.764444007671705
H60,19.62410311838264,-103.4983277084877,2023,9,2023-09-01,5,0.7200044996401335,0.1875122428574901,no_relative_stress,1.5298204455184998,1.1012777078479183,0.8227525150831083,0.7042704234138379
H60,19.62410311838264,-103.4983277084877,2023,10,2023-10-01,2,0.6896921315890108,0.1314288913131295,no_relative_stress,1.310617776463812,0.6273783914823143,0.78605750483041,0.6165254707489871
H60,19.62410311838264,-103.4983277084877,2023,11,2023-11-01,5,0.6686085872967197,0.1627090243631519,no_relative_stress,1.1581529748287658,0.8916927247030316,0.7605345607745699,0.6654646606911838
H60,19.62410311838264,-103.4983277084877,2023,12,2023-12-01,4,0.6253762102163818,0.0848089867191974,no_relative_stress,0.8455197806947368,0.23344435744693873,0.7081990745619459,0.5435865109830249
H60,19.62410311838264,-103.4983277084877,2024,1,2024-01-01,4,0.5456400532433533,0.0648289017925927,no_relative_stress,0.2689109720667336,0.06461442259264819,0.6116734882830582,0.5123267599544522
H60,19.62410311838264,-103.4983277084877,2024,2,2024-02-01,5,0.5379471605034553,0.0294648255152517,no_relative_stress,0.21328012796728604,-0.23420886649835743,0.6023607622866144,0.4569980552043974
H60,19.62410311838264,-103.4983277084877,2024,3,2024-03-01,6,0.4515613553683019,-0.0241800785268183,no_relative_stress,-0.41141534360153564,-0.6875035190464842,0.49778536257597905,0.37306816449237895
H60,19.62410311838264,-103.4983277084877,2024,4,2024-04-01,5,0.3698246573604307,-0.0727403062083484,moderate_possible_stress,-1.0024909841725715,-1.0978331100416427,0.3988379967231337,0.297093481061772
H60,19.62410311838264,-103.4983277084877,2024,5,2024-05-01,7,0.3329081448092325,-0.0749182951017816,moderate_possible_stress,-1.2694512582681423,-1.116236921854378,0.35414825805687633,0.2936859184412017
H60,19.62410311838264,-103.4983277084877,2024,6,2024-06-01,3,0.3400996857615911,-0.0766671212194606,moderate_possible_stress,-1.217445919433695,-1.1310143465051647,0.3628540664758832,0.2909498004901655
H60,19.62410311838264,-103.4983277084877,2024,7,2024-07-01,3,0.4007162206225342,0.1496519171100971,no_relative_stress,-0.7790998882705796,0.7813613334693841,0.43623415886767397,0.6450362229050975
H60,19.62410311838264,-103.4983277084877,2024,8,2024-08-01,4,0.5819835503916125,0.1823058218909342,no_relative_stress,0.5317275083480287,1.0572839152370967,0.6556695561001646,0.6961247411626197
H60,19.62410311838264,-103.4983277084877,2024,9,2024-09-01,4,0.6048108705536123,0.1809032847224549,no_relative_stress,0.6968023549729166,1.045432601308507,0.6833034494988423,0.6939304080125837
H60,19.62410311838264,-103.4983277084877,2024,10,2024-10-01,5,0.6995033924725989,0.175199253941667,no_relative_stress,1.3815675144996928,0.9972340501679668,0.7979346474577352,0.6850061925889886
H60,19.62410311838264,-103.4983277084877,2024,11,2024-11-01,5,0.6139394349625535,0.1495651836833795,no_relative_stress,0.7628152009407012,0.7806284437526381,0.6943541455056199,0.644900524516677
H60,19.62410311838264,-103.4983277084877,2024,12,2024-12-01,6,0.6274990637291085,0.1092088925440658,no_relative_stress,0.8608711103967582,0.4396213845214371,0.710768921011524,0.5817612727023997
H60,19.62410311838264,-103.4983277084877,2025,1,2025-01-01,5,0.5382984646973941,0.0095743916520758,no_relative_stress,0.21582057010072866,-0.40228125786602603,0.6027860379027147,0.42587856733949625
H60,19.62410311838264,-103.4983277084877,2025,2,2025-02-01,4,0.4758606660739169,-0.0431523070971153,moderate_possible_stress,-0.23569585662919781,-0.8478171576186033,0.5272011922456448,0.3433852505436523
H60,19.62410311838264,-103.4983277084877,2025,3,2025-03-01,7,0.4045277598414358,-0.076813267608991,moderate_possible_stress,-0.7515368958781424,-1.1322492704564016,0.44084826458453086,0.29072114782090874
H60,19.62410311838264,-103.4983277084877,2025,4,2025-04-01,7,0.3732187596187595,-0.0700706605193958,moderate_possible_stress,-0.9779466703526996,-1.075274842176137,0.40294676898922754,0.30127026308635885
H60,19.62410311838264,-103.4983277084877,2025,5,2025-05-01,9,0.3363565060793433,-0.0786686438312756,moderate_possible_stress,-1.2445145725892708,-1.1479270339838932,0.3583227142375454,0.28781832738816265
H60,19.62410311838264,-103.4983277084877,2025,6,2025-06-01,1,0.4603299987243368,-0.0569240389544243,moderate_possible_stress,-0.34800525223586576,-0.9641870629939429,0.5084003517219701,0.3218387500821601
H60,19.62410311838264,-103.4983277084877,2025,7,2025-07-01,5,0.6117586929942315,0.1120167547315702,no_relative_stress,0.7470452532028811,0.4633475694669759,0.6917142214735843,0.5861543007213675
H60,19.62410311838264,-103.4983277084877,2025,8,2025-08-01,6,0.6362252605543307,0.1321163029917225,no_relative_stress,0.9239742513839373,0.6331869588303141,0.7213325259871746,0.6176009575652788
H60,19.62410311838264,-103.4983277084877,2025,9,2025-09-01,5,0.6543464619977293,0.2051302917696754,no_relative_stress,1.0550169899839494,1.2501486491392277,0.7432693694444475,0.7318346617355074
H60,19.62410311838264,-103.4983277084877,2025,10,2025-10-01,6,0.6709972518722096,0.1802141433698093,no_relative_stress,1.1754265065284568,1.0396094183690976,0.7634261880779871,0.6928522150426174
H60,19.62410311838264,-103.4983277084877,2025,11,2025-11-01,7,0.6157629845720971,0.1128542607165114,no_relative_stress,0.7760021265181233,0.47042442031105935,0.6965616659311324,0.5874646169022233
H60,19.62410311838264,-103.4983277084877,2025,12,2025-12-01,7,0.6022612316758017,0.0733070928407042,no_relative_stress,0.6783647440875151,0.13625438046034152,0.6802169527723527,0.5255912752110286
H60,19.62410311838264,-103.4983277084877,2026,1,2026-01-01,5,0.5241896922782677,0.0246688422860082,no_relative_stress,0.11379355043199933,-0.2747344968512734,0.5857064897888994,0.44949452144895613
H60,19.62410311838264,-103.4983277084877,2026,2,2026-02-01,5,0.4846287284282628,-0.0383082170409958,moderate_possible_stress,-0.17228996675384817,-0.8068850288710432,0.5378154780528899,0.35096404961635536
H60,19.62410311838264,-103.4983277084877,2026,3,2026-03-01,7,0.4280659428311713,-0.0668082726916983,moderate_possible_stress,-0.5813214733368947,-1.0477079561272098,0.46934270172918147,0.3063744171291014
H60,19.62410311838264,-103.4983277084877,2026,4,2026-04-01,7,0.4125738142309145,-0.0790372924013804,moderate_possible_stress,-0.6933521775295675,-1.1510420815076425,0.4505885147628654,0.2872415599439377
H61,19.62663965521857,-103.4966882892999,2023,1,2023-01-01,4,0.4855789060157383,-0.0802222343485248,moderate_possible_stress,-0.16541879578827756,-1.161054735231457,0.5389657272269396,0.28538766440810226
H61,19.62663965521857,-103.4966882892999,2023,2,2023-02-01,6,0.3651720784162688,-0.1325299862789151,severe_possible_stress,-1.0361359214743326,-1.6030505717467975,0.3932057600146861,0.2035498089527898
H61,19.62663965521857,-103.4966882892999,2023,3,2023-03-01,6,0.3518625588120005,-0.1641831009797641,severe_possible_stress,-1.1323831765937902,-1.8705165666367323,0.377093757233728,0.15402707226462609
H61,19.62663965521857,-103.4966882892999,2023,4,2023-04-01,6,0.3185945186814354,-0.1738406524495963,severe_possible_stress,-1.3729596692828279,-1.9521220148364367,0.3368207217645295,0.13891739402243847
H61,19.62663965521857,-103.4966882892999,2023,5,2023-05-01,6,0.3072897975430418,-0.1909598457471365,severe_possible_stress,-1.4547093050181674,-2.0967776706956966,0.3231356524430687,0.11213363798451775
H61,19.62663965521857,-103.4966882892999,2023,6,2023-06-01,5,0.2998025988282721,-0.2006827217228416,severe_possible_stress,-1.5088526810570304,-2.178935105141276,0.3140719318805873,0.09692175658367724
H61,19.62663965521857,-103.4966882892999,2023,7,2023-07-01,3,0.6503436768038667,0.058788145847417,no_relative_stress,1.026071010023972,0.013570573858217907,0.7384237485585962,0.5028757227059008
H61,19.62663965521857,-103.4966882892999,2023,8,2023-08-01,1,0.3967009555569646,0.2484418275342103,no_relative_stress,-0.8081361159203129,1.6161272617640894,0.4313734303195155,0.7995975280915794
H61,19.62663965521857,-103.4966882892999,2023,9,2023-09-01,5,0.7481646012808746,0.2106887404662405,no_relative_stress,1.7334590866860653,1.297117044658029,0.8568420727409353,0.740531107371149
H61,19.62663965521857,-103.4966882892999,2023,10,2023-10-01,2,0.6614420655812417,0.0422228334156092,no_relative_stress,1.1063285615984386,-0.12640483810707734,0.7518590397007253,0.4769585384581345
H61,19.62663965521857,-103.4966882892999,2023,11,2023-11-01,5,0.6179776111624894,0.0514351974821497,no_relative_stress,0.7920171095361027,-0.048561183742173636,0.6992426094094937,0.49137170077263337
H61,19.62663965521857,-103.4966882892999,2023,12,2023-12-01,4,0.6150985218805187,0.0151450471506627,no_relative_stress,0.7711970913181153,-0.3552097159593248,0.6957572924411141,0.4345941110717404
H61,19.62663965521857,-103.4966882892999,2024,1,2024-01-01,4,0.5114603184674459,-0.0102619997925146,no_relative_stress,0.02174159625867158,-0.5698969956187238,0.5702967896390876,0.39484363129487865
H61,19.62663965521857,-103.4966882892999,2024,2,2024-02-01,5,0.4715100701626487,-0.0705852916707623,moderate_possible_stress,-0.2671570157877311,-1.0796234294858686,0.5219345248147107,0.3004650992583591
H61,19.62663965521857,-103.4966882892999,2024,3,2024-03-01,6,0.3998054809152357,-0.1237278683832723,severe_possible_stress,-0.78568586579359,-1.5286734609206878,0.4351316517049048,0.21732112248587473
H61,19.62663965521857,-103.4966882892999,2024,4,2024-04-01,5,0.3404127649016937,-0.155538847201117,severe_possible_stress,-1.2151819002379631,-1.7974733935133964,0.36323306828255814,0.16755140021122536
H61,19.62663965521857,-103.4966882892999,2024,5,2024-05-01,7,0.3091041949837247,-0.155668153926832,severe_possible_stress,-1.4415885629813554,-1.7985660238079562,0.3253320935979148,0.16734909396142617
H61,19.62663965521857,-103.4966882892999,2024,6,2024-06-01,3,0.3089071791407466,-0.1577656337084612,severe_possible_stress,-1.4430132751171416,-1.8162895408095843,0.32509359364417206,0.16406749150567845
H61,19.62663965521857,-103.4966882892999,2024,7,2024-07-01,3,0.3905496507381994,0.139851989648192,no_relative_stress,-0.8526190290390836,0.6985528208405357,0.4239268925560728,0.6297037909518524
H61,19.62663965521857,-103.4966882892999,2024,8,2024-08-01,4,0.5843086934852768,0.2311085290390293,no_relative_stress,0.5485416870095473,1.4696624360888628,0.6584842866918856,0.7724787947401608
H61,19.62663965521857,-103.4966882892999,2024,9,2024-09-01,4,0.4840296425542578,0.1310307419850427,no_relative_stress,-0.17662223212992786,0.6240140651858997,0.537090247274094,0.6159025480279924
H61,19.62663965521857,-103.4966882892999,2024,10,2024-10-01,5,0.6738469164709621,0.1343669241000693,no_relative_stress,1.1960337413345168,0.6522045063782691,0.766875884633915,0.6211221565874556
H61,19.62663965521857,-103.4966882892999,2024,11,2024-11-01,5,0.6067707596398645,0.0948477875981522,no_relative_stress,0.7109752139865405,0.3182713291357495,0.6856760173560577,0.5592926712548306
H61,19.62663965521857,-103.4966882892999,2024,12,2024-12-01,6,0.5551060292490175,0.0071563169027709,no_relative_stress,0.3373637964105704,-0.42271377373858615,0.6231326420513756,0.422095379484719
H61,19.62663965521857,-103.4966882892999,2025,1,2025-01-01,5,0.4368706041012503,-0.1131718127045475,severe_possible_stress,-0.5176509198760517,-1.4394757323272376,0.48000129280435544,0.23383655140286097
H61,19.62663965521857,-103.4966882892999,2025,2,2025-02-01,4,0.3847442524988971,-0.1541193018280571,severe_possible_stress,-0.8946005326561631,-1.7854783617737022,0.4168990962600884,0.16977234347040676
H61,19.62663965521857,-103.4966882892999,2025,3,2025-03-01,7,0.3441586781481837,-0.1714367260849371,severe_possible_stress,-1.1880934794226352,-1.931809051551706,0.3677677296707362,0.14267844608634667
H61,19.62663965521857,-103.4966882892999,2025,4,2025-04-01,7,0.3210819041125047,-0.1560014915764564,severe_possible_stress,-1.3549722416909429,-1.8013826972043556,0.3398318568148021,0.16682757205729085
H61,19.62663965521857,-103.4966882892999,2025,5,2025-05-01,9,0.3036512664452421,-0.1544405599516278,severe_possible_stress,-1.4810211961489113,-1.7881929642527754,0.3187309838367314,0.16926972053383682
H61,19.62663965521857,-103.4966882892999,2025,6,2025-06-01,1,0.4194946903991408,-0.1363523952000027,severe_possible_stress,-0.643304140183439,-1.6353495860655192,0.45896666659588625,0.19756947645462866
H61,19.62663965521857,-103.4966882892999,2025,7,2025-07-01,5,0.6290233429707746,0.1022341084731841,no_relative_stress,0.8718938743587935,0.38068508146590213,0.7126141560095478,0.5708489059965156
H61,19.62663965521857,-103.4966882892999,2025,8,2025-08-01,6,0.5749280318563507,0.0291457944718304,no_relative_stress,0.48070581014596625,-0.2369046503488852,0.6471284112924449,0.4564989166359494
H61,19.62663965521857,-103.4966882892999,2025,9,2025-09-01,5,0.6665423132042418,0.1897060483231495,no_relative_stress,1.1432107969261416,1.1198151682846895,0.7580332072385979,0.7077027317805716
H61,19.62663965521857,-103.4966882892999,2025,10,2025-10-01,6,0.5822090501553122,0.0557088347934331,no_relative_stress,0.5333582008096275,-0.012449329788334958,0.6559425376147393,0.4980580005970776
H61,19.62663965521857,-103.4966882892999,2025,11,2025-11-01,7,0.5474650208960132,-0.0040743170892668,no_relative_stress,0.28210815216585516,-0.5176116288885098,0.6138827253381196,0.4045245421347407
H61,19.62663965521857,-103.4966882892999,2025,12,2025-12-01,7,0.5493896350896231,-0.0294447548830725,no_relative_stress,0.29602592221365587,-0.7319895645022662,0.6162125907398558,0.3648313390360777
H61,19.62663965521857,-103.4966882892999,2026,1,2026-01-01,5,0.466491644439953,-0.0628048101916185,moderate_possible_stress,-0.303447559337886,-1.0138790552209849,0.5158594077853798,0.31263801618107945
H61,19.62663965521857,-103.4966882892999,2026,2,2026-02-01,5,0.445197438642301,-0.1159509444389711,severe_possible_stress,-0.4574357511668067,-1.4629591475077937,0.49008144485123784,0.2294884734836321
H61,19.62663965521857,-103.4966882892999,2026,3,2026-03-01,7,0.4074788659890087,-0.1277617566206398,severe_possible_stress,-0.730196090596263,-1.5627594565921774,0.44442076245600537,0.2110099209849598
H61,19.62663965521857,-103.4966882892999,2026,4,2026-04-01,7,0.4108905572742643,-0.1226012847643289,severe_possible_stress,-0.7055245824363798,-1.5191539298629964,0.448550827335145,0.21908371376466085
H62,19.62574866158377,-103.4923995903546,2023,1,2023-01-01,4,0.4787469734283114,-0.0527754715731186,moderate_possible_stress,-0.2148236412111083,-0.929132038788723,0.5306952471404428,0.3283293723163125
H62,19.62574866158377,-103.4923995903546,2023,2,2023-02-01,6,0.3881782904276055,-0.0931189632958863,moderate_possible_stress,-0.869767425643924,-1.2700309440921718,0.4210562131435198,0.2652101457709972
H62,19.62574866158377,-103.4923995903546,2023,3,2023-03-01,6,0.3420808536084795,-0.1550169460227761,severe_possible_stress,-1.2031191839193056,-1.7930633751244185,0.36525239359870243,0.16836793832687327
H62,19.62574866158377,-103.4923995903546,2023,4,2023-04-01,6,0.3051937460726355,-0.1664183628293506,severe_possible_stress,-1.4698668168303153,-1.889404329818633,0.3205982515357221,0.15052990350090878
H62,19.62574866158377,-103.4923995903546,2023,5,2023-05-01,6,0.2948475533333258,-0.1841743585661077,severe_possible_stress,-1.5446848930421777,-2.0394409094689068,0.30807354056609193,0.12274984110205761
H62,19.62574866158377,-103.4923995903546,2023,6,2023-06-01,5,0.2885671234593224,-0.1969500628437355,severe_possible_stress,-1.5901015687987705,-2.1473944706691155,0.3004706888776581,0.10276167106172224
H62,19.62574866158377,-103.4923995903546,2023,7,2023-07-01,3,0.5587829874674753,-0.0192783844259642,no_relative_stress,0.36395357171711135,-0.6460846412607887,0.6275838290816167,0.3807370877113635
H62,19.62574866158377,-103.4923995903546,2023,8,2023-08-01,1,0.3895474977940226,0.246546221596202,no_relative_stress,-0.8598660577038876,1.6001095607283344,0.4227137239742147,0.79663176644001
H62,19.62574866158377,-103.4923995903546,2023,9,2023-09-01,5,0.6736124694370128,0.129112603790732,no_relative_stress,1.1943383470483642,0.6078059685948893,0.7665920718912096,0.6129015336372724
H62,19.62574866158377,-103.4923995903546,2023,10,2023-10-01,2,0.6062656695890525,0.014040127240785,no_relative_stress,0.707322675621203,-0.3645461906084123,0.6850645743780025,0.43286541365047476
H62,19.62574866158377,-103.4923995903546,2023,11,2023-11-01,5,0.5981444308199456,0.0476313279635478,no_relative_stress,0.648594264458595,-0.08070354176411788,0.6752333088234809,0.48542037401233823
H62,19.62574866158377,-103.4923995903546,2023,12,2023-12-01,4,0.6246911837432486,0.065536538924139,no_relative_stress,0.840566039336402,0.07059389321343414,0.7073698073330511,0.513433890411203
H62,19.62574866158377,-103.4923995903546,2024,1,2024-01-01,4,0.4805996263705972,0.0048203967144719,no_relative_stress,-0.2014262560547866,-0.4424520909011028,0.532937998963633,0.41844072617483175
H62,19.62574866158377,-103.4923995903546,2024,2,2024-02-01,5,0.4381810201724703,-0.0607127256261978,moderate_possible_stress,-0.5081746988200414,-0.9962011273149164,0.4815876331090001,0.31591117757583853
H62,19.62574866158377,-103.4923995903546,2024,3,2024-03-01,6,0.3848566501907938,-0.1091115972007695,severe_possible_stress,-0.8937877332728293,-1.4051672736036989,0.4170351606694929,0.24018894310873642
H62,19.62574866158377,-103.4923995903546,2024,4,2024-04-01,5,0.3370377261512186,-0.1346210881619241,severe_possible_stress,-1.2395883570683706,-1.6207201960741695,0.35914737358054516,0.20027818500932992
H62,19.62574866158377,-103.4923995903546,2024,5,2024-05-01,7,0.3019832923543702,-0.1343920502022723,severe_possible_stress,-1.4930830836272022,-1.618784845751625,0.31671179727029247,0.2006365253077375
H62,19.62574866158377,-103.4923995903546,2024,6,2024-06-01,3,0.3118335650386273,-0.139470888859015,severe_possible_stress,-1.4218512333255673,-1.661700579228391,0.3286361661131055,0.1926904513792596
H62,19.62574866158377,-103.4923995903546,2024,7,2024-07-01,3,0.2504667284777231,0.0797994562316943,no_relative_stress,-1.8656230410215606,0.1911142718160437,0.25434778676312475,0.5357488728356078
H62,19.62574866158377,-103.4923995903546,2024,8,2024-08-01,4,0.6446557209167203,0.2564087207008758,no_relative_stress,0.9849387860477709,1.6834467981554593,0.7315381235475867,0.8120620945724547
H62,19.62574866158377,-103.4923995903546,2024,9,2024-09-01,4,0.4038433998193844,0.1150515006148306,no_relative_stress,-0.7564858178223136,0.48899090139735957,0.44001980413619635,0.5909022985949595
H62,19.62574866158377,-103.4923995903546,2024,10,2024-10-01,5,0.647932220022639,0.1031541434840857,no_relative_stress,1.0086326574062003,0.3884592952154821,0.7355045298699786,0.5722883425897034
H62,19.62574866158377,-103.4923995903546,2024,11,2024-11-01,5,0.5718685087905807,0.0550163185794684,no_relative_stress,0.4585809922854786,-0.018301030004759876,0.6434246679861664,0.49697452750317894
H62,19.62574866158377,-103.4923995903546,2024,12,2024-12-01,6,0.5385703707342666,-0.0062376967501606,no_relative_stress,0.21778684765825976,-0.535891993989834,0.6031151971024836,0.4011398363225162
H62,19.62574866158377,-103.4923995903546,2025,1,2025-01-01,5,0.4398064482374174,-0.1132774811704102,severe_possible_stress,-0.4964204812151386,-1.4403686214352314,0.4835553150600659,0.23367122828503772
H62,19.62574866158377,-103.4923995903546,2025,2,2025-02-01,4,0.3821801916521336,-0.1594253432877035,severe_possible_stress,-0.9131424354293567,-1.830313938662238,0.413795140841566,0.16147080042966772
H62,19.62574866158377,-103.4923995903546,2025,3,2025-03-01,7,0.3200371238079387,-0.1739131866969246,severe_possible_stress,-1.3625275283960394,-1.952734922754302,0.3385670851571339,0.13880391089557204
H62,19.62574866158377,-103.4923995903546,2025,4,2025-04-01,7,0.2994396157656659,-0.1530103684350547,severe_possible_stress,-1.5114775784589993,-1.7761079735503242,0.31363251826626903,0.17150732016844708
H62,19.62574866158377,-103.4923995903546,2025,5,2025-05-01,9,0.2903685077421594,-0.1516996478650135,severe_possible_stress,-1.5770749308889551,-1.7650325016859594,0.30265137679409765,0.17355800207685873
H62,19.62574866158377,-103.4923995903546,2025,6,2025-06-01,1,0.4079950482129504,-0.145017447223112,severe_possible_stress,-0.7264633396275566,-1.7085685024987827,0.4450456332007739,0.18401260870921932
H62,19.62574866158377,-103.4923995903546,2025,7,2025-07-01,5,0.6717356178916899,0.1394057107171895,no_relative_stress,1.18076597066852,0.6947818036939734,0.7643200261512574,0.6290055672794466
H62,19.62574866158377,-103.4923995903546,2025,8,2025-08-01,6,0.6671289699194775,0.1256116277469062,no_relative_stress,1.1474531813410318,0.5782230334083379,0.7587433917462576,0.6074240974857741
H62,19.62574866158377,-103.4923995903546,2025,9,2025-09-01,5,0.6825587924855702,0.1895489097328918,no_relative_stress,1.2590333219563574,1.1184873612181148,0.7774221533760048,0.7074568813136451
H62,19.62574866158377,-103.4923995903546,2025,10,2025-10-01,6,0.6145218414835388,0.0946009927963828,no_relative_stress,0.7670268502470015,0.3161859350817121,0.6950591848883152,0.558906549569823
H62,19.62574866158377,-103.4923995903546,2025,11,2025-11-01,7,0.5339821211467545,-0.0035692232730578,no_relative_stress,0.18460710550893333,-0.5133436312098653,0.5975608350885445,0.4053147843683831
H62,19.62574866158377,-103.4923995903546,2025,12,2025-12-01,7,0.5507146075031115,-0.0309378133748485,moderate_possible_stress,0.30560740687267873,-0.7446057755357106,0.6178165524038044,0.3624953811612507
H62,19.62574866158377,-103.4923995903546,2026,1,2026-01-01,5,0.4800481873557398,-0.059077550424497,moderate_possible_stress,-0.20541396508740903,-0.9823840427633439,0.5322704476766533,0.31846948350301707
H62,19.62574866158377,-103.4923995903546,2026,2,2026-02-01,5,0.4287507971208836,-0.1326506690994273,severe_possible_stress,-0.576368977116035,-1.6040703308118842,0.47017176051931675,0.20336099519466536
H62,19.62574866158377,-103.4923995903546,2026,3,2026-03-01,7,0.3779586556873816,-0.1512091870224186,severe_possible_stress,-0.9436703027811697,-1.7608881513286885,0.40868470851745814,0.17432535035816488
H62,19.62574866158377,-103.4923995903546,2026,4,2026-04-01,7,0.3738025128753709,-0.1481109326777656,severe_possible_stress,-0.9737252821819443,-1.7347081785662466,0.40365343867931164,0.17917271010627503
H63,19.62967479841514,-103.4905956816595,2023,1,2023-01-01,4,0.3361757323384893,-0.1733279456626851,severe_possible_stress,-1.2458218306175242,-1.947789688234646,0.3581038763604495,0.13971954709477907
H63,19.62967479841514,-103.4905956816595,2023,2,2023-02-01,6,0.267625176204438,-0.1976748144130342,severe_possible_stress,-1.7415424171591194,-2.1535185567618282,0.27511915685833804,0.10162776428920012
H63,19.62967479841514,-103.4905956816595,2023,3,2023-03-01,6,0.2359725671284641,-0.2310774379677412,severe_possible_stress,-1.9704369852211199,-2.4357677453623436,0.236801701336268,0.049367841478215546
H63,19.62967479841514,-103.4905956816595,2023,4,2023-04-01,6,0.2160623709936422,-0.2252321344499992,severe_possible_stress,-2.1144167668994975,-2.3863754521999723,0.212699168334942,0.05851308452008813
H63,19.62967479841514,-103.4905956816595,2023,5,2023-05-01,6,0.2238842501998556,-0.2252893134607061,severe_possible_stress,-2.0578531623624436,-2.3868586097384985,0.22216804048585065,0.05842362535886214
H63,19.62967479841514,-103.4905956816595,2023,6,2023-06-01,5,0.2191211326281172,-0.2269231934123168,severe_possible_stress,-2.092297455298761,-2.4006647495423814,0.21640198988119408,0.05586734590932302
H63,19.62967479841514,-103.4905956816595,2023,7,2023-07-01,3,0.4626690085275348,-0.0462059475260212,moderate_possible_stress,-0.33109079702268773,-0.8736201467737761,0.5112318688295995,0.3386076912945784
H63,19.62967479841514,-103.4905956816595,2023,8,2023-08-01,1,0.3252106911718704,0.2470929655085103,no_relative_stress,-1.3251150843139594,1.604729498002679,0.3448300108098682,0.7974871721421343
H63,19.62967479841514,-103.4905956816595,2023,9,2023-09-01,5,0.5731226965729838,0.0680730269230765,no_relative_stress,0.4676506007349031,0.09202699047965672,0.6449429404436818,0.5174023411773041
H63,19.62967479841514,-103.4905956816595,2023,10,2023-10-01,2,0.5381981756098378,-0.0124309832985586,no_relative_stress,0.2150953336021382,-0.5882247127115493,0.6026646317133367,0.3914501580122034
H63,19.62967479841514,-103.4905956816595,2023,11,2023-11-01,5,0.4953779044935458,0.0143204990267946,no_relative_stress,-0.09455773284606128,-0.3621770740335397,0.5508280254480119,0.4333040680535112
H63,19.62967479841514,-103.4905956816595,2023,12,2023-12-01,4,0.4692210260373021,-0.0529487757205101,moderate_possible_stress,-0.28371014621336077,-0.9305964433706637,0.5191634942734211,0.3280582301004722
H63,19.62967479841514,-103.4905956816595,2024,1,2024-01-01,4,0.3718126848837493,-0.1007437025065152,moderate_possible_stress,-0.9881146431842772,-1.3344593100846172,0.4012446279116898,0.25328089470636933
H63,19.62967479841514,-103.4905956816595,2024,2,2024-02-01,5,0.3280694934790081,-0.1600664973060901,severe_possible_stress,-1.3044417705376352,-1.8357316329089546,0.3482907691311558,0.16046768582533255
H63,19.62967479841514,-103.4905956816595,2024,3,2024-03-01,6,0.2917954201534321,-0.1880102332846636,severe_possible_stress,-1.5667562712405,-2.0718537085747144,0.30437874317712144,0.11674844075169233
H63,19.62967479841514,-103.4905956816595,2024,4,2024-04-01,5,0.2433947580654263,-0.2181115449845259,severe_possible_stress,-1.9167637103099775,-2.3262071065700076,0.2457867259331577,0.06965357039314785
H63,19.62967479841514,-103.4905956816595,2024,5,2024-05-01,7,0.2279165367995338,-0.202463394898147,severe_possible_stress,-2.0286938441741644,-2.193981634587369,0.22704937466163866,0.0941358124634305
H63,19.62967479841514,-103.4905956816595,2024,6,2024-06-01,3,0.2423049255952511,-0.1863241259922203,severe_possible_stress,-1.9246447899366823,-2.0576062524009173,0.24446741582187392,0.11938643224986933
H63,19.62967479841514,-103.4905956816595,2024,7,2024-07-01,3,0.2417097595946375,0.0430375065044782,no_relative_stress,-1.9289487089061628,-0.11952092319747894,0.24374693029406097,0.4782331315352547
H63,19.62967479841514,-103.4905956816595,2024,8,2024-08-01,4,0.5685361263255091,0.1149021029926753,no_relative_stress,0.4344830026654402,0.48772850482054214,0.6393906113754957,0.5906685592244818
H63,19.62967479841514,-103.4905956816595,2024,9,2024-09-01,4,0.4686175842477208,0.158133611234606,no_relative_stress,-0.28807391121754206,0.8530308920200642,0.5184329903874084,0.658306218883924
H63,19.62967479841514,-103.4905956816595,2024,10,2024-10-01,5,0.6249881381708764,0.1252362114889895,no_relative_stress,0.8427134533231231,0.5750507995264428,0.7077292891705641,0.6068367416863536
H63,19.62967479841514,-103.4905956816595,2024,11,2024-11-01,5,0.4498470266467059,-0.0235113941676252,no_relative_stress,-0.42381244272547014,-0.6818531958764196,0.49571006084074787,0.37411435156625084
H63,19.62967479841514,-103.4905956816595,2024,12,2024-12-01,6,0.3908077527210886,-0.1359032386615248,severe_possible_stress,-0.8507525749421224,-1.6315542533925516,0.424239341088381,0.1982722022747266
H63,19.62967479841514,-103.4905956816595,2025,1,2025-01-01,5,0.3227986763848161,-0.2038872511339962,severe_possible_stress,-1.3425574721283982,-2.206013092732985,0.3419101166204289,0.09190812466347226
H63,19.62967479841514,-103.4905956816595,2025,2,2025-02-01,4,0.2846048682484215,-0.238728696872401,severe_possible_stress,-1.6187544578188728,-2.5004202004030613,0.29567413206155574,0.03739709914686856
H63,19.62967479841514,-103.4905956816595,2025,3,2025-03-01,7,0.2609281178379521,-0.2357648403703441,severe_possible_stress,-1.7899719250838346,-2.4753758774185557,0.26701195042013914,0.04203418736141096
H63,19.62967479841514,-103.4905956816595,2025,4,2025-04-01,7,0.2548579675675674,-0.2072607715759167,severe_possible_stress,-1.8338679723536249,-2.2345190394559973,0.2596636552941522,0.0866300985944331
H63,19.62967479841514,-103.4905956816595,2025,5,2025-05-01,9,0.2376768790318975,-0.2012123496327726,severe_possible_stress,-1.9581123223144077,-2.1834104137227524,0.23886487708897752,0.09609312964525113
H63,19.62967479841514,-103.4905956816595,2025,6,2025-06-01,1,0.335019029666288,-0.1667334825172228,severe_possible_stress,-1.254186479417697,-1.892067063063772,0.35670361570301207,0.15003688442600133
H63,19.62967479841514,-103.4905956816595,2025,7,2025-07-01,5,0.5785038493451709,0.0918994097385099,no_relative_stress,0.5065641903384958,0.2933577992985252,0.6514571611675037,0.5546798000799014
H63,19.62967479841514,-103.4905956816595,2025,8,2025-08-01,6,0.6298139489203298,0.1497172552539461,no_relative_stress,0.8776111094497884,0.7819134349549408,0.7135712337731803,0.6451384474009839
H63,19.62967479841514,-103.4905956816595,2025,9,2025-09-01,5,0.5066985541039515,0.080176641047044,no_relative_stress,-0.012692911006715442,0.1943014498504436,0.5645323771773271,0.5363389956235189
H63,19.62967479841514,-103.4905956816595,2025,10,2025-10-01,6,0.498193613881844,0.0217309440556449,no_relative_stress,-0.07419604377721753,-0.29955947475616257,0.5542366171059769,0.4448980461303676
H63,19.62967479841514,-103.4905956816595,2025,11,2025-11-01,7,0.4194407483547408,-0.0799537283958949,moderate_possible_stress,-0.6436942199055773,-1.158785883889883,0.45890136639007695,0.2858077541754747
H63,19.62967479841514,-103.4905956816595,2025,12,2025-12-01,7,0.3773365245912414,-0.1647006985396645,severe_possible_stress,-0.9481692187532194,-1.8748902198338897,0.40793158006134794,0.153217267355642
H63,19.62967479841514,-103.4905956816595,2026,1,2026-01-01,5,0.3251653705379221,-0.192283908991257,severe_possible_stress,-1.3254428186535518,-2.1079658869654962,0.34477514735860015,0.11006208085604041
H63,19.62967479841514,-103.4905956816595,2026,2,2026-02-01,5,0.296061618339748,-0.2356551274727712,severe_possible_stress,-1.5359054308317424,-2.474448813223486,0.3095432419032811,0.04220583817647755
H63,19.62967479841514,-103.4905956816595,2026,3,2026-03-01,7,0.2795105630550871,-0.2245341833770545,severe_possible_stress,-1.6555937207057163,-2.380477827910106,0.289507158205059,0.059605060697893286
H63,19.62967479841514,-103.4905956816595,2026,4,2026-04-01,7,0.2902410931220174,-0.1962899075210526,severe_possible_stress,-1.5779963245842483,-2.141816217096536,0.3024971334573657,0.10379451407030105
H64,19.62318042476388,-103.4897338139707,2023,1,2023-01-01,4,0.4086864847936695,-0.0996561992822434,moderate_possible_stress,-0.7214632438343132,-1.32527000487485,0.44588266026430734,0.2549823429313586
H64,19.62318042476388,-103.4897338139707,2023,2,2023-02-01,6,0.3300429952989376,-0.1464672266962705,severe_possible_stress,-1.2901704715885316,-1.7208190096865934,0.35067981605068044,0.18174436282619388
H64,19.62318042476388,-103.4897338139707,2023,3,2023-03-01,6,0.2959336325670846,-0.1977166329912022,severe_possible_stress,-1.5368309547934969,-2.1538719200159755,0.3093883071508341,0.10156233722286367
H64,19.62318042476388,-103.4897338139707,2023,4,2023-04-01,6,0.2765651564997324,-0.1982093708518938,severe_possible_stress,-1.6768933096159602,-2.1580355109729905,0.2859415600450993,0.10079142644324723
H64,19.62318042476388,-103.4897338139707,2023,5,2023-05-01,6,0.2738507033459969,-0.2087995133273592,severe_possible_stress,-1.6965227683015773,-2.247521269957415,0.2826555453682254,0.08422266718340282
H64,19.62318042476388,-103.4897338139707,2023,6,2023-06-01,5,0.2608824174337365,-0.2200208058951317,severe_possible_stress,-1.7903024057168238,-2.3423401909058104,0.2669566272332995,0.06666644491628604
H64,19.62318042476388,-103.4897338139707,2023,7,2023-07-01,3,0.5827461964579135,0.008783792409141,no_relative_stress,0.5372425526690557,-0.40896175092553255,0.6565927866829715,0.424641638888576
H64,19.62318042476388,-103.4897338139707,2023,8,2023-08-01,1,0.433069385874361,0.2591434381368562,no_relative_stress,-0.5451392764303196,1.7065549164771527,0.47539968129141796,0.8163406843029926
H64,19.62318042476388,-103.4897338139707,2023,9,2023-09-01,5,0.6541938405087374,0.1233304789129148,no_relative_stress,1.0539133138315058,0.5589475293026026,0.7430846116223634,0.6038551364492402
H64,19.62318042476388,-103.4897338139707,2023,10,2023-10-01,2,0.6926433989072135,0.1222959411064243,no_relative_stress,1.3319597472446116,0.550205777147109,0.7896301978089743,0.602236555027823
H64,19.62318042476388,-103.4897338139707,2023,11,2023-11-01,5,0.5194991957549377,0.0413058492424009,no_relative_stress,0.07987441368320995,-0.13415327255036785,0.5800283514882705,0.4755238750391886
H64,19.62318042476388,-103.4897338139707,2023,12,2023-12-01,4,0.5528762553557955,-0.007242188272342,no_relative_stress,0.3212392762820739,-0.5443798577238743,0.620433361819129,0.3995682636786036
H64,19.62318042476388,-103.4897338139707,2024,1,2024-01-01,4,0.4397334971176866,-0.0449182686244326,moderate_possible_stress,-0.4969480243001442,-0.8627393749518821,0.48346700318413616,0.34062232346537596
H64,19.62318042476388,-103.4897338139707,2024,2,2024-02-01,5,0.423601418122062,-0.0921159286237319,moderate_possible_stress,-0.6136065040097495,-1.2615553906108683,0.46393811638969584,0.26677943910682395
H64,19.62318042476388,-103.4897338139707,2024,3,2024-03-01,6,0.3726440016025753,-0.1357447508111381,severe_possible_stress,-0.9821030098044925,-1.6302150451982784,0.40225098859816316,0.19852016372045322
H64,19.62318042476388,-103.4897338139707,2024,4,2024-04-01,5,0.3115010973459424,-0.1690781631955796,severe_possible_stress,-1.4242554600586312,-1.9118794055855994,0.3282336932554525,0.14636852493122549
H64,19.62318042476388,-103.4897338139707,2024,5,2024-05-01,7,0.2753330217973911,-0.1632709150260948,severe_possible_stress,-1.6858034421048704,-1.862808676720413,0.28444998421509926,0.15545422865100833
H64,19.62318042476388,-103.4897338139707,2024,6,2024-06-01,3,0.2845966966312274,-0.1615158677087401,severe_possible_stress,-1.6188135505395875,-1.8479786834874692,0.29566423980977874,0.15820007995171126
H64,19.62318042476388,-103.4897338139707,2024,7,2024-07-01,3,0.5767312127747728,0.1625632024399339,no_relative_stress,0.4937454403536753,0.8904605424631834,0.6493112741482064,0.6652365156642208
H64,19.62318042476388,-103.4897338139707,2024,8,2024-08-01,4,0.637707740687778,0.3029986917735509,no_relative_stress,0.9346947467779013,2.0771278966071103,0.7231271605602481,0.8849542219838329
H64,19.62318042476388,-103.4897338139707,2024,9,2024-09-01,4,0.5079710290666355,0.2380594568252852,no_relative_stress,-0.0034910595494100877,1.5283971556679496,0.5660727874060245,0.7833538372044007
H64,19.62318042476388,-103.4897338139707,2024,10,2024-10-01,5,0.7834996372055889,0.2925648581236172,no_relative_stress,1.9889829762343048,1.9889629332513639,0.8996173354109473,0.8686300149862856
H64,19.62318042476388,-103.4897338139707,2024,11,2024-11-01,5,0.5531820078803734,0.0605240795696142,no_relative_stress,0.3234503133526401,0.028239058917541585,0.6208034943011987,0.5055916699182037
H64,19.62318042476388,-103.4897338139707,2024,12,2024-12-01,6,0.4247158597741846,-0.0766918096908554,moderate_possible_stress,-0.6055474640746646,-1.1312229618855572,0.4652872174490952,0.2909111742544957
H64,19.62318042476388,-103.4897338139707,2025,1,2025-01-01,5,0.3645172819528185,-0.1789750548721748,severe_possible_stress,-1.0408710557348364,-1.9955072571766925,0.39241308809610764,0.13088438805675362
H64,19.62318042476388,-103.4897338139707,2025,2,2025-02-01,4,0.335841832686882,-0.2121067984958058,severe_possible_stress,-1.2482364125038787,-2.2754675345295885,0.35769967002729736,0.0790482692103257
H64,19.62318042476388,-103.4897338139707,2025,3,2025-03-01,7,0.2934044857360719,-0.2149769281966317,severe_possible_stress,-1.555120378267578,-2.2997198744067116,0.30632661732382793,0.07455782083650209
H64,19.62318042476388,-103.4897338139707,2025,4,2025-04-01,7,0.2763618854350705,-0.1899006247914388,severe_possible_stress,-1.6783632561354906,-2.0878273481318206,0.28569548775575304,0.11379083731480027
H64,19.62318042476388,-103.4897338139707,2025,5,2025-05-01,9,0.2595612635935417,-0.1739431530846158,severe_possible_stress,-1.7998562765168264,-1.952988136056463,0.2653572881902535,0.13875702711995774
H64,19.62318042476388,-103.4897338139707,2025,6,2025-06-01,1,0.4077318421322498,-0.1604114768416604,severe_possible_stress,-0.7283667038023284,-1.8386466792028195,0.4447270058400348,0.15992794966147267
H64,19.62318042476388,-103.4897338139707,2025,7,2025-07-01,5,0.6028678118321492,0.0434176037275998,no_relative_stress,0.6827512040646023,-0.11630913557727378,0.6809512558468838,0.47882781091750354
H64,19.62318042476388,-103.4897338139707,2025,8,2025-08-01,6,0.6975415365481147,0.154924048173582,no_relative_stress,1.3673804323745882,0.8259103705360995,0.7955596986202889,0.6532847115897024
H64,19.62318042476388,-103.4897338139707,2025,9,2025-09-01,5,0.5924844365868536,0.1104107212190021,no_relative_stress,0.6076642440578311,0.4497767295883309,0.6683815331369609,0.5836415882914232
H64,19.62318042476388,-103.4897338139707,2025,10,2025-10-01,6,0.6205878217550503,0.0887461240830728,no_relative_stress,0.8108927423378425,0.2667128168702707,0.7024024319708385,0.5497463413447145
H64,19.62318042476388,-103.4897338139707,2025,11,2025-11-01,7,0.4835708173771801,-0.0051225830551606,no_relative_stress,-0.17994020792367957,-0.5264693827660302,0.5365348108084024,0.40288448238394686
H64,19.62318042476388,-103.4897338139707,2025,12,2025-12-01,7,0.5077136017319315,-0.0410541947221185,moderate_possible_stress,-0.005352634955184611,-0.830088295259464,0.5657611555773809,0.34666784272047707
H64,19.62318042476388,-103.4897338139707,2026,1,2026-01-01,5,0.4963226524167516,-0.0346975415351901,moderate_possible_stress,-0.08772582627903484,-0.7763751430189838,0.5519717016751475,0.3566131155623244
H64,19.62318042476388,-103.4897338139707,2026,2,2026-02-01,5,0.430785202234528,-0.1218700764795758,severe_possible_stress,-0.5616572584506621,-1.5129752851008111,0.4726345346706935,0.22022772236199045
H64,19.62318042476388,-103.4897338139707,2026,3,2026-03-01,7,0.3691967904661239,-0.1513676721059231,severe_possible_stress,-1.007031378338115,-1.762227336143054,0.3980779247259522,0.17407739324135116
H64,19.62318042476388,-103.4897338139707,2026,4,2026-04-01,7,0.3554074854897075,-0.1569056650752877,severe_possible_stress,-1.106748182058028,-1.8090228825922265,0.38138511185716545,0.1654129515206952
H65,19.62549316602416,-103.5006797215266,2023,1,2023-01-01,4,0.507835573715063,0.0027925404288406,no_relative_stress,-0.004470599470288067,-0.4595872955738878,0.5659088102628878,0.4152680528431908
H65,19.62549316602416,-103.5006797215266,2023,2,2023-02-01,6,0.4256810653013969,-0.0295311076405,no_relative_stress,-0.5985676191679768,-0.732719237597477,0.46645565888056906,0.3646962362220641
H65,19.62549316602416,-103.5006797215266,2023,3,2023-03-01,6,0.4023181282859046,-0.0748110310498654,moderate_possible_stress,-0.7675157575026458,-1.1153305501866024,0.4381733679071035,0.2938537379259303
H65,19.62549316602416,-103.5006797215266,2023,4,2023-04-01,6,0.3614331581141355,-0.0902686159901788,moderate_possible_stress,-1.0631737730941113,-1.2459457636886628,0.38867956402137366,0.2696696436884829
H65,19.62549316602416,-103.5006797215266,2023,5,2023-05-01,6,0.3602521685241154,-0.1015484107191318,moderate_possible_stress,-1.0717140517625945,-1.341259022679025,0.3872499025366282,0.2520218921310826
H65,19.62549316602416,-103.5006797215266,2023,6,2023-06-01,5,0.3535851573593002,-0.1017962563168534,moderate_possible_stress,-1.1199262745582585,-1.3433532958650989,0.37917907010825624,0.25163412642804556
H65,19.62549316602416,-103.5006797215266,2023,7,2023-07-01,3,0.6481682306988249,0.0896202126881971,no_relative_stress,1.0103393591082286,0.2740987875907211,0.7357902354990401,0.5511138926976477
H65,19.62549316602416,-103.5006797215266,2023,8,2023-08-01,1,0.3476135650782651,0.2068592397109613,no_relative_stress,-1.1631096036964381,1.2647581049731758,0.37195008556940556,0.7345396793760478
H65,19.62549316602416,-103.5006797215266,2023,9,2023-09-01,5,0.6756414990552935,0.1383770679622157,no_relative_stress,1.209011193035455,0.6860898641977944,0.7690483386705079,0.6273962089340768
H65,19.62549316602416,-103.5006797215266,2023,10,2023-10-01,2,0.6780825870850514,0.1137426784921008,no_relative_stress,1.2266638228338904,0.4779314712433819,0.7720034278317583,0.5888545868936572
H65,19.62549316602416,-103.5006797215266,2023,11,2023-11-01,5,0.6327511138788625,0.1150613926850273,no_relative_stress,0.8988510995844562,0.48907448850787566,0.7171268549666632,0.5909177751884095
H65,19.62549316602416,-103.5006797215266,2023,12,2023-12-01,4,0.5707326018787846,0.0444297114012062,no_relative_stress,0.4503667271893489,-0.10775691604326337,0.6420495818924581,0.4804112993764998
H65,19.62549316602416,-103.5006797215266,2024,1,2024-01-01,4,0.5439055043265796,0.0634006746813896,no_relative_stress,0.25636765141552387,0.05254603094029471,0.6095737087416687,0.5100922337213321
H65,19.62549316602416,-103.5006797215266,2024,2,2024-02-01,5,0.5460731454762786,0.0324373072866139,no_relative_stress,0.27204286111096704,-0.20909166075783475,0.6121977734164651,0.46164863804481493
H65,19.62549316602416,-103.5006797215266,2024,3,2024-03-01,6,0.473783734248526,-0.0145936871395257,no_relative_stress,-0.25071510549825654,-0.6064993671947947,0.5246869368599112,0.38806650955097244
H65,19.62549316602416,-103.5006797215266,2024,4,2024-04-01,5,0.4143353675879581,-0.0493494144434973,moderate_possible_stress,-0.6806135753558618,-0.9001821617423628,0.45272098486181545,0.3336895944212256
H65,19.62549316602416,-103.5006797215266,2024,5,2024-05-01,7,0.3749743717561744,-0.0442216006320527,moderate_possible_stress,-0.9652510318695197,-0.8568525925783022,0.4050720468716269,0.3417122922053173
H65,19.62549316602416,-103.5006797215266,2024,6,2024-06-01,3,0.3775582628771625,-0.0457507456150385,moderate_possible_stress,-0.9465657272667232,-0.8697737312425575,0.4082000080726986,0.3393198753747423
H65,19.62549316602416,-103.5006797215266,2024,7,2024-07-01,3,0.2547586430291969,0.1601313032907834,no_relative_stress,-1.8345862337536158,0.8699112116454462,0.2595434167516634,0.6614316989075204
H65,19.62549316602416,-103.5006797215266,2024,8,2024-08-01,4,0.5162312690482032,0.1338847424193386,no_relative_stress,0.056242533284318205,0.6481301142000205,0.5760723225892267,0.6203677614312013
H65,19.62549316602416,-103.5006797215266,2024,9,2024-09-01,4,0.6063237510480917,0.1711299606454627,no_relative_stress,0.7077426893536342,0.9628488849084157,0.6851348856031546,0.6786395982642466
H65,19.62549316602416,-103.5006797215266,2024,10,2024-10-01,5,0.6632183386468526,0.1446672530188627,no_relative_stress,1.11917360875197,0.7392413666681903,0.7540093289240634,0.6372374893649027
H65,19.62549316602416,-103.5006797215266,2024,11,2024-11-01,5,0.5847982891894369,0.11963800377355,no_relative_stress,0.5520821786309408,0.5277464438457559,0.6590769727978847,0.5980780912585042
H65,19.62549316602416,-103.5006797215266,2024,12,2024-12-01,6,0.5925986108891231,0.0865150606547631,no_relative_stress,0.6084898909275424,0.24786052997354402,0.6685197482439202,0.5462557412019169
H65,19.62549316602416,-103.5006797215266,2025,1,2025-01-01,5,0.5490853003895311,0.029415431459219,no_relative_stress,0.2938251380837711,-0.23462624186451944,0.615844174622669,0.45692077595861114
H65,19.62549316602416,-103.5006797215266,2025,2,2025-02-01,4,0.5090712034921897,-0.0091665095620927,no_relative_stress,0.004464807511205761,-0.5606402009196497,0.5674046170986894,0.3965575755540256
H65,19.62549316602416,-103.5006797215266,2025,3,2025-03-01,7,0.4327588729274862,-0.0359617576830504,moderate_possible_stress,-0.5473847383030507,-0.7870576566653993,0.4750237860215416,0.35463519193619447
H65,19.62549316602416,-103.5006797215266,2025,4,2025-04-01,7,0.4093903663517134,-0.0267975896131996,no_relative_stress,-0.7163731526886337,-0.7096212541721093,0.44673475274832397,0.3689729494232049
H65,19.62549316602416,-103.5006797215266,2025,5,2025-05-01,9,0.3780903099743419,-0.0354343688833286,moderate_possible_stress,-0.942718250105987,-0.7826012683654001,0.40884408423504226,0.3554603156849233
H65,19.62549316602416,-103.5006797215266,2025,6,2025-06-01,1,0.5377411693210286,0.0134083486633843,no_relative_stress,0.21179051102566304,-0.36988466321534647,0.6021113971252265,0.4318769673497068
H65,19.62549316602416,-103.5006797215266,2025,7,2025-07-01,5,0.6132801559088314,0.109784566257409,no_relative_stress,0.7580476510091353,0.4444857760331891,0.6935560471322127,0.5826619403931982
H65,19.62549316602416,-103.5006797215266,2025,8,2025-08-01,6,0.6860567516201068,0.1734397381213022,no_relative_stress,1.2843286725947998,0.9823662984833017,0.781656650861944,0.6822533501122182
H65,19.62549316602416,-103.5006797215266,2025,9,2025-09-01,5,0.6712509050289617,0.2094539318680894,no_relative_stress,1.1772607891183366,1.2866830221826902,0.7637332510290554,0.7385991931932094
H65,19.62549316602416,-103.5006797215266,2025,10,2025-10-01,6,0.6584286761091732,0.1457138506888219,no_relative_stress,1.084537356963265,0.7480850235939213,0.7482111439841506,0.6388749389908772
H65,19.62549316602416,-103.5006797215266,2025,11,2025-11-01,7,0.6418704113565392,0.1286851072215541,no_relative_stress,0.9647969321119277,0.6041936607298396,0.7281663327757338,0.6122326958236615
H65,19.62549316602416,-103.5006797215266,2025,12,2025-12-01,7,0.6147775109936282,0.0899148855471448,no_relative_stress,0.7688757140148529,0.27658874695586994,0.6953686887607348,0.5515749217793268
H65,19.62549316602416,-103.5006797215266,2026,1,2026-01-01,5,0.5804069404463402,0.0656559005633955,no_relative_stress,0.5203263170099256,0.07160248841479595,0.6537609715247629,0.5136206371212009
H65,19.62549316602416,-103.5006797215266,2026,2,2026-02-01,5,0.5309943068447289,-0.0057103970137865,no_relative_stress,0.16300084668615844,-0.5314363582671758,0.5939438997088645,0.4019648207275894
H65,19.62549316602416,-103.5006797215266,2026,3,2026-03-01,7,0.4717328077209963,-0.0364241416325013,moderate_possible_stress,-0.26554629810291747,-0.790964759780838,0.522204162507597,0.35391177123039974
H65,19.62549316602416,-103.5006797215266,2026,4,2026-04-01,7,0.475036432688266,-0.0356756195388024,moderate_possible_stress,-0.2416562671703323,-0.7846398148779308,0.5262034063753338,0.3550828680687949
H66,19.62754606705777,-103.5006843723593,2023,1,2023-01-01,4,0.5238224246286028,0.0142701268974293,no_relative_stress,0.11113766921123136,-0.3626027140320911,0.5852618894149791,0.4332252585675394
H66,19.62754606705777,-103.5006843723593,2023,2,2023-02-01,6,0.448548670198258,-0.0122258367475541,no_relative_stress,-0.43320145510497643,-0.5864912426603007,0.49413831946088926,0.39177111911583873
H66,19.62754606705777,-103.5006843723593,2023,3,2023-03-01,6,0.4259710130882361,-0.0558949633921027,moderate_possible_stress,-0.5964708734220007,-0.9554914663142934,0.4668066587428321,0.3234487855742979
H66,19.62754606705777,-103.5006843723593,2023,4,2023-04-01,6,0.3902720689864075,-0.0661935603078013,moderate_possible_stress,-0.8546263503005255,-1.042513691332606,0.42359086254974704,0.3073361625944179
H66,19.62754606705777,-103.5006843723593,2023,5,2023-05-01,6,0.3850669855861382,-0.0730844820459954,moderate_possible_stress,-0.8922667013304085,-1.1007413651597675,0.41728978477130024,0.2965550023198439
H66,19.62754606705777,-103.5006843723593,2023,6,2023-06-01,5,0.3876116540550765,-0.0697580854915075,moderate_possible_stress,-0.8738650337566367,-1.072633611080808,0.4203702645081498,0.3017593009250582
H66,19.62754606705777,-103.5006843723593,2023,7,2023-07-01,3,0.6286708989055614,0.0918898295104017,no_relative_stress,0.8693451892921263,0.29327684722583197,0.7121875005082459,0.5546648113775731
H66,19.62754606705777,-103.5006843723593,2023,8,2023-08-01,1,0.3191530560600352,0.225154736763365,no_relative_stress,-1.3689206287186135,1.4193534226022422,0.3374968660631098,0.7631638161053461
H66,19.62754606705777,-103.5006843723593,2023,9,2023-09-01,5,0.6369990770589299,0.1192567376413419,no_relative_stress,0.9295700742797479,0.5245247790480688,0.7222692790815579,0.5974815830648588
H66,19.62754606705777,-103.5006843723593,2023,10,2023-10-01,2,0.6466769487127927,0.0960582350946292,no_relative_stress,0.9995552134716976,0.32849950247562526,0.7339849457349799,0.5611864713819085
H66,19.62754606705777,-103.5006843723593,2023,11,2023-11-01,5,0.6154628965649858,0.1144763351618691,no_relative_stress,0.7738320521775384,0.484130804640482,0.6961983907004051,0.5900024261006303
H66,19.62754606705777,-103.5006843723593,2023,12,2023-12-01,4,0.574962893315455,0.0532472946581561,no_relative_stress,0.48095790938380634,-0.03324912429404627,0.6471706132608659,0.4942068091703015
H66,19.62754606705777,-103.5006843723593,2024,1,2024-01-01,4,0.5434422510926333,0.0796010999363937,no_relative_stress,0.2530176543068199,0.18943817881961472,0.6090129118372307,0.5354385353956608
H66,19.62754606705777,-103.5006843723593,2024,2,2024-02-01,5,0.5657629273298214,0.0572309628288591,no_relative_stress,0.414428725789107,0.00041251629514565665,0.6360334811965566,0.5004394390942518
H66,19.62754606705777,-103.5006843723593,2024,3,2024-03-01,6,0.4924917780446576,0.0043221645020585,no_relative_stress,-0.11542864005326604,-0.4466621086399192,0.5473341895506013,0.41766121923221017
H66,19.62754606705777,-103.5006843723593,2024,4,2024-04-01,5,0.4548330417975352,-0.0142431050249105,no_relative_stress,-0.38775627492077713,-0.6035369796079055,0.5017459428533712,0.3886150112044038
H66,19.62754606705777,-103.5006843723593,2024,5,2024-05-01,7,0.4172769653550405,-0.0081233627318285,no_relative_stress,-0.6593415295446505,-0.5518257032814312,0.45628197224625067,0.39818962618444526
H66,19.62754606705777,-103.5006843723593,2024,6,2024-06-01,3,0.4139002147600845,-0.0116085720097813,no_relative_stress,-0.6837603655094953,-0.5812754107031869,0.45219420524983056,0.39273685785480683
H66,19.62754606705777,-103.5006843723593,2024,7,2024-07-01,3,0.379035547425239,0.1619280294965279,no_relative_stress,-0.9358828035391716,0.8850933877663756,0.40998835306595,0.6642427587235524
H66,19.62754606705777,-103.5006843723593,2024,8,2024-08-01,4,0.4395124176824214,0.1149145178427003,no_relative_stress,-0.49854675133465065,0.48783340919550594,0.48319937275255664,0.5906879828216418
H66,19.62754606705777,-103.5006843723593,2024,9,2024-09-01,4,0.5974658099889959,0.1661615314301772,no_relative_stress,0.6436868452437912,0.9208661013603905,0.6744117960235769,0.6708662649254026
H66,19.62754606705777,-103.5006843723593,2024,10,2024-10-01,5,0.6472824716313015,0.1506494921906877,no_relative_stress,1.003934028075923,0.7897907538891199,0.734717968957232,0.6465969744617662
H66,19.62754606705777,-103.5006843723593,2024,11,2024-11-01,5,0.5962533053133606,0.1289234917767558,no_relative_stress,0.6349186665026156,0.6062079889508063,0.6729439835640277,0.6126056592956405
H66,19.62754606705777,-103.5006843723593,2024,12,2024-12-01,6,0.6424555833889276,0.1308336958700879,no_relative_stress,0.9690285801025881,0.6223490430964885,0.7288747199822981,0.6155942604247484
H66,19.62754606705777,-103.5006843723593,2025,1,2025-01-01,5,0.612400119676894,0.1001394765996321,no_relative_stress,0.7516837044319435,0.36298562903341447,0.6924907084394644,0.5675717592224016
H66,19.62754606705777,-103.5006843723593,2025,2,2025-02-01,4,0.5705450773634975,0.0580910885516505,no_relative_stress,0.44901065120759776,0.007680501905757797,0.6418225717822783,0.5017851448831161
H66,19.62754606705777,-103.5006843723593,2025,3,2025-03-01,7,0.4895862302676896,0.022555156308262,no_relative_stress,-0.13643999181249328,-0.2925949547640496,0.5438168429254306,0.4461875636627582
H66,19.62754606705777,-103.5006843723593,2025,4,2025-04-01,7,0.4734163626579127,0.0318011455208521,no_relative_stress,-0.2533717383638078,-0.21446717091531867,0.5242422106589965,0.4606533340466257
H66,19.62754606705777,-103.5006843723593,2025,5,2025-05-01,9,0.4196568847344821,0.013194101862208,no_relative_stress,-0.6421312383780634,-0.37169502956855305,0.4591630129449489,0.43154176849104126
H66,19.62754606705777,-103.5006843723593,2025,6,2025-06-01,1,0.5547987285219417,0.0601306460563992,no_relative_stress,0.33514156357597735,0.02491458083601272,0.6227606353737154,0.5049761253039253
H66,19.62754606705777,-103.5006843723593,2025,7,2025-07-01,5,0.5911235192411974,0.0981022311348752,no_relative_stress,0.5978228250691356,0.34577108663479245,0.6667340578929383,0.5643843960932493
H66,19.62754606705777,-103.5006843723593,2025,8,2025-08-01,6,0.6318583156067564,0.1370011411992741,no_relative_stress,0.8923948648276399,0.6744634058216147,0.7160460670291035,0.6252435089730355
H66,19.62754606705777,-103.5006843723593,2025,9,2025-09-01,5,0.6746428277969851,0.2296596849166686,no_relative_stress,1.2017893420418213,1.4574198325318346,0.7678393848863333,0.7702120122559732
H66,19.62754606705777,-103.5006843723593,2025,10,2025-10-01,6,0.6666474859012179,0.1469774383642463,no_relative_stress,1.1439713490496166,0.7587622267043305,0.7581605253414704,0.6408518793433151
H66,19.62754606705777,-103.5006843723593,2025,11,2025-11-01,7,0.6307752719491652,0.1195011585991783,no_relative_stress,0.8845628782257893,0.526590114332685,0.7147349751984552,0.5978639907631342
H66,19.62754606705777,-103.5006843723593,2025,12,2025-12-01,7,0.6391060010231577,0.1058623151270005,no_relative_stress,0.9448062100931927,0.4113431039543892,0.7248198418201274,0.5765254002203961
H66,19.62754606705777,-103.5006843723593,2026,1,2026-01-01,5,0.6252520176389311,0.1083365457853904,no_relative_stress,0.8446216870714325,0.4322501322480592,0.7080487317086532,0.5803964465474085
H66,19.62754606705777,-103.5006843723593,2026,2,2026-02-01,5,0.5902157896816239,0.0665735767359961,no_relative_stress,0.5912586153081967,0.07935677019120596,0.6656351947015489,0.5150563832046496
H66,19.62754606705777,-103.5006843723593,2026,3,2026-03-01,7,0.529226203572072,0.032962149639579,no_relative_stress,0.15021487906142245,-0.20465678970571616,0.5918035005289471,0.4624697777618485
H66,19.62754606705777,-103.5006843723593,2026,4,2026-04-01,7,0.5370778649769672,0.0357988659272969,no_relative_stress,0.20699385236908424,-0.1806867901879562,0.6013084258870528,0.4669079493321146
H67,19.63204957316679,-103.5006313932001,2023,1,2023-01-01,4,0.514148989029329,0.0428413984981353,no_relative_stress,0.041184609169427205,-0.12117801835282484,0.5735515928820423,0.47792631164557414
H67,19.63204957316679,-103.5006313932001,2023,2,2023-02-01,6,0.4238201763241316,-0.0053327220713536,no_relative_stress,-0.6120245628796341,-0.5282450387026558,0.4642029368238588,0.4025557103416001
H67,19.63204957316679,-103.5006313932001,2023,3,2023-03-01,6,0.3916610665554955,-0.054884277060921,moderate_possible_stress,-0.8445818703067136,-0.9469512569969486,0.42527233065387854,0.32503005027846604
H67,19.63204957316679,-103.5006313932001,2023,4,2023-04-01,6,0.365363177488838,-0.0708060254652964,moderate_possible_stress,-1.0347539962255234,-1.0814886103541295,0.3934370973491821,0.30011975120372997
H67,19.63204957316679,-103.5006313932001,2023,5,2023-05-01,6,0.3426580569692829,-0.0859058462381274,moderate_possible_stress,-1.1989451610563588,-1.2090807485634107,0.3659511342317949,0.27649539526787265
H67,19.63204957316679,-103.5006313932001,2023,6,2023-06-01,5,0.3384818403791214,-0.0896626850784076,moderate_possible_stress,-1.2291453031755744,-1.2408257015499722,0.360895563834424,0.2706176501415116
H67,19.63204957316679,-103.5006313932001,2023,7,2023-07-01,3,0.6610329139996369,0.1370243476976726,no_relative_stress,1.1033697984102753,0.6746594986624215,0.7513637362174549,0.6252798165945921
H67,19.63204957316679,-103.5006313932001,2023,8,2023-08-01,1,0.3202583634460837,0.2898981605057604,no_relative_stress,-1.360927642860858,1.966429576323568,0.33883490952428147,0.8644578453529277
H67,19.63204957316679,-103.5006313932001,2023,9,2023-09-01,5,0.6778005155090421,0.1794945373817168,no_relative_stress,1.2246240335894,1.0335288119784491,0.771661962613462,0.691726358765776
H67,19.63204957316679,-103.5006313932001,2023,10,2023-10-01,2,0.6914300194626216,0.1634902531381039,no_relative_stress,1.3231852426469486,0.898294038144188,0.7881613263870972,0.6666869286190262
H67,19.63204957316679,-103.5006313932001,2023,11,2023-11-01,5,0.6361790159999093,0.1499201985414899,no_relative_stress,0.9236398357506449,0.7836282876265385,0.7212765440726056,0.6454559613987894
H67,19.63204957316679,-103.5006313932001,2023,12,2023-12-01,4,0.6189238341300644,0.1173864775939811,no_relative_stress,0.798859682827093,0.5087212485267317,0.7003880712697463,0.5945554762112619
H67,19.63204957316679,-103.5006313932001,2024,1,2024-01-01,4,0.5455885507157349,0.1079127028344143,no_relative_stress,0.2685385336119753,0.4286686971308109,0.6116111412643163,0.5797333249855434
H67,19.63204957316679,-103.5006313932001,2024,2,2024-02-01,5,0.4875443689198072,0.035347589495111,no_relative_stress,-0.15120562993553832,-0.1845000357736029,0.5413450425379199,0.46620190684195434
H67,19.63204957316679,-103.5006313932001,2024,3,2024-03-01,6,0.4503904206476194,-0.0055247002923969,no_relative_stress,-0.41988291088725604,-0.5298672375407111,0.4963678731370734,0.40225535168873316
H67,19.63204957316679,-103.5006313932001,2024,4,2024-04-01,5,0.3742387926839832,-0.0452645256806143,moderate_possible_stress,-0.9705703423124762,-0.8656652161809228,0.40418158257170145,0.34008058856245205
H67,19.63204957316679,-103.5006313932001,2024,5,2024-05-01,7,0.3301113728538343,-0.0471380223248786,moderate_possible_stress,-1.2896760020534723,-0.8814960956573007,0.35076259134140525,0.33714941790588565
H67,19.63204957316679,-103.5006313932001,2024,6,2024-06-01,3,0.3389668441697378,-0.0521247465635853,moderate_possible_stress,-1.2256380177920814,-0.9236334705208136,0.361482691142962,0.32934746117132985
H67,19.63204957316679,-103.5006313932001,2024,7,2024-07-01,3,0.5350581432176728,0.1640221224386419,no_relative_stress,0.19238831578947768,0.9027882862762997,0.5988634268510186,0.6675190623149356
H67,19.63204957316679,-103.5006313932001,2024,8,2024-08-01,4,0.6391949360206489,0.1958718370682772,no_relative_stress,0.9454493399466426,1.1719155330223343,0.7249275031760221,0.7173493885278021
H67,19.63204957316679,-103.5006313932001,2024,9,2024-09-01,4,0.6124118927824361,0.226703162819558,no_relative_stress,0.7517688411706352,1.432437484614694,0.692504960517291,0.7655863990513423
H67,19.63204957316679,-103.5006313932001,2024,10,2024-10-01,5,0.7061384882085657,0.2165748429886833,no_relative_stress,1.4295489421566934,1.3468540857697235,0.8059668442708747,0.7497401823103256
H67,19.63204957316679,-103.5006313932001,2024,11,2024-11-01,5,0.5965816543576639,0.1520902688408524,no_relative_stress,0.6372931093957422,0.8019651880259332,0.6733414705411866,0.6488511350190098
H67,19.63204957316679,-103.5006313932001,2024,12,2024-12-01,6,0.5665656644239182,0.0792685381710891,no_relative_stress,0.42023368676340195,0.1866280615764873,0.6370052444665336,0.5349182273978103
H67,19.63204957316679,-103.5006313932001,2025,1,2025-01-01,5,0.4586638751286772,-0.0160874629659525,no_relative_stress,-0.360053757932538,-0.6191216396420323,0.5063834052952878,0.38572942937347904
H67,19.63204957316679,-103.5006313932001,2025,2,2025-02-01,4,0.439196294409626,-0.0311056782986712,moderate_possible_stress,-0.5008327840533807,-0.7460242191638239,0.48281668583358095,0.36223274885791445
H67,19.63204957316679,-103.5006313932001,2025,3,2025-03-01,7,0.3857405949068199,-0.0433422531702933,moderate_possible_stress,-0.887395522650323,-0.8494221849885204,0.4181052308257635,0.3430880712784885
H67,19.63204957316679,-103.5006313932001,2025,4,2025-04-01,7,0.3542607180510179,-0.0456174511271407,moderate_possible_stress,-1.1150409846170966,-0.8686474047133717,0.3799968784189462,0.33952842065973343
H67,19.63204957316679,-103.5006313932001,2025,5,2025-05-01,9,0.3167278186870479,-0.0548444644577239,moderate_possible_stress,-1.386458635130828,-0.9466148440523172,0.3345609651095154,0.3250923389057823
H67,19.63204957316679,-103.5006313932001,2025,6,2025-06-01,1,0.4572012017988508,-0.0322671240165397,moderate_possible_stress,-0.37063102122362457,-0.7558383318467703,0.5046127480921354,0.3604156142407624
H67,19.63204957316679,-103.5006313932001,2025,7,2025-07-01,5,0.6680190524152219,0.180322010736932,no_relative_stress,1.1538897770704377,1.0405208879965353,0.7598208920673147,0.6930209784414092
H67,19.63204957316679,-103.5006313932001,2025,8,2025-08-01,6,0.6814828905702418,0.2043175031860193,no_relative_stress,1.2512529805761237,1.2432806581305287,0.7761197070693591,0.7305630170524499
H67,19.63204957316679,-103.5006313932001,2025,9,2025-09-01,5,0.6476920055085339,0.1963570376383129,no_relative_stress,1.0068955558195245,1.1760154345458418,0.73521373523318,0.7181085068735925
H67,19.63204957316679,-103.5006313932001,2025,10,2025-10-01,6,0.6656638359021085,0.1770847792234912,no_relative_stress,1.1368581236870592,1.0131665705584392,0.7569697557275125,0.6879561825957589
H67,19.63204957316679,-103.5006313932001,2025,11,2025-11-01,7,0.5867126396777523,0.1120384307531639,no_relative_stress,0.5659257271071658,0.4635307299153427,0.661394413344843,0.5861882138423977
H67,19.63204957316679,-103.5006313932001,2025,12,2025-12-01,7,0.5375574994374227,0.0423789187916348,no_relative_stress,0.210462309657711,-0.12508593060678838,0.6018890532868745,0.4772027411235228
H67,19.63204957316679,-103.5006313932001,2026,1,2026-01-01,5,0.4765281014604108,0.0160834534166792,no_relative_stress,-0.23086932450560185,-0.34728026674324747,0.5280091643680834,0.43606229032858973
H67,19.63204957316679,-103.5006313932001,2026,2,2026-02-01,5,0.4374766181084049,-0.0375448286372909,moderate_possible_stress,-0.5132685539840576,-0.8004344649750706,0.4807349105200124,0.35215840547247784
H67,19.63204957316679,-103.5006313932001,2026,3,2026-03-01,7,0.3914694436136037,-0.0562677309173666,moderate_possible_stress,-0.8459675838954359,-0.9586413186416125,0.42504035914292587,0.3228655738375064
H67,19.63204957316679,-103.5006313932001,2026,4,2026-04-01,7,0.408013166676302,-0.0451555209471894,moderate_possible_stress,-0.7263323166893573,-0.8647441359097159,0.4450675667296004,0.3402511314225207
H68,19.62764543878409,-103.5041222734758,2023,1,2023-01-01,4,0.5075514740064831,0.0287116491542429,no_relative_stress,-0.006525055073800916,-0.24057313954474413,0.5655648898637442,0.45581967655324407
H68,19.62764543878409,-103.5041222734758,2023,2,2023-02-01,6,0.421432503359276,-0.0079192438360194,no_relative_stress,-0.6292909237869497,-0.5501009168248885,0.4613125099269004,0.39850897947481706
H68,19.62764543878409,-103.5041222734758,2023,3,2023-03-01,6,0.3697605344452162,-0.0760089425578963,moderate_possible_stress,-1.002954686452079,-1.125452795542665,0.39876037193884567,0.2919795509225785
H68,19.62764543878409,-103.5041222734758,2023,4,2023-04-01,6,0.3459003303266818,-0.084044035150108,moderate_possible_stress,-1.1754987918202733,-1.1933486109946279,0.3698761081530388,0.2794082833405468
H68,19.62764543878409,-103.5041222734758,2023,5,2023-05-01,6,0.3296319259371518,-0.09484069016776,moderate_possible_stress,-1.2931431031268559,-1.2845793825339051,0.35018219097500636,0.2625164258217737
H68,19.62764543878409,-103.5041222734758,2023,6,2023-06-01,5,0.3300279981133244,-0.100888449740147,moderate_possible_stress,-1.290278923132442,-1.335682411293354,0.35066166102303925,0.25305443108011216
H68,19.62764543878409,-103.5041222734758,2023,7,2023-07-01,3,0.6217803909835609,0.10739009308207,no_relative_stress,0.8195167586958225,0.4242526913547284,0.7038461113294898,0.5789156782736601
H68,19.62764543878409,-103.5041222734758,2023,8,2023-08-01,1,0.3349224578458545,0.215447738915572,no_relative_stress,-1.2548848346487627,1.3373301569207523,0.3565867094971046,0.7479767767573375
H68,19.62764543878409,-103.5041222734758,2023,9,2023-09-01,5,0.6344972136927055,0.1293076136920667,no_relative_stress,0.9114779500827334,0.6094537848608973,0.7192406175886774,0.6132066354917551
H68,19.62764543878409,-103.5041222734758,2023,10,2023-10-01,2,0.6225151544747421,0.0852805978914239,no_relative_stress,0.8248301712975449,0.23742942977150802,0.7047355883177849,0.5443243680982599
H68,19.62764543878409,-103.5041222734758,2023,11,2023-11-01,5,0.5756548144420648,0.0994998277693949,no_relative_stress,0.4859615091511485,0.3575806534922559,0.6480082268973915,0.5665709995533419
H68,19.62764543878409,-103.5041222734758,2023,12,2023-12-01,4,0.5653691510720419,0.0657065046812305,no_relative_stress,0.4115811486361095,0.07203008869521647,0.6355567905007945,0.5136998095636781
H68,19.62764543878409,-103.5041222734758,2024,1,2024-01-01,4,0.5094785926680688,0.0638429132966327,no_relative_stress,0.007410825933325914,0.056282907779197755,0.5678977870800155,0.5107841361360868
H68,19.62764543878409,-103.5041222734758,2024,2,2024-02-01,5,0.5187578919479376,0.0325924173855821,no_relative_stress,0.0745137050509853,-0.20778099426165916,0.5791309570401575,0.46189131484491736
H68,19.62764543878409,-103.5041222734758,2024,3,2024-03-01,6,0.4400577127050923,-0.0181600437797919,no_relative_stress,-0.4946034723341413,-0.6366347625875122,0.48385948635417,0.3824867824845789
H68,19.62764543878409,-103.5041222734758,2024,4,2024-04-01,5,0.3938402241911394,-0.0442533898209851,moderate_possible_stress,-0.8288233796068636,-0.8571212083883071,0.4279103367524894,0.34166255657430883
H68,19.62764543878409,-103.5041222734758,2024,5,2024-05-01,7,0.3512103417911407,-0.044976779234022,moderate_possible_stress,-1.1370996577190606,-0.8632337843821499,0.3763042078911273,0.34053078095717276
H68,19.62764543878409,-103.5041222734758,2024,6,2024-06-01,3,0.3504305805654575,-0.0473682908443259,moderate_possible_stress,-1.14273846962603,-0.8834418441003175,0.37536025834146347,0.336789152340745
H68,19.62764543878409,-103.5041222734758,2024,7,2024-07-01,3,0.1798387420768447,0.1387953567045784,no_relative_stress,-2.3763664808913907,0.6896243667478484,0.16884820848086388,0.6280506406841092
H68,19.62764543878409,-103.5041222734758,2024,8,2024-08-01,4,0.5618825372364158,0.1417929626828371,no_relative_stress,0.3863678410699283,0.7149538697948731,0.6313360272060983,0.6327405314881945
H68,19.62764543878409,-103.5041222734758,2024,9,2024-09-01,4,0.5366892283864695,0.1509457923449835,no_relative_stress,0.20418344251308967,0.7922944637547604,0.6008379570787816,0.6470605495209834
H68,19.62764543878409,-103.5041222734758,2024,10,2024-10-01,5,0.6447204033037836,0.15304379402586,no_relative_stress,0.9854065341254262,0.81002239075846,0.7316164256074077,0.6503429685118255
H68,19.62764543878409,-103.5041222734758,2024,11,2024-11-01,5,0.5781135536953741,0.1327258287158898,no_relative_stress,0.503741783061981,0.6383373968129953,0.6509846839645771,0.6185545882656973
H68,19.62764543878409,-103.5041222734758,2024,12,2024-12-01,6,0.5731009436404982,0.0895418206669707,no_relative_stress,0.4674932952795012,0.2734363820060918,0.6449166071635093,0.5509912448172625
H68,19.62764543878409,-103.5041222734758,2025,1,2025-01-01,5,0.52874380369995,0.0323473731027609,no_relative_stress,0.14672642380967724,-0.20985159658677896,0.5912195254259938,0.461507931926371
H68,19.62764543878409,-103.5041222734758,2025,2,2025-02-01,4,0.4732986735470703,-0.0152584499029238,no_relative_stress,-0.2542228024301923,-0.6121165532303062,0.5240997406572562,0.3870264579919713
H68,19.62764543878409,-103.5041222734758,2025,3,2025-03-01,7,0.4041154750908566,-0.0427522039477636,moderate_possible_stress,-0.7545183164515892,-0.844436321706835,0.440349168204993,0.34401123010682366
H68,19.62764543878409,-103.5041222734758,2025,4,2025-04-01,7,0.378562901895156,-0.0393023152282858,moderate_possible_stress,-0.9393007206592139,-0.8152850698526236,0.40941618620181597,0.34940873781729176
H68,19.62764543878409,-103.5041222734758,2025,5,2025-05-01,9,0.3372189282281902,-0.0525017967545297,moderate_possible_stress,-1.2382780015447292,-0.9268195109910007,0.35936672998520053,0.3287575490094199
H68,19.62764543878409,-103.5041222734758,2025,6,2025-06-01,1,0.4644871814745619,-0.0308934336234493,moderate_possible_stress,-0.3179427525637655,-0.7442307705962872,0.5134328804701225,0.3625648152995211
H68,19.62764543878409,-103.5041222734758,2025,7,2025-07-01,5,0.5844420277469555,0.1034693384465228,no_relative_stress,0.5495058883542631,0.3911226645239777,0.6586456961235435,0.5727814794350892
H68,19.62764543878409,-103.5041222734758,2025,8,2025-08-01,6,0.6313456977697196,0.1510424673010476,no_relative_stress,0.8886878895793187,0.7931113585074252,0.715425511196776,0.6472118018839419
H68,19.62764543878409,-103.5041222734758,2025,9,2025-09-01,5,0.6484347999706943,0.1936438426570537,no_relative_stress,1.0122670440645207,1.1530891790461448,0.7361129342122453,0.7138635900017327
H68,19.62764543878409,-103.5041222734758,2025,10,2025-10-01,6,0.682059573390704,0.1939095851838017,no_relative_stress,1.2554232391725522,1.155334679685591,0.7768178175559343,0.7142793562637062
H68,19.62764543878409,-103.5041222734758,2025,11,2025-11-01,7,0.5858500781543478,0.1031955469044281,no_relative_stress,0.5596881481811222,0.3888091504230465,0.6603502288756015,0.5723531201227514
H68,19.62764543878409,-103.5041222734758,2025,12,2025-12-01,7,0.5791453679927122,0.0625080424549948,no_relative_stress,0.5112033066078765,0.04500336827471197,0.6522337594625999,0.5086956700300523
H68,19.62764543878409,-103.5041222734758,2026,1,2026-01-01,5,0.5337541736760478,0.0415965687462132,no_relative_stress,0.18295871255266902,-0.13169671868336463,0.5972848904721242,0.4759787189170653
H68,19.62764543878409,-103.5041222734758,2026,2,2026-02-01,5,0.491397660820314,-0.0187658376953036,no_relative_stress,-0.1233407047072165,-0.6417536671200339,0.5460096924774188,0.38153899036842504
H68,19.62764543878409,-103.5041222734758,2026,3,2026-03-01,7,0.4373013764608642,-0.0452654477072875,moderate_possible_stress,-0.5145358069022615,-0.8656730072240412,0.48052276958657025,0.34007914600981265
H68,19.62764543878409,-103.5041222734758,2026,4,2026-04-01,7,0.4376925800242648,-0.0436100619682998,moderate_possible_stress,-0.511706834085077,-0.8516851454357325,0.48099634587548534,0.34266907224121224
H69,19.62326850459801,-103.5088931720352,2023,1,2023-01-01,4,0.6191430705295898,0.1363649965490968,no_relative_stress,0.8004450820228561,0.6690880402892928,0.7006534705917256,0.6242482317529562
H69,19.62326850459801,-103.5088931720352,2023,2,2023-02-01,6,0.5047137389161848,0.0683455651077205,no_relative_stress,-0.027046022119808836,0.09432991382196365,0.5621296347211133,0.5178287395549409
H69,19.62326850459801,-103.5088931720352,2023,3,2023-03-01,6,0.4672106389013933,0.0053114879956654,no_relative_stress,-0.29824817983980634,-0.4383024133939263,0.5167297953806244,0.4192090608059809
H69,19.62326850459801,-103.5088931720352,2023,4,2023-04-01,6,0.4744892183576729,0.0210510038894722,no_relative_stress,-0.24561342556880145,-0.3053049084908759,0.5255409693318909,0.44383424883486244
H69,19.62326850459801,-103.5088931720352,2023,5,2023-05-01,6,0.4630671854027277,0.0047088682997059,no_relative_stress,-0.328211396982053,-0.44339449605446,0.5117138867469376,0.4182662349005953
H69,19.62326850459801,-103.5088931720352,2023,6,2023-06-01,5,0.4497148985220197,-0.0110135054457381,no_relative_stress,-0.42476792193908885,-0.576247151333398,0.49555011151307227,0.3936678665419946
H69,19.62326850459801,-103.5088931720352,2023,7,2023-07-01,3,0.6358531802300816,0.103465531181142,no_relative_stress,0.921283567500693,0.39109049347122327,0.7208820995707983,0.572775522795348
H69,19.62326850459801,-103.5088931720352,2023,8,2023-08-01,1,0.4751455051904734,0.2271671093611184,no_relative_stress,-0.24086751376235024,1.4363577914940315,0.5263354454354309,0.7663122645035173
H69,19.62326850459801,-103.5088931720352,2023,9,2023-09-01,5,0.6128061915483064,0.0902325713173012,no_relative_stress,0.7546201968198529,0.27927316336734476,0.6929822837416539,0.5520719556066047
H69,19.62326850459801,-103.5088931720352,2023,10,2023-10-01,2,0.6709468492137581,0.1180069228147246,no_relative_stress,1.175062021733294,0.5139639552811609,0.7633651725194033,0.595526190960401
H69,19.62326850459801,-103.5088931720352,2023,11,2023-11-01,5,0.6039438649082217,0.1222337032661007,no_relative_stress,0.690532638557671,0.5496798729497092,0.682253885143029,0.6021391810977212
H69,19.62326850459801,-103.5088931720352,2023,12,2023-12-01,4,0.6243806437786212,0.1507243713804039,no_relative_stress,0.8383203820858809,0.7904234763609294,0.7069938793565019,0.6467141263575839
H69,19.62326850459801,-103.5088931720352,2024,1,2024-01-01,4,0.5340438190137129,0.1273061129606659,no_relative_stress,0.18505327114962025,0.5925412822697167,0.5976355242008168,0.6100751966226547
H69,19.62326850459801,-103.5088931720352,2024,2,2024-02-01,5,0.5862944514410977,0.1141867994185754,no_relative_stress,0.5629016157118646,0.48168425344423693,0.6608881704275718,0.5895494342698908
H69,19.62326850459801,-103.5088931720352,2024,3,2024-03-01,6,0.511887465268417,0.0518286800500043,no_relative_stress,0.02483049115111702,-0.04523629115331712,0.5708138774566611,0.4919873221351252
H69,19.62326850459801,-103.5088931720352,2024,4,2024-04-01,5,0.4638273028418779,0.0138593110796023,no_relative_stress,-0.322714638326453,-0.3660740710366096,0.5126340562690229,0.43258251854761226
H69,19.62326850459801,-103.5088931720352,2024,5,2024-05-01,7,0.4348154594713816,0.0146820100951447,no_relative_stress,-0.5325126155179379,-0.3591223377627553,0.47751341217633514,0.43386966855181786
H69,19.62326850459801,-103.5088931720352,2024,6,2024-06-01,3,0.4382105110805784,0.0095593557303996,no_relative_stress,-0.5079614365054891,-0.4024083100625703,0.48162333369080756,0.4258550429566015
H69,19.62326850459801,-103.5088931720352,2024,7,2024-07-01,3,0.3852315621882544,0.1369772297662834,no_relative_stress,-0.8910765722587711,0.6742613563464038,0.4174890150027299,0.6252060984492679
H69,19.62326850459801,-103.5088931720352,2024,8,2024-08-01,4,0.6185971513385085,0.1319911804737792,no_relative_stress,0.7964972893736183,0.6321296847180783,0.6999926013953602,0.6174051976987245
H69,19.62326850459801,-103.5088931720352,2024,9,2024-09-01,4,0.3163093945320235,0.146871128064949,no_relative_stress,-1.3894844525603212,0.757863914161084,0.33405443659835776,0.64068555204791
H69,19.62326850459801,-103.5088931720352,2024,10,2024-10-01,5,0.6902418036507437,0.1831249099487674,no_relative_stress,1.31459270784606,1.0642051362405056,0.7867229171105359,0.6974062416593593
H69,19.62326850459801,-103.5088931720352,2024,11,2024-11-01,5,0.5948645958819834,0.1376591379787028,no_relative_stress,0.6248762701650574,0.6800234198962977,0.6712628642685485,0.6262729748425802
H69,19.62326850459801,-103.5088931720352,2024,12,2024-12-01,6,0.6118903749722152,0.1055550363718447,no_relative_stress,0.7479975061245847,0.4087466258910761,0.6918736307128777,0.5760446486411197
H69,19.62326850459801,-103.5088931720352,2025,1,2025-01-01,5,0.5875057655472281,0.0839046169606274,no_relative_stress,0.571661184897603,0.2258025136817876,0.6623545416285525,0.5421715833891474
H69,19.62326850459801,-103.5088931720352,2025,2,2025-02-01,4,0.5693708984153542,0.0665910712307522,no_relative_stress,0.44051962342162093,0.0795045971109027,0.6404011550038876,0.5150837541368782
H69,19.62326850459801,-103.5088931720352,2025,3,2025-03-01,7,0.5083378070161507,0.0400089828668497,no_relative_stress,-0.0008387195755568743,-0.14511167770746922,0.566516794967401,0.47349486864777546
H69,19.62326850459801,-103.5088931720352,2025,4,2025-04-01,7,0.4690758786172959,0.0316415097955309,no_relative_stress,-0.28475977393687296,-0.2158160785503662,0.5189877842775442,0.46040357669838927
H69,19.62326850459801,-103.5088931720352,2025,5,2025-05-01,9,0.4119968246777105,0.0073616907473944,no_relative_stress,-0.697524654251468,-0.42097838307653795,0.44989003295719404,0.42241669619955247
H69,19.62326850459801,-103.5088931720352,2025,6,2025-06-01,1,0.546012319568564,0.0279063358278136,no_relative_stress,0.27160300100844287,-0.24737796529687645,0.6121241398651881,0.45455972724989296
H69,19.62326850459801,-103.5088931720352,2025,7,2025-07-01,5,0.573374980042967,0.0859932848975613,no_relative_stress,0.4694749784900639,0.24345157138200035,0.645248345303573,0.5454393993133418
H69,19.62326850459801,-103.5088931720352,2025,8,2025-08-01,6,0.6236460377393948,0.1142457794305094,no_relative_stress,0.8330081080916301,0.48218262928243283,0.7061045929736087,0.589641711179398
H69,19.62326850459801,-103.5088931720352,2025,9,2025-09-01,5,0.6072716733454436,0.1660799158265507,no_relative_stress,0.7145975512794844,0.9201764567921131,0.6862824046079855,0.67073857360383
H69,19.62326850459801,-103.5088931720352,2025,10,2025-10-01,6,0.6788941796928901,0.1631754296003818,no_relative_stress,1.2325328220992484,0.8956338073413929,0.7729859112528962,0.6661943728844897
H69,19.62326850459801,-103.5088931720352,2025,11,2025-11-01,7,0.6446270275614868,0.1314793724088049,no_relative_stress,0.9847312912047185,0.6278049522364633,0.7315033884532285,0.616604450717704
H69,19.62326850459801,-103.5088931720352,2025,12,2025-12-01,7,0.6533112932256893,0.1157895909887126,no_relative_stress,1.0475312086893127,0.49522769919861154,0.742016233145785,0.592057074533545
H69,19.62326850459801,-103.5088931720352,2026,1,2026-01-01,5,0.6355205591255679,0.1171146012838298,no_relative_stress,0.9188782313761659,0.5064239179648307,0.7204794409985676,0.5941301133663532
H69,19.62326850459801,-103.5088931720352,2026,2,2026-02-01,5,0.5946275531474429,0.0659424680563918,no_relative_stress,0.6231621051745933,0.07402395816087795,0.6709759092685426,0.5140689849894333
H69,19.62326850459801,-103.5088931720352,2026,3,2026-03-01,7,0.53386493464346,0.0329786298874523,no_relative_stress,0.18375967602879442,-0.2045175330816801,0.5974189735245579,0.46249556185872803
H69,19.62326850459801,-103.5088931720352,2026,4,2026-04-01,7,0.5116511571007488,0.0164367782103971,no_relative_stress,0.02312163815141322,-0.34429470376266336,0.570527811695624,0.43661508302814106
H7,19.64523781970015,-103.4907449690666,2023,1,2023-01-01,4,0.4670047271133343,-0.0681819090943837,moderate_possible_stress,-0.2997372226442561,-1.059315061163588,0.5164805263310657,0.3042253005407854
H7,19.64523781970015,-103.4907449690666,2023,2,2023-02-01,6,0.4386149216586816,-0.0721660404703512,moderate_possible_stress,-0.5050369576932543,-1.0929806157959343,0.4821128978939332,0.29799194591114453
H7,19.64523781970015,-103.4907449690666,2023,3,2023-03-01,6,0.4455308121465184,-0.080250041571285,moderate_possible_stress,-0.4550249740941172,-1.1612897037826087,0.490485014250191,0.2853441587441637
H7,19.64523781970015,-103.4907449690666,2023,4,2023-04-01,6,0.4208183621774402,-0.0819721135623273,moderate_possible_stress,-0.633732061015416,-1.1758410584505226,0.46056905375989754,0.2826498988403141
H7,19.64523781970015,-103.4907449690666,2023,5,2023-05-01,6,0.4028325250989822,-0.1002078185528535,moderate_possible_stress,-0.7637959176607148,-1.3299311384918282,0.43879607730077425,0.25411930950956996
H7,19.64523781970015,-103.4907449690666,2023,6,2023-06-01,5,0.404616183702336,-0.0924387810909466,moderate_possible_stress,-0.7508974622883697,-1.2642834651514736,0.44095530717773385,0.2662743217471548
H7,19.64523781970015,-103.4907449690666,2023,7,2023-07-01,3,0.6034630783281985,0.0533864607413003,no_relative_stress,0.6870558497627793,-0.03207318330893679,0.6816718630306833,0.4944245408329391
H7,19.64523781970015,-103.4907449690666,2023,8,2023-08-01,1,0.2451672111289722,0.342373442994743,no_relative_stress,-1.9039462873475697,2.409841031110659,0.24793239080597634,0.9465578099819754
H7,19.64523781970015,-103.4907449690666,2023,9,2023-09-01,5,0.5545823776458988,0.0092942430111999,no_relative_stress,0.333577030927095,-0.4046484888844296,0.6224987291577054,0.4254402620571642
H7,19.64523781970015,-103.4907449690666,2023,10,2023-10-01,2,0.6673647907404932,0.1016296723891738,no_relative_stress,1.149158510113041,0.3755776504884112,0.7590288675438058,0.5699032382694637
H7,19.64523781970015,-103.4907449690666,2023,11,2023-11-01,5,0.5800694656071271,0.0584734419793782,no_relative_stress,0.5178858812983523,0.010911354253568673,0.6533524372042484,0.5023833542000231
H7,19.64523781970015,-103.4907449690666,2023,12,2023-12-01,4,0.5885158281642144,0.0689866529685635,no_relative_stress,0.5789654120428512,0.09974704904334,0.6635772853621885,0.518831750652792
H7,19.64523781970015,-103.4907449690666,2024,1,2024-01-01,4,0.5167182822665773,0.0666943696188777,no_relative_stress,0.059764349763733175,0.08037745927349342,0.5766618824352704,0.5152453691603537
H7,19.64523781970015,-103.4907449690666,2024,2,2024-02-01,5,0.5229745142661892,0.0303650344509569,no_relative_stress,0.10500603956597485,-0.22660218131515356,0.5842354410890133,0.4584064730017797
H7,19.64523781970015,-103.4907449690666,2024,3,2024-03-01,6,0.4880726403064804,-0.0264556043457683,no_relative_stress,-0.14738545667330116,-0.7067315091768479,0.541984547967436,0.369508000918462
H7,19.64523781970015,-103.4907449690666,2024,4,2024-04-01,5,0.5047193766762345,-0.0018006823592591,no_relative_stress,-0.027005252885010083,-0.4983996182909711,0.5621364595809354,0.4080817470140512
H7,19.64523781970015,-103.4907449690666,2024,5,2024-05-01,7,0.485705388025836,0.0055323783805123,no_relative_stress,-0.1645041462249684,-0.43643590935149434,0.5391188415811032,0.419554653853272
H7,19.64523781970015,-103.4907449690666,2024,6,2024-06-01,3,0.4663794589317643,-0.002487593590846,no_relative_stress,-0.30425882432327894,-0.5042039569064228,0.5157236002375747,0.4070070431698476
H7,19.64523781970015,-103.4907449690666,2024,7,2024-07-01,3,0.1634874505578455,0.0601460504986121,no_relative_stress,-2.494610187137335,0.025044746998209952,0.14905395126801274,0.5050002262539501
H7,19.64523781970015,-103.4907449690666,2024,8,2024-08-01,4,0.5213015013942154,0.0363333370484102,no_relative_stress,0.0929077143450281,-0.1761705569041374,0.5822101547640901,0.4677441536945754
H7,19.64523781970015,-103.4907449690666,2024,9,2024-09-01,4,0.3237651372185754,0.0781895802732172,no_relative_stress,-1.3355685495229594,0.17751096361232005,0.3430800776786946,0.5332301487243869
H7,19.64523781970015,-103.4907449690666,2024,10,2024-10-01,5,0.609067639666481,0.0814962397116781,no_relative_stress,0.7275850094166967,0.20545194082194737,0.68845653374408,0.53840356771446
H7,19.64523781970015,-103.4907449690666,2024,11,2024-11-01,5,0.5944167013592961,0.0846854273914536,no_relative_stress,0.6216373389584149,0.23240029215240893,0.6707206600410723,0.5433931967985899
H7,19.64523781970015,-103.4907449690666,2024,12,2024-12-01,6,0.6301327805266363,0.0811648954219329,no_relative_stress,0.8799167273732549,0.20265211113866438,0.7139571992986243,0.5378851645124604
H7,19.64523781970015,-103.4907449690666,2025,1,2025-01-01,5,0.6167205423887463,0.0658844711824208,no_relative_stress,0.7829266673138038,0.07353388975074633,0.6977208493324502,0.513978246243956
H7,19.64523781970015,-103.4907449690666,2025,2,2025-02-01,4,0.5679720006627232,0.0104636177522844,no_relative_stress,0.4304035506491427,-0.3947673766627961,0.6387077021107089,0.42726980199153797
H7,19.64523781970015,-103.4907449690666,2025,3,2025-03-01,7,0.5105047067339312,-0.0242684783091784,no_relative_stress,0.014831128484820688,-0.6882504893197244,0.5691399620926623,0.3729298590148143
H7,19.64523781970015,-103.4907449690666,2025,4,2025-04-01,7,0.4898491170954546,-0.0208351255940523,no_relative_stress,-0.13453893630247116,-0.6592389652268165,0.5441350838105989,0.37830149539485813
H7,19.64523781970015,-103.4907449690666,2025,5,2025-05-01,9,0.4682061467338642,-0.025535219344983,no_relative_stress,-0.291049205032743,-0.6989543380439796,0.5179349196407135,0.370947985086731
H7,19.64523781970015,-103.4907449690666,2025,6,2025-06-01,1,0.5553392742268509,-0.0060102749910274,no_relative_stress,0.3390504980763212,-0.5339703004174617,0.623414999630254,0.40149564800175075
H7,19.64523781970015,-103.4907449690666,2025,7,2025-07-01,5,0.605439853755038,0.0603210827348049,no_relative_stress,0.7013508216684431,0.026523753776328433,0.684064872855347,0.5052740721432675
H7,19.64523781970015,-103.4907449690666,2025,8,2025-08-01,6,0.6381445655307836,0.0918653275534436,no_relative_stress,0.9378536280416391,0.29306980787578735,0.7236559642507313,0.5546264769522171
H7,19.64523781970015,-103.4907449690666,2025,9,2025-09-01,5,0.5218676730906373,0.1311495179284333,no_relative_stress,0.09700196217118268,0.625017711309455,0.5828955408800791,0.6160883783901862
H7,19.64523781970015,-103.4907449690666,2025,10,2025-10-01,6,0.6876152564483529,0.1756846138894071,no_relative_stress,1.2955989375081178,1.0013352984188555,0.7835433180650776,0.6857655602884419
H7,19.64523781970015,-103.4907449690666,2025,11,2025-11-01,7,0.6518927049495571,0.1183407321591777,no_relative_stress,1.037272744688961,0.5167846144567748,0.7402989436470155,0.596048450852536
H7,19.64523781970015,-103.4907449690666,2025,12,2025-12-01,7,0.6584443507727926,0.1198491991887677,no_relative_stress,1.084650707662099,0.5295310262598802,0.7482301191411311,0.598408516085142
H7,19.64523781970015,-103.4907449690666,2026,1,2026-01-01,5,0.6485744373579482,0.1313107069784326,no_relative_stress,1.013276826208042,0.6263797443994332,0.736281973970152,0.6163405659854853
H7,19.64523781970015,-103.4907449690666,2026,2,2026-02-01,5,0.6164836530688305,0.0819821281342462,no_relative_stress,0.7812136117350208,0.20955765463797796,0.6974340800504064,0.5391637622368025
H7,19.64523781970015,-103.4907449690666,2026,3,2026-03-01,7,0.5785445558395753,0.0515478788434846,no_relative_stress,0.5068585577137622,-0.04760903629318393,0.6515064389153525,0.49154799588418213
H7,19.64523781970015,-103.4907449690666,2026,4,2026-04-01,7,0.5809354818820747,0.0457354136487112,no_relative_stress,0.5241484431210757,-0.09672384855655622,0.6544008038654939,0.48245412989120423
H70,19.6263645881459,-103.5081728823758,2023,1,2023-01-01,4,0.4895175757827216,0.0364574209504576,no_relative_stress,-0.13693646395621303,-0.1751220590035487,0.5437337323935993,0.467938288599352
H70,19.6263645881459,-103.5081728823758,2023,2,2023-02-01,6,0.3707468028139806,-0.0261236317841919,no_relative_stress,-0.9958225264547887,-0.7039263706526505,0.39995431125241837,0.3700273870802984
H70,19.6263645881459,-103.5081728823758,2023,3,2023-03-01,6,0.344573167460672,-0.0843425743641005,moderate_possible_stress,-1.1850961166485077,-1.1958712407149195,0.3682694948098286,0.27894120517066145
H70,19.6263645881459,-103.5081728823758,2023,4,2023-04-01,6,0.3277599698610559,-0.0885320987575209,moderate_possible_stress,-1.3066800781180976,-1.2312723480180117,0.3479160715055842,0.27238650382942403
H70,19.6263645881459,-103.5081728823758,2023,5,2023-05-01,6,0.3214429317843563,-0.112508374122687,severe_possible_stress,-1.3523614846184833,-1.4338697355075654,0.34026890330677395,0.23487453121965812
H70,19.6263645881459,-103.5081728823758,2023,6,2023-06-01,5,0.3222117920959233,-0.1237491274563339,severe_possible_stress,-1.3468015022330269,-1.5288530981911617,0.3411996566206774,0.2172878616997747
H70,19.6263645881459,-103.5081728823758,2023,7,2023-07-01,3,0.6603532040212158,0.1200828022720737,no_relative_stress,1.0984545030693855,0.5315049514699677,0.7505409049366734,0.5987739987270064
H70,19.6263645881459,-103.5081728823758,2023,8,2023-08-01,1,0.3944078914628435,0.1812053557497189,no_relative_stress,-0.8247183165882742,1.0479850745358075,0.428597533355545,0.6944030118648649
H70,19.6263645881459,-103.5081728823758,2023,9,2023-09-01,5,0.6086426834011361,0.0892336771684048,no_relative_stress,0.7245119552944318,0.27083259693812245,0.6879420977063716,0.5505091403076157
H70,19.6263645881459,-103.5081728823758,2023,10,2023-10-01,2,0.681735947845654,0.1167008584282494,no_relative_stress,1.2530829540740864,0.5029278277524684,0.7764260486689367,0.5934827938628173
H70,19.6263645881459,-103.5081728823758,2023,11,2023-11-01,5,0.6031480420566024,0.1104820184789866,no_relative_stress,0.6847776776494553,0.4503791850735148,0.6812904919943891,0.583753136095365
H70,19.6263645881459,-103.5081728823758,2023,12,2023-12-01,4,0.5811373995508003,0.0759414806840406,no_relative_stress,0.525608602612387,0.1585147226763642,0.6546452377847309,0.5297128947335632
H70,19.6263645881459,-103.5081728823758,2024,1,2024-01-01,4,0.5198929587880037,0.0668083058551518,no_relative_stress,0.08272189520222391,0.08134021030374977,0.5805050261746928,0.5154236275807831
H70,19.6263645881459,-103.5081728823758,2024,2,2024-02-01,5,0.5121999868603745,0.0209504017010855,no_relative_stress,0.027090478459887022,-0.3061549880062492,0.5711922043165663,0.4436768521384295
H70,19.6263645881459,-103.5081728823758,2024,3,2024-03-01,6,0.4404243053354855,-0.0231478673161771,no_relative_stress,-0.4919524724880574,-0.6787814264183206,0.4843032695752022,0.37468310584883835
H70,19.6263645881459,-103.5081728823758,2024,4,2024-04-01,5,0.3622645369904432,-0.067799361223872,moderate_possible_stress,-1.0571616902250007,-1.056082565791602,0.3896859999533515,0.30482381407226605
H70,19.6263645881459,-103.5081728823758,2024,5,2024-05-01,7,0.3084738192223306,-0.0618328007625434,moderate_possible_stress,-1.446147099918223,-1.0056656622753928,0.3245689844607996,0.3141587691139088
H70,19.6263645881459,-103.5081728823758,2024,6,2024-06-01,3,0.3137616528823708,-0.0647867373435569,moderate_possible_stress,-1.4079083437166897,-1.0306261628122124,0.33097023658476726,0.30953720106673194
H70,19.6263645881459,-103.5081728823758,2024,7,2024-07-01,3,0.2726197985209207,0.1338159816441884,no_relative_stress,-1.7054240069825652,0.647549091785362,0.2811654583812869,0.6202601820730743
H70,19.6263645881459,-103.5081728823758,2024,8,2024-08-01,4,0.65699666964058,0.1715398753349139,no_relative_stress,1.0741818598444055,0.9663126274585643,0.7464776109273358,0.6792809284278705
H70,19.6263645881459,-103.5081728823758,2024,9,2024-09-01,4,0.316984282586646,0.1864975681815277,no_relative_stress,-1.3846040267672297,1.0927037973730473,0.3348714306399328,0.7026829187629771
H70,19.6263645881459,-103.5081728823758,2024,10,2024-10-01,5,0.6882088615095878,0.1674449279054888,no_relative_stress,1.2998915686073318,0.9317106870623544,0.7842619139785125,0.6728741970456393
H70,19.6263645881459,-103.5081728823758,2024,11,2024-11-01,5,0.6472308401336386,0.1713080652420964,no_relative_stress,1.0035606569794815,0.9643538528581204,0.7346554658122152,0.6789182510011227
H70,19.6263645881459,-103.5081728823758,2024,12,2024-12-01,6,0.5480625812704899,0.0690363430095688,no_relative_stress,0.28642938595351874,0.10016692545611047,0.6146061094046844,0.5189094929805215
H70,19.6263645881459,-103.5081728823758,2025,1,2025-01-01,5,0.5035588515031321,0.0036559292941984,no_relative_stress,-0.035397543946538525,-0.452291736699752,0.5607315715479818,0.4166188639669207
H70,19.6263645881459,-103.5081728823758,2025,2,2025-02-01,4,0.453990901753118,-0.0291373772926349,no_relative_stress,-0.3938461767437804,-0.7293922512896407,0.5007264798568815,0.3653122452476447
H70,19.6263645881459,-103.5081728823758,2025,3,2025-03-01,7,0.3906218400667673,-0.0483849079023951,moderate_possible_stress,-0.8520969948161994,-0.8920321675306767,0.42401428223633353,0.33519860874479024
H70,19.6263645881459,-103.5081728823758,2025,4,2025-04-01,7,0.3574416862636947,-0.043014396148032,moderate_possible_stress,-1.0920379410666585,-0.8466518224043158,0.383847638642655,0.3436010184920016
H70,19.6263645881459,-103.5081728823758,2025,5,2025-05-01,9,0.322429279329846,-0.0595300926392387,moderate_possible_stress,-1.3452287520578916,-0.9862079840986444,0.34146293846870607,0.31776146063851424
H70,19.6263645881459,-103.5081728823758,2025,6,2025-06-01,1,0.4932205603942417,-0.0416392149243654,moderate_possible_stress,-0.11015847983617705,-0.8350316637684871,0.5482164259943154,0.34575255202295996
H70,19.6263645881459,-103.5081728823758,2025,7,2025-07-01,5,0.5503981166910394,0.0671851607564584,no_relative_stress,0.303318716308468,0.08452460059392292,0.6174334205556332,0.5160132342031781
H70,19.6263645881459,-103.5081728823758,2025,8,2025-08-01,6,0.6562491844958884,0.146453161036402,no_relative_stress,1.0687764511175524,0.7543321300640669,0.7455727335847957,0.6400316236337652
H70,19.6263645881459,-103.5081728823758,2025,9,2025-09-01,5,0.6525560169848553,0.172887938155919,no_relative_stress,1.0420694589644093,0.9777036380116138,0.7411019241959108,0.6813900339852439
H70,19.6263645881459,-103.5081728823758,2025,10,2025-10-01,6,0.6445535707003718,0.1475243124091453,no_relative_stress,0.9842000908712559,0.763383263587455,0.731414464345841,0.6417074886437925
H70,19.6263645881459,-103.5081728823758,2025,11,2025-11-01,7,0.6413155525274401,0.1486253642948512,no_relative_stress,0.9607844928303131,0.7726870537774256,0.72749464159053,0.6434301343654268
H70,19.6263645881459,-103.5081728823758,2025,12,2025-12-01,7,0.5993179675306459,0.0791810389274596,no_relative_stress,0.657080647930362,0.18588870077516773,0.6766539481334297,0.5347813308540221
H70,19.6263645881459,-103.5081728823758,2026,1,2026-01-01,5,0.4948585576068325,0.0186106914836942,no_relative_stress,-0.09831336894617716,-0.32592533057642054,0.5501993236817722,0.44001626915575803
H70,19.6263645881459,-103.5081728823758,2026,2,2026-02-01,5,0.4521965320207821,-0.0560492558369436,moderate_possible_stress,-0.4068220892140836,-0.9567952237060506,0.4985542834908916,0.3232073880312427
H70,19.6263645881459,-103.5081728823758,2026,3,2026-03-01,7,0.3995599665811297,-0.0838263336497787,moderate_possible_stress,-0.787461292815209,-1.191509052741833,0.4348344413057697,0.2797488872330647
H70,19.6263645881459,-103.5081728823758,2026,4,2026-04-01,7,0.4047924668801348,-0.0812713261711235,moderate_possible_stress,-0.7496226775860404,-1.1699194675244449,0.4411687089484499,0.2837463125669557
H71,19.62298058031248,-103.5108963687992,2023,1,2023-01-01,4,0.5324642336419633,0.0784597958760485,no_relative_stress,0.17363056313474992,0.17979426134554816,0.5957233376862691,0.5336529133172088
H71,19.62298058031248,-103.5108963687992,2023,2,2023-02-01,6,0.4158968727853305,0.0213625605183383,no_relative_stress,-0.6693216133940142,-0.30267228277641534,0.4546112841987259,0.44432169334200206
H71,19.62298058031248,-103.5108963687992,2023,3,2023-03-01,6,0.3845494369514348,-0.0396236588014603,moderate_possible_stress,-0.8960093334435205,-0.8180003943732245,0.41666325990116526,0.34890598119093275
H71,19.62298058031248,-103.5108963687992,2023,4,2023-04-01,6,0.3771526861367097,-0.0360507628014038,moderate_possible_stress,-0.9494986391350342,-0.7878097419737704,0.4077090321573867,0.35449593938295376
H71,19.62298058031248,-103.5108963687992,2023,5,2023-05-01,6,0.3619038302369043,-0.0558560637963271,moderate_possible_stress,-1.0597701265896036,-0.9551627682009081,0.38924934195299327,0.32350964576000407
H71,19.62298058031248,-103.5108963687992,2023,6,2023-06-01,5,0.3323567353627998,-0.0736691984328448,moderate_possible_stress,-1.2734387534778915,-1.1056821664557908,0.3534807425643171,0.2956401869553255
H71,19.62298058031248,-103.5108963687992,2023,7,2023-07-01,3,0.5627853834917272,0.0607250132384258,no_relative_stress,0.39289673741271897,0.029936930490165645,0.6324289788534058,0.5059060397761589
H71,19.62298058031248,-103.5108963687992,2023,8,2023-08-01,1,0.4758401407271831,0.2139942499348054,no_relative_stress,-0.2358442848476641,1.325048304724644,0.5271763450345142,0.7457027271810497
H71,19.62298058031248,-103.5108963687992,2023,9,2023-09-01,5,0.577551714097502,0.0982416696390774,no_relative_stress,0.49967886263206013,0.3469493295535345,0.6503045421238104,0.5646025539710147
H71,19.62298058031248,-103.5108963687992,2023,10,2023-10-01,2,0.6586781806748302,0.1316120541352674,no_relative_stress,1.0863416391836807,0.6289261009861961,0.7485131848072046,0.6168120373095776
H71,19.62298058031248,-103.5108963687992,2023,11,2023-11-01,5,0.5789148462793531,0.1265756590014311,no_relative_stress,0.5095362981195208,0.5863690114908544,0.6519546985650508,0.6089323682018852
H71,19.62298058031248,-103.5108963687992,2023,12,2023-12-01,4,0.5273036644918389,0.073585735805163,no_relative_stress,0.13631211511245306,0.1386088886473685,0.5894761471812514,0.5260272247941681
H71,19.62298058031248,-103.5108963687992,2024,1,2024-01-01,4,0.47067062923931,0.070504953291003,no_relative_stress,-0.2732273990253333,0.11257655129362237,0.5209183292724655,0.5212072005190167
H71,19.62298058031248,-103.5108963687992,2024,2,2024-02-01,5,0.4851104138133633,0.059335007949121,no_relative_stress,-0.16880667828623055,0.018191509822410346,0.5383985882247849,0.5037313133207068
H71,19.62298058031248,-103.5108963687992,2024,3,2024-03-01,6,0.4342951613596175,0.0088879893647649,no_relative_stress,-0.5362751303637084,-0.40808129594775744,0.4768835588929017,0.42480465976174564
H71,19.62298058031248,-103.5108963687992,2024,4,2024-04-01,5,0.3739950070367082,-0.030898312465744,moderate_possible_stress,-0.9723332684048811,-0.7442719963783498,0.4038864648556877,0.3625571821289915
H71,19.62298058031248,-103.5108963687992,2024,5,2024-05-01,7,0.3255917212414063,-0.0376152128497918,moderate_possible_stress,-1.322359680708029,-0.8010292052904872,0.34529127145056193,0.3520482861728251
H71,19.62298058031248,-103.5108963687992,2024,6,2024-06-01,3,0.321532086665822,-0.0429968269046633,moderate_possible_stress,-1.3517167646829251,-0.8465033638655122,0.3403768308459205,0.3436285063718321
H71,19.62298058031248,-103.5108963687992,2024,7,2024-07-01,3,0.394266849161753,0.1057528548442234,no_relative_stress,-0.8257382583096374,0.4104181743318037,0.42842679286190055,0.5763541446326597
H71,19.62298058031248,-103.5108963687992,2024,8,2024-08-01,4,0.5660654938947791,0.1241208902388757,no_relative_stress,0.4166167237209608,0.565626434480447,0.6363997568759929,0.6050917708955132
H71,19.62298058031248,-103.5108963687992,2024,9,2024-09-01,4,0.2882314950535508,0.1526478657481911,no_relative_stress,-1.5925286521012572,0.8066768321398978,0.3000643897798735,0.6497235207251637
H71,19.62298058031248,-103.5108963687992,2024,10,2024-10-01,5,0.6638424111303352,0.1769236061562826,no_relative_stress,1.123686563788417,1.0118046725216165,0.7547648075505169,0.6877040200062624
H71,19.62298058031248,-103.5108963687992,2024,11,2024-11-01,5,0.5193037887528208,0.0859712433560049,no_relative_stress,0.07846133581533202,0.24326532232256307,0.579791799136635,0.5454049143197159
H71,19.62298058031248,-103.5108963687992,2024,12,2024-12-01,6,0.5014011841918563,0.0228588875153293,no_relative_stress,-0.05100062823101363,-0.29002845316554504,0.5581195808260546,0.44666276494180224
H71,19.62298058031248,-103.5108963687992,2025,1,2025-01-01,5,0.465143316478215,-0.0170989390236703,no_relative_stress,-0.31319793870368057,-0.6276685220781416,0.5142271727750193,0.38414692910624954
H71,19.62298058031248,-103.5108963687992,2025,2,2025-02-01,4,0.4330559644149798,-0.0338964818352378,moderate_possible_stress,-0.5452363331734288,-0.7696062600310412,0.4753834337785622,0.3578664098737109
H71,19.62298058031248,-103.5108963687992,2025,3,2025-03-01,7,0.3795215327059943,-0.0409362106451211,moderate_possible_stress,-0.9323684205492582,-0.829091340336275,0.4105766685294565,0.3468524341717058
H71,19.62298058031248,-103.5108963687992,2025,4,2025-04-01,7,0.3432428093282969,-0.0410600526623341,moderate_possible_stress,-1.1947165479168074,-0.8301377943315957,0.36665901339759016,0.346658677706747
H71,19.62298058031248,-103.5108963687992,2025,5,2025-05-01,9,0.3018136674417743,-0.062229387700282,moderate_possible_stress,-1.4943097193528072,-1.0090167865127737,0.31650645574447295,0.31353829082362955
H71,19.62298058031248,-103.5108963687992,2025,6,2025-06-01,1,0.4421363983511725,-0.0369411802257379,moderate_possible_stress,-0.4795715407813844,-0.7953336897595618,0.4863758648491264,0.3531028408501681
H71,19.62298058031248,-103.5108963687992,2025,7,2025-07-01,5,0.5207174432149317,0.0665286974272817,no_relative_stress,0.08868412113824617,0.07897754403704328,0.5815031159461119,0.514986167486253
H71,19.62298058031248,-103.5108963687992,2025,8,2025-08-01,6,0.5627556084082866,0.0848601044373391,no_relative_stress,0.3926814200956919,0.23387629760412354,0.6323929342596517,0.5436664869765269
H71,19.62298058031248,-103.5108963687992,2025,9,2025-09-01,5,0.5541681697725299,0.1406568034293557,no_relative_stress,0.33058170336862797,0.7053534254797468,0.6219973047182031,0.6309629586939295
H71,19.62298058031248,-103.5108963687992,2025,10,2025-10-01,6,0.6279379317003541,0.1464997464691026,no_relative_stress,0.8640447664600986,0.7547257728136795,0.7113001980360467,0.6401045086606872
H71,19.62298058031248,-103.5108963687992,2025,11,2025-11-01,7,0.5705840523283539,0.0953965169121161,no_relative_stress,0.44929249709665614,0.32290804287693126,0.6418697534057196,0.5601511832080882
H71,19.62298058031248,-103.5108963687992,2025,12,2025-12-01,7,0.5438367046034217,0.0469290326001337,no_relative_stress,0.255870128987682,-0.08663787492081988,0.609490422389959,0.48432160099463134
H71,19.62298058031248,-103.5108963687992,2026,1,2026-01-01,5,0.5092949816043557,0.0423370622190401,no_relative_stress,0.006083049919059844,-0.12543961491045105,0.5676755144468085,0.47713725461317885
H71,19.62298058031248,-103.5108963687992,2026,2,2026-02-01,5,0.4722288436742546,-0.0016132639539924,no_relative_stress,-0.2619592340794823,-0.49681594948936664,0.5228046449364137,0.40837497162787695
H71,19.62298058031248,-103.5108963687992,2026,3,2026-03-01,7,0.4267580182251993,-0.0157273399018157,no_relative_stress,-0.5907796774622809,-0.6160786318830019,0.46775937749845975,0.38629285827610466
H71,19.62298058031248,-103.5108963687992,2026,4,2026-04-01,7,0.3949077541591708,-0.033590152152896,moderate_possible_stress,-0.821103579626417,-0.7670178015483229,0.4292026482952863,0.3583456765854312
H72,19.60791996745303,-103.5088436795277,2023,1,2023-01-01,4,0.4650324250538102,0.0836027809400353,no_relative_stress,-0.3139998455742956,0.22325202623989557,0.5140929317962674,0.5416993472154863
H72,19.60791996745303,-103.5088436795277,2023,2,2023-02-01,6,0.4099780904320148,0.0498464379609554,no_relative_stress,-0.712123049666247,-0.06198605993502717,0.44744622936790196,0.48888601428735334
H72,19.60791996745303,-103.5088436795277,2023,3,2023-03-01,6,0.3661810173716846,0.0091539169937674,no_relative_stress,-1.028839820042488,-0.40583423121077694,0.39442714348597707,0.4252207156246097
H72,19.60791996745303,-103.5088436795277,2023,4,2023-04-01,6,0.3510856772940389,0.0126807263290261,no_relative_stress,-1.1380011640103207,-0.3760330070166607,0.3761532937496922,0.4307385691347633
H72,19.60791996745303,-103.5088436795277,2023,5,2023-05-01,6,0.3550682493194957,0.0105126618565682,no_relative_stress,-1.1092013547637998,-0.3943529583576869,0.38097444533573055,0.4273465337219066
H72,19.60791996745303,-103.5088436795277,2023,6,2023-06-01,5,0.3454375880529771,0.0028259436737209,no_relative_stress,-1.1788450939405644,-0.45930504113514137,0.36931592979781047,0.4153203137380939
H72,19.60791996745303,-103.5088436795277,2023,7,2023-07-01,3,0.5144912882260437,0.0666716887542738,no_relative_stress,0.043659932028023755,0.08018580799135014,0.5739659673879123,0.5152098839167607
H72,19.60791996745303,-103.5088436795277,2023,8,2023-08-01,1,0.5388677319779794,0.2069260631603029,no_relative_stress,0.2199372035191196,1.2653227571576147,0.6034751714162156,0.7346442276998895
H72,19.60791996745303,-103.5088436795277,2023,9,2023-09-01,5,0.5757581328349182,0.127967154055921,no_relative_stress,0.48670865194902246,0.5981270205414954,0.648133300249584,0.6111094254626841
H72,19.60791996745303,-103.5088436795277,2023,10,2023-10-01,2,0.633924528366461,0.1458942523680198,no_relative_stress,0.9073365992047834,0.7496094016863303,0.7185473463179317,0.639157185617835
H72,19.60791996745303,-103.5088436795277,2023,11,2023-11-01,5,0.5287362565906549,0.113769005254915,no_relative_stress,0.1466718471926892,0.4781539300400873,0.5912103891799408,0.5888957763107184
H72,19.60791996745303,-103.5088436795277,2023,12,2023-12-01,4,0.5214629826916996,0.1424170873942417,no_relative_stress,0.09407545984584958,0.7202276679170765,0.582405637936398,0.633717002967718
H72,19.60791996745303,-103.5088436795277,2024,1,2024-01-01,4,0.4730314039231575,0.0972175256140763,no_relative_stress,-0.25615555195408674,0.3382954039242139,0.5237761941242643,0.5630002340931693
H72,19.60791996745303,-103.5088436795277,2024,2,2024-02-01,5,0.4298304559739994,0.0371173467551798,no_relative_stress,-0.568561467591462,-0.16954574483725812,0.4714787548332444,0.468970772516649
H72,19.60791996745303,-103.5088436795277,2024,3,2024-03-01,6,0.4010585394697379,0.0046841539974962,no_relative_stress,-0.7766244233102629,-0.4436033297029335,0.4366485571616854,0.4182275682514415
H72,19.60791996745303,-103.5088436795277,2024,4,2024-04-01,5,0.3629192116125143,-0.010438381800398,no_relative_stress,-1.0524274370555247,-0.5713874078471908,0.39047852437534863,0.39456767362639983
H72,19.60791996745303,-103.5088436795277,2024,5,2024-05-01,7,0.337720147036875,-0.0096803834174823,no_relative_stress,-1.2346534579109618,-0.5649823891459484,0.3599734865834483,0.3957535965500033
H72,19.60791996745303,-103.5088436795277,2024,6,2024-06-01,3,0.3405901745144456,-0.0184115535162949,no_relative_stress,-1.2138989697666258,-0.6387599974193462,0.3634478336729717,0.3820932840698711
H72,19.60791996745303,-103.5088436795277,2024,7,2024-07-01,3,0.0820998146967802,0.1459169111670575,no_relative_stress,-3.0831615988484957,0.7498008665164079,0.05052914689351413,0.6391926363388467
H72,19.60791996745303,-103.5088436795277,2024,8,2024-08-01,4,0.481082144083522,0.1325520703223759,no_relative_stress,-0.19793694864202047,0.6368691538918515,0.5335221167202208,0.6182827353611515
H72,19.60791996745303,-103.5088436795277,2024,9,2024-09-01,4,0.4301033200732225,0.1440231257471287,no_relative_stress,-0.5665882618446185,0.7337985486959843,0.4718090738271844,0.6362297229705614
H72,19.60791996745303,-103.5088436795277,2024,10,2024-10-01,5,0.5460916005902633,0.0980688009286172,no_relative_stress,0.27217631852466456,0.34548860437481016,0.6122201144818592,0.5643320930160454
H72,19.60791996745303,-103.5088436795277,2024,11,2024-11-01,5,0.4738085273899756,0.1067439472423629,no_relative_stress,-0.25053581489414284,0.4187928166632619,0.5247169505024664,0.5779047537379742
H72,19.60791996745303,-103.5088436795277,2024,12,2024-12-01,6,0.5683461522728029,0.0890469830396004,no_relative_stress,0.43310921295247246,0.26925504820799895,0.6391606359476426,0.5502170488572359
H72,19.60791996745303,-103.5088436795277,2025,1,2025-01-01,5,0.5060409759444685,0.0117609316004269,no_relative_stress,-0.017448160990076556,-0.3838051904022251,0.563736337842377,0.4292995084741593
H72,19.60791996745303,-103.5088436795277,2025,2,2025-02-01,4,0.435209863770487,-0.0189226204867639,no_relative_stress,-0.5296604967093799,-0.6430784677185173,0.47799086315525474,0.3812936965648893
H72,19.60791996745303,-103.5088436795277,2025,3,2025-03-01,7,0.3741562460043419,-0.0325455574658349,moderate_possible_stress,-0.971167275302616,-0.7581910696493593,0.40408165467261237,0.35997999245361945
H72,19.60791996745303,-103.5088436795277,2025,4,2025-04-01,7,0.3637236543185614,-0.0148513954311424,no_relative_stress,-1.0466101420170866,-0.608676979264257,0.39145235239486603,0.38766331321504444
H72,19.60791996745303,-103.5088436795277,2025,5,2025-05-01,9,0.3377677339137375,-0.028168516424075,no_relative_stress,-1.234309335326984,-0.7212054633994636,0.3600310934629708,0.3668280721144355
H72,19.60791996745303,-103.5088436795277,2025,6,2025-06-01,1,0.4865368625626727,0.0098160023247782,no_relative_stress,-0.15849137159059398,-0.4002396692400371,0.540125393316112,0.4262565782189428
H72,19.60791996745303,-103.5088436795277,2025,7,2025-07-01,5,0.5052494772886885,0.0795775091493421,no_relative_stress,-0.02317185165019128,0.18923883877397865,0.562778179402236,0.5354016265370393
H72,19.60791996745303,-103.5088436795277,2025,8,2025-08-01,6,0.5831092626543589,0.1428772000097567,no_relative_stress,0.539868051250036,0.7241155784634226,0.6570323009359822,0.6344368700683305
H72,19.60791996745303,-103.5088436795277,2025,9,2025-09-01,5,0.5087175356824268,0.1110085085648506,no_relative_stress,0.0019072729851008201,0.45482797932160585,0.56697648017836,0.5845768537654139
H72,19.60791996745303,-103.5088436795277,2025,10,2025-10-01,6,0.5847762158460194,0.139920952454951,no_relative_stress,0.5519225561367852,0.6991355504042618,0.6590502516403146,0.6298116863976144
H72,19.60791996745303,-103.5088436795277,2025,11,2025-11-01,7,0.522262308747849,0.0806249138117339,no_relative_stress,0.09985575403657079,0.1980893147137592,0.5833732719324021,0.5370403387393551
H72,19.60791996745303,-103.5088436795277,2025,12,2025-12-01,7,0.5618176608844312,0.0918319727089238,no_relative_stress,0.3858986903427541,0.2927879624157687,0.6312574903396543,0.554574291781878
H72,19.60791996745303,-103.5088436795277,2026,1,2026-01-01,5,0.4896979443891314,0.0577423494840398,no_relative_stress,-0.13563213564138057,0.004733687901606003,0.5439520798302071,0.5012395267604958
H72,19.60791996745303,-103.5088436795277,2026,2,2026-02-01,5,0.4655307468703246,0.0113321696734799,no_relative_stress,-0.3103962514227629,-0.3874281904275189,0.5146961814049847,0.42862869095080397
H72,19.60791996745303,-103.5088436795277,2026,3,2026-03-01,7,0.4415308646415832,0.0188620987472034,no_relative_stress,-0.4839504334208742,-0.3238009616322407,0.4856428285635991,0.4404096072468093
H72,19.60791996745303,-103.5088436795277,2026,4,2026-04-01,7,0.459972172389527,0.0325981618778784,no_relative_stress,-0.35059285896840736,-0.2077324538143228,0.5079671806479588,0.4619003023642211
H73,19.60688026534045,-103.5119994427884,2023,1,2023-01-01,4,0.4492738564960208,0.0057752572764294,no_relative_stress,-0.4279572995918407,-0.43438360435250184,0.49501620265980806,0.4199346489255829
H73,19.60688026534045,-103.5119994427884,2023,2,2023-02-01,6,0.3823573749184957,-0.0233015033097232,no_relative_stress,-0.9118611417728238,-0.6800796368552104,0.41400963222557124,0.3744427353536718
H73,19.60688026534045,-103.5119994427884,2023,3,2023-03-01,6,0.3495142469499984,-0.0667146691604509,moderate_possible_stress,-1.149364899270669,-1.04691701464019,0.37425097940431623,0.30652086410832785
H73,19.60688026534045,-103.5119994427884,2023,4,2023-04-01,6,0.3030840736948921,-0.0752521719297701,moderate_possible_stress,-1.4851228276854347,-1.1190581512598443,0.31804436167134176,0.29316355296800833
H73,19.60688026534045,-103.5119994427884,2023,5,2023-05-01,6,0.2919833677474446,-0.0906076637856251,moderate_possible_stress,-1.5653971357819814,-1.2488106873077547,0.30460626545045977,0.26913918800166414
H73,19.60688026534045,-103.5119994427884,2023,6,2023-06-01,5,0.2792949721949163,-0.0971055053924,moderate_possible_stress,-1.6571527573304214,-1.3037168690980303,0.28924617203561775,0.25897301945948664
H73,19.60688026534045,-103.5119994427884,2023,7,2023-07-01,3,0.4959139046190238,0.0293989455233735,no_relative_stress,-0.09068166952034981,-0.23476554655141302,0.5514768869974195,0.4568949829626406
H73,19.60688026534045,-103.5119994427884,2023,8,2023-08-01,1,0.5628090772910689,0.1948111134732114,no_relative_stress,0.3930680781686432,1.162952513289875,0.6324576616738407,0.7156898382499282
H73,19.60688026534045,-103.5119994427884,2023,9,2023-09-01,5,0.6766579774232796,0.2132821830173486,no_relative_stress,1.2163618154257323,1.3190314028081738,0.7702788490704869,0.7445886661228936
H73,19.60688026534045,-103.5119994427884,2023,10,2023-10-01,2,0.6647409050624374,0.164754215089853,no_relative_stress,1.130183986481164,0.9089744038561453,0.7558524904393916,0.6686644545437861
H73,19.60688026534045,-103.5119994427884,2023,11,2023-11-01,5,0.5118361287007667,0.0629934099222875,no_relative_stress,0.02445925282918586,0.049104680065149,0.5707517313428012,0.5094550494941874
H73,19.60688026534045,-103.5119994427884,2023,12,2023-12-01,4,0.568121486241208,0.1123639587352017,no_relative_stress,0.4314845495910191,0.46628141231747355,0.6388886637177295,0.5866975171666186
H73,19.60688026534045,-103.5119994427884,2024,1,2024-01-01,4,0.472840043469276,0.088587435920733,no_relative_stress,-0.25753936737133165,0.2653719160578672,0.5235445403714034,0.5494980665018324
H73,19.60688026534045,-103.5119994427884,2024,2,2024-02-01,5,0.4225370690767795,-0.0029995196612948,no_relative_stress,-0.621303301275415,-0.508529686523768,0.4626496555520859,0.4062061115638985
H73,19.60688026534045,-103.5119994427884,2024,3,2024-03-01,6,0.3915038236304598,-0.0385942610919328,moderate_possible_stress,-0.8457189661878289,-0.8093020755784295,0.4250819782955073,0.3505165206970169
H73,19.60688026534045,-103.5119994427884,2024,4,2024-04-01,5,0.3294712482397997,-0.0701695095576073,moderate_possible_stress,-1.2943050374256788,-1.0761101077289592,0.3499876806107296,0.3011156092730614
H73,19.60688026534045,-103.5119994427884,2024,5,2024-05-01,7,0.2918563600235495,-0.0638891415436906,moderate_possible_stress,-1.5663155870234489,-1.0230415583936832,0.3044525146869878,0.31094153049431866
H73,19.60688026534045,-103.5119994427884,2024,6,2024-06-01,3,0.2923798350720861,-0.0675077711361423,moderate_possible_stress,-1.5625300982873251,-1.053618655568177,0.30508621385033546,0.30528002001825244
H73,19.60688026534045,-103.5119994427884,2024,7,2024-07-01,3,0.080982717894871,0.1336653418150635,no_relative_stress,-3.0912398393923546,0.6462761986704908,0.04917683160985895,0.6200244992133304
H73,19.60688026534045,-103.5119994427884,2024,8,2024-08-01,4,0.4597538224814596,0.1385443630616026,no_relative_stress,-0.35217184753688535,0.6875034928602693,0.5077028544791258,0.6276579497211828
H73,19.60688026534045,-103.5119994427884,2024,9,2024-09-01,4,0.3739287758752396,0.1524150427178102,no_relative_stress,-0.9728122163822883,0.8047094983074251,0.40380628790794676,0.6493592585115564
H73,19.60688026534045,-103.5119994427884,2024,10,2024-10-01,5,0.5977367458052478,0.1151148923562585,no_relative_stress,0.6456461066899695,0.4895265559561308,0.6747397807108313,0.5910014778557876
H73,19.60688026534045,-103.5119994427884,2024,11,2024-11-01,5,0.4224756419421587,0.0993349230340264,no_relative_stress,-0.6217475091261033,0.3561872231924499,0.46257529417817733,0.5663129985993927
H73,19.60688026534045,-103.5119994427884,2024,12,2024-12-01,6,0.576092158300254,0.0791106602150701,no_relative_stress,0.4891241436522887,0.18529400693520173,0.6485376588880938,0.5346712201595436
H73,19.60688026534045,-103.5119994427884,2025,1,2025-01-01,5,0.5167234223097025,0.0114408047903856,no_relative_stress,0.059801519778632184,-0.3865102333829192,0.5766681047777432,0.42879865552902807
H73,19.60688026534045,-103.5119994427884,2025,2,2025-02-01,4,0.4685221486500291,-0.0171030646135619,no_relative_stress,-0.2887640498995998,-0.627703382944609,0.5183174596499265,0.3841404744333424
H73,19.60688026534045,-103.5119994427884,2025,3,2025-03-01,7,0.3735474321431811,-0.0489325220470313,moderate_possible_stress,-0.9755698882261218,-0.8966594581905434,0.40334464755922544,0.33434184152463403
H73,19.60688026534045,-103.5119994427884,2025,4,2025-04-01,7,0.3288682656324253,-0.0483986383341401,moderate_possible_stress,-1.2986654818722194,-0.8921481884537882,0.3492577325933895,0.3351771268602317
H73,19.60688026534045,-103.5119994427884,2025,5,2025-05-01,9,0.29730299421184,-0.0667991777683848,moderate_possible_stress,-1.5269284711958693,-1.047631104836729,0.3110460047450704,0.30638864655001974
H73,19.60688026534045,-103.5119994427884,2025,6,2025-06-01,1,0.499281348616995,-0.001250004010845,no_relative_stress,-0.06633013383687676,-0.49374643538259294,0.5555533877783067,0.40894330832029613
H73,19.60688026534045,-103.5119994427884,2025,7,2025-07-01,5,0.5240892279729472,0.0813126742559994,no_relative_stress,0.11306704685320138,0.20390082910057195,0.5855848714875,0.5381163712153939
H73,19.60688026534045,-103.5119994427884,2025,8,2025-08-01,6,0.6130102922143059,0.1657143392289339,no_relative_stress,0.7560961425680531,0.9170873671617824,0.6932293603151107,0.6701666124001937
H73,19.60688026534045,-103.5119994427884,2025,9,2025-09-01,5,0.5009975734541445,0.1091309473354941,no_relative_stress,-0.05391932302966288,0.43896275446387206,0.55763098487956,0.5816393238807219
H73,19.60688026534045,-103.5119994427884,2025,10,2025-10-01,6,0.628032059441961,0.1679326417841605,no_relative_stress,0.8647254474335397,0.9358318258195795,0.7114141455322471,0.673637247577029
H73,19.60688026534045,-103.5119994427884,2025,11,2025-11-01,7,0.595482507268076,0.1093218237949441,no_relative_stress,0.6293446714738017,0.44057564351477146,0.6720108845027212,0.5819379587774974
H73,19.60688026534045,-103.5119994427884,2025,12,2025-12-01,7,0.5992822468103238,0.0885752441618818,no_relative_stress,0.6568223349796235,0.26526889678341625,0.6766107059757652,0.549478991940954
H73,19.60688026534045,-103.5119994427884,2026,1,2026-01-01,5,0.5013921581504336,0.0367150403468556,no_relative_stress,-0.05106589968613459,-0.17294519809075246,0.5581086542405107,0.46834134585466974
H73,19.60688026534045,-103.5119994427884,2026,2,2026-02-01,5,0.4536383305048613,-0.0456856896780658,moderate_possible_stress,-0.39639578152950594,-0.8692240143799249,0.5002996703925807,0.33942165834514343
H73,19.60688026534045,-103.5119994427884,2026,3,2026-03-01,7,0.404118477169044,-0.0672601278167902,moderate_possible_stress,-0.7544966070440537,-1.0515260916162767,0.44035280240769464,0.3056674692475862
H73,19.60688026534045,-103.5119994427884,2026,4,2026-04-01,7,0.3986215348636772,-0.0662041126570915,moderate_possible_stress,-0.7942475239946483,-1.0426028577425472,0.4336984112392536,0.30731965296431424
H74,19.60589173726333,-103.5034448997359,2023,1,2023-01-01,4,0.6184714406944108,0.1091031065695877,no_relative_stress,0.7955882179124805,0.43872750247612846,0.6998404208278026,0.5815957657370066
H74,19.60589173726333,-103.5034448997359,2023,2,2023-02-01,6,0.5057036768643096,0.0465073223171697,no_relative_stress,-0.019887325707126167,-0.09020128918365887,0.5633280162891489,0.4836618160888079
H74,19.60589173726333,-103.5034448997359,2023,3,2023-03-01,6,0.449939838544759,-0.0315619605361491,moderate_possible_stress,-0.42314127722170747,-0.7498797633575319,0.49582241542633776,0.3615188745578444
H74,19.60589173726333,-103.5034448997359,2023,4,2023-04-01,6,0.4292175951968527,-0.0335914524957729,moderate_possible_stress,-0.5729933456249733,-0.7670287893296062,0.47073684867589816,0.3583436421398954
H74,19.60589173726333,-103.5034448997359,2023,5,2023-05-01,6,0.4135959322976646,-0.0577507603531867,moderate_possible_stress,-0.6859607718847569,-0.9711727850470984,0.45182585236960093,0.3205453068765762
H74,19.60589173726333,-103.5034448997359,2023,6,2023-06-01,5,0.4043926997186992,-0.0721380023685571,moderate_possible_stress,-0.7525135777176077,-1.0927436963375472,0.4406847658905261,0.2980358127958258
H74,19.60589173726333,-103.5034448997359,2023,7,2023-07-01,3,0.6604289867089762,0.0796082103771109,no_relative_stress,1.0990025225245863,0.18949826140922735,0.7506326446021345,0.5354496600033558
H74,19.60589173726333,-103.5034448997359,2023,8,2023-08-01,1,0.6027952339386595,0.2076121064782018,no_relative_stress,0.6822263599501315,1.2711197619798447,0.6808633957845741,0.7357175736536785
H74,19.60589173726333,-103.5034448997359,2023,9,2023-09-01,5,0.6533389486086311,0.0902673992303186,no_relative_stress,1.0477311974775312,0.27956745612472983,0.7420497117100093,0.5521264454595642
H74,19.60589173726333,-103.5034448997359,2023,10,2023-10-01,2,0.7503880290019811,0.1999459311337796,no_relative_stress,1.749537714726433,1.2063412643540934,0.8595336705364138,0.7237234938743218
H74,19.60589173726333,-103.5034448997359,2023,11,2023-11-01,5,0.7222920247133002,0.2083558488752909,no_relative_stress,1.5463625909794547,1.2774043188728799,0.8255217067170839,0.7368811924394747
H74,19.60589173726333,-103.5034448997359,2023,12,2023-12-01,4,0.5463312602107591,0.1304329380975389,no_relative_stress,0.27390940742054715,0.6189626756771136,0.612510237385369,0.6149672566738301
H74,19.60589173726333,-103.5034448997359,2024,1,2024-01-01,4,0.6144926293455704,0.1246544240311911,no_relative_stress,0.7668156038474895,0.5701347474195592,0.6950238217751316,0.6059265087644651
H74,19.60589173726333,-103.5034448997359,2024,2,2024-02-01,5,0.5894389037436946,0.0946145947142945,no_relative_stress,0.5856405959288477,0.31630087007439905,0.6646947258668667,0.5589278303886479
H74,19.60589173726333,-103.5034448997359,2024,3,2024-03-01,6,0.5084471643417613,0.0407975852052638,no_relative_stress,-4.7906478602813886e-05,-0.13844805831298354,0.5666491788239747,0.47472867285080717
H74,19.60589173726333,-103.5034448997359,2024,4,2024-04-01,5,0.4305532037467036,0.0074180595973169,no_relative_stress,-0.563334946174102,-0.42050207132435136,0.4723536860456382,0.4225048878274068
H74,19.60589173726333,-103.5034448997359,2024,5,2024-05-01,7,0.4034655709950352,0.0097808503605817,no_relative_stress,-0.7592180717525725,-0.4005367002009713,0.4395624188022668,0.4262015813731844
H74,19.60589173726333,-103.5034448997359,2024,6,2024-06-01,3,0.4097196042521505,-0.0017698195148854,no_relative_stress,-0.7139922820681643,-0.4981388300098316,0.4471333157412165,0.40813003333689213
H74,19.60589173726333,-103.5034448997359,2024,7,2024-07-01,3,0.5815789507642248,0.1566676269090679,no_relative_stress,0.528801662433505,0.8406434552755665,0.6551797630411008,0.6560126197727866
H74,19.60589173726333,-103.5034448997359,2024,8,2024-08-01,4,0.5452729719426476,0.1218233477748076,no_relative_stress,0.2662564384209605,0.5462124056633283,0.6112291134961643,0.6014971612795798
H74,19.60589173726333,-103.5034448997359,2024,9,2024-09-01,4,0.5989567182471428,0.0991403628906204,no_relative_stress,0.6544682882821674,0.35454320734080874,0.6762166333667454,0.5660086004116324
H74,19.60589173726333,-103.5034448997359,2024,10,2024-10-01,5,0.7278842559338264,0.1854930686226316,no_relative_stress,1.5868025858832808,1.0842158657294847,0.832291451054662,0.701111333545259
H74,19.60589173726333,-103.5034448997359,2024,11,2024-11-01,5,0.593914969618063,0.1324152739156242,no_relative_stress,0.6180090860735767,0.6357132364608179,0.6701132825060145,0.6180687111649397
H74,19.60589173726333,-103.5034448997359,2024,12,2024-12-01,6,0.6684033698998221,0.1249441647128184,no_relative_stress,1.1566689534860404,0.572583030326437,0.7602861323287787,0.6063798212305427
H74,19.60589173726333,-103.5034448997359,2025,1,2025-01-01,5,0.6100418875344958,0.069365808612503,no_relative_stress,0.7346302436468141,0.10295088040347121,0.6896359214925126,0.5194249568916126
H74,19.60589173726333,-103.5034448997359,2025,2,2025-02-01,4,0.5377239986002977,0.0242000649684879,no_relative_stress,0.2116663416500656,-0.27869562335643333,0.6020906108978952,0.44876109802821706
H74,19.60589173726333,-103.5034448997359,2025,3,2025-03-01,7,0.4683993416885491,-0.0032400614635593,no_relative_stress,-0.2896521234968034,-0.5105622432899293,0.5181687941711024,0.4058297729808357
H74,19.60589173726333,-103.5034448997359,2025,4,2025-04-01,7,0.441830605737913,0.00291427925483,no_relative_stress,-0.4817828677516378,-0.4585586133567436,0.48600568383720966,0.4154585187698832
H74,19.60589173726333,-103.5034448997359,2025,5,2025-05-01,9,0.3870883292911802,-0.0243078987798702,no_relative_stress,-0.8776494357154352,-0.6885835887796752,0.41973674727372323,0.37286818389662624
H74,19.60589173726333,-103.5034448997359,2025,6,2025-06-01,1,0.552880746535111,-0.0010189915388764,no_relative_stress,0.32127175406445924,-0.49179440060715246,0.6204387986715303,0.40930473783297144
H74,19.60589173726333,-103.5034448997359,2025,7,2025-07-01,5,0.6262522485952259,0.1202619200903804,no_relative_stress,0.8518548169582547,0.5330184810524019,0.7092595736044234,0.5990542366952442
H74,19.60589173726333,-103.5034448997359,2025,8,2025-08-01,6,0.6830287089057119,0.1913781517962438,no_relative_stress,1.2624315036277454,1.133944293434515,0.7779910164825075,0.7103188136668572
H74,19.60589173726333,-103.5034448997359,2025,9,2025-09-01,5,0.6786845496521906,0.1891695511117247,no_relative_stress,1.2310168909005417,1.115281814718522,0.7727321410268364,0.706863357507726
H74,19.60589173726333,-103.5034448997359,2025,10,2025-10-01,6,0.6971754271463698,0.204846305357369,no_relative_stress,1.3647329269770176,1.2477489892946718,0.7951165003776448,0.731390352085333
H74,19.60589173726333,-103.5034448997359,2025,11,2025-11-01,7,0.6141274975968498,0.075597016964516,no_relative_stress,0.7641751683083998,0.15560403498206085,0.6945818070423898,0.5291739655873524
H74,19.60589173726333,-103.5034448997359,2025,12,2025-12-01,7,0.657869529803488,0.0786598230630631,no_relative_stress,1.0804939129673503,0.18148447322787079,0.7475342625413919,0.53396586494319
H74,19.60589173726333,-103.5034448997359,2026,1,2026-01-01,5,0.6296584873798593,0.0857839506099324,no_relative_stress,0.8764868955794296,0.2416827153299373,0.7133830378918211,0.5451118863054112
H74,19.60589173726333,-103.5034448997359,2026,2,2026-02-01,5,0.5748184034249106,0.0363187239581927,no_relative_stress,0.4799130365581224,-0.1762940362125839,0.6469956992453724,0.46772129085071684
H74,19.60589173726333,-103.5034448997359,2026,3,2026-03-01,7,0.5209496317619885,0.0215581725356326,no_relative_stress,0.09036318326737222,-0.30101937868427414,0.5817841946497102,0.44462773723427174
H74,19.60589173726333,-103.5034448997359,2026,4,2026-04-01,7,0.5000533845999457,0.00024477873627700493,no_relative_stress,-0.06074718671167549,-0.481115654545326,0.5564879854402923,0.41128196387098503
H75,19.60306803601581,-103.5022381720191,2023,1,2023-01-01,4,0.5870940412246232,0.1180231188804225,no_relative_stress,0.5686838170364868,0.5141008105911717,0.661856123681997,0.5955515304413501
H75,19.60306803601581,-103.5022381720191,2023,2,2023-02-01,6,0.5161757826215598,0.0809690172614009,no_relative_stress,0.05584128542417045,0.20099695815991198,0.5760051528124831,0.5375787042269983
H75,19.60306803601581,-103.5022381720191,2023,3,2023-03-01,6,0.4900725181245013,0.0344384152704276,no_relative_stress,-0.1329234207560112,-0.19218247684872117,0.5444055246761066,0.46477946244246354
H75,19.60306803601581,-103.5022381720191,2023,4,2023-04-01,6,0.4791546659812141,0.0322744367220581,no_relative_stress,-0.21187542893025754,-0.21046790249577765,0.531188784378559,0.4613938196435619
H75,19.60306803601581,-103.5022381720191,2023,5,2023-05-01,6,0.4791058366101046,0.0306107542333347,no_relative_stress,-0.21222853656135432,-0.22452587107905367,0.5311296733823322,0.4587909127700861
H75,19.60306803601581,-103.5022381720191,2023,6,2023-06-01,5,0.4823273655198643,0.0362336261289718,no_relative_stress,-0.1889321799631103,-0.17701310527642336,0.5350295348571475,0.4675881514289231
H75,19.60306803601581,-103.5022381720191,2023,7,2023-07-01,3,0.6668896874765524,0.1410471885587279,no_relative_stress,1.1457228199895653,0.708652144989804,0.7584537254396986,0.6315737339731268
H75,19.60306803601581,-103.5022381720191,2023,8,2023-08-01,1,0.5841931026873243,0.2245789876432337,no_relative_stress,0.5477057968083389,1.4144883939098591,0.658344356828642,0.7622630304372002
H75,19.60306803601581,-103.5022381720191,2023,9,2023-09-01,5,0.625876423755364,0.1131922952819496,no_relative_stress,0.8491370547611267,0.47328078222699077,0.7088046142185815,0.5879934873446395
H75,19.60306803601581,-103.5022381720191,2023,10,2023-10-01,2,0.6987428729667533,0.1645900985235438,no_relative_stress,1.3760678483149746,0.907587633514564,0.7970139912088631,0.668407686716155
H75,19.60306803601581,-103.5022381720191,2023,11,2023-11-01,5,0.6781948047005494,0.1888711458192736,no_relative_stress,1.2274753200019974,1.1127603166233053,0.7721392742474619,0.7063964888641794
H75,19.60306803601581,-103.5022381720191,2023,12,2023-12-01,4,0.5550511521820893,0.1636649296136581,no_relative_stress,0.33696695511066715,0.8997700387766541,0.6230662099425357,0.6669602179046539
H75,19.60306803601581,-103.5022381720191,2024,1,2024-01-01,4,0.6082737803026529,0.1453500839888248,no_relative_stress,0.7218442473913841,0.7450112274369843,0.6874955175197539,0.6383058094543329
H75,19.60306803601581,-103.5022381720191,2024,2,2024-02-01,5,0.6039442338077532,0.1258641286843535,no_relative_stress,0.6905353062397794,0.5803566437997087,0.6822543317188975,0.6078191466794125
H75,19.60306803601581,-103.5022381720191,2024,3,2024-03-01,6,0.5321998291788556,0.0856311670848806,no_relative_stress,0.17171853290585343,0.24039170817576064,0.5954032596089563,0.5448728495359514
H75,19.60306803601581,-103.5022381720191,2024,4,2024-04-01,5,0.5045793566130338,0.0723946116865212,no_relative_stress,-0.028017802334232657,0.12854399612602108,0.561966956569951,0.5241636569700248
H75,19.60306803601581,-103.5022381720191,2024,5,2024-05-01,7,0.4651831192559418,0.0678758553033615,no_relative_stress,-0.3129101065191811,0.09036090788622028,0.5142753565175202,0.5170938572161581
H75,19.60306803601581,-103.5022381720191,2024,6,2024-06-01,3,0.4734236520125908,0.0627830424160876,no_relative_stress,-0.25331902568895415,0.04732709340835282,0.5242510348770251,0.5091259199688393
H75,19.60306803601581,-103.5022381720191,2024,7,2024-07-01,3,0.6030181952090778,0.2008195239859355,no_relative_stress,0.6838386953997767,1.2137230460061956,0.6811333042948613,0.7250902695992023
H75,19.60306803601581,-103.5022381720191,2024,8,2024-08-01,4,0.5068780164643755,0.1670290904465483,no_relative_stress,-0.011395136173239987,0.9281968976384959,0.5647496275467019,0.67222360043994
H75,19.60306803601581,-103.5022381720191,2024,9,2024-09-01,4,0.6225889495609067,0.1603199357622671,no_relative_stress,0.8253638174918346,0.8715051391982561,0.7048249218676692,0.661726822983126
H75,19.60306803601581,-103.5022381720191,2024,10,2024-10-01,5,0.6605884288454271,0.1590329350093518,no_relative_stress,1.1001555219145014,0.860630097672142,0.7508256592429542,0.6597132518067519
H75,19.60306803601581,-103.5022381720191,2024,11,2024-11-01,5,0.5491764539542849,0.1214068816063782,no_relative_stress,0.294484311417052,0.5426933037003869,0.6159545216924714,0.6008455810293081
H75,19.60306803601581,-103.5022381720191,2024,12,2024-12-01,6,0.5970034978392651,0.0980012527154911,no_relative_stress,0.640343653547699,0.34491782800106124,0.6738521383602196,0.56422641076632
H75,19.60306803601581,-103.5022381720191,2025,1,2025-01-01,5,0.5789699853301897,0.0818422330830324,no_relative_stress,0.5099350339455095,0.2083755539377245,0.6520214478217358,0.5389448900704861
H75,19.60306803601581,-103.5022381720191,2025,2,2025-02-01,4,0.5320970282811632,0.05176091996765,no_relative_stress,0.17097513235340003,-0.04580885780313979,0.5952788127169009,0.4918813084063621
H75,19.60306803601581,-103.5022381720191,2025,3,2025-03-01,7,0.4819996433919126,0.0342900306398094,no_relative_stress,-0.19130208933588333,-0.1934363137374368,0.5346328068012944,0.46454730794328947
H75,19.60306803601581,-103.5022381720191,2025,4,2025-04-01,7,0.4619374769854248,0.038682775951116,no_relative_stress,-0.33638083791483303,-0.15631800781112604,0.510346304317034,0.4714199576476223
H75,19.60306803601581,-103.5022381720191,2025,5,2025-05-01,9,0.4171396829359103,0.022756793176257,no_relative_stress,-0.6603342818310067,-0.2908911412210706,0.45611578332399283,0.4465030337077985
H75,19.60306803601581,-103.5022381720191,2025,6,2025-06-01,1,0.5707382340076002,0.0651549532566898,no_relative_stress,0.45040745570210466,0.06736952837147103,0.6420563999353204,0.5128368822901489
H75,19.60306803601581,-103.5022381720191,2025,7,2025-07-01,5,0.615877926696043,0.1364842582208585,no_relative_stress,0.7768333258593713,0.6700957907742434,0.6967008105340731,0.6244348220592645
H75,19.60306803601581,-103.5022381720191,2025,8,2025-08-01,6,0.6486410472098196,0.1583825740654528,no_relative_stress,1.0137585126698498,0.8551346057263577,0.7363626093462213,0.6586957325489674
H75,19.60306803601581,-103.5022381720191,2025,9,2025-09-01,5,0.5975810334960516,0.1299276871169172,no_relative_stress,0.644520079395668,0.6146933499732052,0.6745512812583045,0.6141767685493205
H75,19.60306803601581,-103.5022381720191,2025,10,2025-10-01,6,0.5939799581167781,0.1397117119597785,no_relative_stress,0.6184790477853168,0.6973674868900864,0.6701919551330635,0.6294843201322449
H75,19.60306803601581,-103.5022381720191,2025,11,2025-11-01,7,0.581988760552073,0.0809073544747582,no_relative_stress,0.5317651854136154,0.20047591311480514,0.6556758633240409,0.5374822299945183
H75,19.60306803601581,-103.5022381720191,2025,12,2025-12-01,7,0.6048199412032557,0.0733168742628991,no_relative_stress,0.6968679490105892,0.13633703260511526,0.6833144300854168,0.5256065786906504
H75,19.60306803601581,-103.5022381720191,2026,1,2026-01-01,5,0.5884753307770288,0.1015906871524173,no_relative_stress,0.5786725568180185,0.37524822871637886,0.6635282607516574,0.5698422440945503
H75,19.60306803601581,-103.5022381720191,2026,2,2026-02-01,5,0.5733335473966459,0.0783530288804015,no_relative_stress,0.4691753599764499,0.17889208975889653,0.6451981885035833,0.5334858714996062
H75,19.60306803601581,-103.5022381720191,2026,3,2026-03-01,7,0.5443102247206197,0.0775776455664071,no_relative_stress,0.2592943706492323,0.17234016994125514,0.6100636479962902,0.5322727490611275
H75,19.60306803601581,-103.5022381720191,2026,4,2026-04-01,7,0.5264898323312575,0.0577239866614799,no_relative_stress,0.13042692061161043,0.004578523689445862,0.5884909526419747,0.5012107972899499
H76,19.61379750235326,-103.5080848952479,2023,1,2023-01-01,4,0.6746873538976753,0.2149806014895183,no_relative_stress,1.2021113307461488,1.3333828873521616,0.767893286505586,0.7472459190213364
H76,19.61379750235326,-103.5080848952479,2023,2,2023-02-01,6,0.5739133657273712,0.1425270620732088,no_relative_stress,0.47336829288909676,0.7211569441415693,0.6459000947207019,0.6338890633516747
H76,19.61379750235326,-103.5080848952479,2023,3,2023-03-01,6,0.5265231565103083,0.0736382286390669,no_relative_stress,0.13066790307064136,0.13905244841004552,0.5885312936371049,0.5261093522187835
H76,19.61379750235326,-103.5080848952479,2023,4,2023-04-01,6,0.5033211590750384,0.0691064159620035,no_relative_stress,-0.037116407169773075,0.10075903565174052,0.5604438300534481,0.5190191252996528
H76,19.61379750235326,-103.5080848952479,2023,5,2023-05-01,6,0.4649465336057317,0.0539537656248158,no_relative_stress,-0.31462096612271434,-0.0272795076624981,0.5139889548465766,0.49531211510908113
H76,19.61379750235326,-103.5080848952479,2023,6,2023-06-01,5,0.4800012349325731,0.0568600335184862,no_relative_stress,-0.20575349964503153,-0.0027218032803640537,0.5322136088428616,0.49985910332821026
H76,19.61379750235326,-103.5080848952479,2023,7,2023-07-01,3,0.6517465907946955,0.218163923973403,no_relative_stress,1.0362161260612672,1.3602816783006833,0.7401220633583603,0.7522263717399027
H76,19.61379750235326,-103.5080848952479,2023,8,2023-08-01,1,0.557678410560322,0.2627176056913963,no_relative_stress,0.3559658682880741,1.7367563133985355,0.6262466699106629,0.8219326318997995
H76,19.61379750235326,-103.5080848952479,2023,9,2023-09-01,5,0.7390986051789312,0.2401115431439732,no_relative_stress,1.6678987009110655,1.5457371019580752,0.8458671195683338,0.786564419524094
H76,19.61379750235326,-103.5080848952479,2023,10,2023-10-01,2,0.759694112724299,0.2195998592701718,no_relative_stress,1.8168342844612053,1.3724152034332842,0.8707992647330466,0.7544729577797029
H76,19.61379750235326,-103.5080848952479,2023,11,2023-11-01,5,0.7150118478113433,0.2074921700825547,no_relative_stress,1.4937162848443541,1.2701063101382664,0.81670859895829,0.7355299277111831
H76,19.61379750235326,-103.5080848952479,2023,12,2023-12-01,4,0.6056985127154269,0.1473211595846145,no_relative_stress,0.7032213035257673,0.7616666403470139,0.6843779956436232,0.6413896468158466
H76,19.61379750235326,-103.5080848952479,2024,1,2024-01-01,4,0.5319218562486948,0.0938987985654961,no_relative_stress,0.16970838285378811,0.31025245648584276,0.5950667560568413,0.557807934778552
H76,19.61379750235326,-103.5080848952479,2024,2,2024-02-01,5,0.5353518093533582,0.0644174219526265,no_relative_stress,0.19451195062541887,0.06113745466030252,0.5992189280062459,0.5116829810417063
H76,19.61379750235326,-103.5080848952479,2024,3,2024-03-01,6,0.5124735295379246,0.0484365501118466,no_relative_stress,0.029068591318579504,-0.07389948645905263,0.5715233447718524,0.48668018066335983
H76,19.61379750235326,-103.5080848952479,2024,4,2024-04-01,5,0.4625534318179625,0.0322171656927451,no_relative_stress,-0.3319265853443417,-0.21095183758331457,0.5110919560212179,0.46130421651504416
H76,19.61379750235326,-103.5080848952479,2024,5,2024-05-01,7,0.4015604188031637,0.0284308224285634,no_relative_stress,-0.7729951031184266,-0.2429461003192342,0.4372561133662886,0.4553803103764156
H76,19.61379750235326,-103.5080848952479,2024,6,2024-06-01,3,0.4027531506653394,0.0241336002037672,no_relative_stress,-0.7643699106816448,-0.27925724468783014,0.4386999896031251,0.44865711088276833
H76,19.61379750235326,-103.5080848952479,2024,7,2024-07-01,3,0.451116808810555,0.1676325151363888,no_relative_stress,-0.4146300641345157,0.9332957824254965,0.49724721126867066,0.6731676857948421
H76,19.61379750235326,-103.5080848952479,2024,8,2024-08-01,4,0.6579846669090856,0.2178025823967831,no_relative_stress,1.081326522310562,1.3572283742198958,0.7476736431817709,0.7516610364191119
H76,19.61379750235326,-103.5080848952479,2024,9,2024-09-01,4,0.3770932428015422,0.1825575510142527,no_relative_stress,-0.9499285012198523,1.0594110038679463,0.40763707229632445,0.6965185828179721
H76,19.61379750235326,-103.5080848952479,2024,10,2024-10-01,5,0.7103378207477539,0.2125797405486408,no_relative_stress,1.4599162463305468,1.3130958266248656,0.811050397964869,0.7434896629522683
H76,19.61379750235326,-103.5080848952479,2024,11,2024-11-01,5,0.5695867096013534,0.1371832970849107,no_relative_stress,0.44208025332368284,0.676002606801907,0.6406624078914723,0.625528500135701
H76,19.61379750235326,-103.5080848952479,2024,12,2024-12-01,6,0.6051939119779457,0.1094777119325969,no_relative_stress,0.6995723036100798,0.4418928843684094,0.6837671450098436,0.5821818528544863
H76,19.61379750235326,-103.5080848952479,2025,1,2025-01-01,5,0.5319037153874624,0.0400499989567162,no_relative_stress,0.1695771979462154,-0.14476509540786556,0.5950447954139845,0.4735590401846884
H76,19.61379750235326,-103.5080848952479,2025,2,2025-02-01,4,0.4927967456270792,0.0201946733229535,no_relative_stress,-0.11322327926029777,-0.3125408253696165,0.547703371811282,0.4424944807404893
H76,19.61379750235326,-103.5080848952479,2025,3,2025-03-01,7,0.4578950043902578,0.0221147912956412,no_relative_stress,-0.36561381571935714,-0.2963159998279713,0.5054526393590298,0.4454985925844676
H76,19.61379750235326,-103.5080848952479,2025,4,2025-04-01,7,0.4276358491685033,0.0246147007667527,no_relative_stress,-0.5844316783410477,-0.2751919878580632,0.4688220465519084,0.4494098145811699
H76,19.61379750235326,-103.5080848952479,2025,5,2025-05-01,9,0.3894119074813311,0.0078743717380361,no_relative_stress,-0.860846573590664,-0.41664627445092256,0.42254958345223403,0.423218808912457
H76,19.61379750235326,-103.5080848952479,2025,6,2025-06-01,1,0.5683988232446949,0.0711622166780716,no_relative_stress,0.4334901009649483,0.11813036826830126,0.639224397440982,0.5222355189628789
H76,19.61379750235326,-103.5080848952479,2025,7,2025-07-01,5,0.6111506809507883,0.1421109052582468,no_relative_stress,0.7426484385919155,0.7176404561878243,0.6909781850105049,0.633237967098964
H76,19.61379750235326,-103.5080848952479,2025,8,2025-08-01,6,0.6566628574395581,0.1581022776905326,no_relative_stress,1.071767910353438,0.8527661263684615,0.7460735104585662,0.658257196130008
H76,19.61379750235326,-103.5080848952479,2025,9,2025-09-01,5,0.6767761221810342,0.1950256784723916,no_relative_stress,1.217216174484416,1.1647655683878226,0.7704218706612052,0.716025534943834
H76,19.61379750235326,-103.5080848952479,2025,10,2025-10-01,6,0.7182371030088932,0.2349377346126257,no_relative_stress,1.5170395879427163,1.502018881514835,0.8206129713366558,0.7784697609101022
H76,19.61379750235326,-103.5080848952479,2025,11,2025-11-01,7,0.6037423119359698,0.1218735565207977,no_relative_stress,0.6890751163542257,0.5466366650869375,0.6820098927115973,0.6015757151448347
H76,19.61379750235326,-103.5080848952479,2025,12,2025-12-01,7,0.6382987960010766,0.1111586629150895,no_relative_stress,0.9389689394775776,0.4560967701832085,0.7238426698449343,0.5848117770713741
H76,19.61379750235326,-103.5080848952479,2026,1,2026-01-01,5,0.5848992199058014,0.1103078461472575,no_relative_stress,0.5528120550424238,0.44890744441138736,0.6591991557189143,0.5834806355656668
H76,19.61379750235326,-103.5080848952479,2026,2,2026-02-01,5,0.5124195217558892,0.0203881914741993,no_relative_stress,0.028678036217377714,-0.31090561425875446,0.5714579649865393,0.442797248684153
H76,19.61379750235326,-103.5080848952479,2026,3,2026-03-01,7,0.4897446829264772,0.0256126722163349,no_relative_stress,-0.13529414779045984,-0.26675921815571557,0.5440086597418857,0.4509711862751422
H76,19.61379750235326,-103.5080848952479,2026,4,2026-04-01,7,0.5119090431879105,0.0437690017134172,no_relative_stress,0.024986531007114156,-0.11333985395152432,0.570839998872702,0.4793775890385148
H77,19.61346016192836,-103.5100682060295,2023,1,2023-01-01,4,0.6014060935691149,0.1247773116800724,no_relative_stress,0.6721808473005673,0.5711731370876332,0.6791817548115922,0.6061187720767897
H77,19.61346016192836,-103.5100682060295,2023,2,2023-02-01,6,0.4945293820918674,0.0627880959311661,no_relative_stress,-0.10069378842861762,0.047369795159852984,0.5498008362103807,0.5091338264228785
H77,19.61346016192836,-103.5100682060295,2023,3,2023-03-01,6,0.4454039474061936,-0.0086860393737373,no_relative_stress,-0.455942391355653,-0.5565802706992603,0.49033143657724,0.39730929300266576
H77,19.61346016192836,-103.5100682060295,2023,4,2023-04-01,6,0.4026231186384664,-0.0220127015745705,no_relative_stress,-0.7653102320483254,-0.6691893771898876,0.43854257773245775,0.3764591242486169
H77,19.61346016192836,-103.5100682060295,2023,5,2023-05-01,6,0.3629082565144647,-0.0473303028399312,moderate_possible_stress,-1.0525066584059708,-0.8831208488527615,0.3904652625465607,0.3368485863003009
H77,19.61346016192836,-103.5100682060295,2023,6,2023-06-01,5,0.3693508547173432,-0.0559396784621816,moderate_possible_stress,-1.0059172689087157,-0.9558693046666406,0.3982644291016094,0.32337882681471175
H77,19.61346016192836,-103.5100682060295,2023,7,2023-07-01,3,0.6258238380126441,0.155745352369307,no_relative_stress,0.8487567830799769,0.8328503177069534,0.7087409559004654,0.6545696793349045
H77,19.61346016192836,-103.5100682060295,2023,8,2023-08-01,1,0.5255046130030027,0.1962247356620652,no_relative_stress,0.12330234670852604,1.1748974946515398,0.5872982832573033,0.7179015144181908
H77,19.61346016192836,-103.5100682060295,2023,9,2023-09-01,5,0.6704341025539001,0.1751232036427042,no_relative_stress,1.1713541149079285,0.9965914319275189,0.7627444607390239,0.6848872084395239
H77,19.61346016192836,-103.5100682060295,2023,10,2023-10-01,2,0.7025654312930424,0.1623640614067016,no_relative_stress,1.4037105249388075,0.8887778185012517,0.8016414362417997,0.6649249504661108
H77,19.61346016192836,-103.5100682060295,2023,11,2023-11-01,5,0.6535749993690017,0.1572912170438946,no_relative_stress,1.0494381890467268,0.8459127362733855,0.742335465863474,0.6569882548829558
H77,19.61346016192836,-103.5100682060295,2023,12,2023-12-01,4,0.5719938896405435,0.1161227045745076,no_relative_stress,0.45948767885360964,0.4980424792756453,0.6435764493173748,0.5925782458796347
H77,19.61346016192836,-103.5100682060295,2024,1,2024-01-01,4,0.4956887291282381,0.0667406626723171,no_relative_stress,-0.09231001701542779,0.0807686314444371,0.5512042980354122,0.5153177967466319
H77,19.61346016192836,-103.5100682060295,2024,2,2024-02-01,5,0.479088551547219,0.0288450749112814,no_relative_stress,-0.2123535327976399,-0.23944570380303215,0.5311087487366979,0.45602842721477244
H77,19.61346016192836,-103.5100682060295,2024,3,2024-03-01,6,0.4590069373930189,0.0068686594605546,no_relative_stress,-0.357572916981121,-0.42514445345832363,0.5067987035420662,0.42164532634139
H77,19.61346016192836,-103.5100682060295,2024,4,2024-04-01,5,0.3956176273313088,-0.0210100844693356,no_relative_stress,-0.8159701603646644,-0.6607173521117954,0.430061994001494,0.37802776428201823
H77,19.61346016192836,-103.5100682060295,2024,5,2024-05-01,7,0.3460362262220338,-0.0231689938526916,no_relative_stress,-1.174516066124792,-0.6789599437667974,0.37004061860187043,0.3746500524221905
H77,19.61346016192836,-103.5100682060295,2024,6,2024-06-01,3,0.3438516161888906,-0.0329187006906219,moderate_possible_stress,-1.190313985617621,-0.7613440966041258,0.3673960120363544,0.3593961929178473
H77,19.61346016192836,-103.5100682060295,2024,7,2024-07-01,3,0.3916454786719696,0.1281351014141459,no_relative_stress,-0.8446945934587956,0.5995461607329521,0.42525346054960833,0.6113721867383896
H77,19.61346016192836,-103.5100682060295,2024,8,2024-08-01,4,0.6376219060479249,0.1825373123616578,no_relative_stress,0.9340740370358772,1.0592399890593667,0.7230232523804537,0.6964869185260738
H77,19.61346016192836,-103.5100682060295,2024,9,2024-09-01,4,0.3398960377168414,0.1722744738634016,no_relative_stress,-1.2189185920695518,0.9725199194778036,0.3626075378286515,0.6804302412156207
H77,19.61346016192836,-103.5100682060295,2024,10,2024-10-01,5,0.693301030644285,0.1904425800596355,no_relative_stress,1.3367153846721473,1.1260387957390185,0.7904263020029337,0.7088550691601059
H77,19.61346016192836,-103.5100682060295,2024,11,2024-11-01,5,0.577253968077367,0.144642061837423,no_relative_stress,0.4975257242759961,0.739028503432774,0.6499441020142444,0.6371980766165178
H77,19.61346016192836,-103.5100682060295,2024,12,2024-12-01,6,0.6249074317292271,0.1177310957926788,no_relative_stress,0.8421298279399267,0.511633241556264,0.7076315889942273,0.5950946470471606
H77,19.61346016192836,-103.5100682060295,2025,1,2025-01-01,5,0.5583971890538588,0.053977388885635,no_relative_stress,0.36116368602295573,-0.02707989321642331,0.6271167960633036,0.49534907477438805
H77,19.61346016192836,-103.5100682060295,2025,2,2025-02-01,4,0.514807130321486,0.0244393219035743,no_relative_stress,0.04594393142404573,-0.2766739236032813,0.5743483139241823,0.44913542637817827
H77,19.61346016192836,-103.5100682060295,2025,3,2025-03-01,7,0.4417916989562548,0.0010047742559071,no_relative_stress,-0.4820642205766438,-0.4746937602170467,0.4859585847537782,0.4124710114057547
H77,19.61346016192836,-103.5100682060295,2025,4,2025-04-01,7,0.4062355939616393,-0.0029427108301855,no_relative_stress,-0.7391867622026772,-0.5080496569698114,0.4429157042001056,0.40629499156231813
H77,19.61346016192836,-103.5100682060295,2025,5,2025-05-01,9,0.3608061480348994,-0.0270559709420778,no_relative_stress,-1.0677079712359703,-0.7118045533463779,0.3879205292522223,0.36856870008988957
H77,19.61346016192836,-103.5100682060295,2025,6,2025-06-01,1,0.5740169385349002,0.0468934476134408,no_relative_stress,0.47411727547645394,-0.08693856488321104,0.6460254760577115,0.484265926665495
H77,19.61346016192836,-103.5100682060295,2025,7,2025-07-01,5,0.6137896029051723,0.1422619754471167,no_relative_stress,0.761731696450635,0.7189169858041409,0.6941727644643065,0.6334743232760903
H77,19.61346016192836,-103.5100682060295,2025,8,2025-08-01,6,0.6466584454317168,0.138950245439904,no_relative_stress,0.9994214077396195,0.6909331627409958,0.7339625463603205,0.628292971150731
H77,19.61346016192836,-103.5100682060295,2025,9,2025-09-01,5,0.6444298437268757,0.1863974541460404,no_relative_stress,0.9833053642442022,1.0918578427061172,0.7312646851351466,0.7025262858039433
H77,19.61346016192836,-103.5100682060295,2025,10,2025-10-01,6,0.7176884685203663,0.2356745709808805,no_relative_stress,1.5130721597293306,1.5082450830804288,0.8199488151035457,0.7796225748998853
H77,19.61346016192836,-103.5100682060295,2025,11,2025-11-01,7,0.6087348468482963,0.1282799563126939,no_relative_stress,0.7251784315516714,0.6007701717006241,0.6880536673017513,0.6115988188113017
H77,19.61346016192836,-103.5100682060295,2025,12,2025-12-01,7,0.6426330816695931,0.1118113302992113,no_relative_stress,0.9703121517723723,0.46161175134307725,0.7290895927107459,0.5858329048597226
H77,19.61346016192836,-103.5100682060295,2026,1,2026-01-01,5,0.5858024944806072,0.0951241294249863,no_relative_stress,0.5593440487603917,0.3206063929151729,0.6602926258736577,0.559725020603562
H77,19.61346016192836,-103.5100682060295,2026,2,2026-02-01,5,0.5198277128190633,0.0039690927927359,no_relative_stress,0.0822500716049161,-0.44964553307994526,0.5804260418638935,0.41710882249469877
H77,19.61346016192836,-103.5100682060295,2026,3,2026-03-01,7,0.460541962414603,-0.018992736120019,no_relative_stress,-0.34647244534428034,-0.6436709385632716,0.5086569469762373,0.3811839974696744
H77,19.61346016192836,-103.5100682060295,2026,4,2026-04-01,7,0.4678686782394907,-0.0107014717784847,no_relative_stress,-0.29348959486186416,-0.5736104946871297,0.5175263930010227,0.3941560573973741
H78,19.61409204222733,-103.5105722727903,2023,1,2023-01-01,4,0.5848722484262051,0.1156230264804077,no_relative_stress,0.5526170118737116,0.4938202439655906,0.6591665050623028,0.5917964767893945
H78,19.61409204222733,-103.5105722727903,2023,2,2023-02-01,6,0.4750739504700632,0.0548113430516348,no_relative_stress,-0.2413849588418942,-0.02003305492547432,0.5262488239878866,0.49665383397306806
H78,19.61409204222733,-103.5105722727903,2023,3,2023-03-01,6,0.4279029698449456,-0.0145944401857711,no_relative_stress,-0.5825000059247887,-0.6065057303683756,0.46914541277470656,0.38806533137589305
H78,19.61409204222733,-103.5105722727903,2023,4,2023-04-01,6,0.3838857327664528,-0.0246650334732948,no_relative_stress,-0.9008088835336173,-0.6916013450728327,0.4158598046306434,0.3723094304358112
H78,19.61409204222733,-103.5105722727903,2023,5,2023-05-01,6,0.3454739398410788,-0.0497751518028195,moderate_possible_stress,-1.1785822174485867,-0.9037796044411021,0.3693599359023434,0.3330235089713959
H78,19.61409204222733,-103.5105722727903,2023,6,2023-06-01,5,0.3507093834978768,-0.0577669941241394,moderate_possible_stress,-1.1407223174460517,-0.9713099589631479,0.37569776666302884,0.32051990840404215
H78,19.61409204222733,-103.5105722727903,2023,7,2023-07-01,3,0.6183138885950009,0.1506785117042635,no_relative_stress,0.7944488862493263,0.790035966189493,0.699649694194587,0.6466423768097884
H78,19.61409204222733,-103.5105722727903,2023,8,2023-08-01,1,0.4999329596058302,0.1740386486880404,no_relative_stress,-0.06161803520779131,0.9874270393328721,0.5563422034813804,0.6831903729163449
H78,19.61409204222733,-103.5105722727903,2023,9,2023-09-01,5,0.6442227124769931,0.152577699833165,no_relative_stress,0.981807502950676,0.806083936418665,0.7310139398510673,0.6496137429618325
H78,19.61409204222733,-103.5105722727903,2023,10,2023-10-01,2,0.678287967895154,0.1351011781918374,no_relative_stress,1.2281490258926278,0.6584088879379608,0.7722520540994162,0.6222709304883022
H78,19.61409204222733,-103.5105722727903,2023,11,2023-11-01,5,0.6135074331811011,0.1244649895849096,no_relative_stress,0.7596911974523877,0.5685340432512662,0.6938311804316658,0.6056301299628359
H78,19.61409204222733,-103.5105722727903,2023,12,2023-12-01,4,0.5517858207467834,0.0952918816736274,no_relative_stress,0.31335384231261487,0.3220238844480555,0.6191133227812645,0.5599874766214552
H78,19.61409204222733,-103.5105722727903,2024,1,2024-01-01,4,0.4917902819172587,0.0576384365967299,no_relative_stress,-0.12050148105328384,0.0038556332757374847,0.5464849847790137,0.5010769503251152
H78,19.61409204222733,-103.5105722727903,2024,2,2024-02-01,5,0.4701686518595157,0.0225055051661275,no_relative_stress,-0.27685742823553633,-0.2930145024848327,0.5203106543766239,0.44610988219408027
H78,19.61409204222733,-103.5105722727903,2024,3,2024-03-01,6,0.4535800626639238,0.0069617829994829,no_relative_stress,-0.39681714307513016,-0.42435756786357165,0.5002291335405276,0.421791022350816
H78,19.61409204222733,-103.5105722727903,2024,4,2024-04-01,5,0.3772005745232911,-0.0243166329820944,no_relative_stress,-0.9491523361956645,-0.6886573920091376,0.4077670040332106,0.3728545188402481
H78,19.61409204222733,-103.5105722727903,2024,5,2024-05-01,7,0.3371004227922867,-0.0222197501890039,no_relative_stress,-1.2391349688329243,-0.6709389195073937,0.35922327177110963,0.37613518728029194
H78,19.61409204222733,-103.5105722727903,2024,6,2024-06-01,3,0.3336097560821903,-0.0316668638547516,moderate_possible_stress,-1.2643775845976513,-0.7507661870394492,0.3549976022193375,0.36135474854768823
H78,19.61409204222733,-103.5105722727903,2024,7,2024-07-01,3,0.41572727577657,0.120105249478896,no_relative_stress,-0.670548047334157,0.5316946283647053,0.4544059764522378,0.5988091184023797
H78,19.61409204222733,-103.5105722727903,2024,8,2024-08-01,4,0.6040953250741814,0.1687818469852344,no_relative_stress,0.6916279166493673,0.9430075339960909,0.6824372371112221,0.6749658677132924
H78,19.61409204222733,-103.5105722727903,2024,9,2024-09-01,4,0.3305617465688253,0.1680105320095069,no_relative_stress,-1.2864191426675078,0.9364899912737968,0.35130779678564067,0.6737591103749516
H78,19.61409204222733,-103.5105722727903,2024,10,2024-10-01,5,0.6690212818380835,0.1711418798005595,no_relative_stress,1.1611373587877716,0.9629496007054658,0.7610341532313861,0.6786582463241606
H78,19.61409204222733,-103.5105722727903,2024,11,2024-11-01,5,0.5492399551846221,0.118197701775769,no_relative_stress,0.29494351800740104,0.5155760204792327,0.616031393888479,0.5958246733164895
H78,19.61409204222733,-103.5105722727903,2024,12,2024-12-01,6,0.6022156953033756,0.0997000781450706,no_relative_stress,0.678035449643807,0.3592727512988503,0.680161828156215,0.566884300368128
H78,19.61409204222733,-103.5105722727903,2025,1,2025-01-01,5,0.5427302321876325,0.0464645801497218,no_relative_stress,0.24786871826426615,-0.0905624566848115,0.6081509685876946,0.48359494402506287
H78,19.61409204222733,-103.5105722727903,2025,2,2025-02-01,4,0.5058430844141045,0.0206227359555785,no_relative_stress,-0.018879205623935,-0.3089237343189472,0.5634967778144907,0.44316420418609265
H78,19.61409204222733,-103.5105722727903,2025,3,2025-03-01,7,0.4314781763712956,-0.0004444646386286768,no_relative_stress,-0.5566460438827622,-0.48693969956372984,0.473473423041627,0.4102036112825556
H78,19.61409204222733,-103.5105722727903,2025,4,2025-04-01,7,0.399982510305319,-1.3353555613959708e-05,no_relative_stress,-0.7844056848871714,-0.48329684937927336,0.43534595681208677,0.41087810416735576
H78,19.61409204222733,-103.5105722727903,2025,5,2025-05-01,9,0.3567793424586456,-0.0216875948323891,no_relative_stress,-1.0968276536240456,-0.666442254226957,0.3830458301968055,0.37696776852393565
H78,19.61409204222733,-103.5105722727903,2025,6,2025-06-01,1,0.5642662085989212,0.048896854906031,no_relative_stress,0.4036052645509701,-0.07000995202009792,0.6342216099140768,0.48740034843623564
H78,19.61409204222733,-103.5105722727903,2025,7,2025-07-01,5,0.6130989137493498,0.1353868364600205,no_relative_stress,0.7567370056304366,0.6608226748154994,0.6933366422051815,0.6227178558329871
H78,19.61409204222733,-103.5105722727903,2025,8,2025-08-01,6,0.6316717705197317,0.1235872107736435,no_relative_stress,0.8910458715419322,0.5611168906181859,0.7158202425778624,0.6042568051146618
H78,19.61409204222733,-103.5105722727903,2025,9,2025-09-01,5,0.629164186274881,0.1732213396091215,no_relative_stress,0.872912377041479,0.9805208505425552,0.7127846556049439,0.6819116557129773
H78,19.61409204222733,-103.5105722727903,2025,10,2025-10-01,6,0.7027873442247775,0.2226451444373367,no_relative_stress,1.4053152793694759,1.3981475913722656,0.8019100756727902,0.7592374448420087
H78,19.61409204222733,-103.5105722727903,2025,11,2025-11-01,7,0.5897587183596121,0.1136652421762378,no_relative_stress,0.5879533224467363,0.47727714128379806,0.665081881386695,0.588733434257753
H78,19.61409204222733,-103.5105722727903,2025,12,2025-12-01,7,0.6415911706276289,0.1106625947503784,no_relative_stress,0.9627776140242522,0.45190503845438373,0.7278282944742375,0.5840356558797459
H78,19.61409204222733,-103.5105722727903,2026,1,2026-01-01,5,0.5926016177623706,0.0972383392353727,no_relative_stress,0.608511635010362,0.33847127716701847,0.6685233882513409,0.5630327979497355
H78,19.61409204222733,-103.5105722727903,2026,2,2026-02-01,5,0.5181638857129843,0.0081599306260528,no_relative_stress,0.07021817288017985,-0.41423332732692275,0.57841187548094,0.42366557877235445
H78,19.61409204222733,-103.5105722727903,2026,3,2026-03-01,7,0.4551900017199528,-0.0174476540270954,no_relative_stress,-0.38517493361456434,-0.6306151327420723,0.5021780650811967,0.38360134863314144
H78,19.61409204222733,-103.5105722727903,2026,4,2026-04-01,7,0.4711244430709228,-0.0105501857503622,no_relative_stress,-0.2699456625745324,-0.5723321412483874,0.5214676991922211,0.39439275126482176
H79,19.61353215599024,-103.5123741788091,2023,1,2023-01-01,4,0.5567026835584657,0.0824763501831846,no_relative_stress,0.3489099377611389,0.21373378685324793,0.6250654915785523,0.5399369950963924
H79,19.61353215599024,-103.5123741788091,2023,2,2023-02-01,6,0.4638700910186208,0.030665790901152,no_relative_stress,-0.3224052173491736,-0.22406081614678863,0.5126858540230494,0.45887702013848475
H79,19.61353215599024,-103.5123741788091,2023,3,2023-03-01,6,0.4082259451107187,-0.0403746386306345,moderate_possible_stress,-0.7247936180082528,-0.8243461069215999,0.4453251482824275,0.3477310391136743
H79,19.61353215599024,-103.5123741788091,2023,4,2023-04-01,6,0.3575159083611689,-0.0530929009857462,moderate_possible_stress,-1.0915012069572763,-0.9318142890019536,0.3839374891163362,0.3278327395720406
H79,19.61353215599024,-103.5123741788091,2023,5,2023-05-01,6,0.3376238651988276,-0.0703808644481275,moderate_possible_stress,-1.2353497161460785,-1.0778960376951598,0.3598569314192876,0.3007849349400642
H79,19.61353215599024,-103.5123741788091,2023,6,2023-06-01,5,0.3385127470234148,-0.0804833913290139,moderate_possible_stress,-1.2289218030218019,-1.1632614884141732,0.3609329782530966,0.2849790724416791
H79,19.61353215599024,-103.5123741788091,2023,7,2023-07-01,3,0.6218652219317966,0.1181394218440608,no_relative_stress,0.8201302102823286,0.5150835602564782,0.7039488044780424,0.5957334917143164
H79,19.61353215599024,-103.5123741788091,2023,8,2023-08-01,1,0.5049473629490301,0.1620511705090135,no_relative_stress,-0.0253565793330016,0.8861339183342988,0.5624124511697022,0.6644354184347522
H79,19.61353215599024,-103.5123741788091,2023,9,2023-09-01,5,0.6227013944721745,0.131913340220733,no_relative_stress,0.8261769583401496,0.6314719415253388,0.7049610434390647,0.6172834130847369
H79,19.61353215599024,-103.5123741788091,2023,10,2023-10-01,2,0.6587323179706921,0.1178200631233122,no_relative_stress,1.0867331308589046,0.5123850075617725,0.7485787213770746,0.5952338404797958
H79,19.61353215599024,-103.5123741788091,2023,11,2023-11-01,5,0.5898171145567906,0.1059924271636198,no_relative_stress,0.5883756121953493,0.4124425390542342,0.6651525736219757,0.576728966415709
H79,19.61353215599024,-103.5123741788091,2023,12,2023-12-01,4,0.5969838306677943,0.1511562828186928,no_relative_stress,0.640201431189093,0.7940730894760389,0.6738283300237166,0.6473898714345894
H79,19.61353215599024,-103.5123741788091,2024,1,2024-01-01,4,0.5244119060956727,0.0826143352364866,no_relative_stress,0.1154004807052741,0.21489974824157135,0.585975493460741,0.5401528789841601
H79,19.61353215599024,-103.5123741788091,2024,2,2024-02-01,5,0.4597152982147057,0.0135806523276955,no_relative_stress,-0.3524504342207625,-0.3684287126261635,0.5076562184538199,0.4321465442642928
H79,19.61353215599024,-103.5123741788091,2024,3,2024-03-01,6,0.4315984926847964,-0.012515844332768,no_relative_stress,-0.5557759813061363,-0.5889417808786702,0.47361907343588294,0.3913173890669683
H79,19.61353215599024,-103.5123741788091,2024,4,2024-04-01,5,0.3802440245811629,-0.0406201511623875,moderate_possible_stress,-0.9271437496446233,-0.8264206659084128,0.4114512899619388,0.34734692359839064
H79,19.61353215599024,-103.5123741788091,2024,5,2024-05-01,7,0.3416781179533984,-0.0417541682942764,moderate_possible_stress,-1.2060315505931456,-0.8360030094872191,0.36476485699425754,0.34557270225072356
H79,19.61353215599024,-103.5123741788091,2024,6,2024-06-01,3,0.3459481907141521,-0.0478326606636025,moderate_possible_stress,-1.175152691355348,-0.8873657276385887,0.36993404613419417,0.3360626246513436
H79,19.61353215599024,-103.5123741788091,2024,7,2024-07-01,3,0.3894700717019355,0.1060730669869193,no_relative_stress,-0.8604259613713062,0.4131239383658152,0.42261999486541757,0.5768551310846076
H79,19.61353215599024,-103.5123741788091,2024,8,2024-08-01,4,0.6029604176769787,0.1683862330595963,no_relative_stress,0.6834208795027752,0.9396646316241398,0.6810633609922075,0.674346911744671
H79,19.61353215599024,-103.5123741788091,2024,9,2024-09-01,4,0.2924824920122199,0.1550342681842681,no_relative_stress,-1.56178773875816,0.8268417197917274,0.3052104864727966,0.6534571558062846
H79,19.61353215599024,-103.5123741788091,2024,10,2024-10-01,5,0.6468914934747153,0.1629175386323991,no_relative_stress,1.0011066852790413,0.8934546516729375,0.7342446655373106,0.6657908907430838
H79,19.61353215599024,-103.5123741788091,2024,11,2024-11-01,5,0.4957126507433336,0.1207680633448471,no_relative_stress,-0.09213702881905225,0.5372953463906851,0.5512332566410121,0.5998461208227412
H79,19.61353215599024,-103.5123741788091,2024,12,2024-12-01,6,0.5974714032961436,0.1057254222018201,no_relative_stress,0.6437272930192187,0.4101863709512453,0.6744185670703914,0.5763112250167154
H79,19.61353215599024,-103.5123741788091,2025,1,2025-01-01,5,0.5488063325686414,0.0563142650511763,no_relative_stress,0.2918077935194583,-0.0073334981315087465,0.6155064666933363,0.49900522375412315
H79,19.61353215599024,-103.5123741788091,2025,2,2025-02-01,4,0.471936894629423,0.0091198878400209,no_relative_stress,-0.2640704518420511,-0.4061217745235943,0.5224512224266549,0.4251674754668358
H79,19.61353215599024,-103.5123741788091,2025,3,2025-03-01,7,0.3887841204261996,-0.0171311441507089,no_relative_stress,-0.865386390402426,-0.6279406525280308,0.42178960810534893,0.38409654272116817
H79,19.61353215599024,-103.5123741788091,2025,4,2025-04-01,7,0.3664331695706688,-0.0148340584748379,no_relative_stress,-1.0270163915682717,-0.6085304835304194,0.39473238943414446,0.3876904376712048
H79,19.61353215599024,-103.5123741788091,2025,5,2025-05-01,9,0.3301914604341899,-0.0354285503418678,moderate_possible_stress,-1.289096851940803,-0.782552102209231,0.3508595423475855,0.35546941905751067
H79,19.61353215599024,-103.5123741788091,2025,6,2025-06-01,1,0.5268772731575834,0.0225115072096665,no_relative_stress,0.13322868334714333,-0.2929637857524762,0.5889599739032093,0.44611927266400975
H79,19.61353215599024,-103.5123741788091,2025,7,2025-07-01,5,0.6354866987710581,0.1699459575322724,no_relative_stress,0.9186333715858925,0.952844164247743,0.720438450929636,0.6767871715768055
H79,19.61353215599024,-103.5123741788091,2025,8,2025-08-01,6,0.6560457764235483,0.1546505937790338,no_relative_stress,1.0673055138325134,0.8235997053018536,0.7453264954391182,0.6528568797600256
H79,19.61353215599024,-103.5123741788091,2025,9,2025-09-01,5,0.6075737175986629,0.1729397837970097,no_relative_stress,0.7167817721350316,0.9781417290527668,0.6866480479965177,0.681471148847286
H79,19.61353215599024,-103.5123741788091,2025,10,2025-10-01,6,0.6778068877955196,0.2130386793954957,no_relative_stress,1.2246701145224863,1.3169738189307663,0.7716696766632924,0.7442076936384603
H79,19.61353215599024,-103.5123741788091,2025,11,2025-11-01,7,0.6003665211069094,0.1234116529984895,no_relative_stress,0.6646632208978103,0.5596334430827379,0.6779232875715957,0.6039821369957523
H79,19.61353215599024,-103.5123741788091,2025,12,2025-12-01,7,0.6218536640332749,0.1109237746472815,no_relative_stress,0.8200466298045399,0.45411198527875307,0.7039348129217233,0.5844442836999404
H79,19.61353215599024,-103.5123741788091,2026,1,2026-01-01,5,0.5684496439352384,0.0835694477974043,no_relative_stress,0.43385760874235296,0.22297036415890073,0.6392859190534604,0.5416471959987386
H79,19.61353215599024,-103.5123741788091,2026,2,2026-02-01,5,0.4868516502987206,-0.0084233813484592,no_relative_stress,-0.15621499675207917,-0.5543608338220121,0.5405064634846392,0.3977202334218887
H79,19.61353215599024,-103.5123741788091,2026,3,2026-03-01,7,0.4251987155384804,-0.0362235299815488,moderate_possible_stress,-0.6020557120570205,-0.7892696092303905,0.4658717444379311,0.3542256372767775
H79,19.61353215599024,-103.5123741788091,2026,4,2026-04-01,7,0.4218699129263841,-0.0402195994285267,moderate_possible_stress,-0.6261278141144081,-0.8230360394975689,0.4618420214623433,0.34797360499241614
H8,19.64391544066743,-103.4919779953152,2023,1,2023-01-01,4,0.4283601920702381,-0.0929534977615517,moderate_possible_stress,-0.5791936218123295,-1.268632775091141,0.4696989087673844,0.2654690241204192
H8,19.64391544066743,-103.4919779953152,2023,2,2023-02-01,6,0.396497366582768,-0.0992453072381164,moderate_possible_stress,-0.8096083613898432,-1.321798003764898,0.431126973180869,0.25562520221079676
H8,19.64391544066743,-103.4919779953152,2023,3,2023-03-01,6,0.3982335134512637,-0.1102651486259422,severe_possible_stress,-0.7970534852150967,-1.4149146802177544,0.43322868714238444,0.23838415947132865
H8,19.64391544066743,-103.4919779953152,2023,4,2023-04-01,6,0.3782242797587155,-0.1090153195993291,severe_possible_stress,-0.9417494530044922,-1.404353736462149,0.40900626300652093,0.24033957379232515
H8,19.64391544066743,-103.4919779953152,2023,5,2023-05-01,6,0.3636154649907668,-0.1256269488680683,severe_possible_stress,-1.0473925087848632,-1.5447205215667734,0.39132138247242515,0.21434992474792638
H8,19.64391544066743,-103.4919779953152,2023,6,2023-06-01,5,0.3636863708399073,-0.1188975469574578,severe_possible_stress,-1.0468797559917797,-1.4878576758706628,0.391407218420867,0.22487837991063586
H8,19.64391544066743,-103.4919779953152,2023,7,2023-07-01,3,0.5582980082653168,0.0347086788203434,no_relative_stress,0.3604464641440618,-0.18989877396690724,0.6269967315389392,0.4652023020506785
H8,19.64391544066743,-103.4919779953152,2023,8,2023-08-01,1,0.2321918289875334,0.3253114375282188,no_relative_stress,-1.9977772408583947,2.26566860732075,0.2322248822434726,0.9198635269050551
H8,19.64391544066743,-103.4919779953152,2023,9,2023-09-01,5,0.5570959233973086,0.0212774489109397,no_relative_stress,0.3517536358221949,-0.3033914682646269,0.625541532905768,0.44418853236362305
H8,19.64391544066743,-103.4919779953152,2023,10,2023-10-01,2,0.6283180502756659,0.0738325851343978,no_relative_stress,0.8667935786322487,0.14069474345362326,0.7117603552561881,0.5264134317898739
H8,19.64391544066743,-103.4919779953152,2023,11,2023-11-01,5,0.519398063542367,0.0077111992695824,no_relative_stress,0.07914308016002439,-0.4180250672498646,0.5799059246435283,0.42296351816883315
H8,19.64391544066743,-103.4919779953152,2023,12,2023-12-01,4,0.522284338603323,0.0116187822397652,no_relative_stress,0.10001506204941421,-0.3850063398161666,0.5833999404451069,0.4290771093382458
H8,19.64391544066743,-103.4919779953152,2024,1,2024-01-01,4,0.4691551364042757,0.021435101148507,no_relative_stress,-0.2841866244415896,-0.30205932092411797,0.5190837307671397,0.4444351864551124
H8,19.64391544066743,-103.4919779953152,2024,2,2024-02-01,5,0.4973513454445767,-0.0058181358940458,no_relative_stress,-0.08028687406794692,-0.5323467421920824,0.5532169986819422,0.40179625835233546
H8,19.64391544066743,-103.4919779953152,2024,3,2024-03-01,6,0.4528664230714281,-0.0519688558515474,moderate_possible_stress,-0.4019777990540471,-0.9223162079138513,0.49936522834779584,0.32959135927606126
H8,19.64391544066743,-103.4919779953152,2024,4,2024-04-01,5,0.4546632693088874,-0.039300171308046,moderate_possible_stress,-0.3889839778366592,-0.8152669539178942,0.5015404226775456,0.3494120920779552
H8,19.64391544066743,-103.4919779953152,2024,5,2024-05-01,7,0.43320750413206,-0.0325148861997959,moderate_possible_stress,-0.5441404798110075,-0.757931900188054,0.4755668820483433,0.3600279790434479
H8,19.64391544066743,-103.4919779953152,2024,6,2024-06-01,3,0.4242543455290914,-0.0348128611502419,moderate_possible_stress,-0.6088848857554968,-0.7773495834764762,0.46472852569901824,0.3564326927829182
H8,19.64391544066743,-103.4919779953152,2024,7,2024-07-01,3,0.2815640010267429,0.0629922334199834,no_relative_stress,-1.6407443666939792,0.04909473872565592,0.2919929728169728,0.5094532088028567
H8,19.64391544066743,-103.4919779953152,2024,8,2024-08-01,4,0.5288660505912707,0.0175082967035105,no_relative_stress,0.1476104472820743,-0.3352404681049051,0.5913675129049927,0.4382915224146742
H8,19.64391544066743,-103.4919779953152,2024,9,2024-09-01,4,0.3046140774728665,0.0979787143697655,no_relative_stress,-1.4740586669695805,0.34472738099072303,0.31989652657725576,0.56419114849999
H8,19.64391544066743,-103.4919779953152,2024,10,2024-10-01,5,0.5592710724835585,0.0544776925083669,no_relative_stress,0.36748313885850314,-0.022852372245242628,0.6281746864055695,0.4961318225326054
H8,19.64391544066743,-103.4919779953152,2024,11,2024-11-01,5,0.5425690854458324,0.0477067658744593,no_relative_stress,0.2467033920894032,-0.08006609814806129,0.6079558904158879,0.48553840005286164
H8,19.64391544066743,-103.4919779953152,2024,12,2024-12-01,6,0.5724856069684845,0.047398353066243,no_relative_stress,0.4630435129119489,-0.08267215885854672,0.6441717037811564,0.48505587419602575
H8,19.64391544066743,-103.4919779953152,2025,1,2025-01-01,5,0.5532312223472537,0.0261522577016558,no_relative_stress,0.323806205788298,-0.26219976895068514,0.620863071479851,0.45181539229287054
H8,19.64391544066743,-103.4919779953152,2025,2,2025-02-01,4,0.5045756148893222,-0.0267678589832458,no_relative_stress,-0.02804486045859466,-0.7093700330017931,0.561962426980256,0.36901946434512306
H8,19.64391544066743,-103.4919779953152,2025,3,2025-03-01,7,0.4588966646111684,-0.0544594850267766,moderate_possible_stress,-0.35837035016301383,-0.9433618022116126,0.5066652114686732,0.32569465672408693
H8,19.64391544066743,-103.4919779953152,2025,4,2025-04-01,7,0.4386440444769671,-0.0502675050913196,moderate_possible_stress,-0.5048263572054333,-0.9079399457974133,0.4821481528800752,0.33225319987245316
H8,19.64391544066743,-103.4919779953152,2025,5,2025-05-01,9,0.4187071157805951,-0.0549667880796357,moderate_possible_stress,-0.6489994543262924,-0.9476484677428256,0.45801325844731944,0.32490095803928837
H8,19.64391544066743,-103.4919779953152,2025,6,2025-06-01,1,0.4922920796385647,-0.043803314295692,moderate_possible_stress,-0.1168727510362056,-0.8533181103587504,0.5470924421870609,0.34236672019105013
H8,19.64391544066743,-103.4919779953152,2025,7,2025-07-01,5,0.5759596130858579,0.0601746856984309,no_relative_stress,0.48816564827122677,0.025286711881627944,0.6483772046473361,0.5050450273256312
H8,19.64391544066743,-103.4919779953152,2025,8,2025-08-01,6,0.6290559115977525,0.1081850391948261,no_relative_stress,0.872129393073431,0.43096991507636406,0.7126535823618162,0.5801594075999953
H8,19.64391544066743,-103.4919779953152,2025,9,2025-09-01,5,0.56026996734766,0.1427190277739783,no_relative_stress,0.37470660684842705,0.7227790371844279,0.6293839108784894,0.6341894024160042
H8,19.64391544066743,-103.4919779953152,2025,10,2025-10-01,6,0.6319503051514864,0.148156160931776,no_relative_stress,0.893060083516458,0.7687223272253417,0.7161574261047559,0.642696044377052
H8,19.64391544066743,-103.4919779953152,2025,11,2025-11-01,7,0.5838278365387441,0.0757851012263454,no_relative_stress,0.5450643893620762,0.15719333021220733,0.657902179396496,0.5294682319640358
H8,19.64391544066743,-103.4919779953152,2025,12,2025-12-01,7,0.5734733486972786,0.0526882660053257,no_relative_stress,0.4701863274529707,-0.03797286652966429,0.6453674266888484,0.49333218343324836
H8,19.64391544066743,-103.4919779953152,2026,1,2026-01-01,5,0.5658394183292433,0.0630393675392204,no_relative_stress,0.41498186737156867,0.04949301782754307,0.6361260783174181,0.5095269522748046
H8,19.64391544066743,-103.4919779953152,2026,2,2026-02-01,5,0.5496581742171742,0.0293984953982205,no_relative_stress,0.29796785210199517,-0.2347693500687923,0.616537674086103,0.456894278721379
H8,19.64391544066743,-103.4919779953152,2026,3,2026-03-01,7,0.5224137710105938,0.012752198659049,no_relative_stress,0.10095104729108473,-0.3754290722052734,0.5835566264388842,0.43085039084373783
H8,19.64391544066743,-103.4919779953152,2026,4,2026-04-01,7,0.5261652678593796,0.0135536786367357,no_relative_stress,0.12807984570159442,-0.3686566379079755,0.5880980471255487,0.43210434269874276
H80,19.61779554429717,-103.5110620628573,2023,1,2023-01-01,4,0.5931950516269205,0.1236951243909024,no_relative_stress,0.6128030281076413,0.5620287510551479,0.6692417769205214,0.6044256408738939
H80,19.61779554429717,-103.5110620628573,2023,2,2023-02-01,6,0.5364895327455298,0.1018941132200342,no_relative_stress,0.20273935152624428,0.37781215191375433,0.6005962130626314,0.5703169679690546
H80,19.61779554429717,-103.5110620628573,2023,3,2023-03-01,6,0.4938953935780126,0.0438739011555095,no_relative_stress,-0.10527845083943989,-0.11245346302577244,0.5490333536113056,0.4795417089836945
H80,19.61779554429717,-103.5110620628573,2023,4,2023-04-01,6,0.4734760412703698,0.0396152856206055,no_relative_stress,-0.2529401748807433,-0.1484383843095626,0.5243144553378776,0.47287891141118527
H80,19.61779554429717,-103.5110620628573,2023,5,2023-05-01,6,0.4441806597732466,0.0306116881231316,no_relative_stress,-0.4647885466184597,-0.2245179797935986,0.4888505706759919,0.4587923738831217
H80,19.61779554429717,-103.5110620628573,2023,6,2023-06-01,5,0.455372058595646,0.0328559145730792,no_relative_stress,-0.3838583966483858,-0.2055544665385368,0.502398456272966,0.4623035681715747
H80,19.61779554429717,-103.5110620628573,2023,7,2023-07-01,3,0.6677792592459291,0.1806054489672398,no_relative_stress,1.1521557224218066,1.0429159157521162,0.7595306074946649,0.6934644304359302
H80,19.61779554429717,-103.5110620628573,2023,8,2023-08-01,1,0.5793451587658179,0.2555280751789341,no_relative_stress,0.5126480855391502,1.6760054220729603,0.6524756186421645,0.8106842846251272
H80,19.61779554429717,-103.5110620628573,2023,9,2023-09-01,5,0.6861330168625032,0.1783843356379407,no_relative_stress,1.2848801816244204,1.0241477063042055,0.7817489746898594,0.6899893976752995
H80,19.61779554429717,-103.5110620628573,2023,10,2023-10-01,2,0.7112735515595153,0.1610868809612494,no_relative_stress,1.4666829460192314,0.8779857576969581,0.8121831584167559,0.662926743607128
H80,19.61779554429717,-103.5110620628573,2023,11,2023-11-01,5,0.6752336375083116,0.159555512196097,no_relative_stress,1.2060617586807247,0.8650458282718179,0.768554596854529,0.6605308475682752
H80,19.61779554429717,-103.5110620628573,2023,12,2023-12-01,4,0.6448045131386722,0.1569489979384384,no_relative_stress,0.9860147710097975,0.8430210153676785,0.731718245803322,0.6564528375374801
H80,19.61779554429717,-103.5110620628573,2024,1,2024-01-01,4,0.5583164229679887,0.1111274715955059,no_relative_stress,0.36057962932497756,0.45583320631585444,0.6270190236839212,0.584762976834137
H80,19.61779554429717,-103.5110620628573,2024,2,2024-02-01,5,0.5655361365136915,0.0611141167718335,no_relative_stress,0.4127886971338428,0.033224820628676675,0.6357589367825712,0.5065148099402169
H80,19.61779554429717,-103.5110620628573,2024,3,2024-03-01,6,0.5223252108133599,0.0460847110876306,no_relative_stress,0.10031062779060416,-0.09377231636466808,0.5834494188020543,0.4830006216111168
H80,19.61779554429717,-103.5110620628573,2024,4,2024-04-01,5,0.4635510300609371,0.0219360700972946,no_relative_stress,-0.32471249381788947,-0.297826178007132,0.5122996108534729,0.44521897514618514
H80,19.61779554429717,-103.5110620628573,2024,5,2024-05-01,7,0.4335275727320322,0.0253618410676755,no_relative_stress,-0.5418259166176544,-0.2688787189808199,0.4759543450316952,0.4505787495419598
H80,19.61779554429717,-103.5110620628573,2024,6,2024-06-01,3,0.4418612358986383,0.0201179602509445,no_relative_stress,-0.48156136697765556,-0.3131890439831674,0.48604276355529574,0.4423744596524686
H80,19.61779554429717,-103.5110620628573,2024,7,2024-07-01,3,0.4547114090246167,0.1473793737937096,no_relative_stress,-0.3886358574206758,0.762158545219552,0.5015986988029631,0.6414807255920042
H80,19.61779554429717,-103.5110620628573,2024,8,2024-08-01,4,0.5033559064028408,0.1749515685249422,no_relative_stress,-0.0368651332678477,0.9951411304970238,0.5604858938588168,0.6846186774964018
H80,19.61779554429717,-103.5110620628573,2024,9,2024-09-01,4,0.3640134966242995,0.192365024801112,no_relative_stress,-1.0445141590534461,1.1422832822693172,0.3918032245656838,0.7118628213396135
H80,19.61779554429717,-103.5110620628573,2024,10,2024-10-01,5,0.6948270621644582,0.1781804680662863,no_relative_stress,1.3477508201656523,1.022425043514345,0.7922736582432728,0.6896704375929912
H80,19.61779554429717,-103.5110620628573,2024,11,2024-11-01,5,0.6138399904771216,0.1369307091177184,no_relative_stress,0.7620960721483648,0.6738682610169565,0.6942337617597395,0.6251333147800707
H80,19.61779554429717,-103.5110620628573,2024,12,2024-12-01,6,0.5982583401062019,0.0806067982634228,no_relative_stress,0.6494179948756772,0.19793623994693782,0.6753712031120432,0.5370119961406108
H80,19.61779554429717,-103.5110620628573,2025,1,2025-01-01,5,0.5103883144405204,0.0049031864438736,no_relative_stress,0.013989442301476971,-0.44175252507478935,0.5689990619692261,0.41857025446954754
H80,19.61779554429717,-103.5110620628573,2025,2,2025-02-01,4,0.4837598042101816,-0.012071541745003,no_relative_stress,-0.17857355725025628,-0.5851874636561205,0.5367635911452906,0.39201252066054776
H80,19.61779554429717,-103.5110620628573,2025,3,2025-03-01,7,0.436651850027477,-0.016483486904212,no_relative_stress,-0.5192328311525585,-0.6224680065840498,0.4797364773677524,0.38510983192147513
H80,19.61779554429717,-103.5110620628573,2025,4,2025-04-01,7,0.4205923778776812,-0.0019654681636991,no_relative_stress,-0.6353662573800178,-0.4997920436350432,0.4602954856842323,0.4078239321329454
H80,19.61779554429717,-103.5110620628573,2025,5,2025-05-01,9,0.3897710341724033,-0.0098208755376808,no_relative_stress,-0.8582495633841688,-0.5661695350258475,0.4229843286885246,0.39553379024212154
H80,19.61779554429717,-103.5110620628573,2025,6,2025-06-01,1,0.5756089085623226,0.0493565291055218,no_relative_stress,0.4856295426301621,-0.06612574605003757,0.647952654969624,0.48811952961505073
H80,19.61779554429717,-103.5110620628573,2025,7,2025-07-01,5,0.6755877917933801,0.1706897597114249,no_relative_stress,1.2086228111334152,0.9591292262938799,0.7689833226835276,0.677950883894357
H80,19.61779554429717,-103.5110620628573,2025,8,2025-08-01,6,0.6988806912379106,0.1862359253630569,no_relative_stress,1.3770644755936894,1.0904929389027358,0.797180828813388,0.7022735666809485
H80,19.61779554429717,-103.5110620628573,2025,9,2025-09-01,5,0.6802310864700158,0.189644529158585,no_relative_stress,1.2422006096283855,1.1192953368333285,0.7746043202076434,0.7076064822513611
H80,19.61779554429717,-103.5110620628573,2025,10,2025-10-01,6,0.7016103186702977,0.1807469066666834,no_relative_stress,1.396803666464393,1.0441112206904801,0.8004852129000605,0.6936857474364297
H80,19.61779554429717,-103.5110620628573,2025,11,2025-11-01,7,0.6211073960794705,0.1010644566128978,no_relative_stress,0.814650023144578,0.3708016276117402,0.7030314090645938,0.5690189324965547
H80,19.61779554429717,-103.5110620628573,2025,12,2025-12-01,7,0.6061010812762749,0.0534205485293912,no_relative_stress,0.7061324618643893,-0.03178514454114105,0.6848653299700875,0.49447787272680993
H80,19.61779554429717,-103.5110620628573,2026,1,2026-01-01,5,0.5854526436884404,0.0512485998650383,no_relative_stress,0.5568141168433434,-0.050137916957102825,0.6598691096909621,0.4910797603191841
H80,19.61779554429717,-103.5110620628573,2026,2,2026-02-01,5,0.5247059826427202,-0.013157110190223,no_relative_stress,0.11752708341445471,-0.5943604201555357,0.5863314914444941,0.39031409948532714
H80,19.61779554429717,-103.5110620628573,2026,3,2026-03-01,7,0.4764553963127179,-0.0108973046333061,no_relative_stress,-0.2313950888537196,-0.57526526483667,0.5279211502566318,0.39384966799475546
H80,19.61779554429717,-103.5110620628573,2026,4,2026-04-01,7,0.5035962908493171,0.0078968245047437,no_relative_stress,-0.03512680282207128,-0.4164565505756504,0.5607768942093391,0.4232539372865235
H81,19.61991823018052,-103.513120060683,2023,1,2023-01-01,4,0.4805037711545877,0.0382560648111584,no_relative_stress,-0.202119429189814,-0.15992367886934633,0.5328219602520315,0.4707523486737269
H81,19.61991823018052,-103.513120060683,2023,2,2023-02-01,6,0.385141036079849,-0.0080994307407781,no_relative_stress,-0.891731208166732,-0.55162348009245,0.4173794275079334,0.3982270688722317
H81,19.61991823018052,-103.513120060683,2023,3,2023-03-01,6,0.3467043570930926,-0.0642014585501005,moderate_possible_stress,-1.169684504632568,-1.0256806092305422,0.3708494326517097,0.31045289634195017
H81,19.61991823018052,-103.513120060683,2023,4,2023-04-01,6,0.3103732092435348,-0.0714668697335785,moderate_possible_stress,-1.43241173745754,-1.087072685455549,0.3268683144301512,0.2990858303084464
H81,19.61991823018052,-103.513120060683,2023,5,2023-05-01,6,0.2839942555870341,-0.0914891320845513,moderate_possible_stress,-1.62317007869379,-1.2562590157823585,0.29493494738841347,0.2677600907823464
H81,19.61991823018052,-103.513120060683,2023,6,2023-06-01,5,0.2776498061456414,-0.1007200230391855,moderate_possible_stress,-1.669049709374254,-1.3342592206985437,0.28725459602467335,0.2533179423093167
H81,19.61991823018052,-103.513120060683,2023,7,2023-07-01,3,0.6052146028433217,0.0885560119166693,no_relative_stress,0.699721928769943,0.2651063860274182,0.683792192591604,0.5494489022191499
H81,19.61991823018052,-103.513120060683,2023,8,2023-08-01,1,0.5403087364279242,0.2100968135662443,no_relative_stress,0.23035776917782527,1.2921153151692921,0.6052195970901098,0.7396050108310708
H81,19.61991823018052,-103.513120060683,2023,9,2023-09-01,5,0.5656827840641657,0.0939341361279893,no_relative_stress,0.41384917299043267,0.31055105573582353,0.6359364627798509,0.5578632220012816
H81,19.61991823018052,-103.513120060683,2023,10,2023-10-01,2,0.5703260761512395,0.0566088889739119,no_relative_stress,0.4474269527590903,-0.004843952272985755,0.6415574571691407,0.4994661762728741
H81,19.61991823018052,-103.513120060683,2023,11,2023-11-01,5,0.5641867553285341,0.0994037234460589,no_relative_stress,0.4030307014252984,0.3567685805352272,0.6341254267796366,0.5664206399712236
H81,19.61991823018052,-103.513120060683,2023,12,2023-12-01,4,0.5180947968941318,0.0613371905925051,no_relative_stress,0.06971855986846272,0.03510977450900452,0.5783282391608787,0.5068638190721001
H81,19.61991823018052,-103.513120060683,2024,1,2024-01-01,4,0.4458771010855626,0.0375300630694443,no_relative_stress,-0.4525207995745091,-0.16605832880741953,0.4909042185877469,0.4696164859496364
H81,19.61991823018052,-103.513120060683,2024,2,2024-02-01,5,0.4510559128396296,0.0102417017088033,no_relative_stress,-0.41507043089632767,-0.39664254742916993,0.49717349290151147,0.42692260425469414
H81,19.61991823018052,-103.513120060683,2024,3,2024-03-01,6,0.3941224360182574,-0.0230058566055588,no_relative_stress,-0.826782576142128,-0.6775814485848743,0.4282519717534917,0.37490528806045686
H81,19.61991823018052,-103.513120060683,2024,4,2024-04-01,5,0.318389822327674,-0.0595327540841487,moderate_possible_stress,-1.3744399227230932,-0.9862304730706594,0.33657292407392025,0.3177572966869811
H81,19.61991823018052,-103.513120060683,2024,5,2024-05-01,7,0.2850754010130943,-0.0545338416548962,moderate_possible_stress,-1.6153518190768252,-0.943990109084558,0.29624374129151687,0.32557832239963935
H81,19.61991823018052,-103.513120060683,2024,6,2024-06-01,3,0.2919548880612744,-0.0583606470630361,moderate_possible_stress,-1.5656030854858058,-0.9763262733265834,0.3045717890158161,0.31959111139765
H81,19.61991823018052,-103.513120060683,2024,7,2024-07-01,3,0.3784915627731919,0.096173773691599,no_relative_stress,-0.9398166066472758,0.3294757933107856,0.40932982574962445,0.5613672367684789
H81,19.61991823018052,-103.513120060683,2024,8,2024-08-01,4,0.4265553095248323,0.1318764424746141,no_relative_stress,-0.5922455572670563,0.6311601588629324,0.4675139859861327,0.6172256848838094
H81,19.61991823018052,-103.513120060683,2024,9,2024-09-01,4,0.3288736856655577,0.1764440975432469,no_relative_stress,-1.2986262871208567,1.0077528675268794,0.3492642938812119,0.6869538069859167
H81,19.61991823018052,-103.513120060683,2024,10,2024-10-01,5,0.6259514300739846,0.1484113831270476,no_relative_stress,0.8496794599341526,0.7708789320025164,0.7088954140408242,0.6430953511022468
H81,19.61991823018052,-103.513120060683,2024,11,2024-11-01,5,0.5991655115846837,0.1294529336260935,no_relative_stress,0.6559781688956716,0.6106817253368713,0.6764693907114978,0.6134339951338114
H81,19.61991823018052,-103.513120060683,2024,12,2024-12-01,6,0.5752960675958622,0.0818499630958581,no_relative_stress,0.4833672457775334,0.20844087185637095,0.6475739414869832,0.5389569840269065
H81,19.61991823018052,-103.513120060683,2025,1,2025-01-01,5,0.4637163324703238,-0.019607693382152,no_relative_stress,-0.3235171161001995,-0.6488672725571196,0.5124997197198277,0.38022186888122717
H81,19.61991823018052,-103.513120060683,2025,2,2025-02-01,4,0.3995078655556889,-0.0567634619159453,moderate_possible_stress,-0.7878380592828715,-0.9628302013467029,0.43477136976812203,0.32208998015761764
H81,19.61991823018052,-103.513120060683,2025,3,2025-03-01,7,0.3358230437381251,-0.071124931892096,moderate_possible_stress,-1.2483722840302898,-1.0841833412053232,0.3576769248341106,0.29962080760365084
H81,19.61991823018052,-103.513120060683,2025,4,2025-04-01,7,0.3120346249919835,-0.0556838155696798,moderate_possible_stress,-1.4203972763684152,-0.9537072860550385,0.32887956171444443,0.323779135939845
H81,19.61991823018052,-103.513120060683,2025,5,2025-05-01,9,0.2808580422537869,-0.0783388741491844,moderate_possible_stress,-1.6458494791356575,-1.145140509594788,0.2911383657348764,0.2883342670449164
H81,19.61991823018052,-103.513120060683,2025,6,2025-06-01,1,0.5174958274783917,0.0064855871432127,no_relative_stress,0.06538713665563667,-0.42838138035922974,0.5776031493620689,0.42104599228900563
H81,19.61991823018052,-103.513120060683,2025,7,2025-07-01,5,0.5718408957511042,0.110039367190761,no_relative_stress,0.45838130970232455,0.4466388211847315,0.6433912406813451,0.583060588034972
H81,19.61991823018052,-103.513120060683,2025,8,2025-08-01,6,0.6562648915842442,0.1825938053659897,no_relative_stress,1.0688900362945615,1.0597173499052346,0.7455917479939399,0.6965753043991448
H81,19.61991823018052,-103.513120060683,2025,9,2025-09-01,5,0.550474614086014,0.1200803240698029,no_relative_stress,0.3038719041401103,0.5314840108819036,0.6175260254187096,0.5987701214669113
H81,19.61991823018052,-103.513120060683,2025,10,2025-10-01,6,0.6572947425071328,0.1979076650821725,no_relative_stress,1.0763373617771796,1.1891180980876517,0.746838446704856,0.7205345339906535
H81,19.61991823018052,-103.513120060683,2025,11,2025-11-01,7,0.5533898914523749,0.0975111321227172,no_relative_stress,0.32495361503327763,0.34077635272441814,0.6210551503180793,0.5634595948213243
H81,19.61991823018052,-103.513120060683,2025,12,2025-12-01,7,0.509863782953413,0.0315380448470998,no_relative_stress,0.010196313972365477,-0.21669034813267743,0.5683640839211631,0.46024170108374496
H81,19.61991823018052,-103.513120060683,2026,1,2026-01-01,5,0.4575788778629326,-0.0087891295037412,no_relative_stress,-0.3678998719730885,-0.5574513730993058,0.505069948500243,0.3971480038084875
H81,19.61991823018052,-103.513120060683,2026,2,2026-02-01,5,0.416278445361196,-0.0644313985417874,moderate_possible_stress,-0.6665622866754045,-1.0276235816432973,0.4550732015771346,0.31009314477342337
H81,19.61991823018052,-103.513120060683,2026,3,2026-03-01,7,0.3661072457344413,-0.073431145398507,moderate_possible_stress,-1.029373296666848,-1.103670639556543,0.394337838322473,0.29601263174784426
H81,19.61991823018052,-103.513120060683,2026,4,2026-04-01,7,0.3697938652862457,-0.0719132899226026,moderate_possible_stress,-1.0027136558172183,-1.0908448962197896,0.39880072099871605,0.298387385631445
H82,19.62073465959264,-103.514415855126,2023,1,2023-01-01,4,0.4562352485743641,0.0398414166007388,no_relative_stress,-0.3776162730730468,-0.14652759770456644,0.5034434015265228,0.4732327036080043
H82,19.62073465959264,-103.514415855126,2023,2,2023-02-01,6,0.3593377288533422,-0.0051343083957144,no_relative_stress,-1.0783267854224958,-0.5265684608474855,0.3861429163375327,0.402866137555695
H82,19.62073465959264,-103.514415855126,2023,3,2023-03-01,6,0.3260860382724467,-0.0534183094671246,moderate_possible_stress,-1.318785047001401,-0.9345639616341753,0.3458896730169298,0.32732362321203307
H82,19.62073465959264,-103.514415855126,2023,4,2023-04-01,6,0.2905939976929437,-0.0621280001489322,moderate_possible_stress,-1.5754443093890587,-1.0081600707504381,0.30292434642952687,0.3136969162561156
H82,19.62073465959264,-103.514415855126,2023,5,2023-05-01,6,0.2712386584204216,-0.0817886269940753,moderate_possible_stress,-1.7154116660086522,-1.174290613320864,0.2794935022324716,0.28293697191641537
H82,19.62073465959264,-103.514415855126,2023,6,2023-06-01,5,0.266747890639063,-0.0898007113415922,moderate_possible_stress,-1.7478864724018182,-1.2419920111581264,0.2740571480188543,0.2704017017790094
H82,19.62073465959264,-103.514415855126,2023,7,2023-07-01,3,0.57034615591324,0.0870807178438698,no_relative_stress,0.4475721587494986,0.25264028274924827,0.6415817649721879,0.5471407375852632
H82,19.62073465959264,-103.514415855126,2023,8,2023-08-01,1,0.5011023936934501,0.1937946117013667,no_relative_stress,-0.05316131968964064,1.154363164017826,0.5577578763104611,0.7140994750245118
H82,19.62073465959264,-103.514415855126,2023,9,2023-09-01,5,0.5349733134458885,0.0948139202760197,no_relative_stress,0.19177487271043325,0.31798515328563065,0.5987607351266337,0.5592396842899726
H82,19.62073465959264,-103.514415855126,2023,10,2023-10-01,2,0.5337121445937006,0.055824314245001,no_relative_stress,0.18265478093594795,-0.011473538726543404,0.5972340116491619,0.49823867344797834
H82,19.62073465959264,-103.514415855126,2023,11,2023-11-01,5,0.5134094632727999,0.0905345117959202,no_relative_stress,0.03583675843759136,0.28182453347024367,0.5726563508748126,0.5525443552095969
H82,19.62073465959264,-103.514415855126,2023,12,2023-12-01,4,0.4701204902454141,0.0459841108226818,no_relative_stress,-0.27720570700871716,-0.09462237962716274,0.5202523517418624,0.4828432279239898
H82,19.62073465959264,-103.514415855126,2024,1,2024-01-01,4,0.4114531564879057,0.034875799238996,no_relative_stress,-0.7014561688756091,-0.18848662134105074,0.4492318887381312,0.4654637695418359
H82,19.62073465959264,-103.514415855126,2024,2,2024-02-01,5,0.4098293849902067,0.0083553353937455,no_relative_stress,-0.7131984070811579,-0.4125821744754227,0.44726621216493795,0.42397129841320225
H82,19.62073465959264,-103.514415855126,2024,3,2024-03-01,6,0.3568521442520315,-0.0201188531581526,no_relative_stress,-1.0963011903864905,-0.6531865270547521,0.3831339613038904,0.37942213617777293
H82,19.62073465959264,-103.514415855126,2024,4,2024-04-01,5,0.2905726029391257,-0.0576402561131854,moderate_possible_stress,-1.5755990246898484,-0.9702390340791182,0.30289844674694905,0.32071819578284116
H82,19.62073465959264,-103.514415855126,2024,5,2024-05-01,7,0.2642735505192861,-0.0500375667947556,moderate_possible_stress,-1.765779563350353,-0.9059969877082956,0.2710618051307385,0.33261294878888314
H82,19.62073465959264,-103.514415855126,2024,6,2024-06-01,3,0.2717638601971004,-0.0539498371902136,moderate_possible_stress,-1.711613690507494,-0.9390553234673212,0.28012929170782574,0.32649202392956844
H82,19.62073465959264,-103.514415855126,2024,7,2024-07-01,3,0.3415501034419447,0.0826831602340141,no_relative_stress,-1.2069572823783055,0.21548131332958767,0.3646098874517142,0.5402605588211155
H82,19.62073465959264,-103.514415855126,2024,8,2024-08-01,4,0.3710945405700487,0.1089777354661903,no_relative_stress,-0.9933078748732078,0.4376681278389862,0.4003752694732558,0.5813996169472102
H82,19.62073465959264,-103.514415855126,2024,9,2024-09-01,4,0.3466254257149824,0.1651239921183445,no_relative_stress,-1.1702552937152533,0.9120989867525725,0.37075388130038905,0.6692429875124493
H82,19.62073465959264,-103.514415855126,2024,10,2024-10-01,5,0.5730162625108897,0.1267147502666578,no_relative_stress,0.4668809271003652,0.5875443202712366,0.6448140953797399,0.6091499828084901
H82,19.62073465959264,-103.514415855126,2024,11,2024-11-01,5,0.528348682720607,0.1068314351836188,no_relative_stress,0.14386912235683727,0.4195320819605331,0.590741206860991,0.5780416325986852
H82,19.62073465959264,-103.514415855126,2024,12,2024-12-01,6,0.5169433414347534,0.0676837784856818,no_relative_stress,0.06139185607654307,0.08873787591538501,0.5769343305815108,0.516793344304372
H82,19.62073465959264,-103.514415855126,2025,1,2025-01-01,5,0.431881603365309,-0.0103214691152185,no_relative_stress,-0.5537286778192694,-0.5703995060892653,0.4739617965549259,0.3947505888364311
H82,19.62073465959264,-103.514415855126,2025,2,2025-02-01,4,0.3682382051441296,-0.0425639188324219,moderate_possible_stress,-1.0139633494973272,-0.8428453292824314,0.3969174974653917,0.3443058107279565
H82,19.62073465959264,-103.514415855126,2025,3,2025-03-01,7,0.3151568755357451,-0.0533813939997585,moderate_possible_stress,-1.39781884727651,-0.9342520292288112,0.3326592405413048,0.32738137913865734
H82,19.62073465959264,-103.514415855126,2025,4,2025-04-01,7,0.2888524524700093,-0.046144787760746,moderate_possible_stress,-1.588038223546568,-0.8731033522143412,0.30081609742359844,0.33870337852726495
H82,19.62073465959264,-103.514415855126,2025,5,2025-05-01,9,0.2578992213568786,-0.0693657107745669,moderate_possible_stress,-1.8118752680302486,-1.069318079733324,0.2633452825029409,0.3023731890044396
H82,19.62073465959264,-103.514415855126,2025,6,2025-06-01,1,0.4479283321719082,-0.0044857877705515,no_relative_stress,-0.43768740456503386,-0.521088519430814,0.4933873616274843,0.4038807775511683
H82,19.62073465959264,-103.514415855126,2025,7,2025-07-01,5,0.4868864032003658,0.0733312298910468,no_relative_stress,-0.15596368254313378,0.1364583363820448,0.5405485340374918,0.5256290387233983
H82,19.62073465959264,-103.514415855126,2025,8,2025-08-01,6,0.5831141841882788,0.1459410719697289,no_relative_stress,0.5399036411244151,0.7500050231431704,0.6570382587594469,0.6392304370128146
H82,19.62073465959264,-103.514415855126,2025,9,2025-09-01,5,0.4786349189812222,0.0884384896631783,no_relative_stress,-0.2156339584334375,0.2641133334716508,0.5305595982502649,0.5492650333117883
H82,19.62073465959264,-103.514415855126,2025,10,2025-10-01,6,0.5875311268242321,0.1657466444484373,no_relative_stress,0.571844583951103,0.9173603433840684,0.6623852430345961,0.6702171553844858
H82,19.62073465959264,-103.514415855126,2025,11,2025-11-01,7,0.4870021421500823,0.0780998791821111,no_relative_stress,-0.15512672098840943,0.17675299739628886,0.540688643247677,0.5330898072901404
H82,19.62073465959264,-103.514415855126,2025,12,2025-12-01,7,0.4547425887457771,0.0240836023366633,no_relative_stress,-0.38841038252253474,-0.27967972220366716,0.5016364437981983,0.44857888694711595
H82,19.62073465959264,-103.514415855126,2026,1,2026-01-01,5,0.4069013789119788,-0.0093931053802028,no_relative_stress,-0.7343721651416778,-0.5625549153640735,0.44372167836674276,0.3962030560970634
H82,19.62073465959264,-103.514415855126,2026,2,2026-02-01,5,0.3650392437964822,-0.0582907874599459,moderate_possible_stress,-1.0370965096788232,-0.9757359659138776,0.3930449554306707,0.31970040992203447
H82,19.62073465959264,-103.514415855126,2026,3,2026-03-01,7,0.3265164151071365,-0.0630370902526883,moderate_possible_stress,-1.315672794250174,-1.0158418010112267,0.3464106709915794,0.31227460346763924
H82,19.62073465959264,-103.514415855126,2026,4,2026-04-01,7,0.3272175823114346,-0.0633534089908318,moderate_possible_stress,-1.3106023318443158,-1.0185146661241695,0.3472594775812586,0.31177970842408154
H83,19.61823643269025,-103.5148556403709,2023,1,2023-01-01,4,0.4912931893968186,0.0324849656409895,no_relative_stress,-0.12409618559975225,-0.20868895191580267,0.5458832233097902,0.4617232017064653
H83,19.61823643269025,-103.5148556403709,2023,2,2023-02-01,6,0.396580073570648,-0.0115991311751441,no_relative_stress,-0.8090102691371299,-0.5811956364928857,0.4312270951430696,0.3927516284697139
H83,19.61823643269025,-103.5148556403709,2023,3,2023-03-01,6,0.3704545361946129,-0.0583926772015986,moderate_possible_stress,-0.9979360407448284,-0.9765969251394633,0.39960050429889593,0.3195409987899933
H83,19.61823643269025,-103.5148556403709,2023,4,2023-04-01,6,0.3488855895451739,-0.0578033584695108,moderate_possible_stress,-1.153911009981192,-0.9716172344368321,0.3734899504448973,0.3204630147328289
H83,19.61823643269025,-103.5148556403709,2023,5,2023-05-01,6,0.3221875718297203,-0.074235772667399,moderate_possible_stress,-1.3469766501128615,-1.1104696681837005,0.34117033647930334,0.29475375581269386
H83,19.61823643269025,-103.5148556403709,2023,6,2023-06-01,5,0.3151292249322499,-0.0831001629419212,moderate_possible_stress,-1.3980188015023531,-1.1853729750549244,0.3326257677628983,0.2808850143123666
H83,19.61823643269025,-103.5148556403709,2023,7,2023-07-01,3,0.55190649448545,0.058020583464552,no_relative_stress,0.31422648959493615,0.0070847402107769184,0.6192594058609545,0.5016748364696612
H83,19.61823643269025,-103.5148556403709,2023,8,2023-08-01,1,0.49000765083996,0.1415102120012044,no_relative_stress,-0.13339250591233429,0.7125646517642485,0.5443269987863677,0.6322981551948271
H83,19.61823643269025,-103.5148556403709,2023,9,2023-09-01,5,0.5489669924531336,0.0695129153274219,no_relative_stress,0.29296959900530206,0.10419391901855325,0.6157009554940363,0.5196551120335896
H83,19.61823643269025,-103.5148556403709,2023,10,2023-10-01,2,0.5587390983768636,0.0401974205537412,no_relative_stress,0.36363618952551735,-0.14351939606708322,0.6275306986027553,0.4737896879740329
H83,19.61823643269025,-103.5148556403709,2023,11,2023-11-01,5,0.5392048861856074,0.0825957810423777,no_relative_stress,0.2223753205962947,0.21474296695689782,0.6038833175922181,0.5401238501041272
H83,19.61823643269025,-103.5148556403709,2023,12,2023-12-01,4,0.5242415485130747,0.0835383163777057,no_relative_stress,0.1141685467060497,0.2227073064402302,0.5857692649922321,0.5415984894775943
H83,19.61823643269025,-103.5148556403709,2024,1,2024-01-01,4,0.4719086517677407,0.0447819165581096,no_relative_stress,-0.2642746889591268,-0.10478081389385918,0.52241703268281,0.4809623403533637
H83,19.61823643269025,-103.5148556403709,2024,2,2024-02-01,5,0.4826491243546549,0.0292366682393727,no_relative_stress,-0.1866053939047242,-0.2361367751216032,0.5354190439750635,0.4566410927757824
H83,19.61823643269025,-103.5148556403709,2024,3,2024-03-01,6,0.4271892468719426,-0.0012738674604001,no_relative_stress,-0.5876612648664868,-0.49394807940205465,0.46828140664467544,0.40890597286879454
H83,19.61823643269025,-103.5148556403709,2024,4,2024-04-01,5,0.3742620074911356,-0.0265926539618845,no_relative_stress,-0.9704024653692822,-0.7078895662044181,0.40420968554224584,0.36929358056469014
H83,19.61823643269025,-103.5148556403709,2024,5,2024-05-01,7,0.3505134735163422,-0.0182981602863131,no_relative_stress,-1.142139032589336,-0.6378018347438086,0.37546060542346843,0.3822706929322747
H83,19.61823643269025,-103.5148556403709,2024,6,2024-06-01,3,0.3582520228558365,-0.0246325342494287,no_relative_stress,-1.0861780246282402,-0.6913267295309926,0.3848286015785309,0.3723602769487469
H83,19.61823643269025,-103.5148556403709,2024,7,2024-07-01,3,0.3401425226947641,0.1049792300331258,no_relative_stress,-1.2171361458762548,0.40388111370673324,0.36290592325260634,0.5751437734518927
H83,19.61823643269025,-103.5148556403709,2024,8,2024-08-01,4,0.451626726609759,0.1129249452219446,no_relative_stress,-0.41094261410106736,0.4710216980749593,0.49786449853696546,0.5875752060238179
H83,19.61823643269025,-103.5148556403709,2024,9,2024-09-01,4,0.2623262280606671,0.1476682440949935,no_relative_stress,-1.7798615473022341,0.7645994734901899,0.26870444995928444,0.6419326763084728
H83,19.61823643269025,-103.5148556403709,2024,10,2024-10-01,5,0.5885035295200011,0.1021939784697026,no_relative_stress,0.5788764748924189,0.38034598651718843,0.6635623970870547,0.5707861207820275
H83,19.61823643269025,-103.5148556403709,2024,11,2024-11-01,5,0.572602036338698,0.141440413345715,no_relative_stress,0.4638854672146979,0.7119748593533314,0.6443126487883725,0.6321889520257344
H83,19.61823643269025,-103.5148556403709,2024,12,2024-12-01,6,0.5901430647984829,0.1052079370664097,no_relative_stress,0.5907327082439806,0.40581366773099686,0.6655471566991076,0.575501596000956
H83,19.61823643269025,-103.5148556403709,2025,1,2025-01-01,5,0.5134678592424269,0.035156356251051,no_relative_stress,0.036259046540674626,-0.1861159396226218,0.5727270428346279,0.4659027137394394
H83,19.61823643269025,-103.5148556403709,2025,2,2025-02-01,4,0.4737539369325789,0.0095336197319156,no_relative_stress,-0.2509305835887592,-0.40262577695339813,0.5246508653523226,0.4258147778171871
H83,19.61823643269025,-103.5148556403709,2025,3,2025-03-01,7,0.4015841626321941,-0.0132985920962553,no_relative_stress,-0.7728234005748222,-0.5955559296374141,0.43728485675077905,0.39009274461251936
H83,19.61823643269025,-103.5148556403709,2025,4,2025-04-01,7,0.3769556366296369,-0.0065721538599902,no_relative_stress,-0.9509235947113662,-0.5387181267250806,0.4074704914511597,0.40061656297200665
H83,19.61823643269025,-103.5148556403709,2025,5,2025-05-01,9,0.3434858136367951,-0.0272556428739679,no_relative_stress,-1.1929592720443072,-0.7134917633545971,0.36695318525433035,0.3682563042766982
H83,19.61823643269025,-103.5148556403709,2025,6,2025-06-01,1,0.5432775987981037,0.0431575225660645,no_relative_stress,0.2518269778685419,-0.11850679818582281,0.6088135899754182,0.4784209021187331
H83,19.61823643269025,-103.5148556403709,2025,7,2025-07-01,5,0.5260233190450163,0.0884539521941188,no_relative_stress,0.12705334856599965,0.2642439904784132,0.587926209241104,0.5492892251442679
H83,19.61823643269025,-103.5148556403709,2025,8,2025-08-01,6,0.5727222308811758,0.1091623790585766,no_relative_stress,0.46475464920907417,0.43922834971934127,0.6444581517712177,0.5816885002401602
H83,19.61823643269025,-103.5148556403709,2025,9,2025-09-01,5,0.5188970825053868,0.1123678382568833,no_relative_stress,0.07552025596276517,0.46631419392952256,0.5792994558827442,0.5867035868546265
H83,19.61823643269025,-103.5148556403709,2025,10,2025-10-01,6,0.6026502295441093,0.1455871551154238,no_relative_stress,0.6811777665094454,0.7470144573034525,0.6806878589299235,0.6386767180075634
H83,19.61823643269025,-103.5148556403709,2025,11,2025-11-01,7,0.5515971947160976,0.0973887073422667,no_relative_stress,0.31198980076661,0.33974187425328384,0.6188849792180606,0.5632680556876986
H83,19.61823643269025,-103.5148556403709,2025,12,2025-12-01,7,0.5519032819505356,0.0738694261284913,no_relative_stress,0.31420325827805307,0.14100604656647894,0.6192555168872714,0.5264710711996781
H83,19.61823643269025,-103.5148556403709,2026,1,2026-01-01,5,0.5244310837315862,0.0630262485465192,no_relative_stress,0.1155391630072082,0.04938216350979444,0.5859987091839495,0.509506427014422
H83,19.61823643269025,-103.5148556403709,2026,2,2026-02-01,5,0.4841232219531,0.0125731063531775,no_relative_stress,-0.17594551647511178,-0.37694238620990655,0.5372035309672112,0.4305701927908646
H83,19.61823643269025,-103.5148556403709,2026,3,2026-03-01,7,0.4239913284742042,-0.0136923502305767,no_relative_stress,-0.6107868829977099,-0.598883150738327,0.4644101271658042,0.38947669211376484
H83,19.61823643269025,-103.5148556403709,2026,4,2026-04-01,7,0.4212518159750207,-0.0168239902745099,no_relative_stress,-0.6305975573309366,-0.62534522968076,0.46109377658984807,0.3845770989216404
H84,19.61655830108952,-103.5173207877669,2023,1,2023-01-01,4,0.5245265461234331,0.0488954037289126,no_relative_stress,0.11622949545012025,-0.07002221433726329,0.5861142723574257,0.48739807800367313
H84,19.61655830108952,-103.5173207877669,2023,2,2023-02-01,6,0.4151589581799866,-0.0070284045317978,no_relative_stress,-0.6746578131509259,-0.5425734041916911,0.4537179925903948,0.3999027380578626
H84,19.61655830108952,-103.5173207877669,2023,3,2023-03-01,6,0.3509732974485079,-0.0861185218188752,moderate_possible_stress,-1.1388138343383793,-1.2108778382441927,0.3760172509444254,0.27616265465498463
H84,19.61655830108952,-103.5173207877669,2023,4,2023-04-01,6,0.2992449916724214,-0.1004384891577165,moderate_possible_stress,-1.5128849947528895,-1.3318802845207303,0.3133969136746058,0.2537584148635204
H84,19.61655830108952,-103.5173207877669,2023,5,2023-05-01,6,0.2815794854207189,-0.1098492294595737,severe_possible_stress,-1.6406323919224102,-1.41140020037342,0.29201171764069456,0.239034883912013
H84,19.61655830108952,-103.5173207877669,2023,6,2023-06-01,5,0.2555868746546157,-0.1275242911243066,severe_possible_stress,-1.828596910102586,-1.5607528943366442,0.26054604274033893,0.21138144654756477
H84,19.61655830108952,-103.5173207877669,2023,7,2023-07-01,3,0.5009748981363192,0.0122320323351262,no_relative_stress,-0.054083298677510154,-0.37982443122921555,0.5576035349944609,0.43003656698668186
H84,19.61655830108952,-103.5173207877669,2023,8,2023-08-01,1,0.461172992357613,0.1121126052352668,no_relative_stress,-0.3419091777193975,0.4641574976706993,0.5094208480409598,0.586304263191123
H84,19.61655830108952,-103.5173207877669,2023,9,2023-09-01,5,0.5307401651517383,0.0509792840213652,no_relative_stress,0.16116303126614,-0.052413611805727456,0.5936362453542393,0.4906584034404623
H84,19.61655830108952,-103.5173207877669,2023,10,2023-10-01,2,0.5588038590089796,0.0347546501252713,no_relative_stress,0.3641045034291205,-0.1895103205421768,0.627609095383088,0.46527422624678594
H84,19.61655830108952,-103.5173207877669,2023,11,2023-11-01,5,0.5311287079719335,0.0726483368307347,no_relative_stress,0.1639727630259675,0.1306879509553332,0.5941066006477165,0.5245606214907933
H84,19.61655830108952,-103.5173207877669,2023,12,2023-12-01,4,0.544445171348624,0.0820242923705588,no_relative_stress,0.26027023175611047,0.20991393867260483,0.6102270092978498,0.5392297301010175
H84,19.61655830108952,-103.5173207877669,2024,1,2024-01-01,4,0.490930088637296,0.0519273169786824,no_relative_stress,-0.12672193412223345,-0.04440281790712604,0.545443667216021,0.4921416440934165
H84,19.61655830108952,-103.5173207877669,2024,2,2024-02-01,5,0.4781585086700047,0.0214451205316806,no_relative_stress,-0.2190791004166676,-0.30197465803030676,0.5299828738839886,0.44445086223550156
H84,19.61655830108952,-103.5173207877669,2024,3,2024-03-01,6,0.4183249021375005,-0.0117326751254934,no_relative_stress,-0.651763416896757,-0.582324070957528,0.4575505650170858,0.39254269288937843
H84,19.61655830108952,-103.5173207877669,2024,4,2024-04-01,5,0.3562783682377254,-0.0421518450062778,moderate_possible_stress,-1.1004504285312418,-0.8393633422198824,0.3824393696872867,0.3449505189590764
H84,19.61655830108952,-103.5173207877669,2024,5,2024-05-01,7,0.3070979163328405,-0.0407659510793178,moderate_possible_stress,-1.4560968862637709,-0.8276526621970935,0.322903368282235,0.34711881300126507
H84,19.61655830108952,-103.5173207877669,2024,6,2024-06-01,3,0.3054008258226191,-0.0487058333315053,moderate_possible_stress,-1.4683693279562349,-0.8947439587712442,0.3208489344759648,0.33469650632382586
H84,19.61655830108952,-103.5173207877669,2024,7,2024-07-01,3,0.3085054589467993,0.1087862205298579,no_relative_stress,-1.4459182985246795,0.43604984371540023,0.3246072863187018,0.5810999831243313
H84,19.61655830108952,-103.5173207877669,2024,8,2024-08-01,4,0.5292944937052483,0.1438353342764661,no_relative_stress,0.15070871640983102,0.7322117275250724,0.5918861699902322,0.6359359146789667
H84,19.61655830108952,-103.5173207877669,2024,9,2024-09-01,4,0.1211430296717283,0.1581860331318877,no_relative_stress,-2.8008221618058133,0.8534738523746132,0.09779339135596418,0.6583882353249697
H84,19.61655830108952,-103.5173207877669,2024,10,2024-10-01,5,0.6090616031295641,0.1366567067816402,no_relative_stress,0.7275413564430393,0.6715529657256735,0.6884492261400129,0.6247046256709645
H84,19.61655830108952,-103.5173207877669,2024,11,2024-11-01,5,0.4960737032730605,0.0755180621612506,no_relative_stress,-0.08952609198786816,0.15493687393941774,0.5516703332249908,0.5290504372088869
H84,19.61655830108952,-103.5173207877669,2024,12,2024-12-01,6,0.5092445428806848,0.0246469455108744,no_relative_stress,0.0057183043197145305,-0.27491952264735675,0.5676144552290292,0.4494602629489785
H84,19.61655830108952,-103.5173207877669,2025,1,2025-01-01,5,0.4322860052189812,-0.0393466193424866,moderate_possible_stress,-0.5508042620974062,-0.8156594356644695,0.47445135019658413,0.3493394220168562
H84,19.61655830108952,-103.5173207877669,2025,2,2025-02-01,4,0.3907313265261007,-0.0606296968359629,moderate_possible_stress,-0.8513052478939283,-0.9954995414458934,0.4241468224173248,0.316041079892094
H84,19.61655830108952,-103.5173207877669,2025,3,2025-03-01,7,0.3488074192430168,-0.0660196570730902,moderate_possible_stress,-1.1544762953737668,-1.0410442245162697,0.3733953204234396,0.30760824210960025
H84,19.61655830108952,-103.5173207877669,2025,4,2025-04-01,7,0.3172905344755958,-0.0558409631004827,moderate_possible_stress,-1.3823893785633146,-0.9550351686684221,0.3352421676336895,0.32353327148502914
H84,19.61655830108952,-103.5173207877669,2025,5,2025-05-01,9,0.2911396488455408,-0.0702894308769605,moderate_possible_stress,-1.5714984550493276,-1.0771234321771994,0.3035848911486058,0.300927986918113
H84,19.61655830108952,-103.5173207877669,2025,6,2025-06-01,1,0.4596746014921579,-0.0294712621254106,no_relative_stress,-0.352744730931241,-0.7322135483348448,0.5076069525354125,0.3647898672505979
H84,19.61655830108952,-103.5173207877669,2025,7,2025-07-01,5,0.4643701420241172,0.0726168694637966,no_relative_stress,-0.31878911863714215,0.13042205451246466,0.5132911969227733,0.5245113893649228
H84,19.61655830108952,-103.5173207877669,2025,8,2025-08-01,6,0.5103504227551837,0.075674107427999,no_relative_stress,0.013715430104648202,0.1562554425198933,0.5689531917231412,0.529294577121488
H84,19.61655830108952,-103.5173207877669,2025,9,2025-09-01,5,0.5359953853254098,0.1542230414347792,no_relative_stress,0.19916594435415833,0.8199869261423821,0.599998016820851,0.6521879546837721
H84,19.61655830108952,-103.5173207877669,2025,10,2025-10-01,6,0.5720351983904268,0.1241460706993062,no_relative_stress,0.4597864014151217,0.565839207124292,0.6436264561330065,0.6051311668703919
H84,19.61655830108952,-103.5173207877669,2025,11,2025-11-01,7,0.5039509545195257,0.0738183481121267,no_relative_stress,-0.03256206677125117,0.14057444188576812,0.5612062366807887,0.5263911573214111
H84,19.61655830108952,-103.5173207877669,2025,12,2025-12-01,7,0.4853929384801729,0.0286753049864793,no_relative_stress,-0.16676361253386152,-0.24088024451944276,0.5387406019377265,0.45576281445081535
H84,19.61655830108952,-103.5173207877669,2026,1,2026-01-01,5,0.4609971950584844,0.0247609250035099,no_relative_stress,-0.34318044880968646,-0.2739564061047061,0.5092080344566485,0.4496385890459514
H84,19.61655830108952,-103.5173207877669,2026,2,2026-02-01,5,0.4346885373760603,-0.0214010380275057,no_relative_stress,-0.5334304475398218,-0.6640208747944755,0.47735976507158717,0.3774160996701297
H84,19.61655830108952,-103.5173207877669,2026,3,2026-03-01,7,0.3896294265046884,-0.0258459064785103,no_relative_stress,-0.8592735935315119,-0.7015796166004103,0.42281290378335407,0.3704619009445704
H84,19.61655830108952,-103.5173207877669,2026,4,2026-04-01,7,0.4025962639904363,-0.0162316196250706,no_relative_stress,-0.7655044303542707,-0.6203397505488238,0.4385100685077369,0.3855038897278922
H85,19.61530473873262,-103.515910301509,2023,1,2023-01-01,4,0.5109091780838223,0.0299557416670179,no_relative_stress,0.01775604676579257,-0.23006066881921516,0.5696295998638237,0.4577661158375973
H85,19.61530473873262,-103.515910301509,2023,2,2023-02-01,6,0.3967743075493712,-0.0325215626586212,moderate_possible_stress,-0.8076056739406929,-0.7579883156694032,0.43146222747679724,0.3600175334201486
H85,19.61530473873262,-103.515910301509,2023,3,2023-03-01,6,0.3313286042722139,-0.1132616484131393,severe_possible_stress,-1.2808736420624602,-1.4402348360490116,0.3522361258175641,0.2336959993534392
H85,19.61530473873262,-103.515910301509,2023,4,2023-04-01,6,0.2818346943188238,-0.125530158470889,severe_possible_stress,-1.6387868590515784,-1.5439026513469856,0.2923206639136068,0.21450135772375686
H85,19.61530473873262,-103.515910301509,2023,5,2023-05-01,6,0.2765264731721664,-0.1330963453083303,severe_possible_stress,-1.6771730465416959,-1.6078362550104852,0.28589473146676947,0.20266371450837983
H85,19.61530473873262,-103.515910301509,2023,6,2023-06-01,5,0.2582987920662487,-0.141730735482763,severe_possible_stress,-1.8089857885338834,-1.6807960815583154,0.26382898774339875,0.18915481861890743
H85,19.61530473873262,-103.515910301509,2023,7,2023-07-01,3,0.5010811039992678,0.0008727512675489801,no_relative_stress,-0.05331527525590522,-0.47580934268857517,0.5577321038091184,0.41226445543958723
H85,19.61530473873262,-103.515910301509,2023,8,2023-08-01,1,0.4966554194639575,0.1369165466682499,no_relative_stress,-0.08531943477580543,0.6737485895826294,0.5523745369201005,0.6251111569841471
H85,19.61530473873262,-103.515910301509,2023,9,2023-09-01,5,0.5502460956155429,0.0576627168448584,no_relative_stress,0.3022193820220409,0.004060799205954429,0.6172493895714962,0.5011149378769298
H85,19.61530473873262,-103.515910301509,2023,10,2023-10-01,2,0.5538910352232242,0.0193248366200821,no_relative_stress,0.3285776160339593,-0.319890867895417,0.6216618160783517,0.4411335816818938
H85,19.61530473873262,-103.515910301509,2023,11,2023-11-01,5,0.51319796700801,0.0466215462538642,no_relative_stress,0.034307331714517386,-0.08923610711052087,0.5724003214682092,0.4838405246296219
H85,19.61530473873262,-103.515910301509,2023,12,2023-12-01,4,0.556339693520057,0.087270910467299,no_relative_stress,0.34628498991393425,0.254247393446789,0.6246260695195903,0.5474383025895015
H85,19.61530473873262,-103.515910301509,2024,1,2024-01-01,4,0.5093553152234486,0.0560104801085871,no_relative_stress,0.00651935005623745,-0.009900453790378662,0.5677485520520349,0.49852993840341264
H85,19.61530473873262,-103.515910301509,2024,2,2024-02-01,5,0.454481998508014,-0.0076709820028158,no_relative_stress,-0.3902948303344288,-0.5480031264861318,0.5013209830783251,0.39889739639718497
H85,19.61530473873262,-103.515910301509,2024,3,2024-03-01,6,0.4040765320771163,-0.0415378779643287,moderate_possible_stress,-0.754799931287438,-0.8341753754982333,0.4403020252603685,0.3459110983030372
H85,19.61530473873262,-103.515910301509,2024,4,2024-04-01,5,0.3288752753595372,-0.0797257638404076,moderate_possible_stress,-1.2986147913128518,-1.1568596037367511,0.34926621830482596,0.28616441508427715
H85,19.61530473873262,-103.515910301509,2024,5,2024-05-01,7,0.2782622868361236,-0.075839014715093,moderate_possible_stress,-1.664620579922153,-1.1240169204332349,0.28799604206342955,0.29224541075642635
H85,19.61530473873262,-103.515910301509,2024,6,2024-06-01,3,0.2782729063744641,-0.0805297640471981,moderate_possible_stress,-1.6645437851582319,-1.163653333745102,0.28800889767628124,0.2849065202162866
H85,19.61530473873262,-103.515910301509,2024,7,2024-07-01,3,0.3562511439825427,0.1037647221961156,no_relative_stress,-1.1006472996364292,0.39361863085164656,0.3824064130300778,0.5732436207374948
H85,19.61530473873262,-103.515910301509,2024,8,2024-08-01,4,0.5321789039866776,0.1371024938511086,no_relative_stress,0.17156721322115692,0.6753198266861599,0.5953779283600016,0.6254020798036436
H85,19.61530473873262,-103.515910301509,2024,9,2024-09-01,4,0.1086433566412721,0.1543115928154962,no_relative_stress,-2.8912130440346733,0.8207351774082114,0.08266175831316144,0.6523264973438567
H85,19.61530473873262,-103.515910301509,2024,10,2024-10-01,5,0.6216180282631518,0.1490362388429497,no_relative_stress,0.8183426392206098,0.7761589070474979,0.7036495611398108,0.6440729662715332
H85,19.61530473873262,-103.515910301509,2024,11,2024-11-01,5,0.4621327770023659,0.0592819271832081,no_relative_stress,-0.3349685337059468,0.017742982086717006,0.5105827271564479,0.5036482660497398
H85,19.61530473873262,-103.515910301509,2024,12,2024-12-01,6,0.4788224730759158,-0.0093165473744755,no_relative_stress,-0.2142776685493994,-0.5619080070467669,0.5307866441681592,0.3963228345768382
H85,19.61530473873262,-103.515910301509,2025,1,2025-01-01,5,0.4135590053270492,-0.0702472888900283,moderate_possible_stress,-0.6862278077859227,-1.0767673361478516,0.4517811499707963,0.300993919972161
H85,19.61530473873262,-103.515910301509,2025,2,2025-02-01,4,0.3762065775002254,-0.0917674197179797,moderate_possible_stress,-0.9563403856453458,-1.258610521453884,0.4065637087020431,0.2673246971307549
H85,19.61530473873262,-103.515910301509,2025,3,2025-03-01,7,0.3311880285200173,-0.0949153030966213,moderate_possible_stress,-1.2818902099542826,-1.2852098551252487,0.3520659501104258,0.262399690503166
H85,19.61530473873262,-103.515910301509,2025,4,2025-04-01,7,0.2978491961862413,-0.0850004145141038,moderate_possible_stress,-1.5229786336104394,-1.2014299312849333,0.31170721626826436,0.2779119843549721
H85,19.61530473873262,-103.515910301509,2025,5,2025-05-01,9,0.2715252056992783,-0.0925233035649325,moderate_possible_stress,-1.7133395108992324,-1.264997672514915,0.27984038556794033,0.26614208249477805
H85,19.61530473873262,-103.515910301509,2025,6,2025-06-01,1,0.4298730981712,-0.0474588114549494,moderate_possible_stress,-0.5682531022593649,-0.8842067351831469,0.4715303758699393,0.3366475287309636
H85,19.61530473873262,-103.515910301509,2025,7,2025-07-01,5,0.5585471491079561,0.1029089280601148,no_relative_stress,0.36224811611612007,0.38638724676291775,0.6272983320526171,0.5719046919130495
H85,19.61530473873262,-103.515910301509,2025,8,2025-08-01,6,0.5818179741644641,0.1060947910878996,no_relative_stress,0.5305301505282198,0.41330750508070874,0.655469115760348,0.5768891194280235
H85,19.61530473873262,-103.515910301509,2025,9,2025-09-01,5,0.5959359553886849,0.1753982810406415,no_relative_stress,0.6326237633002035,0.9989158113955863,0.6725598117065197,0.6853175795317737
H85,19.61530473873262,-103.515910301509,2025,10,2025-10-01,6,0.5906801374745031,0.1329611683540492,no_relative_stress,0.5946165276757526,0.6403259957566452,0.6661973166377757,0.6189227878265621
H85,19.61530473873262,-103.515910301509,2025,11,2025-11-01,7,0.5180373598849822,0.048573439140748,no_relative_stress,0.0693032064494596,-0.07274278637911873,0.5782587080824728,0.4868943497711349
H85,19.61530473873262,-103.515910301509,2025,12,2025-12-01,7,0.4781018976678848,-0.0077773636917078,no_relative_stress,-0.21948848059909393,-0.5489020422650838,0.5299143427385598,0.3987309574095141
H85,19.61530473873262,-103.515910301509,2026,1,2026-01-01,5,0.4451602630398161,-0.0136177981165365,no_relative_stress,-0.4577045850393257,-0.5982531920267954,0.49003644146806324,0.38959333228482074
H85,19.61530473873262,-103.515910301509,2026,2,2026-02-01,5,0.4147254393291779,-0.0655135619800019,moderate_possible_stress,-0.6777927872652056,-1.0367677661373367,0.4531931910094582,0.3084000508864317
H85,19.61530473873262,-103.515910301509,2026,3,2026-03-01,7,0.3692087906513343,-0.0697447433166633,moderate_possible_stress,-1.0069445994819457,-1.0725208708938654,0.39809245169786633,0.30178017536404794
H85,19.61530473873262,-103.515910301509,2026,4,2026-04-01,7,0.3680552245120648,-0.0630875129156831,moderate_possible_stress,-1.0152865665705122,-1.0162678680144381,0.39669598800897643,0.31219571491950715
H86,19.6126488644727,-103.5176299849256,2023,1,2023-01-01,4,0.5317692370720594,0.0400616291962259,no_relative_stress,0.16860472342305682,-0.14466682092174726,0.5948820010340087,0.4735772362230342
H86,19.6126488644727,-103.5176299849256,2023,2,2023-02-01,6,0.422854610986187,-0.0254985744968339,no_relative_stress,-0.6190070097431452,-0.6986446923468524,0.4630340598190741,0.3710053176172897
H86,19.6126488644727,-103.5176299849256,2023,3,2023-03-01,6,0.3453186258286901,-0.1101278870364891,severe_possible_stress,-1.1797053644755622,-1.413754832034401,0.3691719186129195,0.23859891146702097
H86,19.6126488644727,-103.5176299849256,2023,4,2023-04-01,6,0.2836931195129689,-0.1279561857117479,severe_possible_stress,-1.6253477320883523,-1.564402365063595,0.2945704034073347,0.2107057278344763
H86,19.6126488644727,-103.5176299849256,2023,5,2023-05-01,6,0.2726125718408543,-0.1299802843860723,severe_possible_stress,-1.7054762664284882,-1.5815058182561192,0.2811567100347809,0.20753893345652086
H86,19.6126488644727,-103.5176299849256,2023,6,2023-06-01,5,0.2686674308116392,-0.131184752634996,severe_possible_stress,-1.734005394932821,-1.5916834674876834,0.276380871001973,0.2056544881340167
H86,19.6126488644727,-103.5176299849256,2023,7,2023-07-01,3,0.5643523273445371,0.0685621067393754,no_relative_stress,0.4042280287923786,0.09615967128795219,0.6343258620215992,0.5181675287801979
H86,19.6126488644727,-103.5176299849256,2023,8,2023-08-01,1,0.6035265133468928,0.2418662730447923,no_relative_stress,0.6875145775462993,1.5605644130496155,0.6817486550733717,0.7893097742121993
H86,19.6126488644727,-103.5176299849256,2023,9,2023-09-01,5,0.6897211061382533,0.1836573034416391,no_relative_stress,1.310827304750019,1.0687038137510647,0.7860925803276371,0.698239195478001
H86,19.6126488644727,-103.5176299849256,2023,10,2023-10-01,2,0.6894479824929065,0.1382933190223257,no_relative_stress,1.3088522221058323,0.685382193128443,0.7857619471369424,0.6272651799109528
H86,19.6126488644727,-103.5176299849256,2023,11,2023-11-01,5,0.6691733816520838,0.1600667153804575,no_relative_stress,1.1622372624685187,0.8693654495662181,0.761218279533388,0.6613306481860816
H86,19.6126488644727,-103.5176299849256,2023,12,2023-12-01,4,0.6122726688773733,0.1227337779522445,no_relative_stress,0.7507620491069299,0.5539054594271479,0.6923364213053401,0.6029215706742406
H86,19.6126488644727,-103.5176299849256,2024,1,2024-01-01,4,0.5271455571365186,0.0726504102321278,no_relative_stress,0.13516876813854012,0.13070547101210025,0.589284748376159,0.5245638654215157
H86,19.6126488644727,-103.5176299849256,2024,2,2024-02-01,5,0.4722091479598423,-0.0150059904503496,no_relative_stress,-0.2621016628452202,-0.6099832933824115,0.5227808020469016,0.3874214422806402
H86,19.6126488644727,-103.5176299849256,2024,3,2024-03-01,6,0.3962957699176463,-0.0706508624546819,moderate_possible_stress,-0.8110661995565174,-1.0801774967592639,0.43088292785649596,0.30036251078650805
H86,19.6126488644727,-103.5176299849256,2024,4,2024-04-01,5,0.3027520144033068,-0.1249946066612628,severe_possible_stress,-1.487524101082391,-1.53937728634166,0.31764238320866683,0.21533925287251693
H86,19.6126488644727,-103.5176299849256,2024,5,2024-05-01,7,0.2505046945758211,-0.1196570210466578,severe_possible_stress,-1.8653484907118445,-1.4942751641583338,0.2543937470904938,0.22369014817747485
H86,19.6126488644727,-103.5176299849256,2024,6,2024-06-01,3,0.2552504021742094,-0.119256892067734,severe_possible_stress,-1.8310300972968072,-1.4908941099889859,0.26013872183761577,0.22431616815218575
H86,19.6126488644727,-103.5176299849256,2024,7,2024-07-01,3,0.1962746224236865,0.1092320133022971,no_relative_stress,-2.257511073942814,0.43981675286548133,0.18874486574044558,0.5817974461795674
H86,19.6126488644727,-103.5176299849256,2024,8,2024-08-01,4,0.5722549778443715,0.1772610594440925,no_relative_stress,0.46137572768705165,1.014656122693455,0.6438925128561972,0.6882319810134083
H86,19.6126488644727,-103.5176299849256,2024,9,2024-09-01,4,0.1969660320419298,0.2094548471413883,no_relative_stress,-2.252511173127629,1.286690756160398,0.18958186016422213,0.7386006251798878
H86,19.6126488644727,-103.5176299849256,2024,10,2024-10-01,5,0.7461172412729764,0.2634419940679419,no_relative_stress,1.718653685224516,1.7428773305448915,0.8543636158828607,0.823065970440751
H86,19.6126488644727,-103.5176299849256,2024,11,2024-11-01,5,0.515043021993998,0.1410614276388152,no_relative_stress,0.0476497725557978,0.7087724639460227,0.5746338754918815,0.6315960116611367
H86,19.6126488644727,-103.5176299849256,2024,12,2024-12-01,6,0.5830251597160117,0.0498752598527066,no_relative_stress,0.5392598642377258,-0.06174251752143848,0.656930489088761,0.4889311074470484
H86,19.6126488644727,-103.5176299849256,2025,1,2025-01-01,5,0.4766472282805129,-0.0578161734135313,moderate_possible_stress,-0.23000786370259424,-0.9717255195703584,0.5281533748064644,0.32044296517042725
H86,19.6126488644727,-103.5176299849256,2025,2,2025-02-01,4,0.4023780994648395,-0.1071578175601836,moderate_possible_stress,-0.7670820783368769,-1.3886580099718644,0.43824596675593547,0.24324572016217552
H86,19.6126488644727,-103.5176299849256,2025,3,2025-03-01,7,0.3188096875743612,-0.136777953922707,severe_possible_stress,-1.3714036840972652,-1.6389455193007763,0.33708119711632833,0.19690367048990723
H86,19.6126488644727,-103.5176299849256,2025,4,2025-04-01,7,0.2724858829408823,-0.1374999322203884,severe_possible_stress,-1.7063924121075928,-1.6450461714957754,0.28100334522753334,0.19577410262688474
H86,19.6126488644727,-103.5176299849256,2025,5,2025-05-01,9,0.2376739820000906,-0.1442491441966863,severe_possible_stress,-1.9581332720832723,-1.7020764104793396,0.23886137005146474,0.18521465371597431
H86,19.6126488644727,-103.5176299849256,2025,6,2025-06-01,1,0.434331544789144,-0.0759264349803677,moderate_possible_stress,-0.5360120250580418,-1.1247556138745036,0.47692760330135076,0.2921086377778641
H86,19.6126488644727,-103.5176299849256,2025,7,2025-07-01,5,0.6428584067454303,0.1857010738854801,no_relative_stress,0.971941580985727,1.085973491640739,0.7293623627547784,0.7014367672335121
H86,19.6126488644727,-103.5176299849256,2025,8,2025-08-01,6,0.6737640775797309,0.2025639087010395,no_relative_stress,1.1954346952280306,1.2284629412015198,0.766775602994489,0.7278194387740335
H86,19.6126488644727,-103.5176299849256,2025,9,2025-09-01,5,0.6015557043282201,0.1843043559585499,no_relative_stress,0.6732627514810607,1.074171349784002,0.6793628679575536,0.6992515385513836
H86,19.6126488644727,-103.5176299849256,2025,10,2025-10-01,6,0.7003606111980181,0.2217763581109333,no_relative_stress,1.3877664571972295,1.3908064244338971,0.7989723641371123,0.7578781891451405
H86,19.6126488644727,-103.5176299849256,2025,11,2025-11-01,7,0.5533477863698205,0.0747706691863973,no_relative_stress,0.324649133824118,0.14862146999000725,0.6210041794921306,0.5278811069282479
H86,19.6126488644727,-103.5176299849256,2025,12,2025-12-01,7,0.4789681241846886,-0.0312457933966735,moderate_possible_stress,-0.21322439842085236,-0.7472081792398061,0.5309629639106722,0.3620135324183955
H86,19.6126488644727,-103.5176299849256,2026,1,2026-01-01,5,0.3997218042438265,-0.0836331647529591,moderate_possible_stress,-0.7862909702737013,-1.189876792799709,0.4350303558803722,0.2800511087523038
H86,19.6126488644727,-103.5176299849256,2026,2,2026-02-01,5,0.3522914314315138,-0.1602100138935786,severe_possible_stress,-1.1292818015140458,-1.8369443352675885,0.37761293426218057,0.16024314760090347
H86,19.6126488644727,-103.5176299849256,2026,3,2026-03-01,7,0.2922963503474917,-0.1773266464085302,severe_possible_stress,-1.5631338147117737,-1.9815783527424673,0.30498515038938223,0.13346339802373874
H86,19.6126488644727,-103.5176299849256,2026,4,2026-04-01,7,0.2933604253115114,-0.1597134779994707,severe_possible_stress,-1.555438999453724,-1.832748651267095,0.3062732794345459,0.1610200005764329
H87,19.61074534974949,-103.5147577998847,2023,1,2023-01-01,4,0.5417110542457783,0.0701114815385838,no_relative_stress,0.24049857401425798,0.10925175009423008,0.6069171901853411,0.5205915960777652
H87,19.61074534974949,-103.5147577998847,2023,2,2023-02-01,6,0.4561877426759254,0.0204532031036444,no_relative_stress,-0.3779598100648135,-0.3103562717907766,0.5033858926764279,0.44289896233341325
H87,19.61074534974949,-103.5147577998847,2023,3,2023-03-01,6,0.3988790100762289,-0.0454377552349257,moderate_possible_stress,-0.792385602362146,-0.8671289904579925,0.43401010102701504,0.33980956305087606
H87,19.61074534974949,-103.5147577998847,2023,4,2023-04-01,6,0.3613466136916604,-0.054078134300712,moderate_possible_stress,-1.0637996156005876,-0.9401394226033862,0.3885747966054897,0.326291297268666
H87,19.61074534974949,-103.5147577998847,2023,5,2023-05-01,6,0.3452971357547321,-0.064254884184482,moderate_possible_stress,-1.1798607690801062,-1.0261320510740235,0.36914590353937293,0.31036930950858865
H87,19.61074534974949,-103.5147577998847,2023,6,2023-06-01,5,0.3380058247205075,-0.0658623689294895,moderate_possible_stress,-1.232587591244392,-1.0397151537372913,0.3603193172197147,0.30785432655952955
H87,19.61074534974949,-103.5147577998847,2023,7,2023-07-01,3,0.5738008710200898,0.0699719959022744,no_relative_stress,0.4725547919429149,0.10807310891338763,0.6457639128681293,0.5203733644596759
H87,19.61074534974949,-103.5147577998847,2023,8,2023-08-01,1,0.579232403657095,0.2161036969221662,no_relative_stress,0.5118327015104288,1.3428729435468982,0.6523391215574217,0.7490030528741136
H87,19.61074534974949,-103.5147577998847,2023,9,2023-09-01,5,0.6390681315162645,0.1493801294672575,no_relative_stress,0.9445323582788844,0.7790647521383554,0.7247739984224302,0.6446109987842283
H87,19.61074534974949,-103.5147577998847,2023,10,2023-10-01,2,0.6596613043090206,0.1229676462891942,no_relative_stress,1.09345105815952,0.5558816260068566,0.7497033172236309,0.6032874683174873
H87,19.61074534974949,-103.5147577998847,2023,11,2023-11-01,5,0.6312058043696941,0.1341732560412556,no_relative_stress,0.8876762560897473,0.650568028561834,0.7152561615194574,0.6208191541065882
H87,19.61074534974949,-103.5147577998847,2023,12,2023-12-01,4,0.5991028837671096,0.1429748605937585,no_relative_stress,0.6555252783545517,0.7249408016842158,0.6763935758360612,0.6345896644909976
H87,19.61074534974949,-103.5147577998847,2024,1,2024-01-01,4,0.5338301368042861,0.1229447005272856,no_relative_stress,0.18350803685592043,0.5556877363661248,0.5973768485720269,0.6032515686300205
H87,19.61074534974949,-103.5147577998847,2024,2,2024-02-01,5,0.5129018403524561,0.0566906147900337,no_relative_stress,0.03216590372821897,-0.004153376418956995,0.5720418417003692,0.4995940400269051
H87,19.61074534974949,-103.5147577998847,2024,3,2024-03-01,6,0.4518126351548202,0.0068439341474921,no_relative_stress,-0.4095982239429394,-0.42535338014752083,0.4980895524144975,0.42160664246525653
H87,19.61074534974949,-103.5147577998847,2024,4,2024-04-01,5,0.3906809450515898,-0.0289234597722691,no_relative_stress,-0.8516695794982779,-0.727584667329902,0.4240858325032209,0.36564692893151535
H87,19.61074534974949,-103.5147577998847,2024,5,2024-05-01,7,0.3452719291129283,-0.0308531320088582,moderate_possible_stress,-1.1800430498953818,-0.7438902255490096,0.3691153893288742,0.36262786900739047
H87,19.61074534974949,-103.5147577998847,2024,6,2024-06-01,3,0.3370221875755483,-0.0379791433032063,moderate_possible_stress,-1.2397007236526798,-0.8041043851491898,0.35912856316650654,0.3514789004366161
H87,19.61074534974949,-103.5147577998847,2024,7,2024-07-01,3,0.1720635325702244,0.1018701078669876,no_relative_stress,-2.4325925953749614,0.3776093088224512,0.15943583290924496,0.5702794105030906
H87,19.61074534974949,-103.5147577998847,2024,8,2024-08-01,4,0.5820264073257058,0.174778123580005,no_relative_stress,0.5320374265413185,0.9936755361883849,0.655721437089248,0.6843473149964016
H87,19.61074534974949,-103.5147577998847,2024,9,2024-09-01,4,0.2871997729157415,0.1656816073212297,no_relative_stress,-1.5999895091992304,0.9168107854622723,0.2988154258467028,0.6701154018428171
H87,19.61074534974949,-103.5147577998847,2024,10,2024-10-01,5,0.7286945127524046,0.2373331557467298,no_relative_stress,1.5926619254423857,1.5222599763602764,0.8332723174196685,0.7822175061542163
H87,19.61074534974949,-103.5147577998847,2024,11,2024-11-01,5,0.4743787869817707,0.1494096521814253,no_relative_stress,-0.24641200561719329,0.7793142164388315,0.5254072852705165,0.6446571884124488
H87,19.61074534974949,-103.5147577998847,2024,12,2024-12-01,6,0.6222068126732908,0.1213445847311938,no_relative_stress,0.8226004099755236,0.5421669006636809,0.7043623213547251,0.6007481147364832
H87,19.61074534974949,-103.5147577998847,2025,1,2025-01-01,5,0.5613995288712447,0.0586500618959276,no_relative_stress,0.38287498552519855,0.01240377678903549,0.6307513154843944,0.5026596840874236
H87,19.61074534974949,-103.5147577998847,2025,2,2025-02-01,4,0.477849554471391,0.0059874404736377,no_relative_stress,-0.2213132902641107,-0.4325906752686944,0.5296088655760061,0.4202666191820429
H87,19.61074534974949,-103.5147577998847,2025,3,2025-03-01,7,0.3911073151493848,-0.0288135889839601,no_relative_stress,-0.848586301303577,-0.7266562689722003,0.4246019800732044,0.3658188267738153
H87,19.61074534974949,-103.5147577998847,2025,4,2025-04-01,7,0.3562474764362715,-0.0303388116033558,moderate_possible_stress,-1.1006738213496179,-0.7395442640141026,0.3824019732367962,0.36343254665936137
H87,19.61074534974949,-103.5147577998847,2025,5,2025-05-01,9,0.3236527366944498,-0.0431473147680107,moderate_possible_stress,-1.3363813693874427,-0.8477749728831232,0.3429440098407005,0.3433930612694543
H87,19.61074534974949,-103.5147577998847,2025,6,2025-06-01,1,0.5188798325195116,0.0182794765778391,no_relative_stress,0.07539551338446798,-0.3287240669773768,0.5792785737000167,0.4394980683807355
H87,19.61074534974949,-103.5147577998847,2025,7,2025-07-01,5,0.6070789056050468,0.170792502156449,no_relative_stress,0.7132035591264678,0.9599973907868693,0.6860490472471116,0.678111629119581
H87,19.61074534974949,-103.5147577998847,2025,8,2025-08-01,6,0.6543979897351196,0.2025627850375523,no_relative_stress,1.0553896107421583,1.2284534463453147,0.7433317469811893,0.7278176807514336
H87,19.61074534974949,-103.5147577998847,2025,9,2025-09-01,5,0.5638021106596823,0.1909305790077675,no_relative_stress,0.40024915898995417,1.130162343307747,0.6336597904412495,0.7096185656956235
H87,19.61074534974949,-103.5147577998847,2025,10,2025-10-01,6,0.6823395362646784,0.2062813752279138,no_relative_stress,1.257447779423182,1.2598752016528993,0.7771567300590266,0.7336355841264692
H87,19.61074534974949,-103.5147577998847,2025,11,2025-11-01,7,0.6220026736162941,0.1409222576811494,no_relative_stress,0.8211241866043733,0.7075964902215514,0.7041151983065741,0.6313782739366339
H87,19.61074534974949,-103.5147577998847,2025,12,2025-12-01,7,0.6075870351354172,0.1077093850532335,no_relative_stress,0.7168780773658493,0.42695068002139586,0.6866641697045583,0.5794152250754208
H87,19.61074534974949,-103.5147577998847,2026,1,2026-01-01,5,0.561736589003915,0.0770733997462191,no_relative_stress,0.38531242230310564,0.16807933775332332,0.6311593477767992,0.5314838335558042
H87,19.61074534974949,-103.5147577998847,2026,2,2026-02-01,5,0.475451192652204,-0.0165181529586793,no_relative_stress,-0.23865694719114441,-0.6227609316511287,0.52670549915487,0.38505559530357425
H87,19.61074534974949,-103.5147577998847,2026,3,2026-03-01,7,0.4145056112572127,-0.0468690294527228,moderate_possible_stress,-0.6793824651163932,-0.8792231298891793,0.4529270754311243,0.3375702694809885
H87,19.61074534974949,-103.5147577998847,2026,4,2026-04-01,7,0.4254059243083274,-0.0391651150885274,moderate_possible_stress,-0.6005572901809927,-0.8141257409137077,0.46612258356475755,0.3496233936721436
H88,19.60922824229959,-103.51816450361,2023,1,2023-01-01,4,0.5854966637064036,0.0805145880235734,no_relative_stress,0.5571324458308081,0.19715707164791108,0.6599223986655404,0.5368677290291063
H88,19.60922824229959,-103.51816450361,2023,2,2023-02-01,6,0.4869006822218757,0.0246596179995018,no_relative_stress,-0.15586042437402,-0.2748124412491913,0.540565819682738,0.44948008963344255
H88,19.60922824229959,-103.51816450361,2023,3,2023-03-01,6,0.4165678504669656,-0.0470999749878679,moderate_possible_stress,-0.6644694653057327,-0.8811745990544338,0.4554235444901491,0.3372089446940161
H88,19.60922824229959,-103.51816450361,2023,4,2023-04-01,6,0.3685204900904662,-0.0665738168315496,moderate_possible_stress,-1.0119220172739063,-1.0457268250288927,0.3972592209817641,0.30674123397909786
H88,19.60922824229959,-103.51816450361,2023,5,2023-05-01,6,0.3606591008972012,-0.0635791641637926,moderate_possible_stress,-1.0687713366914813,-1.0204222771920903,0.38774251952971023,0.31142650419466555
H88,19.60922824229959,-103.51816450361,2023,6,2023-06-01,5,0.3666284173265586,-0.0591047887216771,moderate_possible_stress,-1.0256044652830736,-0.9826142039441071,0.3949687490082995,0.3184268679490082
H88,19.60922824229959,-103.51816450361,2023,7,2023-07-01,3,0.5646696870875609,0.0937278504019136,no_relative_stress,0.40652300299578,0.30880795975686925,0.6347100457648295,0.5575404786064682
H88,19.60922824229959,-103.51816450361,2023,8,2023-08-01,1,0.6066942058068276,0.2460216967684447,no_relative_stress,0.710421618025323,1.59567737273589,0.6855833441711903,0.7958111235055967
H88,19.60922824229959,-103.51816450361,2023,9,2023-09-01,5,0.6883434590550083,0.1939741910691504,no_relative_stress,1.3008649053375607,1.1558805936521581,0.7844248526938534,0.7143804351078853
H88,19.60922824229959,-103.51816450361,2023,10,2023-10-01,2,0.7293180782284086,0.1876119352314801,no_relative_stress,1.597171214074666,1.1021200995128202,0.8340271822819781,0.7044263966642932
H88,19.60922824229959,-103.51816450361,2023,11,2023-11-01,5,0.6703918748471126,0.1635896369470738,no_relative_stress,1.1710487469465645,0.8991338224622024,0.7626933414688005,0.6668424191054823
H88,19.60922824229959,-103.51816450361,2023,12,2023-12-01,4,0.625484432254077,0.1517959523416569,no_relative_stress,0.8463023840028426,0.7994782398688934,0.7083300840817596,0.6483906634783607
H88,19.60922824229959,-103.51816450361,2024,1,2024-01-01,4,0.5532860940329444,0.1132468138323488,no_relative_stress,0.32420300817399844,0.47374145911330323,0.6209294970743675,0.5880787840947874
H88,19.60922824229959,-103.51816450361,2024,2,2024-02-01,5,0.520941107810651,0.0332670286944641,no_relative_stress,0.09030154265648589,-0.20208058889557093,0.5817738758754991,0.462946774900977
H88,19.60922824229959,-103.51816450361,2024,3,2024-03-01,6,0.4435516604104654,-0.0250958861156211,no_relative_stress,-0.46933713018417794,-0.695242011456532,0.48808912775515945,0.37163534189321507
H88,19.60922824229959,-103.51816450361,2024,4,2024-04-01,5,0.3766922227955768,-0.0733106180390857,moderate_possible_stress,-0.9528284612461918,-1.102652194123803,0.4071516125920341,0.2962012022800258
H88,19.60922824229959,-103.51816450361,2024,5,2024-05-01,7,0.3426034841728609,-0.0619659965481337,moderate_possible_stress,-1.199339802036348,-1.0067911547788873,0.36588507046136143,0.313950378253164
H88,19.60922824229959,-103.51816450361,2024,6,2024-06-01,3,0.3333401705483667,-0.0664035713213198,moderate_possible_stress,-1.2663270815308176,-1.0442882656580534,0.354671252133097,0.3070075908180735
H88,19.60922824229959,-103.51816450361,2024,7,2024-07-01,3,0.0403595866004325,0.1319803581109957,no_relative_stress,-3.3850043776851697,0.6320382367182115,0.0,0.6173882656202375
H88,19.60922824229959,-103.51816450361,2024,8,2024-08-01,4,0.4581309555056985,0.1375994451483282,no_relative_stress,-0.36390754472846004,0.6795190208058817,0.5057382728860981,0.6261795826962226
H88,19.60922824229959,-103.51816450361,2024,9,2024-09-01,4,0.3473925016884441,0.2120097562400127,no_relative_stress,-1.1647082146989605,1.3082795100753042,0.3716824745618361,0.7425978965937489
H88,19.60922824229959,-103.51816450361,2024,10,2024-10-01,5,0.7396273679912404,0.2435726354510059,no_relative_stress,1.671722427898002,1.5749830231274564,0.8465072198992023,0.7919794557565318
H88,19.60922824229959,-103.51816450361,2024,11,2024-11-01,5,0.3315217354346518,0.1615301051098038,no_relative_stress,-1.2794770218375862,0.8817309622044049,0.3524699231234632,0.6636201879335439
H88,19.60922824229959,-103.51816450361,2024,12,2024-12-01,6,0.6489629193558881,0.1268110639049562,no_relative_stress,1.0160861181341798,0.588358161921021,0.7367522556344995,0.6093006698733812
H88,19.60922824229959,-103.51816450361,2025,1,2025-01-01,5,0.5822263619943706,0.0451778522340704,no_relative_stress,0.5334833906767288,-0.10143519276039031,0.6559634946745991,0.4815817997149895
H88,19.60922824229959,-103.51816450361,2025,2,2025-02-01,4,0.5010797997252444,-0.0101618215193637,no_relative_stress,-0.05332470706098929,-0.5690504981492679,0.5577305249041454,0.39500036475665684
H88,19.60922824229959,-103.51816450361,2025,3,2025-03-01,7,0.4045601608080426,-0.0536714320132907,moderate_possible_stress,-0.7513025895927286,-0.9367028245637554,0.4408874879734732,0.32692760148329986
H88,19.60922824229959,-103.51816450361,2025,4,2025-04-01,7,0.3558383939538082,-0.0643771873846718,moderate_possible_stress,-1.1036320848501222,-1.0271655022028032,0.381906753402342,0.310177960592807
H88,19.60922824229959,-103.51816450361,2025,5,2025-05-01,9,0.3199628012065963,-0.0675563070182585,moderate_possible_stress,-1.3630649892950975,-1.0540287794413175,0.338477113017258,0.3052040834245654
H88,19.60922824229959,-103.51816450361,2025,6,2025-06-01,1,0.4966486022697383,0.0016219669138958,no_relative_stress,-0.08536873304131218,-0.469478537327677,0.5523662842817271,0.4134366373726243
H88,19.60922824229959,-103.51816450361,2025,7,2025-07-01,5,0.648023493391183,0.2106049558846599,no_relative_stress,1.0092926970957663,1.296409072419572,0.7356150219697338,0.74040002258498
H88,19.60922824229959,-103.51816450361,2025,8,2025-08-01,6,0.6939351412204449,0.2371223427114334,no_relative_stress,1.3413009297716134,1.520478625022368,0.7911939323660345,0.7818876795783457
H88,19.60922824229959,-103.51816450361,2025,9,2025-09-01,5,0.5504779422570169,0.2053076285333556,no_relative_stress,0.3038959716747112,1.2516471289689872,0.6175300543770829,0.7321121131628272
H88,19.60922824229959,-103.51816450361,2025,10,2025-10-01,6,0.7262679029196515,0.2301418986628476,no_relative_stress,1.575113994142636,1.46149449566026,0.8303347550180112,0.770966457580079
H88,19.60922824229959,-103.51816450361,2025,11,2025-11-01,7,0.6409142793698914,0.138078981043722,no_relative_stress,0.9578827021484922,0.6835710563341103,0.7270088754304747,0.6269298384010578
H88,19.60922824229959,-103.51816450361,2025,12,2025-12-01,7,0.5964332714145391,0.0735156915017327,no_relative_stress,0.6362200841170741,0.1380170205332693,0.6731618437429733,0.5259176372977064
H88,19.60922824229959,-103.51816450361,2026,1,2026-01-01,5,0.5342957337881343,0.0234794740800671,no_relative_stress,0.1868749826976708,-0.2847845520669758,0.5979404827317574,0.4476337008300451
H88,19.60922824229959,-103.51816450361,2026,2,2026-02-01,5,0.4804063807200147,-0.0569408627066489,moderate_possible_stress,-0.20282370419606877,-0.9643292221990972,0.5327040630627012,0.32181242855710956
H88,19.60922824229959,-103.51816450361,2026,3,2026-03-01,7,0.4068919866415928,-0.0907323295702205,moderate_possible_stress,-0.7344400849668007,-1.249864102063954,0.44371030843821957,0.26894414271519274
H88,19.60922824229959,-103.51816450361,2026,4,2026-04-01,7,0.4113982925213077,-0.0712996906460114,moderate_possible_stress,-0.7018529154410019,-1.0856600370826,0.44916547248805727,0.2993473895897872
H89,19.60972792389859,-103.5241137226966,2023,1,2023-01-01,4,0.6182593430263066,0.0736152016976498,no_relative_stress,0.7940544421655538,0.13885787280971038,0.6995836633850144,0.5260733255222859
H89,19.60972792389859,-103.5241137226966,2023,2,2023-02-01,6,0.5032379773266645,0.0038486652117864,no_relative_stress,-0.037717932633881714,-0.4506631353935015,0.5603431333640879,0.41692040807047165
H89,19.60972792389859,-103.5241137226966,2023,3,2023-03-01,6,0.4212117209482233,-0.0860281514592113,moderate_possible_stress,-0.6308875029028229,-1.2101142167685652,0.4610452390616374,0.2763040431903103
H89,19.60972792389859,-103.5241137226966,2023,4,2023-04-01,6,0.3648405096526396,-0.1134014079608153,severe_possible_stress,-1.0385336476381253,-1.4414157917564612,0.39280437536666624,0.23347733918856672
H89,19.60972792389859,-103.5241137226966,2023,5,2023-05-01,6,0.3338500846419549,-0.1231856950212028,severe_possible_stress,-1.2626396582943804,-1.524092144388042,0.3552885349155131,0.2181693773544038
H89,19.60972792389859,-103.5241137226966,2023,6,2023-06-01,5,0.3335895463704322,-0.1300179763926038,severe_possible_stress,-1.2645237303144996,-1.5818243123481421,0.35497313710401174,0.20747996259907606
H89,19.60972792389859,-103.5241137226966,2023,7,2023-07-01,3,0.5991703722569375,0.0776279751859806,no_relative_stress,0.6560133186513634,0.17276545073585875,0.6764752748581235,0.5323514920385978
H89,19.60972792389859,-103.5241137226966,2023,8,2023-08-01,1,0.4498064848206102,0.1968165142378192,no_relative_stress,-0.42410561930849194,1.1798979708136643,0.49566098243414713,0.7188273788982502
H89,19.60972792389859,-103.5241137226966,2023,9,2023-09-01,5,0.7369665550128109,0.2202307645700895,no_relative_stress,1.6524808659803252,1.377746296923407,0.8432861399967905,0.7554600377981553
H89,19.60972792389859,-103.5241137226966,2023,10,2023-10-01,2,0.7622173550915652,0.2085913026078718,no_relative_stress,1.835081010043443,1.279393881904211,0.8738538068387878,0.7372495705062478
H89,19.60972792389859,-103.5241137226966,2023,11,2023-11-01,5,0.72518589692073,0.204076159405661,no_relative_stress,1.567289511327675,1.2412413247210334,0.829024919337838,0.7301854237382068
H89,19.60972792389859,-103.5241137226966,2023,12,2023-12-01,4,0.6703028700940166,0.1629623607656651,no_relative_stress,1.1704051126582669,0.8938333946996625,0.7625855956693998,0.6658610170078925
H89,19.60972792389859,-103.5241137226966,2024,1,2024-01-01,4,0.5319017362291852,0.1235210300322522,no_relative_stress,0.16956288574282363,0.5605576692585799,0.595042399519571,0.6041532623366217
H89,19.60972792389859,-103.5241137226966,2024,2,2024-02-01,5,0.5624738112034023,0.0369572282090419,no_relative_stress,0.390643614954945,-0.1708987322651259,0.6320518011846978,0.46872025977329906
H89,19.60972792389859,-103.5241137226966,2024,3,2024-03-01,6,0.4797479408939799,-0.0263448754361731,no_relative_stress,-0.20758518528640504,-0.7057958597708461,0.5319069806267008,0.36968124133051855
H89,19.60972792389859,-103.5241137226966,2024,4,2024-04-01,5,0.3918082491197098,-0.0942443620525088,moderate_possible_stress,-0.8435175255198043,-1.279540463168974,0.42545050431862663,0.2634494082631681
H89,19.60972792389859,-103.5241137226966,2024,5,2024-05-01,7,0.3206794511616124,-0.1053281135249592,moderate_possible_stress,-1.3578825640008247,-1.3731971741343632,0.3393446624413927,0.24610837529138016
H89,19.60972792389859,-103.5241137226966,2024,6,2024-06-01,3,0.3085144579625953,-0.1109065944793015,severe_possible_stress,-1.4458532225042902,-1.4203348404439506,0.32461818018804056,0.23738058827791383
H89,19.60972792389859,-103.5241137226966,2024,7,2024-07-01,3,0.381327716039827,0.1628045924466723,no_relative_stress,-0.9193070784953978,0.892500266481466,0.4127631659961495,0.6656141813017367
H89,19.60972792389859,-103.5241137226966,2024,8,2024-08-01,4,0.5115690645907042,0.1808263535159342,no_relative_stress,0.02252798947042474,1.0447825394777959,0.5704284335971305,0.6938100456432045
H89,19.60972792389859,-103.5241137226966,2024,9,2024-09-01,4,0.3594646583222502,0.2262503776189124,no_relative_stress,-1.0774089000788167,1.428611490070187,0.3862965723684668,0.7648779960243484
H89,19.60972792389859,-103.5241137226966,2024,10,2024-10-01,5,0.7599525607189872,0.2437920492914377,no_relative_stress,1.8187032407285595,1.5768370505013292,0.8711121321341971,0.7923227386829717
H89,19.60972792389859,-103.5241137226966,2024,11,2024-11-01,5,0.6136678334579782,0.1969248641073935,no_relative_stress,0.7608511255962153,1.1808135175437657,0.6940253549611718,0.7189968971940589
H89,19.60972792389859,-103.5241137226966,2024,12,2024-12-01,6,0.6673332281525355,0.1081994048269778,no_relative_stress,1.1489302665290715,0.43109130338623475,0.7589906590644566,0.5801818832844621
H89,19.60972792389859,-103.5241137226966,2025,1,2025-01-01,5,0.5784356615328651,0.0041133098758784,no_relative_stress,0.5060710929193427,-0.4484269115955389,0.6513746155720078,0.4173344566764183
H89,19.60972792389859,-103.5241137226966,2025,2,2025-02-01,4,0.5113723749235943,-0.0455749738462453,moderate_possible_stress,0.0211056360622964,-0.8682884754799524,0.5701903284995999,0.3395948782964271
H89,19.60972792389859,-103.5241137226966,2025,3,2025-03-01,7,0.4126164840856549,-0.0937189865584865,moderate_possible_stress,-0.6930436121930852,-1.2751010871224928,0.45064016928073536,0.26427138210361867
H89,19.60972792389859,-103.5241137226966,2025,4,2025-04-01,7,0.3477600637484804,-0.1141369582881202,severe_possible_stress,-1.1620502044614458,-1.4476311263907793,0.3721274313378553,0.23232653726830463
H89,19.60972792389859,-103.5241137226966,2025,5,2025-05-01,9,0.2943281023968454,-0.1278198255415322,severe_possible_stress,-1.5484412815739947,-1.5632501337923665,0.3074447128411259,0.2109190695187992
H89,19.60972792389859,-103.5241137226966,2025,6,2025-06-01,1,0.4600164841987174,-0.0824967080966321,moderate_possible_stress,-0.35027241990443203,-1.1802738354570739,0.5080208228539987,0.28182914684683874
H89,19.60972792389859,-103.5241137226966,2025,7,2025-07-01,5,0.581048236762107,0.1470462831373497,no_relative_stress,0.5249638254960307,0.7593439588941987,0.6545373006733927,0.6409595901200578
H89,19.60972792389859,-103.5241137226966,2025,8,2025-08-01,6,0.713831976213054,0.2223325159890889,no_relative_stress,1.4851840908880578,1.3955059088796655,0.8152802908721954,0.7587483234247288
H89,19.60972792389859,-103.5241137226966,2025,9,2025-09-01,5,0.6422952761497716,0.2265731212687081,no_relative_stress,0.9678693247572937,1.431338645113311,0.7286806580807506,0.7653829431342193
H89,19.60972792389859,-103.5241137226966,2025,10,2025-10-01,6,0.7315101531688767,0.208521824517945,no_relative_stress,1.6130231157442458,1.2788067982436946,0.8366808255829403,0.7371408688765486
H89,19.60972792389859,-103.5241137226966,2025,11,2025-11-01,7,0.6577555494150026,0.1332844085895997,no_relative_stress,1.0796696683773612,0.6430573469050885,0.7473962821791508,0.619428511867418
H89,19.60972792389859,-103.5241137226966,2025,12,2025-12-01,7,0.5750585170644456,0.0224224155140323,no_relative_stress,0.48164940867440575,-0.2937166026311448,0.6472863717672185,0.445979884656678
H89,19.60972792389859,-103.5241137226966,2026,1,2026-01-01,5,0.5243979536367828,-0.0276860342924799,no_relative_stress,0.11529958406059804,-0.7171285324382195,0.585958603139894,0.3675829373397237
H89,19.60972792389859,-103.5241137226966,2026,2,2026-02-01,5,0.4700224783987258,-0.1035594458608246,moderate_possible_stress,-0.2779144757316627,-1.3582520901864406,0.5201337022944471,0.24887553624371
H89,19.60972792389859,-103.5241137226966,2026,3,2026-03-01,7,0.3937102654849441,-0.1353811021707033,severe_possible_stress,-0.8297631707580155,-1.6271422466341088,0.42775301364107093,0.19908910854744616
H89,19.60972792389859,-103.5241137226966,2026,4,2026-04-01,7,0.3818387562877088,-0.135742376098656,severe_possible_stress,-0.9156115115195307,-1.6301949790896946,0.41338181205850716,0.19852387906607
H9,19.64289593962869,-103.4923312690368,2023,1,2023-01-01,4,0.4282448545033791,-0.0915804769842163,moderate_possible_stress,-0.5800276807830811,-1.2570308720340393,0.469559285456158,0.26761717753489295
H9,19.64289593962869,-103.4923312690368,2023,2,2023-02-01,6,0.3924686668467629,-0.1018268671141934,moderate_possible_stress,-0.838741741317893,-1.343611954371293,0.42624998112705037,0.2515862344442452
H9,19.64289593962869,-103.4923312690368,2023,3,2023-03-01,6,0.3921458372132105,-0.1145721426048445,severe_possible_stress,-0.8410762708144103,-1.4513083950366366,0.4258591757405131,0.23164567162422386
H9,19.64289593962869,-103.4923312690368,2023,4,2023-04-01,6,0.37638022126505,-0.1117849204625406,severe_possible_stress,-0.9550846877516657,-1.4277566166313798,0.40677391529889523,0.23600640735431722
H9,19.64289593962869,-103.4923312690368,2023,5,2023-05-01,6,0.358970705768547,-0.1291353537824174,severe_possible_stress,-1.0809808980822557,-1.574366230046386,0.38569861202462574,0.2088608657908276
H9,19.64289593962869,-103.4923312690368,2023,6,2023-06-01,5,0.3565811948972346,-0.1242106916672277,severe_possible_stress,-1.0982605497361118,-1.5327532745889363,0.3828059602273837,0.2165657235122124
H9,19.64289593962869,-103.4923312690368,2023,7,2023-07-01,3,0.5554912352050269,0.0306411118807191,no_relative_stress,0.3401493977713944,-0.22426935166739623,0.6235989578628399,0.4588384086892744
H9,19.64289593962869,-103.4923312690368,2023,8,2023-08-01,1,0.2307138186493439,0.3153897917845084,no_relative_stress,-2.008465413107925,2.18183158607128,0.23043565863606624,0.9043406611674274
H9,19.64289593962869,-103.4923312690368,2023,9,2023-09-01,5,0.5818117725537475,0.0519727608464752,no_relative_stress,0.5304853038300262,-0.04401882127912524,0.6554616083241607,0.4922127430901523
H9,19.64289593962869,-103.4923312690368,2023,10,2023-10-01,2,0.6251905067884251,0.0702112948425548,no_relative_stress,0.8441768738326912,0.11009516360668092,0.7079742689914494,0.5207477585286724
H9,19.64289593962869,-103.4923312690368,2023,11,2023-11-01,5,0.514669521555271,0.0075153061082172,no_relative_stress,0.04494881917188636,-0.41968034698431905,0.5741817299384441,0.42265703441388563
H9,19.64289593962869,-103.4923312690368,2023,12,2023-12-01,4,0.5001469650387226,0.0075037102348887,no_relative_stress,-0.060070463536613945,-0.4197783310792726,0.5566012703923151,0.42263889214299244
H9,19.64289593962869,-103.4923312690368,2024,1,2024-01-01,4,0.4588340974149267,0.0109919873093313,no_relative_stress,-0.35882280232340985,-0.3903027010509103,0.5065894699791366,0.4280964601796806
H9,19.64289593962869,-103.4923312690368,2024,2,2024-02-01,5,0.4945526022937598,-0.0100548359948304,no_relative_stress,-0.1005258724735786,-0.5681464800130258,0.5498289457115939,0.3951677484726349
H9,19.64289593962869,-103.4923312690368,2024,3,2024-03-01,6,0.4556104815607664,-0.0506872701267199,moderate_possible_stress,-0.3821342505760572,-0.9114869228919089,0.5026870821280893,0.33159645839486107
H9,19.64289593962869,-103.4923312690368,2024,4,2024-04-01,5,0.4498799153290121,-0.0420648940168586,moderate_possible_stress,-0.42357460954361326,-0.8386286141177205,0.49574987463993336,0.3450865577342326
H9,19.64289593962869,-103.4923312690368,2024,5,2024-05-01,7,0.4247908414905472,-0.0340444947279978,moderate_possible_stress,-0.6050052368118766,-0.7708569557680243,0.4653779874887718,0.3576348369753126
H9,19.64289593962869,-103.4923312690368,2024,6,2024-06-01,3,0.4238845015234598,-0.0327903932783382,moderate_possible_stress,-0.611559397790703,-0.7602599104188942,0.4642808064856706,0.35959693569636114
H9,19.64289593962869,-103.4923312690368,2024,7,2024-07-01,3,0.2867135076274,0.0712199843384662,no_relative_stress,-1.603505917052729,0.1186184998441645,0.2982267714165662,0.5223258990932973
H9,19.64289593962869,-103.4923312690368,2024,8,2024-08-01,4,0.5438817911871705,0.0285109258681353,no_relative_stress,0.2561961708026807,-0.24226923340229128,0.6095450025088771,0.45550563584859194
H9,19.64289593962869,-103.4923312690368,2024,9,2024-09-01,4,0.3055593216529196,0.1084508371563118,no_relative_stress,-1.4672231717411444,0.43321588413439754,0.3210408035542261,0.5805752605921356
H9,19.64289593962869,-103.4923312690368,2024,10,2024-10-01,5,0.5470175827392557,0.0438240035927615,no_relative_stress,0.2788725211510581,-0.11287509297875205,0.6133410735700369,0.4794636419787661
H9,19.64289593962869,-103.4923312690368,2024,11,2024-11-01,5,0.5268292117239225,0.034967707517692,no_relative_stress,0.13288112902478585,-0.18771000458682693,0.5889017925431133,0.4656075642213908
H9,19.64289593962869,-103.4923312690368,2024,12,2024-12-01,6,0.564889497645126,0.0457020956144879,no_relative_stress,0.40811255419228804,-0.097005382972854,0.6349761401408907,0.4824020023122471
H9,19.64289593962869,-103.4923312690368,2025,1,2025-01-01,5,0.5496993969379639,0.0298918819992192,no_relative_stress,0.2982659525475806,-0.23060027731406774,0.6165875767581566,0.4576662044846933
H9,19.64289593962869,-103.4923312690368,2025,2,2025-02-01,4,0.5036140966564934,-0.0219915736171869,no_relative_stress,-0.034998040844415,-0.6690108478351936,0.5607984492483841,0.37649217989827904
H9,19.64289593962869,-103.4923312690368,2025,3,2025-03-01,7,0.4595478076960214,-0.0510863274376875,moderate_possible_stress,-0.3536616351627356,-0.9148589215626491,0.507453460744822,0.3309721150933785
H9,19.64289593962869,-103.4923312690368,2025,4,2025-04-01,7,0.441385085127144,-0.0444390123864128,moderate_possible_stress,-0.48500463210982786,-0.8586897025035106,0.485466353378026,0.3413721416335381
H9,19.64289593962869,-103.4923312690368,2025,5,2025-05-01,9,0.4196872512640633,-0.0461059753700849,moderate_possible_stress,-0.6419116440420847,-0.8727753909763923,0.4591997735211085,0.3387641022766057
H9,19.64289593962869,-103.4923312690368,2025,6,2025-06-01,1,0.4925501580012876,-0.0355626792777262,moderate_possible_stress,-0.11500646774752572,-0.7836854797492281,0.5474048621256861,0.3552595682407568
H9,19.64289593962869,-103.4923312690368,2025,7,2025-07-01,5,0.5957295879074019,0.0854959746444915,no_relative_stress,0.6311314251685527,0.23924934411737314,0.6723099910119196,0.5446613348180194
H9,19.64289593962869,-103.4923312690368,2025,8,2025-08-01,6,0.6338028048081953,0.1209650175600085,no_relative_stress,0.9064563601943019,0.5389595919350422,0.7183999923662042,0.6001542646445812
H9,19.64289593962869,-103.4923312690368,2025,9,2025-09-01,5,0.6050082880672827,0.1515994536646837,no_relative_stress,0.6982299717741416,0.79781784358158,0.6835424356999857,0.6480832323667218
H9,19.64289593962869,-103.4923312690368,2025,10,2025-10-01,6,0.6143106223608231,0.1357123325549384,no_relative_stress,0.765499427665678,0.6635730877743121,0.6948034909794609,0.6232271092683596
H9,19.64289593962869,-103.4923312690368,2025,11,2025-11-01,7,0.5764787918149438,0.0752781183069433,no_relative_stress,0.491920068346231,0.15290936978014125,0.6490057028482902,0.5286750341425819
H9,19.64289593962869,-103.4923312690368,2025,12,2025-12-01,7,0.5669581233872231,0.0519232599425803,no_relative_stress,0.42307173795444625,-0.044437099500189106,0.6374803404952551,0.49213529667602907
H9,19.64289593962869,-103.4923312690368,2026,1,2026-01-01,5,0.5601679349012911,0.0605866911545876,no_relative_stress,0.3739687633207781,0.02876812122388381,0.6292603942446422,0.5056896285887981
H9,19.64289593962869,-103.4923312690368,2026,2,2026-02-01,5,0.5477632234581009,0.0315486790246356,no_relative_stress,0.2842645919866677,-0.2166004902813623,0.614243718120166,0.4602583387378582
H9,19.64289593962869,-103.4923312690368,2026,3,2026-03-01,7,0.5248490438929238,0.0219373718158699,no_relative_stress,0.11856162508503738,-0.29781517860132006,0.5865046760018383,0.44522101174406364
H9,19.64289593962869,-103.4923312690368,2026,4,2026-04-01,7,0.5325344435098442,0.0289620687000071,no_relative_stress,0.17413828296737832,-0.23845711672737785,0.5958083311060305,0.45621146931498824
H90,19.60887219704412,-103.5257551584595,2023,1,2023-01-01,4,0.6600353955902691,0.1040142322162182,no_relative_stress,1.0961562841973365,0.39572696825832704,0.7501561780287553,0.5736339905050004
H90,19.60887219704412,-103.5257551584595,2023,2,2023-02-01,6,0.54239508322516,0.0271628350260636,no_relative_stress,0.2454451020366923,-0.25366048073085345,0.6077452498858971,0.4533964864509862
H90,19.60887219704412,-103.5257551584595,2023,3,2023-03-01,6,0.4548373248763993,-0.0666003261727329,moderate_possible_stress,-0.3877253020084268,-1.045950826596526,0.5017511277872096,0.30669975890987944
H90,19.60887219704412,-103.5257551584595,2023,4,2023-04-01,6,0.3780876777598096,-0.1099898363106711,severe_possible_stress,-0.9427372848593928,-1.4125883157191774,0.40884089777534083,0.238814898102425
H90,19.60887219704412,-103.5257551584595,2023,5,2023-05-01,6,0.3410595583869791,-0.1260019850755715,severe_possible_stress,-1.2105046391918242,-1.5478895440565854,0.3640160520974121,0.21376316355465239
H90,19.60887219704412,-103.5257551584595,2023,6,2023-06-01,5,0.3493160428565577,-0.1334426871437314,severe_possible_stress,-1.1507982041918317,-1.6107628126163647,0.3740110409993501,0.20212184696451366
H90,19.60887219704412,-103.5257551584595,2023,7,2023-07-01,3,0.631358651815532,0.0785930505726167,no_relative_stress,0.8887815662400249,0.18092025164154946,0.7154411928763826,0.5338613963468561
H90,19.60887219704412,-103.5257551584595,2023,8,2023-08-01,1,0.5210008179416776,0.2227626972521467,no_relative_stress,0.09073333406481728,1.3991409021684513,0.5818461587095726,0.7594213615639429
H90,19.60887219704412,-103.5257551584595,2023,9,2023-09-01,5,0.7625974305922266,0.231583964559914,no_relative_stress,1.837829510722993,1.4736798238183566,0.8743139119143809,0.7732226352227007
H90,19.60887219704412,-103.5257551584595,2023,10,2023-10-01,2,0.7775244813161162,0.2150056576704772,no_relative_stress,1.9457738770051949,1.3335946098455604,0.8923840369020388,0.7472851205553328
H90,19.60887219704412,-103.5257551584595,2023,11,2023-11-01,5,0.7414354887856887,0.2099304411958703,no_relative_stress,1.6847977806202934,1.290709483484643,0.8486960627826912,0.7393447136954465
H90,19.60887219704412,-103.5257551584595,2023,12,2023-12-01,4,0.6879007276775096,0.1757444877835846,no_relative_stress,1.297663311207459,1.00184122748225,0.7838888987753373,0.685859235717349
H90,19.60887219704412,-103.5257551584595,2024,1,2024-01-01,4,0.5140008533276835,0.1136182225267584,no_relative_stress,0.04011337180756155,0.4768798294411488,0.5733722653850448,0.588659869878944
H90,19.60887219704412,-103.5257551584595,2024,2,2024-02-01,5,0.5931487013018614,0.0475735588428748,no_relative_stress,0.6124678475982404,-0.0811916856792033,0.6691856669640049,0.4853299915972479
H90,19.60887219704412,-103.5257551584595,2024,3,2024-03-01,6,0.506893591067623,-0.0192286000573771,no_relative_stress,-0.011282509056956375,-0.6456639677883687,0.5647684815743677,0.3808149776188821
H90,19.60887219704412,-103.5257551584595,2024,4,2024-04-01,5,0.4079792594261068,-0.1002770141014543,moderate_possible_stress,-0.7265775156038914,-1.3305158347033503,0.44502651989051956,0.25401104992861767
H90,19.60887219704412,-103.5257551584595,2024,5,2024-05-01,7,0.321990331257651,-0.122390832779562,severe_possible_stress,-1.3484029873680226,-1.5173756293698468,0.3409315644769931,0.21941297546056696
H90,19.60887219704412,-103.5257551584595,2024,6,2024-06-01,3,0.3104795686622487,-0.1263155757255628,severe_possible_stress,-1.4316426036036005,-1.550539357068063,0.32699706913363047,0.21327253672900948
H90,19.60887219704412,-103.5257551584595,2024,7,2024-07-01,3,0.3832239092234009,0.1603230856462033,no_relative_stress,-0.90559483383732,0.8715317554364602,0.41505862599435844,0.6617317511197168
H90,19.60887219704412,-103.5257551584595,2024,8,2024-08-01,4,0.5958020931431608,0.2227959354689517,no_relative_stress,0.6316557438615685,1.3994217621346865,0.6723977631175189,0.7594733642649212
H90,19.60887219704412,-103.5257551584595,2024,9,2024-09-01,4,0.3779430843895637,0.2607879794765556,no_relative_stress,-0.9437829059943719,1.720451144059095,0.408665858491221,0.8189136439787918
H90,19.60887219704412,-103.5257551584595,2024,10,2024-10-01,5,0.7883419776351814,0.2719222474737445,no_relative_stress,2.0240001660773395,1.8145347151510554,0.9054792902213163,0.8363337123496761
H90,19.60887219704412,-103.5257551584595,2024,11,2024-11-01,5,0.67885385702322,0.2209285632161913,no_relative_stress,1.2322412303370938,1.3836426332200518,0.772937098148804,0.7565517754972364
H90,19.60887219704412,-103.5257551584595,2024,12,2024-12-01,6,0.684590620788082,0.1136696887830051,no_relative_stress,1.2737264065157787,0.47731471471422154,0.7798818081369476,0.5887403911761535
H90,19.60887219704412,-103.5257551584595,2025,1,2025-01-01,5,0.5962036994942874,0.0079543005649401,no_relative_stress,0.6345599440193326,-0.41597088299544316,0.6728839326291612,0.4233438611951777
H90,19.60887219704412,-103.5257551584595,2025,2,2025-02-01,4,0.530167325329667,-0.0433031597180091,moderate_possible_stress,0.15702056315784002,-0.8490918488049348,0.5929427870566689,0.3431492347615137
H90,19.60887219704412,-103.5257551584595,2025,3,2025-03-01,7,0.420105521583699,-0.1028197939391471,moderate_possible_stress,-0.6388869390670107,-1.3520020974456495,0.4597061158049428,0.25003275529479907
H90,19.60887219704412,-103.5257551584595,2025,4,2025-04-01,7,0.3471683288094586,-0.1320306545490452,severe_possible_stress,-1.166329311847175,-1.5988312631835808,0.3714110993238845,0.2043310361404488
H90,19.60887219704412,-103.5257551584595,2025,5,2025-05-01,9,0.2900036804119735,-0.1471644424322227,severe_possible_stress,-1.5797131650376686,-1.7267104204444856,0.3022097305789601,0.18065353711653695
H90,19.60887219704412,-103.5257551584595,2025,6,2025-06-01,1,0.4518990281074676,-0.0970590894096646,moderate_possible_stress,-0.40897347678442314,-1.303324658185504,0.4981941364667172,0.259045639374236
H90,19.60887219704412,-103.5257551584595,2025,7,2025-07-01,5,0.5110282246152095,0.1355117325791854,no_relative_stress,0.018616926964190775,0.6618780358782586,0.5697737131077125,0.622913261488362
H90,19.60887219704412,-103.5257551584595,2025,8,2025-08-01,6,0.7527810787164854,0.262340046076382,no_relative_stress,1.7668429573823417,1.7335659683404123,0.8624306063238407,0.8213419227207772
H90,19.60887219704412,-103.5257551584595,2025,9,2025-09-01,5,0.6659847372411155,0.2584866040388577,no_relative_stress,1.1391787087992127,1.7010047269568118,0.7573582267933529,0.8153130375013931
H90,19.60887219704412,-103.5257551584595,2025,10,2025-10-01,6,0.753630696084356,0.2267938252022769,no_relative_stress,1.7729869311688289,1.4332035736590798,0.8634591210862737,0.765728244470011
H90,19.60887219704412,-103.5257551584595,2025,11,2025-11-01,7,0.6766812743937659,0.1406599601500705,no_relative_stress,1.2165302865297674,0.7053800994881203,0.7703070515048666,0.6309678975269712
H90,19.60887219704412,-103.5257551584595,2025,12,2025-12-01,7,0.5953831454002521,0.0263025082920114,no_relative_stress,0.6286261401273716,-0.2609301648686836,0.6718906007706031,0.4520504661708678
H90,19.60887219704412,-103.5257551584595,2026,1,2026-01-01,5,0.5449438709087113,-0.0236013646195686,no_relative_stress,0.26387655754508116,-0.6826134381674916,0.610830716188699,0.37397358870473096
H90,19.60887219704412,-103.5257551584595,2026,2,2026-02-01,5,0.4790703652585941,-0.1072188216122011,severe_possible_stress,-0.2124850462115725,-1.3891734887681657,0.531086733101152,0.24315027654995833
H90,19.60887219704412,-103.5257551584595,2026,3,2026-03-01,7,0.3843487039665876,-0.1504714146306948,severe_possible_stress,-0.8974609259410651,-1.7546540404483004,0.4164202601155794,0.17547962879921047
H90,19.60887219704412,-103.5257551584595,2026,4,2026-04-01,7,0.3689888706203929,-0.1525477842660057,severe_possible_stress,-1.008534942330767,-1.772199178597147,0.3978262247974619,0.17223105412690365
H91,19.6076221074036,-103.5233747651936,2023,1,2023-01-01,4,0.6266634346756133,0.0804151101213878,no_relative_stress,0.8548282925424465,0.19631649225061965,0.7097573399752373,0.5367120913295375
H91,19.6076221074036,-103.5233747651936,2023,2,2023-02-01,6,0.508596555796745,0.0084636003246987,no_relative_stress,0.0010324118129659949,-0.4116673454690908,0.5668300264886325,0.4241406838186775
H91,19.6076221074036,-103.5233747651936,2023,3,2023-03-01,6,0.4341945489332613,-0.0706194714465295,moderate_possible_stress,-0.5370027050738119,-1.0799122455413213,0.4767617612817595,0.3004116234455876
H91,19.6076221074036,-103.5233747651936,2023,4,2023-04-01,6,0.3826938403115378,-0.0994595947820416,moderate_possible_stress,-0.9094280058305915,-1.3236087143906974,0.41441694454859845,0.2552899396082487
H91,19.6076221074036,-103.5233747651936,2023,5,2023-05-01,6,0.3749740207095527,-0.0935221154707549,moderate_possible_stress,-0.9652535704490296,-1.2734375439975005,0.4050716219078181,0.26457939586881646
H91,19.6076221074036,-103.5233747651936,2023,6,2023-06-01,5,0.3928191352514777,-0.0926024105269483,moderate_possible_stress,-0.8362073431605712,-1.2656661192854222,0.42667424496821804,0.2660183160570314
H91,19.6076221074036,-103.5233747651936,2023,7,2023-07-01,3,0.6592504754884749,0.1274245986676119,no_relative_stress,1.0904801660854888,0.5935424759212122,0.7492059833381158,0.6102605728967389
H91,19.6076221074036,-103.5233747651936,2023,8,2023-08-01,1,0.5933751968414983,0.2579451934639342,no_relative_stress,0.6141057409734351,1.6964298559074877,0.6694598539273973,0.8144659760480252
H91,19.6076221074036,-103.5233747651936,2023,9,2023-09-01,5,0.7150621440190913,0.1972139133340503,no_relative_stress,1.494079999845541,1.1832559577178396,0.8167694856516645,0.7194491278474062
H91,19.6076221074036,-103.5233747651936,2023,10,2023-10-01,2,0.7924625043517083,0.2353897528738337,no_relative_stress,2.053797589117681,1.5058383954895267,0.910467444556684,0.7791769640254862
H91,19.6076221074036,-103.5233747651936,2023,11,2023-11-01,5,0.7229520379379994,0.201804723776932,no_relative_stress,1.551135450038881,1.222047896333079,0.8263206938502042,0.7266316594528033
H91,19.6076221074036,-103.5233747651936,2023,12,2023-12-01,4,0.6643055643989353,0.1571113336612158,no_relative_stress,1.1270358380017456,0.8443927377403166,0.7553254834406746,0.6567068191544605
H91,19.6076221074036,-103.5233747651936,2024,1,2024-01-01,4,0.5728655394007742,0.124674084512041,no_relative_stress,0.46579097899832955,0.5703008767284828,0.6446316356635713,0.6059572684803886
H91,19.6076221074036,-103.5233747651936,2024,2,2024-02-01,5,0.5870752295274008,0.044567082035079,no_relative_stress,0.5685477810054633,-0.10659614644429352,0.6618333509503753,0.48062622197714316
H91,19.6076221074036,-103.5233747651936,2024,3,2024-03-01,6,0.4910169527265506,-0.02852924203578,no_relative_stress,-0.12609377995831247,-0.7242535626316813,0.5455488216084595,0.3662637004987517
H91,19.6076221074036,-103.5233747651936,2024,4,2024-04-01,5,0.4086275274828947,-0.1005580289663101,moderate_possible_stress,-0.7218895912533045,-1.332890385237093,0.44581128876605614,0.2535713893994963
H91,19.6076221074036,-103.5233747651936,2024,5,2024-05-01,7,0.3525000995419028,-0.0985407128419195,moderate_possible_stress,-1.1277728264756481,-1.3158442439863185,0.3778655400116628,0.25672757216979103
H91,19.6076221074036,-103.5233747651936,2024,6,2024-06-01,3,0.3414847737604093,-0.1005477217673601,moderate_possible_stress,-1.207429711339873,-1.3328032903256526,0.3645308018016025,0.25358751548074987
H91,19.6076221074036,-103.5233747651936,2024,7,2024-07-01,3,0.4163124662294598,0.1676432253967198,no_relative_stress,-0.6663162661363823,0.9333862831696423,0.4551143859579668,0.6731844424839466
H91,19.6076221074036,-103.5233747651936,2024,8,2024-08-01,4,0.4283277459439715,0.169727502330225,no_relative_stress,-0.5794282546680052,0.9509982372826812,0.46965963070985994,0.6764453884836912
H91,19.6076221074036,-103.5233747651936,2024,9,2024-09-01,4,0.3426727624526233,0.2078201133627013,no_relative_stress,-1.1988388189456893,1.2728774015939048,0.3659689361356592,0.7360430098790784
H91,19.6076221074036,-103.5233747651936,2024,10,2024-10-01,5,0.7288018471642015,0.2230967243334175,no_relative_stress,1.5934381099195474,1.401963401200747,0.8334022524130253,0.759943962115226
H91,19.6076221074036,-103.5233747651936,2024,11,2024-11-01,5,0.4821229457786902,0.1635661922753178,no_relative_stress,-0.19041043309058836,0.8989357170777766,0.5347820720233106,0.6668057388508821
H91,19.6076221074036,-103.5233747651936,2024,12,2024-12-01,6,0.6390105362569727,0.0905324044360767,no_relative_stress,0.9441158604803497,0.2818067264676008,0.7247042757723667,0.5525410581493353
H91,19.6076221074036,-103.5233747651936,2025,1,2025-01-01,5,0.5813435842571613,0.0127177877871867,no_relative_stress,0.527099619014548,-0.37571984100210953,0.6548948372188993,0.4307965534706214
H91,19.6076221074036,-103.5233747651936,2025,2,2025-02-01,4,0.5099238854176736,-0.0359875692711056,moderate_possible_stress,0.01063094252268158,-0.7872757622813591,0.5684368416990622,0.3545948085334601
H91,19.6076221074036,-103.5233747651936,2025,3,2025-03-01,7,0.4198862737676551,-0.0787240064837116,moderate_possible_stress,-0.6404724208208673,-1.1483948434570994,0.45944070266255665,0.287731710002011
H91,19.6076221074036,-103.5233747651936,2025,4,2025-04-01,7,0.3593673323236647,-0.101620553019532,moderate_possible_stress,-1.0781127091188223,-1.3418686186803206,0.38617875318291434,0.2519090222230005
H91,19.6076221074036,-103.5233747651936,2025,5,2025-05-01,9,0.3089539293820759,-0.1093854407674557,severe_possible_stress,-1.442675202629336,-1.4074812273077861,0.32515018772425186,0.23976050240156063
H91,19.6076221074036,-103.5233747651936,2025,6,2025-06-01,1,0.4750488402391976,-0.0478742694746235,moderate_possible_stress,-0.24156654246535234,-0.8877173183790606,0.5262184264888359,0.3359975257752433
H91,19.6076221074036,-103.5233747651936,2025,7,2025-07-01,5,0.5742055276664751,0.1696702218632663,no_relative_stress,0.47548105018802417,0.9505142224478803,0.6462537749522426,0.6763557705895478
H91,19.6076221074036,-103.5233747651936,2025,8,2025-08-01,6,0.7108199149418574,0.2457127207466038,no_relative_stress,1.4634024910840095,1.593066552920531,0.8116340030255347,0.7953277164754451
H91,19.6076221074036,-103.5233747651936,2025,9,2025-09-01,5,0.6728138381234944,0.2315290751244114,no_relative_stress,1.1885630768610056,1.4732160129860132,0.765625278924449,0.7731367582059507
H91,19.6076221074036,-103.5233747651936,2025,10,2025-10-01,6,0.7300223661701244,0.207128644514618,no_relative_stress,1.6022642439675063,1.2670345515257238,0.834879766718751,0.7349611754367075
H91,19.6076221074036,-103.5233747651936,2025,11,2025-11-01,7,0.6590468417783413,0.1267965468298676,no_relative_stress,1.089007597109831,0.5882354939318465,0.7489594720438301,0.6092779572495559
H91,19.6076221074036,-103.5233747651936,2025,12,2025-12-01,7,0.5818166972220662,0.0367313847528298,no_relative_stress,0.5305209163706844,-0.17280708931864297,0.6554675699420106,0.46836691742072367
H91,19.6076221074036,-103.5233747651936,2026,1,2026-01-01,5,0.5416620178320614,-0.008255574872688,no_relative_stress,0.2401439691628823,-0.5529428840747187,0.6068578285511375,0.39798277428059176
H91,19.6076221074036,-103.5233747651936,2026,2,2026-02-01,5,0.4943418714143617,-0.0752483907444118,moderate_possible_stress,-0.10204976434300958,-1.1190262005809528,0.5495738428516975,0.2931694688043688
H91,19.6076221074036,-103.5233747651936,2026,3,2026-03-01,7,0.4245739974668795,-0.1051199596095715,moderate_possible_stress,-0.6065733356379512,-1.3714382921224166,0.46511548428683447,0.24643404155328769
H91,19.6076221074036,-103.5233747651936,2026,4,2026-04-01,7,0.4166081905477167,-0.0981769410848446,moderate_possible_stress,-0.6641777476360472,-1.3127704050975255,0.45547237867143964,0.2572967096183635
H92,19.60560940953978,-103.5215470361636,2023,1,2023-01-01,4,0.6843788606338242,0.1723096162589436,no_relative_stress,1.2721950714866435,0.9728168695844608,0.7796254592757008,0.6804852230907841
H92,19.60560940953978,-103.5215470361636,2023,2,2023-02-01,6,0.5725585069303368,0.1078327799127178,no_relative_stress,0.46357068605081636,0.4279933555738079,0.6442599537272867,0.5796082819417883
H92,19.60560940953978,-103.5215470361636,2023,3,2023-03-01,6,0.537624635369539,0.0586796802166108,no_relative_stress,0.2109478004476269,0.012654048956036106,0.6019703255158596,0.502706023296383
H92,19.60560940953978,-103.5215470361636,2023,4,2023-04-01,6,0.5076025838122128,0.0419984191454549,no_relative_stress,-0.006155456571568773,-0.12830111866592891,0.5656267614681698,0.47660743213210777
H92,19.60560940953978,-103.5215470361636,2023,5,2023-05-01,6,0.5048989986598713,0.0510474311066364,no_relative_stress,-0.02570632374269788,-0.05183777501578839,0.5623539031841553,0.49076502265287936
H92,19.60560940953978,-103.5215470361636,2023,6,2023-06-01,5,0.5212386338498034,0.0509033415185874,no_relative_stress,0.09245309022893203,-0.05305531917803074,0.5821340496843791,0.49053958794302865
H92,19.60560940953978,-103.5215470361636,2023,7,2023-07-01,3,0.7010001283156613,0.2027698781762946,no_relative_stress,1.392391099483742,1.2302033648892583,0.7997465394555537,0.7281416873800635
H92,19.60560940953978,-103.5215470361636,2023,8,2023-08-01,1,0.6331761320033368,0.2760946947507962,no_relative_stress,0.9019246010385243,1.8497915223445822,0.7176413658887021,0.8428616957661433
H92,19.60560940953978,-103.5215470361636,2023,9,2023-09-01,5,0.7452192310081739,0.2529055622895035,no_relative_stress,1.7121597601523728,1.6538454221578676,0.8532765185033889,0.8065812440077341
H92,19.60560940953978,-103.5215470361636,2023,10,2023-10-01,2,0.7975746424763659,0.2635313697791565,no_relative_stress,2.090765810129357,1.7436325473298724,0.9166560062876957,0.8232058028033677
H92,19.60560940953978,-103.5215470361636,2023,11,2023-11-01,5,0.7508239144480999,0.2298150717513758,no_relative_stress,1.7526898027794084,1.4587328374203126,0.8600613370284331,0.770455122021718
H92,19.60560940953978,-103.5215470361636,2023,12,2023-12-01,4,0.6986894165826156,0.2141893710787068,no_relative_stress,1.3756812806254681,1.3266970609804147,0.7969492789250621,0.7460080030795844
H92,19.60560940953978,-103.5215470361636,2024,1,2024-01-01,4,0.5704408684838564,0.1436929306207139,no_relative_stress,0.4482570688903738,0.7310084293403061,0.6416964204403443,0.6357131176868255
H92,19.60560940953978,-103.5215470361636,2024,2,2024-02-01,5,0.6252872915279081,0.1026196306186329,no_relative_stress,0.84487676877929,0.3839427091957192,0.708091432949133,0.571452072916326
H92,19.60560940953978,-103.5215470361636,2024,3,2024-03-01,6,0.551415417414513,0.0562059741166323,no_relative_stress,0.31067528552934165,-0.008248546865862695,0.6186649264681697,0.49883579766484815
H92,19.60560940953978,-103.5215470361636,2024,4,2024-04-01,5,0.4965234344899594,0.0127811685820699,no_relative_stress,-0.08627387880098719,-0.37518427894066425,0.5522147608852525,0.4308957156050828
H92,19.60560940953978,-103.5215470361636,2024,5,2024-05-01,7,0.4560187284707391,0.0081930916727671,no_relative_stress,-0.37918202948437535,-0.4139531194410684,0.5031812904499802,0.42371746073721817
H92,19.60560940953978,-103.5215470361636,2024,6,2024-06-01,3,0.4503463421085806,0.0038569891302266,no_relative_stress,-0.4202016630675227,-0.4505927990254053,0.4963145133190868,0.41693343121922094
H92,19.60560940953978,-103.5215470361636,2024,7,2024-07-01,3,0.3598000291885455,0.1710316508357373,no_relative_stress,-1.0749836791626837,0.9620181757881867,0.38670255969866835,0.6784857880984254
H92,19.60560940953978,-103.5215470361636,2024,8,2024-08-01,4,0.4840684309657662,0.183817414502391,no_relative_stress,-0.17634173529389408,1.0700567379280888,0.5371372030630838,0.6984896965101243
H92,19.60560940953978,-103.5215470361636,2024,9,2024-09-01,4,0.3332736585132818,0.2133909109723254,no_relative_stress,-1.2668080606344718,1.3199501443261905,0.3545907351703427,0.7447587759504998
H92,19.60560940953978,-103.5215470361636,2024,10,2024-10-01,5,0.7559893460233792,0.2498118506891333,no_relative_stress,1.7900434132334304,1.627703835179277,0.8663144138020725,0.801740991589537
H92,19.60560940953978,-103.5215470361636,2024,11,2024-11-01,5,0.3258556769697755,0.1894741887429552,no_relative_stress,-1.3204508954863257,1.1178559755203274,0.3456108063065136,0.7073399769285734
H92,19.60560940953978,-103.5215470361636,2024,12,2024-12-01,6,0.686845724795871,0.1755365122120371,no_relative_stress,1.290034100347867,1.0000838524598399,0.7826117520511663,0.6855338484824858
H92,19.60560940953978,-103.5215470361636,2025,1,2025-01-01,5,0.6401198085155138,0.1157125186018957,no_relative_stress,0.9521375181538919,0.4945764444069948,0.7260471189587371,0.5919364912811752
H92,19.60560940953978,-103.5215470361636,2025,2,2025-02-01,4,0.5749521581482646,0.0666963010768511,no_relative_stress,0.48088027845451314,0.08039377992102917,0.6471576176720867,0.5152483910141442
H92,19.60560940953978,-103.5215470361636,2025,3,2025-03-01,7,0.5051808352856588,0.0320558862519106,no_relative_stress,-0.023668233531276676,-0.21231463446778467,0.5626950839805688,0.4610518874991749
H92,19.60560940953978,-103.5215470361636,2025,4,2025-04-01,7,0.4548180808784684,0.0110475529896972,no_relative_stress,-0.3878644642046172,-0.3898331760098121,0.5017278317286442,0.4281833952122569
H92,19.60560940953978,-103.5215470361636,2025,5,2025-05-01,9,0.399862194382602,-0.0095681842189068,no_relative_stress,-0.7852757446378601,-0.5640343159292535,0.43520030689089895,0.3959291372959991
H92,19.60560940953978,-103.5215470361636,2025,6,2025-06-01,1,0.535818216320287,0.0324021861951824,no_relative_stress,0.19788475382720322,-0.20938843084665937,0.5997835427009645,0.4615936895009007
H92,19.60560940953978,-103.5215470361636,2025,7,2025-07-01,5,0.6130647433501122,0.185128358442615,no_relative_stress,0.7564899037641979,1.0811340972505674,0.6932952768077884,0.7005407278913398
H92,19.60560940953978,-103.5215470361636,2025,8,2025-08-01,6,0.7218994542887976,0.2387347303293584,no_relative_stress,1.543523733761247,1.5341031565243175,0.8250464757576375,0.7844103332949359
H92,19.60560940953978,-103.5215470361636,2025,9,2025-09-01,5,0.6251132948721481,0.2267087541110425,no_relative_stress,0.8436185189690192,1.4324847305288406,0.7078807991558154,0.7655951468810125
H92,19.60560940953978,-103.5215470361636,2025,10,2025-10-01,6,0.7535309523218197,0.2390626090706634,no_relative_stress,1.772265638166163,1.5368737026325032,0.8633383750468109,0.7849233144888802
H92,19.60560940953978,-103.5215470361636,2025,11,2025-11-01,7,0.69165433980751,0.1810098719313546,no_relative_stress,1.324807406188902,1.046333253713186,0.7884328801417128,0.6940971685456483
H92,19.60560940953978,-103.5215470361636,2025,12,2025-12-01,7,0.6699103460791052,0.1496273316604906,no_relative_stress,1.167566591049149,0.7811535886139105,0.7621104208916551,0.6449977578516982
H92,19.60560940953978,-103.5215470361636,2026,1,2026-01-01,5,0.6185730154381521,0.1021370527276885,no_relative_stress,0.7963227515820072,0.379864969076518,0.6999633833841002,0.5706970578711834
H92,19.60560940953978,-103.5215470361636,2026,2,2026-02-01,5,0.5797074395597017,0.0346809687156841,no_relative_stress,0.5152679045131295,-0.19013292187877148,0.6529141821164369,0.46515894833242316
H92,19.60560940953978,-103.5215470361636,2026,3,2026-03-01,7,0.5085380319416557,0.001749676111285,no_relative_stress,0.0006091989113111102,-0.46839940600492663,0.5667591797154966,0.41363644421674484
H92,19.60560940953978,-103.5215470361636,2026,4,2026-04-01,7,0.5004990473405898,0.0064497273327114,no_relative_stress,-0.057524394547016924,-0.42868439255827995,0.5570274879565457,0.42098988798552944
H93,19.60208824925957,-103.526896999217,2023,1,2023-01-01,4,0.7565724821948623,0.2456478786308192,no_relative_stress,1.7942603389779266,1.592518642827859,0.8670203364721589,0.7952262680380116
H93,19.60208824925957,-103.526896999217,2023,2,2023-02-01,6,0.6587752630723017,0.1712831576687733,no_relative_stress,1.087043686632039,0.9641433860859837,0.7486307090984301,0.6788792819705272
H93,19.60208824925957,-103.526896999217,2023,3,2023-03-01,6,0.5900429525261911,0.0964282080428385,no_relative_stress,0.5900087503778555,0.33162574087618646,0.6654259645556243,0.5617653108758753
H93,19.60208824925957,-103.526896999217,2023,4,2023-04-01,6,0.5385924870002505,0.0550037457030126,no_relative_stress,0.21794678054522595,-0.018407269688963477,0.6031419702204948,0.49695485666648503
H93,19.60208824925957,-103.526896999217,2023,5,2023-05-01,6,0.51197812546299,0.0438211016144751,no_relative_stress,0.025486096697800553,-0.11289961443633553,0.5709236272711183,0.4794591017018326
H93,19.60208824925957,-103.526896999217,2023,6,2023-06-01,5,0.5367222174916852,0.0423870645213966,no_relative_stress,0.20442200189917345,-0.12501709991712529,0.6008778924461564,0.4772154854879855
H93,19.60208824925957,-103.526896999217,2023,7,2023-07-01,3,0.706515443903853,0.1971343916535548,no_relative_stress,1.4322748820892972,1.1825840066131836,0.8064231726276713,0.7193247125637479
H93,19.60208824925957,-103.526896999217,2023,8,2023-08-01,1,0.4457966026746985,0.2054292730343514,no_relative_stress,-0.45310292059145874,1.2526750141483523,0.4908067702456378,0.7323024315137798
H93,19.60208824925957,-103.526896999217,2023,9,2023-09-01,5,0.8370168116479599,0.3354380222703547,no_relative_stress,2.375990268381464,2.351237344820696,0.9644032096635369,0.9357070290208744
H93,19.60208824925957,-103.526896999217,2023,10,2023-10-01,2,0.7386793810216491,0.2607822212158908,no_relative_stress,1.664867098297457,1.7204024872702735,0.845359622604596,0.8189046349182497
H93,19.60208824925957,-103.526896999217,2023,11,2023-11-01,5,0.8195533726802432,0.2969408308942564,no_relative_stress,2.2497041126399835,2.025939512705609,0.9432626286674572,0.8754764232883767
H93,19.60208824925957,-103.526896999217,2023,12,2023-12-01,4,0.7877134105163823,0.2822769156972508,no_relative_stress,2.019454708266574,1.9020307377172332,0.9047183705587567,0.8525340614392476
H93,19.60208824925957,-103.526896999217,2024,1,2024-01-01,4,0.6564439054491682,0.237035573690625,no_relative_stress,1.0701845678508874,1.519745434538731,0.7458084554315668,0.7817519255013521
H93,19.60208824925957,-103.526896999217,2024,2,2024-02-01,5,0.6869001890344344,0.150901331319845,no_relative_stress,1.2904279562960723,0.7919187720594917,0.7826776844055479,0.6469909882262537
H93,19.60208824925957,-103.526896999217,2024,3,2024-03-01,6,0.61745556931489,0.0947188927689313,no_relative_stress,0.7882419849348496,0.31718217932981246,0.6986106452251816,0.5590910094358186
H93,19.60208824925957,-103.526896999217,2024,4,2024-04-01,5,0.5606010353840478,0.0363008981551576,no_relative_stress,0.37710071202333495,-0.17644466265767647,0.6297846893649839,0.46769340157162675
H93,19.60208824925957,-103.526896999217,2024,5,2024-05-01,7,0.5088290203818676,0.0138246006243209,no_relative_stress,0.002713470100250757,-0.36636737128660596,0.5671114393535092,0.43252821246261963
H93,19.60208824925957,-103.526896999217,2024,6,2024-06-01,3,0.4944491025658534,-0.0099952186561208,no_relative_stress,-0.10127432658858722,-0.5676427188204433,0.5497036528420209,0.3952610225088512
H93,19.60208824925957,-103.526896999217,2024,7,2024-07-01,3,0.2715103598675153,0.1379680230569128,no_relative_stress,-1.713446867933869,0.6826334712460903,0.2798224137635655,0.6267562395872875
H93,19.60208824925957,-103.526896999217,2024,8,2024-08-01,4,0.3764182590960958,0.1087884658161201,no_relative_stress,-0.9548096187080256,0.4360688161839743,0.40681996246346713,0.5811034959767443
H93,19.60208824925957,-103.526896999217,2024,9,2024-09-01,4,0.2577034381335125,0.1781086511860692,no_relative_stress,-1.8132910665269415,1.0218181972845601,0.26310827471204157,0.689558076819577
H93,19.60208824925957,-103.526896999217,2024,10,2024-10-01,5,0.5133495646502712,0.1656048639860604,no_relative_stress,0.03540360396055223,0.9161623111277173,0.5725838398600311,0.6699953334067066
H93,19.60208824925957,-103.526896999217,2024,11,2024-11-01,5,0.1706971107894397,0.1376964597462852,no_relative_stress,-2.4424738194646567,0.6803387855022363,0.15778169420352456,0.6263313664443606
H93,19.60208824925957,-103.526896999217,2024,12,2024-12-01,6,0.4056889074549709,0.0895990673878283,no_relative_stress,-0.7431401036636871,0.27392011168934965,0.4422539061204117,0.5510808099140969
H93,19.60208824925957,-103.526896999217,2025,1,2025-01-01,5,0.3873975482205448,0.0603228058033568,no_relative_stress,-0.8754133314782263,0.026538313551846635,0.42011107605477477,0.5052767679623361
H93,19.60208824925957,-103.526896999217,2025,2,2025-02-01,4,0.34320207909812,0.0285777129984146,no_relative_stress,-1.1950110869363566,-0.24170488811068822,0.3666097069161099,0.4556101273496097
H93,19.60208824925957,-103.526896999217,2025,3,2025-03-01,7,0.2958951726832538,0.0046407815435112,no_relative_stress,-1.537109075894858,-0.4439698230690857,0.30934174906506834,0.4181597100757605
H93,19.60208824925957,-103.526896999217,2025,4,2025-04-01,7,0.2690706131280946,-0.0054620740703267,no_relative_stress,-1.731089798245237,-0.5293380515522069,0.2768689483178425,0.40235333325973077
H93,19.60208824925957,-103.526896999217,2025,5,2025-05-01,9,0.2384058984875398,-0.0204374693773871,no_relative_stress,-1.9528404474744059,-0.6558788056779151,0.23974740056434884,0.3789236466206203
H93,19.60208824925957,-103.526896999217,2025,6,2025-06-01,1,0.3079180057850076,0.0001544318601245346,no_relative_stress,-1.4501664424107719,-0.4818790775873772,0.32389613766286035,0.41114061207668035
H93,19.60208824925957,-103.526896999217,2025,7,2025-07-01,5,0.3572574129847548,0.1162091594893946,no_relative_stress,-1.0933705058636738,0.4987730155922737,0.3836245643566541,0.592713508523637
H93,19.60208824925957,-103.526896999217,2025,8,2025-08-01,6,0.514286039951857,0.1783323571150363,no_relative_stress,0.04217568739742508,1.0237084924235835,0.5737175015632386,0.6899080749136199
H93,19.60208824925957,-103.526896999217,2025,9,2025-09-01,5,0.3053572982057643,0.1526833574045529,no_relative_stress,-1.4686840961649106,0.8069767334693188,0.32079624158360914,0.6497790490347548
H93,19.60208824925957,-103.526896999217,2025,10,2025-10-01,6,0.5652954134444995,0.2085651747057868,no_relative_stress,0.4110479179515326,1.279173103462924,0.6354675265081525,0.7372086922158364
H93,19.60208824925957,-103.526896999217,2025,11,2025-11-01,7,0.5104581829587671,0.153096931407271,no_relative_stress,0.014494693677969706,0.8104713968900606,0.5690836421639862,0.6504261043603126
H93,19.60208824925957,-103.526896999217,2025,12,2025-12-01,7,0.4825035252205849,0.1188814015054912,no_relative_stress,-0.18765828818030092,0.5213532221904823,0.5352427871511666,0.5968943526200523
H93,19.60208824925957,-103.526896999217,2026,1,2026-01-01,5,0.4481640614425243,0.0958923996587653,no_relative_stress,-0.43598273783605324,0.3270982078396773,0.49367272659756944,0.5609270143047307
H93,19.60208824925957,-103.526896999217,2026,2,2026-02-01,5,0.4099655741088977,0.0354740659742903,no_relative_stress,-0.7122135609529066,-0.18343132080973362,0.4474310775788919,0.46639978504240437
H93,19.60208824925957,-103.526896999217,2026,3,2026-03-01,7,0.349821373932583,0.0020816106814955,no_relative_stress,-1.1471439228623688,-0.4655945885043812,0.37462277575344394,0.4141557709393625
H93,19.60208824925957,-103.526896999217,2026,4,2026-04-01,7,0.3421548015011786,-0.0015443242699279,no_relative_stress,-1.202584432710714,-0.49623341531034587,0.365341912130418,0.4084828308971324
H94,19.60248937810072,-103.5219082769416,2023,1,2023-01-01,4,0.6442093331796456,0.1476594693444025,no_relative_stress,0.9817107511006155,0.7645253276306462,0.7309977433779804,0.6419189478123318
H94,19.60248937810072,-103.5219082769416,2023,2,2023-02-01,6,0.5403143056644021,0.0911880757499333,no_relative_stress,0.2303980428871735,0.2873470905656952,0.6052263389978786,0.5535668857222923
H94,19.60248937810072,-103.5219082769416,2023,3,2023-03-01,6,0.5153384822940118,0.0538394795801876,no_relative_stress,0.04978638181883849,-0.02824521454213405,0.5749915485948204,0.4951333093975818
H94,19.60248937810072,-103.5219082769416,2023,4,2023-04-01,6,0.4967279660095512,0.0505805056970119,no_relative_stress,-0.08479481735238228,-0.05578325306447021,0.5524623590338288,0.4900344966262187
H94,19.60248937810072,-103.5219082769416,2023,5,2023-05-01,6,0.4927895600531556,0.0622305967401796,no_relative_stress,-0.11327524144880398,0.04265897674034558,0.5476946732263231,0.5082615935983992
H94,19.60248937810072,-103.5219082769416,2023,6,2023-06-01,5,0.5017010567621187,0.0583974659052701,no_relative_stress,-0.048832111813327195,0.010269363206519855,0.5584825952570527,0.5022644861787173
H94,19.60248937810072,-103.5219082769416,2023,7,2023-07-01,3,0.7098395256217611,0.2178902141410751,no_relative_stress,1.4563128451904466,1.3579688546399908,0.8104471806666911,0.7517981402662091
H94,19.60248937810072,-103.5219082769416,2023,8,2023-08-01,1,0.635862044486518,0.2806296952261158,no_relative_stress,0.9213476690141988,1.8881118717137129,0.7208928303055355,0.849956910140542
H94,19.60248937810072,-103.5219082769416,2023,9,2023-09-01,5,0.735381381419884,0.268075639673547,no_relative_stress,1.6410177469690168,1.7820312224630634,0.8413671885923122,0.8303155196052285
H94,19.60248937810072,-103.5219082769416,2023,10,2023-10-01,2,0.7661771808676765,0.2540516259153148,no_relative_stress,1.8637163307036841,1.663529557535438,0.8786474226727021,0.8083743126426958
H94,19.60248937810072,-103.5219082769416,2023,11,2023-11-01,5,0.6938201170780831,0.1758026424798224,no_relative_stress,1.3404691373174937,1.002332629476454,0.7910546884746911,0.6859502213829363
H94,19.60248937810072,-103.5219082769416,2023,12,2023-12-01,4,0.6911855459883122,0.1856219720923038,no_relative_stress,1.321417342561039,1.0853050885464643,0.7878653760136006,0.7013130088826498
H94,19.60248937810072,-103.5219082769416,2024,1,2024-01-01,4,0.5479222910641423,0.1604194824120905,no_relative_stress,0.28541488297500606,0.8723462995069526,0.6144362793685882,0.661882568241499
H94,19.60248937810072,-103.5219082769416,2024,2,2024-02-01,5,0.6441399898218018,0.1452368569179807,no_relative_stress,0.9812092974004313,0.7440544687913342,0.7309137989226101,0.6381286605554527
H94,19.60248937810072,-103.5219082769416,2024,3,2024-03-01,6,0.5966441804789611,0.1197687224506814,no_relative_stress,0.6377452645243309,0.5288510050037992,0.6734171623069436,0.5982826065704723
H94,19.60248937810072,-103.5219082769416,2024,4,2024-04-01,5,0.5336268714225447,0.0655617704241867,no_relative_stress,0.1820381314322005,0.07080709713749037,0.59713078316221,0.5134733662398827
H94,19.60248937810072,-103.5219082769416,2024,5,2024-05-01,7,0.4998990048523453,0.0691253621541381,no_relative_stress,-0.06186357764045208,0.10091912928475422,0.5563010991366075,0.5190487674784144
H94,19.60248937810072,-103.5219082769416,2024,6,2024-06-01,3,0.5033300381676542,0.0618041262831169,no_relative_stress,-0.037052198369032424,0.03905533943111166,0.5604545787483051,0.5075943611838327
H94,19.60248937810072,-103.5219082769416,2024,7,2024-07-01,3,0.2179423904039559,0.1670347848082092,no_relative_stress,-2.1008214822315248,0.9282450144864364,0.2149750489728514,0.6722325095275861
H94,19.60248937810072,-103.5219082769416,2024,8,2024-08-01,4,0.5576938915296279,0.2232614914519246,no_relative_stress,0.3560778182942791,1.4033556686503528,0.6262654105886081,0.7602017477613405
H94,19.60248937810072,-103.5219082769416,2024,9,2024-09-01,4,0.3391899505546202,0.2161144907428409,no_relative_stress,-1.2240246329530322,1.3429641503684926,0.3617527753233498,0.749019940297174
H94,19.60248937810072,-103.5219082769416,2024,10,2024-10-01,5,0.7626514129636209,0.2644196698535999,no_relative_stress,1.8382198820681672,1.7511386036980134,0.8743792609385297,0.824595588646009
H94,19.60248937810072,-103.5219082769416,2024,11,2024-11-01,5,0.5530522528679522,0.2397580530739808,no_relative_stress,0.32251199520481416,1.5427501424077186,0.6206464177737857,0.7860113682422989
H94,19.60248937810072,-103.5219082769416,2024,12,2024-12-01,6,0.7156891049251116,0.2211682622274898,no_relative_stress,1.49861384239327,1.3856680684777507,0.8175284608935742,0.7569267954955253
H94,19.60248937810072,-103.5219082769416,2025,1,2025-01-01,5,0.6687346786739664,0.1601945504610657,no_relative_stress,1.1590647995463415,0.8704456445909369,0.7606872022433275,0.66153065198022
H94,19.60248937810072,-103.5219082769416,2025,2,2025-02-01,4,0.6134398505874964,0.119237349809436,no_relative_stress,0.7592024766479025,0.5243609535983942,0.693749367491118,0.5974512499206008
H94,19.60248937810072,-103.5219082769416,2025,3,2025-03-01,7,0.549826927580042,0.0894144499236632,no_relative_stress,0.2991881852508337,0.2723601105901323,0.6167419605466715,0.5507919674999366
H94,19.60248937810072,-103.5219082769416,2025,4,2025-04-01,7,0.5099648169940139,0.0762974247133324,no_relative_stress,0.01092693756890363,0.16152241796383968,0.5684863919226187,0.5302697853462228
H94,19.60248937810072,-103.5219082769416,2025,5,2025-05-01,9,0.4539517256747056,0.0573209927938824,no_relative_stress,-0.3941294769774215,0.0011732614664325756,0.5006790547729494,0.5005802950666902
H94,19.60248937810072,-103.5219082769416,2025,6,2025-06-01,1,0.5963508833304718,0.1095724208084203,no_relative_stress,0.6356242980044423,0.4426931659184692,0.6730621078337085,0.5823300291955436
H94,19.60248937810072,-103.5219082769416,2025,7,2025-07-01,5,0.6581060178228698,0.2321567789299557,no_relative_stress,1.0822040665574797,1.4785200541343433,0.7478205460241346,0.7741188293409373
H94,19.60248937810072,-103.5219082769416,2025,8,2025-08-01,6,0.7467455967801118,0.266271609496278,no_relative_stress,1.7231976127740558,1.766787328434468,0.855124279376316,0.8274930323937568
H94,19.60248937810072,-103.5219082769416,2025,9,2025-09-01,5,0.4165507210144086,0.1729538632358999,no_relative_stress,-0.6645933362521927,0.9782606990551141,0.4554028082205135,0.6814931767693868
H94,19.60248937810072,-103.5219082769416,2025,10,2025-10-01,6,0.7445141414286882,0.2197588313382455,no_relative_stress,1.7070609332482773,1.3737585032238069,0.8524229636341467,0.7547216768060101
H94,19.60248937810072,-103.5219082769416,2025,11,2025-11-01,7,0.6898540539385695,0.1660855048951232,no_relative_stress,1.3117887114149518,0.9202236839228513,0.7862535219237357,0.6707473179556532
H94,19.60248937810072,-103.5219082769416,2025,12,2025-12-01,7,0.6604257645782224,0.1373056090999334,no_relative_stress,1.0989792218157775,0.6770361324152382,0.7506287440120901,0.6257198628426894
H94,19.60248937810072,-103.5219082769416,2026,1,2026-01-01,5,0.6246114517606947,0.1239389314891856,no_relative_stress,0.8399894607149174,0.5640888992813127,0.7072732868001667,0.6048070881609965
H94,19.60248937810072,-103.5219082769416,2026,2,2026-02-01,5,0.6031956913588479,0.082391240682704,no_relative_stress,0.6851222516600762,0.2130146191683054,0.6813481744437273,0.5398038374143823
H94,19.60248937810072,-103.5219082769416,2026,3,2026-03-01,7,0.560501215345924,0.0724970457959965,no_relative_stress,0.37637886743682897,0.1294095552111351,0.6296638509891698,0.5243239197902678
H94,19.60248937810072,-103.5219082769416,2026,4,2026-04-01,7,0.5560607669732491,0.0861315128552649,no_relative_stress,0.34426794382148224,0.24461958529084332,0.6242884115551053,0.5456556632360867
H95,19.60312115256844,-103.5188596816631,2023,1,2023-01-01,4,0.5362586677878743,0.0807426883610407,no_relative_stress,0.2010698608805803,0.19908449914665846,0.6003167366464746,0.5372246023749881
H95,19.60312115256844,-103.5188596816631,2023,2,2023-02-01,6,0.4303429937910853,0.0252240571295989,no_relative_stress,-0.5648550710041937,-0.2700429809634337,0.4720992137964354,0.4503631803081036
H95,19.60312115256844,-103.5188596816631,2023,3,2023-03-01,6,0.392629370616969,-0.0282852542239955,no_relative_stress,-0.8375796184742762,-0.7221918873925551,0.4264445230541415,0.36664543052034104
H95,19.60312115256844,-103.5188596816631,2023,4,2023-04-01,6,0.3581423688819118,-0.0420208010814921,moderate_possible_stress,-1.0869709829255334,-0.8382560327481814,0.38469585861068917,0.34515554313578317
H95,19.60312115256844,-103.5188596816631,2023,5,2023-05-01,6,0.3456756096821647,-0.0418211161263444,moderate_possible_stress,-1.177123850112874,-0.8365687126945975,0.36960406981078053,0.34546795932445296
H95,19.60312115256844,-103.5188596816631,2023,6,2023-06-01,5,0.3527356632248379,-0.0439345508825959,moderate_possible_stress,-1.1260693571873155,-0.8544270478081595,0.3781507045275425,0.3421613945857023
H95,19.60312115256844,-103.5188596816631,2023,7,2023-07-01,3,0.6211256762996316,0.132967179766572,no_relative_stress,0.8147822158206319,0.6403767916560787,0.7030535384101171,0.6189321929546926
H95,19.60312115256844,-103.5188596816631,2023,8,2023-08-01,1,0.5798190411054803,0.2230048431690496,no_relative_stress,0.5160749465978667,1.401187013560176,0.6530492827413585,0.7598002098572698
H95,19.60312115256844,-103.5188596816631,2023,9,2023-09-01,5,0.6689412069407734,0.1970777465083165,no_relative_stress,1.1605583003920352,1.1821053601902314,0.7609372175788227,0.7192360886593134
H95,19.60312115256844,-103.5188596816631,2023,10,2023-10-01,2,0.7156058439569706,0.1999371191373761,no_relative_stress,1.4980117440546046,1.2062668037707573,0.8174276683037497,0.7237097071054142
H95,19.60312115256844,-103.5188596816631,2023,11,2023-11-01,5,0.6255155647204261,0.1468728374488179,no_relative_stress,0.8465275171797185,0.7578783583022519,0.7083677718721013,0.64068822645667
H95,19.60312115256844,-103.5188596816631,2023,12,2023-12-01,4,0.5916768306973414,0.1308297984526328,no_relative_stress,0.6018240745855293,0.6223161102667502,0.667403875886765,0.6155881627379893
H95,19.60312115256844,-103.5188596816631,2024,1,2024-01-01,4,0.5365047344972532,0.1356576695202261,no_relative_stress,0.20284928238174396,0.6631111900084459,0.6006146157302953,0.6231415864659365
H95,19.60312115256844,-103.5188596816631,2024,2,2024-02-01,5,0.5386792505490429,0.0790267067649199,no_relative_stress,0.2185742076548421,0.18458460777239943,0.6032470029024392,0.5345398711708218
H95,19.60312115256844,-103.5188596816631,2024,3,2024-03-01,6,0.4922577707965915,0.0431858239995096,no_relative_stress,-0.11712085404551244,-0.11826765359848139,0.54705090919611,0.4784651809977517
H95,19.60312115256844,-103.5188596816631,2024,4,2024-04-01,5,0.4047949011056297,-0.0216803215943228,no_relative_stress,-0.7496050745823866,-0.6663807960142707,0.4411716557300851,0.37697914783548314
H95,19.60312115256844,-103.5188596816631,2024,5,2024-05-01,7,0.3609812787448679,-0.0195197538942091,no_relative_stress,-1.0664415205583528,-0.6481241917306337,0.3881325358888209,0.38035945420725426
H95,19.60312115256844,-103.5188596816631,2024,6,2024-06-01,3,0.3635476353342994,-0.0263298902420232,no_relative_stress,-1.0478830162144919,-0.7056692362173728,0.3912392704468879,0.36970468634789266
H95,19.60312115256844,-103.5188596816631,2024,7,2024-07-01,3,0.0823438403998146,0.1336540168079376,no_relative_stress,-3.0813969368025327,0.6461805033707804,0.050824555211982266,0.6200067807249228
H95,19.60312115256844,-103.5188596816631,2024,8,2024-08-01,4,0.5000925862079214,0.1955536296286679,no_relative_stress,-0.06046370186202576,1.1692267085505297,0.5565354414293514,0.7168515385249534
H95,19.60312115256844,-103.5188596816631,2024,9,2024-09-01,4,0.3411382549736098,0.1872875996054869,no_relative_stress,-1.2099355479942693,1.099379492412875,0.36411131921901724,0.7039189588353006
H95,19.60312115256844,-103.5188596816631,2024,10,2024-10-01,5,0.6904172700823615,0.200517890497464,no_relative_stress,1.3158615862812668,1.211174269942651,0.7869353301591093,0.7246183502962495
H95,19.60312115256844,-103.5188596816631,2024,11,2024-11-01,5,0.3380245900155579,0.1647314799596449,no_relative_stress,-1.232451890768807,0.9087822940344885,0.36034203377861596,0.6686288843991888
H95,19.60312115256844,-103.5188596816631,2024,12,2024-12-01,6,0.6289916856617949,0.142972092963493,no_relative_stress,0.8716649458035669,0.7249174154554214,0.7125758328644994,0.6345853344076493
H95,19.60312115256844,-103.5188596816631,2025,1,2025-01-01,5,0.5667913923049132,0.0676748848064041,no_relative_stress,0.4218660288460364,0.08866272511905032,0.6372785021313079,0.5167794297388949
H95,19.60312115256844,-103.5188596816631,2025,2,2025-02-01,4,0.5055072579757046,0.0230802898835668,no_relative_stress,-0.02130772099139946,-0.28815762290914565,0.5630902389858703,0.44700915901037924
H95,19.60312115256844,-103.5188596816631,2025,3,2025-03-01,7,0.4145436783420068,-0.0196778903608326,no_relative_stress,-0.6791071845254502,-0.649460430763461,0.45297315800918136,0.38011204251739666
H95,19.60312115256844,-103.5188596816631,2025,4,2025-04-01,7,0.364917591355507,-0.0289309824928821,no_relative_stress,-1.037976234407482,-0.7276482336478473,0.3928976875708544,0.3656351592931838
H95,19.60312115256844,-103.5188596816631,2025,5,2025-05-01,9,0.333990845697957,-0.0352815246661851,moderate_possible_stress,-1.26162175038555,-0.781309748368464,0.3554589349444539,0.3556994474099192
H95,19.60312115256844,-103.5188596816631,2025,6,2025-06-01,1,0.4808468347728025,0.0012856975242255,no_relative_stress,-0.19963857844791838,-0.4723199836658722,0.5332372601377576,0.41291052862792993
H95,19.60312115256844,-103.5188596816631,2025,7,2025-07-01,5,0.6081955493122746,0.1656275272614414,no_relative_stress,0.7212785231343813,0.9163538137824965,0.6874008140314231,0.6700307911311609
H95,19.60312115256844,-103.5188596816631,2025,8,2025-08-01,6,0.6677379298941292,0.1782146494226532,no_relative_stress,1.151856850878364,1.022713872925724,0.7594805757391294,0.6897239158786829
H95,19.60312115256844,-103.5188596816631,2025,9,2025-09-01,5,0.4576830598973254,0.156086615671661,no_relative_stress,-0.3671464837861963,0.8357339621617307,0.5051960673443313,0.6551036012829823
H95,19.60312115256844,-103.5188596816631,2025,10,2025-10-01,6,0.6787486290856773,0.196895081182457,no_relative_stress,1.2314802787436858,1.180561854485512,0.7728097131737837,0.7189503004542634
H95,19.60312115256844,-103.5188596816631,2025,11,2025-11-01,7,0.6004902032476819,0.1092624047788217,no_relative_stress,0.665557623318829,0.44007355813035487,0.6780730125094847,0.5818449950259832
H95,19.60312115256844,-103.5188596816631,2025,12,2025-12-01,7,0.5812397751945501,0.0737063650814478,no_relative_stress,0.5263489279580769,0.13962819526851125,0.6547691698803919,0.526215954779915
H95,19.60312115256844,-103.5188596816631,2026,1,2026-01-01,5,0.5431068139558637,0.0521235059035945,no_relative_stress,0.25059195415841967,-0.04274503899709057,0.6086068442824908,0.4924485905838766
H95,19.60312115256844,-103.5188596816631,2026,2,2026-02-01,5,0.5148696946004472,-0.0059079301678876,no_relative_stress,0.046396362488245475,-0.533105495793916,0.5744240518821689,0.40165577112946343
H95,19.60312115256844,-103.5188596816631,2026,3,2026-03-01,7,0.4428347505418706,-0.0306162008923386,moderate_possible_stress,-0.47452143503303,-0.7418881787552198,0.48722126368944274,0.3629985585084878
H95,19.60312115256844,-103.5188596816631,2026,4,2026-04-01,7,0.4313336551619277,-0.0314909864853692,moderate_possible_stress,-0.5576911431892575,-0.7492800389612878,0.47329847111274614,0.36162991668629474
H96,19.60407294309323,-103.520077159053,2023,1,2023-01-01,4,0.5808340997912189,0.1274964987363699,no_relative_stress,0.5234153026131336,0.5941500250867449,0.6542780745275182,0.6103730638224065
H96,19.60407294309323,-103.520077159053,2023,2,2023-02-01,6,0.4733224861120138,0.0743100682647058,no_relative_stress,-0.2540506028256002,0.14472943330004032,0.5241285672508523,0.5271604758504272
H96,19.60407294309323,-103.520077159053,2023,3,2023-03-01,6,0.4597418681512089,0.0422983931179065,no_relative_stress,-0.3522582947947603,-0.12576636536467792,0.5076883830174975,0.47707675504681685
H96,19.60407294309323,-103.520077159053,2023,4,2023-04-01,6,0.4562317986359862,0.0500718281632248,no_relative_stress,-0.3776412211635173,-0.060081532836883104,0.5034392251611548,0.4892386475035335
H96,19.60407294309323,-103.520077159053,2023,5,2023-05-01,6,0.4538431970580606,0.0543892042788155,no_relative_stress,-0.3949142972988585,-0.02360008988935739,0.5005476741202144,0.49599337867538973
H96,19.60407294309323,-103.520077159053,2023,6,2023-06-01,5,0.4608062717925106,0.04946599862517,no_relative_stress,-0.3445611027201798,-0.06520073837671549,0.5089769099469906,0.48829079965429184
H96,19.60407294309323,-103.520077159053,2023,7,2023-07-01,3,0.6589952644426759,0.1766455616456099,no_relative_stress,1.0886346176836932,1.0094552212156835,0.748897034465286,0.687269006731273
H96,19.60407294309323,-103.520077159053,2023,8,2023-08-01,1,0.5819375418228452,0.2296040874325348,no_relative_stress,0.5313947992354916,1.4569500387517353,0.6556138598609338,0.7701250274649565
H96,19.60407294309323,-103.520077159053,2023,9,2023-09-01,5,0.6761153452408245,0.2107998885306443,no_relative_stress,1.2124377926470262,1.298056235884763,0.7696219590028732,0.7407050035699556
H96,19.60407294309323,-103.520077159053,2023,10,2023-10-01,2,0.7283427906203993,0.2219273649861915,no_relative_stress,1.5901184610066432,1.392082419055844,0.8328465358634974,0.7581144462652436
H96,19.60407294309323,-103.520077159053,2023,11,2023-11-01,5,0.6436994620888633,0.1602446230549841,no_relative_stress,0.9780236388372382,0.8708687535416887,0.7303805126531404,0.6616089928293702
H96,19.60407294309323,-103.520077159053,2023,12,2023-12-01,4,0.6174422235353136,0.1472638308036185,no_relative_stress,0.7881454754672022,0.7611822172629085,0.6985944893274451,0.6412999533321959
H96,19.60407294309323,-103.520077159053,2024,1,2024-01-01,4,0.5310471459971136,0.1368780704375254,no_relative_stress,0.16338295088909516,0.67342346886615,0.5940078647951695,0.6250509591723068
H96,19.60407294309323,-103.520077159053,2024,2,2024-02-01,5,0.5624344012745851,0.1004560185894092,no_relative_stress,0.39035862364151724,0.3656603806027411,0.6320040930102798,0.5680670035532875
H96,19.60407294309323,-103.520077159053,2024,3,2024-03-01,6,0.5302387406956626,0.08314723257433,no_relative_stress,0.15753700050154526,0.2194026831971844,0.5930292398070112,0.5409866210911614
H96,19.60407294309323,-103.520077159053,2024,4,2024-04-01,5,0.4750787652010776,0.0501430724305548,no_relative_stress,-0.24135014130842522,-0.05947952513490138,0.5262546525197797,0.4893501123980587
H96,19.60407294309323,-103.520077159053,2024,5,2024-05-01,7,0.4453757763079795,0.0514418345728514,no_relative_stress,-0.45614610951809825,-0.04850510091795611,0.4902973337075449,0.4913820848027139
H96,19.60407294309323,-103.520077159053,2024,6,2024-06-01,3,0.445989652302837,0.0463364841804649,no_relative_stress,-0.45170688997858804,-0.09164485619533329,0.49104046884918706,0.48339453205877525
H96,19.60407294309323,-103.520077159053,2024,7,2024-07-01,3,0.1726819590259879,0.142762570340835,no_relative_stress,-2.4281204693606306,0.7231469679891673,0.16018447666734756,0.6342575267410051
H96,19.60407294309323,-103.520077159053,2024,8,2024-08-01,4,0.5383654401173927,0.1988031730002313,no_relative_stress,0.21630490015372905,1.1966850600912042,0.6028671158217801,0.7219355968322512
H96,19.60407294309323,-103.520077159053,2024,9,2024-09-01,4,0.3165496395806387,0.1920081117216031,no_relative_stress,-1.3877471301645647,1.1392673985939732,0.33434526819908345,0.7113044146038427
H96,19.60407294309323,-103.520077159053,2024,10,2024-10-01,5,0.7040946640360336,0.2155766688067166,no_relative_stress,1.4147691099462258,1.3384196029968163,0.8034926677618244,0.7481784934323229
H96,19.60407294309323,-103.520077159053,2024,11,2024-11-01,5,0.3359578159767748,0.1826011508025723,no_relative_stress,-1.2473976840130074,1.0597794181889417,0.35784007502649046,0.6965867966685526
H96,19.60407294309323,-103.520077159053,2024,12,2024-12-01,6,0.6515340023835204,0.168862433688876,no_relative_stress,1.034678801525583,0.9436884844513022,0.7398647118405073,0.6750919492740717
H96,19.60407294309323,-103.520077159053,2025,1,2025-01-01,5,0.6001942234619698,0.1128887402503185,no_relative_stress,0.6634172574158782,0.4707157692952024,0.6777147105367395,0.5875185617000732
H96,19.60407294309323,-103.520077159053,2025,2,2025-02-01,4,0.5543581079514994,0.0811528677770232,no_relative_stress,0.3319552336621136,0.20255047861237555,0.6222272367186629,0.537866346715303
H96,19.60407294309323,-103.520077159053,2025,3,2025-03-01,7,0.5005518237967957,0.0660908125470483,no_relative_stress,-0.05714274372897201,0.0752774558704988,0.5570913771452198,0.5143010766878128
H96,19.60407294309323,-103.520077159053,2025,4,2025-04-01,7,0.4626323759856597,0.0612039696111148,no_relative_stress,-0.3313557037742728,0.03398406910324823,0.5111875228551306,0.5066553887913811
H96,19.60407294309323,-103.520077159053,2025,5,2025-05-01,9,0.4220566270657038,0.0405788432092444,no_relative_stress,-0.6247775983338363,-0.14029640866151874,0.4620680505619209,0.4743864410554881
H96,19.60407294309323,-103.520077159053,2025,6,2025-06-01,1,0.5540928478171847,0.0703571716027113,no_relative_stress,0.3300370156813367,0.11132780921376652,0.6219061227980383,0.5209759893505181
H96,19.60407294309323,-103.520077159053,2025,7,2025-07-01,5,0.5989478317302704,0.1636453340528883,no_relative_stress,0.6544040257932145,0.8996044580366146,0.6762058756843634,0.6669295597591466
H96,19.60407294309323,-103.520077159053,2025,8,2025-08-01,6,0.6719568745531115,0.1890347941755958,no_relative_stress,1.1823659793068404,1.114143130632274,0.7645878711261419,0.7066525241560042
H96,19.60407294309323,-103.520077159053,2025,9,2025-09-01,5,0.5167536744201315,0.1768242495082676,no_relative_stress,0.06002028669711918,1.0109651177112475,0.5767047268423898,0.6875485720143548
H96,19.60407294309323,-103.520077159053,2025,10,2025-10-01,6,0.701482624542972,0.2090593437521693,no_relative_stress,1.3958802515241555,1.2833487878113259,0.800330631202467,0.7379818421505184
H96,19.60407294309323,-103.520077159053,2025,11,2025-11-01,7,0.6398357330721108,0.1499816377200074,no_relative_stress,0.9500832380230294,0.7841474432029392,0.7257032279341021,0.6455520857861937
H96,19.60407294309323,-103.520077159053,2025,12,2025-12-01,7,0.6415469293870105,0.1389779590801147,no_relative_stress,0.9624576852740637,0.6911673405279539,0.727774737695851,0.6283363304005173
H96,19.60407294309323,-103.520077159053,2026,1,2026-01-01,5,0.6067200798852799,0.1267670555916909,no_relative_stress,0.7106087253818479,0.5879862956006865,0.6856146663553391,0.6092318168669543
H96,19.60407294309323,-103.520077159053,2026,2,2026-02-01,5,0.5905161083129549,0.0823584506965996,no_relative_stress,0.5934303573985399,0.2127375467114958,0.6659987491172639,0.5397525359907087
H96,19.60407294309323,-103.520077159053,2026,3,2026-03-01,7,0.5340154756808877,0.0665766751354951,no_relative_stress,0.18484830747951997,0.07938295139050965,0.5976012128303932,0.5150612307914983
H96,19.60407294309323,-103.520077159053,2026,4,2026-04-01,7,0.5259844097152189,0.0636738225657652,no_relative_stress,0.12677197731422732,0.05485410619093164,0.5878791070729911,0.5105195860019119
H97,19.60595122525007,-103.5194188749723,2023,1,2023-01-01,4,0.6509252764693381,0.163963542062804,no_relative_stress,1.0302768245871106,0.9022932873274573,0.7391278111924175,0.6674274106542655
H97,19.60595122525007,-103.5194188749723,2023,2,2023-02-01,6,0.5405059867238301,0.1032612149071946,no_relative_stress,0.23178417675051893,0.3893640391870235,0.60545838086373,0.5724558606979073
H97,19.60595122525007,-103.5194188749723,2023,3,2023-03-01,6,0.4995174464927806,0.0476054604201375,no_relative_stress,-0.06462280155445455,-0.08092212019783541,0.5558391989679168,0.48537990306490747
H97,19.60595122525007,-103.5194188749723,2023,4,2023-04-01,6,0.4642057669879005,0.0297590240301697,no_relative_stress,-0.31997779009309346,-0.231722915297935,0.5130922106994242,0.4574583421532815
H97,19.60595122525007,-103.5194188749723,2023,5,2023-05-01,6,0.447995248416931,0.0315492320550286,no_relative_stress,-0.43720350243348877,-0.21659581722388704,0.49346836791155435,0.46025920397904513
H97,19.60595122525007,-103.5194188749723,2023,6,2023-06-01,5,0.457394872116435,0.0309313762227077,no_relative_stress,-0.3692305021200191,-0.22181664387719036,0.5048471980789332,0.4592925404457893
H97,19.60595122525007,-103.5194188749723,2023,7,2023-07-01,3,0.6306017834093784,0.1602691247640154,no_relative_stress,0.8833083028357204,0.8710757907967738,0.7145249565111833,0.6616473268668335
H97,19.60595122525007,-103.5194188749723,2023,8,2023-08-01,1,0.6137376677457987,0.262754973962216,no_relative_stress,0.7613561294367595,1.7370720719526798,0.6941098937178682,0.8219910962580084
H97,19.60595122525007,-103.5194188749723,2023,9,2023-09-01,5,0.7394207189378366,0.2555713487098368,no_relative_stress,1.6702280535888967,1.6763710795478934,0.8462570583440056,0.8107519880311495
H97,19.60595122525007,-103.5194188749723,2023,10,2023-10-01,2,0.7865110927681565,0.2639837047857467,no_relative_stress,2.0107601958807897,1.7474547377747813,0.9032628900095716,0.8239135014812993
H97,19.60595122525007,-103.5194188749723,2023,11,2023-11-01,5,0.7241155838590159,0.2214434937394238,no_relative_stress,1.5595495855173211,1.3879937501953388,0.8277292386867269,0.757357407706128
H97,19.60595122525007,-103.5194188749723,2023,12,2023-12-01,4,0.6524972884735741,0.1840318580734983,no_relative_stress,1.0416447660997432,1.071868766969655,0.7410308296737028,0.6988252032242908
H97,19.60595122525007,-103.5194188749723,2024,1,2024-01-01,4,0.5562179674309425,0.1424269367133776,no_relative_stress,0.34540473260172194,0.7203108937849437,0.6244787125041126,0.6337324126751903
H97,19.60595122525007,-103.5194188749723,2024,2,2024-02-01,5,0.5663457339675526,0.0748268602683689,no_relative_stress,0.4186432685235453,0.14909627961887056,0.6367390049455036,0.5279690204300629
H97,19.60595122525007,-103.5194188749723,2024,3,2024-03-01,6,0.4940821215418676,0.0260069820270808,no_relative_stress,-0.10392813508729772,-0.2634273354382405,0.5492593994463445,0.45158810189673837
H97,19.60595122525007,-103.5194188749723,2024,4,2024-04-01,5,0.4380364867143206,-0.0049790846448471,no_relative_stress,-0.5092198867031088,-0.5252568340029035,0.4814126663522058,0.4031089921693594
H97,19.60595122525007,-103.5194188749723,2024,5,2024-05-01,7,0.4026812712923348,-0.0029432265035152,no_relative_stress,-0.7648897034733534,-0.5080540143634351,0.43861297514338665,0.40629418476795476
H97,19.60595122525007,-103.5194188749723,2024,6,2024-06-01,3,0.3952162887008941,-0.0069861367101818,no_relative_stress,-0.8188724245108796,-0.5422162448704932,0.4295761485824547,0.399968867985993
H97,19.60595122525007,-103.5194188749723,2024,7,2024-07-01,3,0.2015019882582455,0.1543277479172608,no_relative_stress,-2.2197095883865523,0.820871686576641,0.1950729177939915,0.6523517727348702
H97,19.60595122525007,-103.5194188749723,2024,8,2024-08-01,4,0.4611594708648697,0.1702925754781028,no_relative_stress,-0.34200695784973695,0.955773054962114,0.5094044794314863,0.6773294711079885
H97,19.60595122525007,-103.5194188749723,2024,9,2024-09-01,4,0.3554781022127125,0.2279310551972786,no_relative_stress,-1.1062375200689523,1.442813065644513,0.3814705978004051,0.7675074924880533
H97,19.60595122525007,-103.5194188749723,2024,10,2024-10-01,5,0.7621312099550271,0.2539643499767474,no_relative_stress,1.8344580549571436,1.6627920836419678,0.8737495227834097,0.8082377654698272
H97,19.60595122525007,-103.5194188749723,2024,11,2024-11-01,5,0.1708610910606389,0.1794695570741974,no_relative_stress,-2.4412880027360346,1.0333177306088437,0.1579802025392226,0.6916872759392243
H97,19.60595122525007,-103.5194188749723,2024,12,2024-12-01,6,0.6708659353533097,0.1548321205221107,no_relative_stress,1.1744768964094034,0.8251335900836532,0.7632672212496862,0.6531408866005599
H97,19.60595122525007,-103.5194188749723,2025,1,2025-01-01,5,0.6121707119658756,0.0831927613569664,no_relative_stress,0.7500247518066602,0.21978739734803687,0.6922129961111609,0.5410578529410297
H97,19.60595122525007,-103.5194188749723,2025,2,2025-02-01,4,0.5403440765046348,0.0334182287396074,no_relative_stress,0.23061332951961352,-0.20080296200533096,0.6052623784549652,0.46318333424414554
H97,19.60595122525007,-103.5194188749723,2025,3,2025-03-01,7,0.4606456787247167,0.0021729071772278,no_relative_stress,-0.34572242502376027,-0.46482314126161267,0.5087825020320671,0.4142986084566632
H97,19.60595122525007,-103.5194188749723,2025,4,2025-04-01,7,0.4076288559559373,-0.0121029746378005,no_relative_stress,-0.7291114441896633,-0.585453068795577,0.444602334656665,0.3919633424710372
H97,19.60595122525007,-103.5194188749723,2025,5,2025-05-01,9,0.3679921243844192,-0.0265944409325983,no_relative_stress,-1.0157428726028974,-0.7079046659475026,0.39661960137276914,0.36929078476778465
H97,19.60595122525007,-103.5194188749723,2025,6,2025-06-01,1,0.5134947520108136,0.0158807604511477,no_relative_stress,0.03645352051244422,-0.34899300421617685,0.5727595982064158,0.4357451679709504
H97,19.60595122525007,-103.5194188749723,2025,7,2025-07-01,5,0.6017356567894305,0.1616557173742415,no_relative_stress,0.6745640704586395,0.8827923746308194,0.679580711624468,0.6638167140307494
H97,19.60595122525007,-103.5194188749723,2025,8,2025-08-01,6,0.6789897435251252,0.2040836439636073,no_relative_stress,1.2332238881042432,1.2413045685678499,0.773101597226283,0.7301971336693116
H97,19.60595122525007,-103.5194188749723,2025,9,2025-09-01,5,0.5330975300063333,0.1829870926531106,no_relative_stress,0.1782102202944419,1.0630405923893158,0.5964899823952657,0.6971906202360526
H97,19.60595122525007,-103.5194188749723,2025,10,2025-10-01,6,0.7383159602614754,0.2344472006593747,no_relative_stress,1.662239035703152,1.497873913379043,0.8449196791300998,0.7777022982438515
H97,19.60595122525007,-103.5194188749723,2025,11,2025-11-01,7,0.6693807239198735,0.1756941008988528,no_relative_stress,1.1637366497295432,1.0014154628021683,0.7614692802677921,0.6857804031459356
H97,19.60595122525007,-103.5194188749723,2025,12,2025-12-01,7,0.6505212433060074,0.1441348682107039,no_relative_stress,1.0273550750346068,0.7347427625426801,0.7386387038733904,0.636404549133889
H97,19.60595122525007,-103.5194188749723,2026,1,2026-01-01,5,0.5906926988216314,0.0946211346507997,no_relative_stress,0.5947073645517371,0.31635613195432505,0.6662125229311568,0.5589380624165721
H97,19.60595122525007,-103.5194188749723,2026,2,2026-02-01,5,0.5539037415760637,0.0192890143505896,no_relative_stress,0.3286695015129051,-0.3201935628762926,0.6216771979101813,0.44107753611303224
H97,19.60595122525007,-103.5194188749723,2026,3,2026-03-01,7,0.4808602269297301,-0.0135503258401668,no_relative_stress,-0.1995417336043227,-0.5976830573118623,0.5332534721781675,0.38969889572803906
H97,19.60595122525007,-103.5194188749723,2026,4,2026-04-01,7,0.4703354006631517,-0.0118274953989855,no_relative_stress,-0.2756515909760701,-0.5831252938079484,0.5205125141933407,0.3923943422616052
H98,19.60823320763247,-103.514985563467,2023,1,2023-01-01,4,0.5993144545197508,0.1224607950370942,no_relative_stress,0.6570552437335234,0.551598778151745,0.6766496954148499,0.6024944764955121
H98,19.60823320763247,-103.514985563467,2023,2,2023-02-01,6,0.5159252652492876,0.0738052942140738,no_relative_stress,0.05402967913349653,0.14046413761198936,0.5757018859239146,0.5263707339045645
H98,19.60823320763247,-103.514985563467,2023,3,2023-03-01,6,0.4684275462112066,0.0110194288601433,no_relative_stress,-0.2894481636268417,-0.3900708223950933,0.5182029375031688,0.4281393937332352
H98,19.60823320763247,-103.514985563467,2023,4,2023-04-01,6,0.4464852012870317,0.0111963795444106,no_relative_stress,-0.448123347452329,-0.38857560490192383,0.49164036177160975,0.42841624112176485
H98,19.60823320763247,-103.514985563467,2023,5,2023-05-01,6,0.428895084203072,0.0014556944273482,no_relative_stress,-0.5753255708908115,-0.47088352500290526,0.47034642902265855,0.4131764965097865
H98,19.60823320763247,-103.514985563467,2023,6,2023-06-01,5,0.4235300150888663,-0.0021722055113319,no_relative_stress,-0.6141228521693093,-0.5015389557758578,0.46385167856897624,0.4075004821556781
H98,19.60823320763247,-103.514985563467,2023,7,2023-07-01,3,0.583572500583394,0.0986986512383307,no_relative_stress,0.5432179376818915,0.35081078329184223,0.6575930793128716,0.5653175224543705
H98,19.60823320763247,-103.514985563467,2023,8,2023-08-01,1,0.6032183224588338,0.2391790762912421,no_relative_stress,0.6852859075483984,1.5378578402543,0.6813755708003766,0.7851055327492957
H98,19.60823320763247,-103.514985563467,2023,9,2023-09-01,5,0.6725618985596129,0.1830334971290294,no_relative_stress,1.1867411860489727,1.0634327060702682,0.7653202903843224,0.6972632221478643
H98,19.60823320763247,-103.514985563467,2023,10,2023-10-01,2,0.6674045989116306,0.1427771821738832,no_relative_stress,1.1494463812997724,0.7232704366746453,0.7590770578153665,0.6342803876179651
H98,19.60823320763247,-103.514985563467,2023,11,2023-11-01,5,0.6152130695370306,0.1338605527039214,no_relative_stress,0.7720254380839969,0.647925713263136,0.695895959516647,0.6203299155219286
H98,19.60823320763247,-103.514985563467,2023,12,2023-12-01,4,0.6575306741768472,0.2098321380918616,no_relative_stress,1.07804349214709,1.2898788310271223,0.7471240566916608,0.739190914021024
H98,19.60823320763247,-103.514985563467,2024,1,2024-01-01,4,0.5895981582232048,0.1804643266443849,no_relative_stress,0.5867922382851521,1.041723444716002,0.664887513337267,0.6932436381473477
H98,19.60823320763247,-103.514985563467,2024,2,2024-02-01,5,0.5867876520008853,0.1186280884894587,no_relative_stress,0.5664681757015817,0.5192127498075264,0.6614852204359222,0.5964980328925557
H98,19.60823320763247,-103.514985563467,2024,3,2024-03-01,6,0.5324193870533102,0.0709351858062448,no_relative_stress,0.1733062568346225,0.11621197765879027,0.595669048096368,0.5218803188446023
H98,19.60823320763247,-103.514985563467,2024,4,2024-04-01,5,0.4784246092059355,0.0298940452552613,no_relative_stress,-0.21715480510544224,-0.23058199799353418,0.5303050051631338,0.4576695889970983
H98,19.60823320763247,-103.514985563467,2024,5,2024-05-01,7,0.4304739609258,0.0237396348323928,no_relative_stress,-0.5639079874428078,-0.2825862169233495,0.4722577576734105,0.4480407341522248
H98,19.60823320763247,-103.514985563467,2024,6,2024-06-01,3,0.4152193593187205,0.010622599771568,no_relative_stress,-0.6742210247481827,-0.3934239927854376,0.4537911119323538,0.4275185365869654
H98,19.60823320763247,-103.514985563467,2024,7,2024-07-01,3,0.1178388196667316,0.12894363462137,no_relative_stress,-2.8247164234151647,0.6063781941904982,0.09379343926360592,0.6126371736915983
H98,19.60823320763247,-103.514985563467,2024,8,2024-08-01,4,0.5531647390289693,0.1900039987960013,no_relative_stress,0.32332543434903016,1.1223328231948744,0.620782589280573,0.7081688888381821
H98,19.60823320763247,-103.514985563467,2024,9,2024-09-01,4,0.3295238273541556,0.1672802508275391,no_relative_stress,-1.2939248136772765,0.9303191804474241,0.3500513309047981,0.6726165522720695
H98,19.60823320763247,-103.514985563467,2024,10,2024-10-01,5,0.7070298423035386,0.2004307404513448,no_relative_stress,1.4359947334047198,1.2104378598291354,0.8070458839420298,0.7244820000878385
H98,19.60823320763247,-103.514985563467,2024,11,2024-11-01,5,0.2860978087590933,0.1590736289548287,no_relative_stress,-1.6079583186281903,0.8609739578803978,0.29748142957303275,0.6597769193341249
H98,19.60823320763247,-103.514985563467,2024,12,2024-12-01,6,0.6883200708181203,0.1848180674885984,no_relative_stress,1.300695774244217,1.078512166375652,0.7843965397758079,0.7000552635900313
H98,19.60823320763247,-103.514985563467,2025,1,2025-01-01,5,0.6471709426152341,0.1405816703260848,no_relative_stress,1.0031275104868722,0.704718557461056,0.734582956134045,0.6308454095388143
H98,19.60823320763247,-103.514985563467,2025,2,2025-02-01,4,0.6028450731805932,0.1040091250521982,no_relative_stress,0.6825867704214316,0.3956838131780582,0.6809237292923574,0.5736260001147536
H98,19.60823320763247,-103.514985563467,2025,3,2025-03-01,7,0.4961028108401025,0.04717443100626,no_relative_stress,-0.08931560178880048,-0.08456428028536953,0.5517055697485522,0.48470553795518456
H98,19.60823320763247,-103.514985563467,2025,4,2025-04-01,7,0.4390962875953165,0.0273178969603073,no_relative_stress,-0.501555979304353,-0.2523502212223023,0.48269562135355615,0.45363908789518786
H98,19.60823320763247,-103.514985563467,2025,5,2025-05-01,9,0.3972048589258379,0.008905681957808,no_relative_stress,-0.8044921589976342,-0.40793179511521127,0.43198343674514317,0.4248323406277484
H98,19.60823320763247,-103.514985563467,2025,6,2025-06-01,1,0.5712059828234118,0.0683307099590041,no_relative_stress,0.45378996243005704,0.09420438914079975,0.6426226390217207,0.5178054979995584
H98,19.60823320763247,-103.514985563467,2025,7,2025-07-01,5,0.5985774786959863,0.1498471035917081,no_relative_stress,0.6517258327378035,0.783010641822971,0.6757575402601149,0.6453416010274488
H98,19.60823320763247,-103.514985563467,2025,8,2025-08-01,6,0.6172966796566149,0.1811536303993291,no_relative_stress,0.7870929807686183,1.0475479999403439,0.6984182993936181,0.6943220852030919
H98,19.60823320763247,-103.514985563467,2025,9,2025-09-01,5,0.5064897952198403,0.1485296503682081,no_relative_stress,-0.014202542471630284,0.7718782796376176,0.5642796615405982,0.6432803855766793
H98,19.60823320763247,-103.514985563467,2025,10,2025-10-01,6,0.7131479994470297,0.2269487761613635,no_relative_stress,1.4802379404444144,1.4345128954374553,0.8144522943791619,0.7659706722885351
H98,19.60823320763247,-103.514985563467,2025,11,2025-11-01,7,0.6708578933911086,0.1790841576070431,no_relative_stress,1.1744187412835498,1.0300611394996688,0.7632574859533567,0.6910843009551819
H98,19.60823320763247,-103.514985563467,2025,12,2025-12-01,7,0.6853519843276267,0.1741289924815564,no_relative_stress,1.279232176296208,0.9881904363269202,0.7808034861412033,0.6833317198877247
H98,19.60823320763247,-103.514985563467,2026,1,2026-01-01,5,0.639471475444719,0.1436524505748478,no_relative_stress,0.9474491236571329,0.7306663765646758,0.7252622713796943,0.6356497848151161
H98,19.60823320763247,-103.514985563467,2026,2,2026-02-01,5,0.5851289098971014,0.0641745045466285,no_relative_stress,0.5544730489661976,0.05908482425456261,0.6594772097650872,0.5113029257186235
H98,19.60823320763247,-103.514985563467,2026,3,2026-03-01,7,0.5082004041656772,0.0157111897154535,no_relative_stress,-0.0018323427563229527,-0.3504258618023988,0.5663504602554983,0.43547986684740647
H98,19.60823320763247,-103.514985563467,2026,4,2026-04-01,7,0.4980808575501007,0.0148011407811083,no_relative_stress,-0.07501143665016208,-0.35811569409611105,0.5541001185406916,0.4340560539248913
H99,19.60388855172959,-103.5158544085341,2023,1,2023-01-01,4,0.5430575321488436,0.0760059521446129,no_relative_stress,0.25023557475525227,0.15905950076556497,0.6085471855844033,0.5298137632640696
H99,19.60388855172959,-103.5158544085341,2023,2,2023-02-01,6,0.4569239966440709,0.0235519211644849,no_relative_stress,-0.3726356191389374,-0.2841723806679266,0.504277173979958,0.44774704758657624
H99,19.60388855172959,-103.5158544085341,2023,3,2023-03-01,6,0.4053857967031704,-0.0284650770962996,no_relative_stress,-0.745332036860783,-0.723711374618357,0.4418869716688946,0.36636408946307736
H99,19.60388855172959,-103.5158544085341,2023,4,2023-04-01,6,0.3665965940403187,-0.036606542195554,moderate_possible_stress,-1.0258345940961744,-0.7925060282634643,0.3949302249374358,0.3536263972587953
H99,19.60388855172959,-103.5158544085341,2023,5,2023-05-01,6,0.3471871693434521,-0.0389501398199742,moderate_possible_stress,-1.166193067284202,-0.8123092190761658,0.37143390696421447,0.34995973225113164
H99,19.60388855172959,-103.5158544085341,2023,6,2023-06-01,5,0.3447124322049684,-0.0401331746915132,moderate_possible_stress,-1.1840890292575292,-0.8223057581812788,0.3684380834602164,0.3481088204217637
H99,19.60388855172959,-103.5158544085341,2023,7,2023-07-01,3,0.5737037283245326,0.092982043843916,no_relative_stress,0.47185230845137827,0.3025059608883372,0.645646315582314,0.5563736303471077
H99,19.60388855172959,-103.5158544085341,2023,8,2023-08-01,1,0.6244359619201229,0.2496910725242928,no_relative_stress,0.8387204129988022,1.6266832704631233,0.7070608454135958,0.8015520286608773
H99,19.60388855172959,-103.5158544085341,2023,9,2023-09-01,5,0.6926220097799227,0.1995291231818262,no_relative_stress,1.3318050726318273,1.2028192743508705,0.7896043049376583,0.7230713788881916
H99,19.60388855172959,-103.5158544085341,2023,10,2023-10-01,2,0.7078269824785869,0.1787215712166769,no_relative_stress,1.4417592204842713,1.0269973168537967,0.8080108717927613,0.690517018066704
H99,19.60388855172959,-103.5158544085341,2023,11,2023-11-01,5,0.651667755693744,0.16162507878118,no_relative_stress,1.0356460332029784,0.8825334812532585,0.7400266285565391,0.6637687785592793
H99,19.60388855172959,-103.5158544085341,2023,12,2023-12-01,4,0.6063624700009956,0.1520569155046813,no_relative_stress,0.7080226839025667,0.8016833553113265,0.6851817573081758,0.6487989522085508
H99,19.60388855172959,-103.5158544085341,2024,1,2024-01-01,4,0.5494694884748753,0.1363463448692656,no_relative_stress,0.29660337875386444,0.6689304352589642,0.616309258238271,0.6242190503520797
H99,19.60388855172959,-103.5158544085341,2024,2,2024-02-01,5,0.5389718755348157,0.0668509807974487,no_relative_stress,0.2206903134571114,0.08170080975837483,0.6036012436808245,0.5154903944677237
H99,19.60388855172959,-103.5158544085341,2024,3,2024-03-01,6,0.4982022278684025,0.0375783920684576,no_relative_stress,-0.07413375208025613,-0.1656499530780389,0.554247044873433,0.46969209886530544
H99,19.60388855172959,-103.5158544085341,2024,4,2024-04-01,5,0.4328156472303548,-0.0096969455701589,no_relative_stress,-0.5469741772178354,-0.5651223378582642,0.4750925148527019,0.3957276843093362
H99,19.60388855172959,-103.5158544085341,2024,5,2024-05-01,7,0.3848382969536847,-0.0147638255673767,no_relative_stress,-0.8939204539680029,-0.6079370217290877,0.4170129429324045,0.38780032024724564
H99,19.60388855172959,-103.5158544085341,2024,6,2024-06-01,3,0.379894407074663,-0.0211289275057932,no_relative_stress,-0.929671994565765,-0.6617215651657803,0.4110280561860787,0.3778418289496715
H99,19.60388855172959,-103.5158544085341,2024,7,2024-07-01,3,0.0520978565852529,0.1496743982316447,no_relative_stress,-3.300119550923446,0.7815512969405242,0.014209907213962182,0.6450713956416001
H99,19.60388855172959,-103.5158544085341,2024,8,2024-08-01,4,0.4669366205356599,0.1700122650653789,no_relative_stress,-0.3002297326184434,0.9534044569860292,0.5163980790751527,0.676890912726247
H99,19.60388855172959,-103.5158544085341,2024,9,2024-09-01,4,0.3794861084780886,0.2092034109262163,no_relative_stress,-0.9326245894270256,1.284566142577251,0.4105337852943361,0.7382072417926442
H99,19.60388855172959,-103.5158544085341,2024,10,2024-10-01,5,0.7177038734906603,0.2154064535967024,no_relative_stress,1.5131835601517414,1.3369812996600952,0.8199674637799517,0.7479121839994118
H99,19.60388855172959,-103.5158544085341,2024,11,2024-11-01,5,0.0721247963140424,0.1350197981914639,no_relative_stress,-3.155295542645893,0.6577212341961489,0.03845376560993736,0.6221436077787279
H99,19.60388855172959,-103.5158544085341,2024,12,2024-12-01,6,0.6367058577124851,0.1369216843651242,no_relative_stress,0.9274496703822113,0.6737920026627927,0.7219143187925453,0.6251191951444323
H99,19.60388855172959,-103.5158544085341,2025,1,2025-01-01,5,0.5683972578106354,0.0539257461073803,no_relative_stress,0.4334787805915782,-0.02751627008471304,0.6392225023855128,0.4952682773004736
H99,19.60388855172959,-103.5158544085341,2025,2,2025-02-01,4,0.5167148346252473,0.0227017976493021,no_relative_stress,0.059739418284271574,-0.2913558485167193,0.576657708850622,0.44641699070614904
H99,19.60388855172959,-103.5158544085341,2025,3,2025-03-01,7,0.4283181764930358,-0.0117924443315608,no_relative_stress,-0.5794974557671394,-0.5828291154157332,0.4696480462932414,0.392449181249778
H99,19.60388855172959,-103.5158544085341,2025,4,2025-04-01,7,0.3856900272337664,-0.0196795110117345,no_relative_stress,-0.8877612007419362,-0.6494741251189753,0.418044015506722,0.38010950693539675
H99,19.60388855172959,-103.5158544085341,2025,5,2025-05-01,9,0.3434972326099482,-0.0304485574016825,moderate_possible_stress,-1.1928766961997277,-0.7404716062176062,0.3669670086328345,0.36326084436956996
H99,19.60388855172959,-103.5158544085341,2025,6,2025-06-01,1,0.4714996700013552,0.0145701997390466,no_relative_stress,-0.26723222413536957,-0.3600671252952118,0.5219219347714436,0.43369473616755216
H99,19.60388855172959,-103.5158544085341,2025,7,2025-07-01,5,0.5961618908276666,0.1681595475016346,no_relative_stress,0.6342576063300616,0.9377491588859773,0.6728333206331695,0.673992251885632
H99,19.60388855172959,-103.5158544085341,2025,8,2025-08-01,6,0.6546414610205197,0.1921264763895811,no_relative_stress,1.057150263539322,1.1402675694769895,0.7436264841425659,0.7114896015069596
H99,19.60388855172959,-103.5158544085341,2025,9,2025-09-01,5,0.4818079854395927,0.1657231273385519,no_relative_stress,-0.19268805610110684,0.9171616259039125,0.5344007929080371,0.6701803617971398
H99,19.60388855172959,-103.5158544085341,2025,10,2025-10-01,6,0.6760817117381127,0.2105627065453664,no_relative_stress,1.2121945733263961,1.2960520692723498,0.7695812435521779,0.7403339215732831
H99,19.60388855172959,-103.5158544085341,2025,11,2025-11-01,7,0.6048568330417747,0.1325871299984623,no_relative_stress,0.697134730855415,0.63716540502649,0.6833590899546297,0.6183375878179669
H99,19.60388855172959,-103.5158544085341,2025,12,2025-12-01,7,0.5678141246671676,0.0816432945443618,no_relative_stress,0.42926187674405253,0.20669454103677115,0.6385165833810275,0.5386336416843218
H99,19.60388855172959,-103.5158544085341,2026,1,2026-01-01,5,0.5258565544874149,0.0521670985402675,no_relative_stress,0.12584739738236692,-0.042376685106871134,0.5877243303532305,0.4925167932453809
H99,19.60388855172959,-103.5158544085341,2026,2,2026-02-01,5,0.481000297345896,-0.011316450824083,no_relative_stress,-0.1985288200296594,-0.5788070127493158,0.5334230361445538,0.3931938947277053
H99,19.60388855172959,-103.5158544085341,2026,3,2026-03-01,7,0.4198448786467222,-0.0325003360157675,moderate_possible_stress,-0.6407717679711469,-0.7578089524312923,0.45939059128938775,0.36005074346771426
H99,19.60388855172959,-103.5158544085341,2026,4,2026-04-01,7,0.4032212300474286,-0.033773485096276,moderate_possible_stress,-0.7609850134769667,-0.7685669485615207,0.4392666288606015,0.3580588438624249
